sample_id,gene,locus_tag,change,nucleotide_change,type,drug,confidence,depth,freq,pos,is_RRDR,sample_MDR,sample_drtype
SRR11947327,ethR,Rv3855,p.Phe110Leu,c.328T>C,missense_variant,ethionamide,Uncertain significance,54,1.0185185185185186,4327876,0,0,Other
SRR11947327,ethR,Rv3855,p.Phe110Leu,c.328T>C,missense_variant,prothionamide,Uncertain significance,54,1.0185185185185186,4327876,0,0,Other
SRR11947499,ethR,Rv3855,p.Ala95Thr,c.283G>A,missense_variant,ethionamide,Uncertain significance,193,1.0,4327831,0,0,Other
SRR11947499,ethR,Rv3855,p.Ala95Thr,c.283G>A,missense_variant,prothionamide,Uncertain significance,193,1.0,4327831,0,0,Other
SRR29341506,katG,Rv1908c,p.Thr275Ala,c.823A>G,missense_variant,isoniazid,Uncertain significance,96,1.0,2155289,0,0,HR-TB
SRR29341506,embA,Rv3794,c.-11C>A,c.-11C>A,upstream_gene_variant,ethambutol,Uncertain significance,111,1.009009009009009,4243222,0,0,HR-TB
SRR30519414,gid,Rv3919c,p.Gly69Asp,c.206G>A,missense_variant,streptomycin,Uncertain significance,175,1.0057142857142858,4407997,0,1,MDR-TB
SRR30519420,rrs,EBG00000313325,n.888G>A,n.888G>A,non_coding_transcript_exon_variant,streptomycin,Uncertain significance,95,0.1368421052631579,1472733,0,0,Other
SRR30519420,rrs,EBG00000313325,n.888G>A,n.888G>A,non_coding_transcript_exon_variant,amikacin,Uncertain significance,95,0.1368421052631579,1472733,0,0,Other
SRR30519420,rrs,EBG00000313325,n.888G>A,n.888G>A,non_coding_transcript_exon_variant,capreomycin,Uncertain significance,95,0.1368421052631579,1472733,0,0,Other
SRR30519420,rrs,EBG00000313325,n.888G>A,n.888G>A,non_coding_transcript_exon_variant,kanamycin,Uncertain significance,95,0.1368421052631579,1472733,0,0,Other
SRR30519435,fbiC,Rv1173,c.2547_2565dupCACATACGCCCTGCTTGCG,c.2547_2565dupCACATACGCCCTGCTTGCG,frameshift_variant,clofazimine,Uncertain significance,204,0.5490196078431373,1305495,0,0,HR-TB
SRR30519435,katG,Rv1908c,p.Ala424Val,c.1271C>T,missense_variant,isoniazid,Uncertain significance,218,1.0045871559633028,2154841,0,0,HR-TB
SRR30519444,rrs,EBG00000313325,n.888G>A,n.888G>A,non_coding_transcript_exon_variant,streptomycin,Uncertain significance,90,0.2333333333333333,1472733,0,1,MDR-TB
SRR30519444,rrs,EBG00000313325,n.888G>A,n.888G>A,non_coding_transcript_exon_variant,amikacin,Uncertain significance,90,0.2333333333333333,1472733,0,1,MDR-TB
SRR30519444,rrs,EBG00000313325,n.888G>A,n.888G>A,non_coding_transcript_exon_variant,capreomycin,Uncertain significance,90,0.2333333333333333,1472733,0,1,MDR-TB
SRR30519444,rrs,EBG00000313325,n.888G>A,n.888G>A,non_coding_transcript_exon_variant,kanamycin,Uncertain significance,90,0.2333333333333333,1472733,0,1,MDR-TB
SRR30519446,rrs,EBG00000313325,n.888G>A,n.888G>A,non_coding_transcript_exon_variant,streptomycin,Uncertain significance,180,0.4111111111111111,1472733,0,1,MDR-TB
SRR30519446,rrs,EBG00000313325,n.888G>A,n.888G>A,non_coding_transcript_exon_variant,amikacin,Uncertain significance,180,0.4111111111111111,1472733,0,1,MDR-TB
SRR30519446,rrs,EBG00000313325,n.888G>A,n.888G>A,non_coding_transcript_exon_variant,capreomycin,Uncertain significance,180,0.4111111111111111,1472733,0,1,MDR-TB
SRR30519446,rrs,EBG00000313325,n.888G>A,n.888G>A,non_coding_transcript_exon_variant,kanamycin,Uncertain significance,180,0.4111111111111111,1472733,0,1,MDR-TB
SRR30519446,gid,Rv3919c,p.Gly69Asp,c.206G>A,missense_variant,streptomycin,Uncertain significance,195,1.005128205128205,4407997,0,1,MDR-TB
SRR30519454,rrs,EBG00000313325,n.888G>A,n.888G>A,non_coding_transcript_exon_variant,streptomycin,Uncertain significance,145,0.1862068965517241,1472733,0,0,Other
SRR30519454,rrs,EBG00000313325,n.888G>A,n.888G>A,non_coding_transcript_exon_variant,amikacin,Uncertain significance,145,0.1862068965517241,1472733,0,0,Other
SRR30519454,rrs,EBG00000313325,n.888G>A,n.888G>A,non_coding_transcript_exon_variant,capreomycin,Uncertain significance,145,0.1862068965517241,1472733,0,0,Other
SRR30519454,rrs,EBG00000313325,n.888G>A,n.888G>A,non_coding_transcript_exon_variant,kanamycin,Uncertain significance,145,0.1862068965517241,1472733,0,0,Other
SRR30519464,rrs,EBG00000313325,n.888G>A,n.888G>A,non_coding_transcript_exon_variant,streptomycin,Uncertain significance,66,0.1666666666666666,1472733,0,0,Other
SRR30519464,rrs,EBG00000313325,n.888G>A,n.888G>A,non_coding_transcript_exon_variant,amikacin,Uncertain significance,66,0.1666666666666666,1472733,0,0,Other
SRR30519464,rrs,EBG00000313325,n.888G>A,n.888G>A,non_coding_transcript_exon_variant,capreomycin,Uncertain significance,66,0.1666666666666666,1472733,0,0,Other
SRR30519464,rrs,EBG00000313325,n.888G>A,n.888G>A,non_coding_transcript_exon_variant,kanamycin,Uncertain significance,66,0.1666666666666666,1472733,0,0,Other
SRR30519475,rrs,EBG00000313325,n.888G>A,n.888G>A,non_coding_transcript_exon_variant,streptomycin,Uncertain significance,123,0.2682926829268293,1472733,0,0,Other
SRR30519475,rrs,EBG00000313325,n.888G>A,n.888G>A,non_coding_transcript_exon_variant,amikacin,Uncertain significance,123,0.2682926829268293,1472733,0,0,Other
SRR30519475,rrs,EBG00000313325,n.888G>A,n.888G>A,non_coding_transcript_exon_variant,capreomycin,Uncertain significance,123,0.2682926829268293,1472733,0,0,Other
SRR30519475,rrs,EBG00000313325,n.888G>A,n.888G>A,non_coding_transcript_exon_variant,kanamycin,Uncertain significance,123,0.2682926829268293,1472733,0,0,Other
SRR30519487,rrs,EBG00000313325,n.888G>A,n.888G>A,non_coding_transcript_exon_variant,streptomycin,Uncertain significance,74,0.1486486486486486,1472733,0,0,Other
SRR30519487,rrs,EBG00000313325,n.888G>A,n.888G>A,non_coding_transcript_exon_variant,amikacin,Uncertain significance,74,0.1486486486486486,1472733,0,0,Other
SRR30519487,rrs,EBG00000313325,n.888G>A,n.888G>A,non_coding_transcript_exon_variant,capreomycin,Uncertain significance,74,0.1486486486486486,1472733,0,0,Other
SRR30519487,rrs,EBG00000313325,n.888G>A,n.888G>A,non_coding_transcript_exon_variant,kanamycin,Uncertain significance,74,0.1486486486486486,1472733,0,0,Other
SRR30673188,inhA,Rv1484,p.Ile21Thr,c.62T>C,missense_variant,ethionamide,Uncertain significance,142,0.9154929577464788,1674263,0,1,XDR-TB
SRR30673188,inhA,Rv1484,p.Ile21Thr,c.62T>C,missense_variant,isoniazid,Uncertain significance,142,0.9154929577464788,1674263,0,1,XDR-TB
SRR30673188,inhA,Rv1484,p.Ile21Thr,c.62T>C,missense_variant,prothionamide,Uncertain significance,142,0.9154929577464788,1674263,0,1,XDR-TB
SRR30673193,ethA,Rv3854c,p.Tyr84Asp,c.250T>G,missense_variant,ethionamide,Uncertain significance,70,1.0142857142857142,4327224,0,1,MDR-TB
SRR30673193,ethA,Rv3854c,p.Tyr84Asp,c.250T>G,missense_variant,prothionamide,Uncertain significance,70,1.0142857142857142,4327224,0,1,MDR-TB
SRR30673194,ethA,Rv3854c,p.Ala381Pro,c.1141G>C,missense_variant,ethionamide,Uncertain significance,76,1.0,4326333,0,1,MDR-TB
SRR30673194,ethA,Rv3854c,p.Ala381Pro,c.1141G>C,missense_variant,prothionamide,Uncertain significance,76,1.0,4326333,0,1,MDR-TB
SRR30673194,gid,Rv3919c,p.Leu79Ser,c.236T>C,missense_variant,streptomycin,Uncertain significance,65,1.0,4407967,0,1,MDR-TB
SRR30673197,rrs,EBG00000313325,n.888G>A,n.888G>A,non_coding_transcript_exon_variant,streptomycin,Uncertain significance,260,0.8,1472733,0,0,RR-TB
SRR30673197,rrs,EBG00000313325,n.888G>A,n.888G>A,non_coding_transcript_exon_variant,amikacin,Uncertain significance,260,0.8,1472733,0,0,RR-TB
SRR30673197,rrs,EBG00000313325,n.888G>A,n.888G>A,non_coding_transcript_exon_variant,capreomycin,Uncertain significance,260,0.8,1472733,0,0,RR-TB
SRR30673197,rrs,EBG00000313325,n.888G>A,n.888G>A,non_coding_transcript_exon_variant,kanamycin,Uncertain significance,260,0.8,1472733,0,0,RR-TB
SRR30673198,rrs,EBG00000313325,n.517C>T,n.517C>T,non_coding_transcript_exon_variant,kanamycin,Uncertain significance,75,0.9866666666666668,1472362,0,1,MDR-TB
SRR30673198,inhA,Rv1484,p.Ile194Thr,c.581T>C,missense_variant,ethionamide,Uncertain significance,63,1.0,1674782,0,1,MDR-TB
SRR30673198,inhA,Rv1484,p.Ile194Thr,c.581T>C,missense_variant,isoniazid,Uncertain significance,63,1.0,1674782,0,1,MDR-TB
SRR30673198,inhA,Rv1484,p.Ile194Thr,c.581T>C,missense_variant,prothionamide,Uncertain significance,63,1.0,1674782,0,1,MDR-TB
SRR30673201,inhA,Rv1484,p.Ile194Thr,c.581T>C,missense_variant,ethionamide,Uncertain significance,56,1.0,1674782,0,0,Pre-XDR-TB
SRR30673201,inhA,Rv1484,p.Ile194Thr,c.581T>C,missense_variant,isoniazid,Uncertain significance,56,1.0,1674782,0,0,Pre-XDR-TB
SRR30673201,inhA,Rv1484,p.Ile194Thr,c.581T>C,missense_variant,prothionamide,Uncertain significance,56,1.0,1674782,0,0,Pre-XDR-TB
SRR30673202,ethR,Rv3855,p.Ala95Thr,c.283G>A,missense_variant,ethionamide,Uncertain significance,57,1.0,4327831,0,1,MDR-TB
SRR30673202,ethR,Rv3855,p.Ala95Thr,c.283G>A,missense_variant,prothionamide,Uncertain significance,57,1.0,4327831,0,1,MDR-TB
SRR30673207,rrs,EBG00000313325,n.1401A>G,n.1401A>G,non_coding_transcript_exon_variant,streptomycin,Uncertain significance,79,1.0,1473246,0,1,XDR-TB
SRR30673207,ethA,Rv3854c,p.Ala381Pro,c.1141G>C,missense_variant,ethionamide,Uncertain significance,82,0.975609756097561,4326333,0,1,XDR-TB
SRR30673207,ethA,Rv3854c,p.Ala381Pro,c.1141G>C,missense_variant,prothionamide,Uncertain significance,82,0.975609756097561,4326333,0,1,XDR-TB
SRR30673207,gid,Rv3919c,p.Leu79Ser,c.236T>C,missense_variant,streptomycin,Uncertain significance,69,1.0,4407967,0,1,XDR-TB
SRR30673210,rrs,EBG00000313325,n.517C>T,n.517C>T,non_coding_transcript_exon_variant,kanamycin,Uncertain significance,121,1.0,1472362,0,1,Pre-XDR-TB
SRR30673210,embA,Rv3794,c.-29_-28delCT,c.-29_-28delCT,upstream_gene_variant,ethambutol,Uncertain significance,87,0.9080459770114944,4243203,0,1,Pre-XDR-TB
SRR30673211,ethA,Rv3854c,p.Ala381Pro,c.1141G>C,missense_variant,ethionamide,Uncertain significance,180,1.0,4326333,0,1,MDR-TB
SRR30673211,ethA,Rv3854c,p.Ala381Pro,c.1141G>C,missense_variant,prothionamide,Uncertain significance,180,1.0,4326333,0,1,MDR-TB
SRR30673211,gid,Rv3919c,p.Leu79Ser,c.236T>C,missense_variant,streptomycin,Uncertain significance,163,1.0245398773006136,4407967,0,1,MDR-TB
SRR30673213,embA,Rv3794,c.-16C>G,c.-16C>G,upstream_gene_variant,ethambutol,Uncertain significance,82,1.0,4243217,0,0,HR-TB
SRR30673213,embB,Rv3795,p.Glu405Asp,c.1215G>C,missense_variant,ethambutol,Uncertain significance,73,1.0,4247728,0,0,HR-TB
SRR30673218,rrs,EBG00000313325,n.878G>A,n.878G>A,non_coding_transcript_exon_variant,amikacin,Uncertain significance,114,1.0,1472723,0,1,Pre-XDR-TB
SRR30673218,rrs,EBG00000313325,n.878G>A,n.878G>A,non_coding_transcript_exon_variant,capreomycin,Uncertain significance,114,1.0,1472723,0,1,Pre-XDR-TB
SRR30673218,rrs,EBG00000313325,n.878G>A,n.878G>A,non_coding_transcript_exon_variant,kanamycin,Uncertain significance,114,1.0,1472723,0,1,Pre-XDR-TB
SRR30673218,embA,Rv3794,c.-16C>G,c.-16C>G,upstream_gene_variant,ethambutol,Uncertain significance,132,0.9924242424242424,4243217,0,1,Pre-XDR-TB
SRR30673218,ethA,Rv3854c,c.1192_1194dupGTG,c.1192_1194dupGTG,conservative_inframe_insertion,ethionamide,Uncertain significance,112,0.8839285714285714,4326279,0,1,Pre-XDR-TB
SRR30673218,ethA,Rv3854c,c.1192_1194dupGTG,c.1192_1194dupGTG,conservative_inframe_insertion,prothionamide,Uncertain significance,112,0.8839285714285714,4326279,0,1,Pre-XDR-TB
SRR30673219,rrs,EBG00000313325,n.517C>T,n.517C>T,non_coding_transcript_exon_variant,kanamycin,Uncertain significance,130,1.0,1472362,0,1,MDR-TB
SRR30673219,inhA,Rv1484,p.Ile194Thr,c.581T>C,missense_variant,ethionamide,Uncertain significance,118,1.0,1674782,0,1,MDR-TB
SRR30673219,inhA,Rv1484,p.Ile194Thr,c.581T>C,missense_variant,isoniazid,Uncertain significance,118,1.0,1674782,0,1,MDR-TB
SRR30673219,inhA,Rv1484,p.Ile194Thr,c.581T>C,missense_variant,prothionamide,Uncertain significance,118,1.0,1674782,0,1,MDR-TB
SRR30673550,ethA,Rv3854c,p.Ala381Pro,c.1141G>C,missense_variant,ethionamide,Uncertain significance,83,1.0120481927710845,4326333,0,1,Pre-XDR-TB
SRR30673550,ethA,Rv3854c,p.Ala381Pro,c.1141G>C,missense_variant,prothionamide,Uncertain significance,83,1.0120481927710845,4326333,0,1,Pre-XDR-TB
SRR30673550,gid,Rv3919c,p.Leu79Ser,c.236T>C,missense_variant,streptomycin,Uncertain significance,56,1.0,4407967,0,1,Pre-XDR-TB
SRR30673553,rrs,EBG00000313325,n.1401A>G,n.1401A>G,non_coding_transcript_exon_variant,streptomycin,Uncertain significance,153,1.0,1473246,0,1,Pre-XDR-TB
SRR30673553,ethA,Rv3854c,c.-11A>G,c.-11A>G,upstream_gene_variant,ethionamide,Uncertain significance,125,1.008,4327484,0,1,Pre-XDR-TB
SRR30673553,ethA,Rv3854c,c.-11A>G,c.-11A>G,upstream_gene_variant,prothionamide,Uncertain significance,125,1.008,4327484,0,1,Pre-XDR-TB
SRR30673555,rrs,EBG00000313325,n.1401A>G,n.1401A>G,non_coding_transcript_exon_variant,streptomycin,Uncertain significance,91,1.0,1473246,0,1,MDR-TB
SRR30673555,ethA,Rv3854c,p.Ala381Pro,c.1141G>C,missense_variant,ethionamide,Uncertain significance,106,1.0,4326333,0,1,MDR-TB
SRR30673555,ethA,Rv3854c,p.Ala381Pro,c.1141G>C,missense_variant,prothionamide,Uncertain significance,106,1.0,4326333,0,1,MDR-TB
SRR30673555,gid,Rv3919c,p.Leu79Ser,c.236T>C,missense_variant,streptomycin,Uncertain significance,92,1.0108695652173914,4407967,0,1,MDR-TB
SRR30673559,embA,Rv3794,c.-16C>G,c.-16C>G,upstream_gene_variant,ethambutol,Uncertain significance,77,1.0,4243217,0,1,MDR-TB
SRR30673559,embB,Rv3795,p.Glu405Asp,c.1215G>C,missense_variant,ethambutol,Uncertain significance,61,1.0,4247728,0,1,MDR-TB
SRR30673561,rrs,EBG00000313325,n.517C>T,n.517C>T,non_coding_transcript_exon_variant,kanamycin,Uncertain significance,80,1.0125,1472362,0,1,MDR-TB
SRR30673561,inhA,Rv1484,p.Ile194Thr,c.581T>C,missense_variant,ethionamide,Uncertain significance,79,1.0,1674782,0,1,MDR-TB
SRR30673561,inhA,Rv1484,p.Ile194Thr,c.581T>C,missense_variant,isoniazid,Uncertain significance,79,1.0,1674782,0,1,MDR-TB
SRR30673561,inhA,Rv1484,p.Ile194Thr,c.581T>C,missense_variant,prothionamide,Uncertain significance,79,1.0,1674782,0,1,MDR-TB
SRR30673563,rpoC,Rv0668,p.Gly332Arg,c.994G>C,missense_variant,rifampicin,Uncertain significance,101,0.99009900990099,764363,0,0,MDR-TB
SRR30673563,rpoC,Rv0668,p.Gly332Arg,c.994G>C,missense_variant,rifapentine,Uncertain significance,101,0.99009900990099,764363,0,0,MDR-TB
SRR30673563,katG,Rv1908c,p.Ser140Arg,c.418A>C,missense_variant,isoniazid,Uncertain significance,107,1.0,2155694,0,0,MDR-TB
SRR30673566,ahpC,Rv2428,c.-52C>T,c.-52C>T,upstream_gene_variant,isoniazid,Uncertain significance,42,0.9761904761904762,2726141,0,0,MDR-TB
SRR30673579,katG,Rv1908c,p.Leu587Pro,c.1760T>C,missense_variant,isoniazid,Uncertain significance,121,0.7107438016528925,2154352,0,0,HR-TB
SRR30673661,rrs,EBG00000313325,n.517C>T,n.517C>T,non_coding_transcript_exon_variant,kanamycin,Uncertain significance,144,1.0,1472362,0,1,MDR-TB
SRR30673661,inhA,Rv1484,p.Ile194Thr,c.581T>C,missense_variant,ethionamide,Uncertain significance,130,1.0,1674782,0,1,MDR-TB
SRR30673661,inhA,Rv1484,p.Ile194Thr,c.581T>C,missense_variant,isoniazid,Uncertain significance,130,1.0,1674782,0,1,MDR-TB
SRR30673661,inhA,Rv1484,p.Ile194Thr,c.581T>C,missense_variant,prothionamide,Uncertain significance,130,1.0,1674782,0,1,MDR-TB
SRR30673663,ethA,Rv3854c,c.-11A>G,c.-11A>G,upstream_gene_variant,ethionamide,Uncertain significance,114,1.0,4327484,0,1,Pre-XDR-TB
SRR30673663,ethA,Rv3854c,c.-11A>G,c.-11A>G,upstream_gene_variant,prothionamide,Uncertain significance,114,1.0,4327484,0,1,Pre-XDR-TB
SRR30673667,embA,Rv3794,c.-16C>G,c.-16C>G,upstream_gene_variant,ethambutol,Uncertain significance,70,0.9857142857142858,4243217,0,1,Pre-XDR-TB
SRR30673667,embB,Rv3795,p.Glu405Asp,c.1215G>C,missense_variant,ethambutol,Uncertain significance,70,1.0,4247728,0,1,Pre-XDR-TB
SRR30673668,ahpC,Rv2428,c.-54C>T,c.-54C>T,upstream_gene_variant,isoniazid,Uncertain significance,169,1.0,2726139,0,0,MDR-TB
SRR30673672,rrs,EBG00000313325,n.517C>T,n.517C>T,non_coding_transcript_exon_variant,kanamycin,Uncertain significance,169,1.0,1472362,0,1,Pre-XDR-TB
SRR30673672,embA,Rv3794,c.-29_-28delCT,c.-29_-28delCT,upstream_gene_variant,ethambutol,Uncertain significance,197,0.8883248730964467,4243203,0,1,Pre-XDR-TB
SRR30673674,inhA,Rv1484,p.Ile21Thr,c.62T>C,missense_variant,ethionamide,Uncertain significance,114,1.0,1674263,0,1,XDR-TB
SRR30673674,inhA,Rv1484,p.Ile21Thr,c.62T>C,missense_variant,isoniazid,Uncertain significance,114,1.0,1674263,0,1,XDR-TB
SRR30673674,inhA,Rv1484,p.Ile21Thr,c.62T>C,missense_variant,prothionamide,Uncertain significance,114,1.0,1674263,0,1,XDR-TB
SRR30673677,katG,Rv1908c,p.Gly297Val,c.890G>T,missense_variant,isoniazid,Uncertain significance,170,0.8470588235294118,2155222,0,0,MDR-TB
SRR30673685,ethA,Rv3854c,c.-11A>G,c.-11A>G,upstream_gene_variant,ethionamide,Uncertain significance,122,1.0,4327484,0,1,MDR-TB
SRR30673685,ethA,Rv3854c,c.-11A>G,c.-11A>G,upstream_gene_variant,prothionamide,Uncertain significance,122,1.0,4327484,0,1,MDR-TB
SRR30673692,rrs,EBG00000313325,n.888G>A,n.888G>A,non_coding_transcript_exon_variant,streptomycin,Uncertain significance,119,0.1680672268907563,1472733,0,1,MDR-TB
SRR30673692,rrs,EBG00000313325,n.888G>A,n.888G>A,non_coding_transcript_exon_variant,amikacin,Uncertain significance,119,0.1680672268907563,1472733,0,1,MDR-TB
SRR30673692,rrs,EBG00000313325,n.888G>A,n.888G>A,non_coding_transcript_exon_variant,capreomycin,Uncertain significance,119,0.1680672268907563,1472733,0,1,MDR-TB
SRR30673692,rrs,EBG00000313325,n.888G>A,n.888G>A,non_coding_transcript_exon_variant,kanamycin,Uncertain significance,119,0.1680672268907563,1472733,0,1,MDR-TB
SRR30673694,rrs,EBG00000313325,n.1401A>G,n.1401A>G,non_coding_transcript_exon_variant,streptomycin,Uncertain significance,114,1.0,1473246,0,1,XDR-TB
SRR30673694,ethA,Rv3854c,p.Ala381Pro,c.1141G>C,missense_variant,ethionamide,Uncertain significance,137,1.0,4326333,0,1,XDR-TB
SRR30673694,ethA,Rv3854c,p.Ala381Pro,c.1141G>C,missense_variant,prothionamide,Uncertain significance,137,1.0,4326333,0,1,XDR-TB
SRR30673694,gid,Rv3919c,p.Leu79Ser,c.236T>C,missense_variant,streptomycin,Uncertain significance,130,1.0,4407967,0,1,XDR-TB
SRR30673698,inhA,Rv1484,p.Ile21Thr,c.62T>C,missense_variant,ethionamide,Uncertain significance,76,1.0,1674263,0,1,MDR-TB
SRR30673698,inhA,Rv1484,p.Ile21Thr,c.62T>C,missense_variant,isoniazid,Uncertain significance,76,1.0,1674263,0,1,MDR-TB
SRR30673698,inhA,Rv1484,p.Ile21Thr,c.62T>C,missense_variant,prothionamide,Uncertain significance,76,1.0,1674263,0,1,MDR-TB
SRR30673701,embB,Rv3795,p.Ser347Thr,c.1040G>C,missense_variant,ethambutol,Uncertain significance,30,0.7666666666666667,4247553,0,1,MDR-TB
SRR30673702,ethR,Rv3855,p.Phe110Leu,c.328T>C,missense_variant,ethionamide,Uncertain significance,92,1.0,4327876,0,0,RR-TB
SRR30673702,ethR,Rv3855,p.Phe110Leu,c.328T>C,missense_variant,prothionamide,Uncertain significance,92,1.0,4327876,0,0,RR-TB
SRR30673703,embA,Rv3794,c.-16C>G,c.-16C>G,upstream_gene_variant,ethambutol,Uncertain significance,45,1.0,4243217,0,1,Pre-XDR-TB
SRR30673703,embB,Rv3795,p.Glu405Asp,c.1215G>C,missense_variant,ethambutol,Uncertain significance,71,1.0,4247728,0,1,Pre-XDR-TB
SRR30673705,rrs,EBG00000313325,n.517C>T,n.517C>T,non_coding_transcript_exon_variant,kanamycin,Uncertain significance,62,1.0,1472362,0,1,Pre-XDR-TB
SRR30673705,inhA,Rv1484,p.Ile194Thr,c.581T>C,missense_variant,ethionamide,Uncertain significance,46,1.0217391304347827,1674782,0,1,Pre-XDR-TB
SRR30673705,inhA,Rv1484,p.Ile194Thr,c.581T>C,missense_variant,isoniazid,Uncertain significance,46,1.0217391304347827,1674782,0,1,Pre-XDR-TB
SRR30673705,inhA,Rv1484,p.Ile194Thr,c.581T>C,missense_variant,prothionamide,Uncertain significance,46,1.0217391304347827,1674782,0,1,Pre-XDR-TB
SRR30673705,ethR,Rv3855,p.Ala95Thr,c.283G>A,missense_variant,ethionamide,Uncertain significance,62,1.0,4327831,0,1,Pre-XDR-TB
SRR30673705,ethR,Rv3855,p.Ala95Thr,c.283G>A,missense_variant,prothionamide,Uncertain significance,62,1.0,4327831,0,1,Pre-XDR-TB
SRR30673716,ethA,Rv3854c,c.-11A>G,c.-11A>G,upstream_gene_variant,ethionamide,Uncertain significance,49,1.0,4327484,0,1,XDR-TB
SRR30673716,ethA,Rv3854c,c.-11A>G,c.-11A>G,upstream_gene_variant,prothionamide,Uncertain significance,49,1.0,4327484,0,1,XDR-TB
SRR30673723,embB,Rv3795,p.Asp1024Asn,c.3070G>A,missense_variant,ethambutol,Uncertain significance,78,1.0,4249583,0,1,MDR-TB
SRR30673723,ethA,Rv3854c,c.-11A>G,c.-11A>G,upstream_gene_variant,ethionamide,Uncertain significance,87,1.0,4327484,0,1,MDR-TB
SRR30673723,ethA,Rv3854c,c.-11A>G,c.-11A>G,upstream_gene_variant,prothionamide,Uncertain significance,87,1.0,4327484,0,1,MDR-TB
SRR30673725,ethA,Rv3854c,p.Ala381Pro,c.1141G>C,missense_variant,ethionamide,Uncertain significance,95,1.0,4326333,0,1,MDR-TB
SRR30673725,ethA,Rv3854c,p.Ala381Pro,c.1141G>C,missense_variant,prothionamide,Uncertain significance,95,1.0,4326333,0,1,MDR-TB
SRR30673725,gid,Rv3919c,p.Leu79Ser,c.236T>C,missense_variant,streptomycin,Uncertain significance,89,1.0,4407967,0,1,MDR-TB
SRR30673726,ethA,Rv3854c,p.Ala381Pro,c.1141G>C,missense_variant,ethionamide,Uncertain significance,171,1.0116959064327486,4326333,0,1,MDR-TB
SRR30673726,ethA,Rv3854c,p.Ala381Pro,c.1141G>C,missense_variant,prothionamide,Uncertain significance,171,1.0116959064327486,4326333,0,1,MDR-TB
SRR30673726,gid,Rv3919c,p.Leu79Ser,c.236T>C,missense_variant,streptomycin,Uncertain significance,164,1.0060975609756098,4407967,0,1,MDR-TB
SRR30673727,rrs,EBG00000313325,n.517C>T,n.517C>T,non_coding_transcript_exon_variant,kanamycin,Uncertain significance,98,1.0,1472362,0,1,MDR-TB
SRR30673727,inhA,Rv1484,p.Ile194Thr,c.581T>C,missense_variant,ethionamide,Uncertain significance,60,1.0,1674782,0,1,MDR-TB
SRR30673727,inhA,Rv1484,p.Ile194Thr,c.581T>C,missense_variant,isoniazid,Uncertain significance,60,1.0,1674782,0,1,MDR-TB
SRR30673727,inhA,Rv1484,p.Ile194Thr,c.581T>C,missense_variant,prothionamide,Uncertain significance,60,1.0,1674782,0,1,MDR-TB
SRR30673728,rrs,EBG00000313325,n.1401A>G,n.1401A>G,non_coding_transcript_exon_variant,streptomycin,Uncertain significance,107,1.0,1473246,0,1,Pre-XDR-TB
SRR30673728,ethA,Rv3854c,c.-11A>G,c.-11A>G,upstream_gene_variant,ethionamide,Uncertain significance,74,1.0135135135135136,4327484,0,1,Pre-XDR-TB
SRR30673728,ethA,Rv3854c,c.-11A>G,c.-11A>G,upstream_gene_variant,prothionamide,Uncertain significance,74,1.0135135135135136,4327484,0,1,Pre-XDR-TB
SRR30673747,ahpC,Rv2428,c.-81C>T,c.-81C>T,upstream_gene_variant,isoniazid,Uncertain significance,132,1.0,2726112,0,0,MDR-TB
SRR32327454,inhA,Rv1484,p.Ile21Thr,c.62T>C,missense_variant,ethionamide,Uncertain significance,84,1.0,1674263,0,1,Pre-XDR-TB
SRR32327454,inhA,Rv1484,p.Ile21Thr,c.62T>C,missense_variant,isoniazid,Uncertain significance,84,1.0,1674263,0,1,Pre-XDR-TB
SRR32327454,inhA,Rv1484,p.Ile21Thr,c.62T>C,missense_variant,prothionamide,Uncertain significance,84,1.0,1674263,0,1,Pre-XDR-TB
SRR32526016,rrs,EBG00000313325,n.1401A>G,n.1401A>G,non_coding_transcript_exon_variant,streptomycin,Uncertain significance,144,0.9097222222222222,1473246,0,0,XDR-TB
SRR32526017,rrs,EBG00000313325,n.1484G>T,n.1484G>T,non_coding_transcript_exon_variant,streptomycin,Uncertain significance,227,0.4537444933920704,1473329,0,0,RR-TB
SRR32526022,rrs,EBG00000313325,n.1401A>G,n.1401A>G,non_coding_transcript_exon_variant,streptomycin,Uncertain significance,218,0.926605504587156,1473246,0,1,Pre-XDR-TB
SRR32526025,rrs,EBG00000313325,n.1484G>T,n.1484G>T,non_coding_transcript_exon_variant,streptomycin,Uncertain significance,235,0.1744680851063829,1473329,0,0,RR-TB
SRR32526026,rrs,EBG00000313325,n.1402C>A,n.1402C>A,non_coding_transcript_exon_variant,amikacin,Uncertain significance,116,0.3017241379310345,1473247,0,0,Other
SRR32526026,rrs,EBG00000313325,n.1402C>A,n.1402C>A,non_coding_transcript_exon_variant,capreomycin,Uncertain significance,116,0.3017241379310345,1473247,0,0,Other
SRR32526026,rrs,EBG00000313325,n.1402C>A,n.1402C>A,non_coding_transcript_exon_variant,kanamycin,Uncertain significance,116,0.3017241379310345,1473247,0,0,Other
SRR32526026,rrs,EBG00000313325,n.1402C>A,n.1402C>A,non_coding_transcript_exon_variant,streptomycin,Uncertain significance,116,0.3017241379310345,1473247,0,0,Other
SRR32526026,rrs,EBG00000313325,n.1484G>T,n.1484G>T,non_coding_transcript_exon_variant,streptomycin,Uncertain significance,103,0.3106796116504854,1473329,0,0,Other
SRR32526040,rrs,EBG00000313325,n.888G>A,n.888G>A,non_coding_transcript_exon_variant,streptomycin,Uncertain significance,17,0.4705882352941176,1472733,0,0,Other
SRR32526040,rrs,EBG00000313325,n.888G>A,n.888G>A,non_coding_transcript_exon_variant,amikacin,Uncertain significance,17,0.4705882352941176,1472733,0,0,Other
SRR32526040,rrs,EBG00000313325,n.888G>A,n.888G>A,non_coding_transcript_exon_variant,capreomycin,Uncertain significance,17,0.4705882352941176,1472733,0,0,Other
SRR32526040,rrs,EBG00000313325,n.888G>A,n.888G>A,non_coding_transcript_exon_variant,kanamycin,Uncertain significance,17,0.4705882352941176,1472733,0,0,Other
SRR32526040,rrs,EBG00000313325,n.1402C>A,n.1402C>A,non_coding_transcript_exon_variant,amikacin,Uncertain significance,193,0.2642487046632124,1473247,0,0,Other
SRR32526040,rrs,EBG00000313325,n.1402C>A,n.1402C>A,non_coding_transcript_exon_variant,capreomycin,Uncertain significance,193,0.2642487046632124,1473247,0,0,Other
SRR32526040,rrs,EBG00000313325,n.1402C>A,n.1402C>A,non_coding_transcript_exon_variant,kanamycin,Uncertain significance,193,0.2642487046632124,1473247,0,0,Other
SRR32526040,rrs,EBG00000313325,n.1402C>A,n.1402C>A,non_coding_transcript_exon_variant,streptomycin,Uncertain significance,193,0.2642487046632124,1473247,0,0,Other
SRR32526040,rrs,EBG00000313325,n.1484G>T,n.1484G>T,non_coding_transcript_exon_variant,streptomycin,Uncertain significance,164,0.2378048780487804,1473329,0,0,Other
SRR32526042,embB,Rv3795,p.Ser347Thr,c.1040G>C,missense_variant,ethambutol,Uncertain significance,224,0.6607142857142857,4247553,0,1,MDR-TB
SRR32526060,rrs,EBG00000313325,n.1402C>A,n.1402C>A,non_coding_transcript_exon_variant,amikacin,Uncertain significance,24,0.9166666666666666,1473247,0,0,Other
SRR32526060,rrs,EBG00000313325,n.1402C>A,n.1402C>A,non_coding_transcript_exon_variant,capreomycin,Uncertain significance,24,0.9166666666666666,1473247,0,0,Other
SRR32526060,rrs,EBG00000313325,n.1402C>A,n.1402C>A,non_coding_transcript_exon_variant,kanamycin,Uncertain significance,24,0.9166666666666666,1473247,0,0,Other
SRR32526060,rrs,EBG00000313325,n.1402C>A,n.1402C>A,non_coding_transcript_exon_variant,streptomycin,Uncertain significance,24,0.9166666666666666,1473247,0,0,Other
SRR32526060,rrs,EBG00000313325,n.1484G>T,n.1484G>T,non_coding_transcript_exon_variant,streptomycin,Uncertain significance,18,0.8888888888888888,1473329,0,0,Other
SRR32526072,rrs,EBG00000313325,n.1484G>T,n.1484G>T,non_coding_transcript_exon_variant,streptomycin,Uncertain significance,177,0.5423728813559322,1473329,0,0,Other
SRR32526079,rrs,EBG00000313325,n.1401A>G,n.1401A>G,non_coding_transcript_exon_variant,streptomycin,Uncertain significance,213,0.3004694835680751,1473246,0,0,Other
SRR32526093,rrs,EBG00000313325,n.1402C>A,n.1402C>A,non_coding_transcript_exon_variant,amikacin,Uncertain significance,195,0.7538461538461538,1473247,0,0,RR-TB
SRR32526093,rrs,EBG00000313325,n.1402C>A,n.1402C>A,non_coding_transcript_exon_variant,capreomycin,Uncertain significance,195,0.7538461538461538,1473247,0,0,RR-TB
SRR32526093,rrs,EBG00000313325,n.1402C>A,n.1402C>A,non_coding_transcript_exon_variant,kanamycin,Uncertain significance,195,0.7538461538461538,1473247,0,0,RR-TB
SRR32526093,rrs,EBG00000313325,n.1402C>A,n.1402C>A,non_coding_transcript_exon_variant,streptomycin,Uncertain significance,195,0.7538461538461538,1473247,0,0,RR-TB
SRR32526093,rrs,EBG00000313325,n.1484G>T,n.1484G>T,non_coding_transcript_exon_variant,streptomycin,Uncertain significance,150,0.9133333333333332,1473329,0,0,RR-TB
SRR32526125,rrs,EBG00000313325,n.1402C>A,n.1402C>A,non_coding_transcript_exon_variant,amikacin,Uncertain significance,208,0.1634615384615384,1473247,0,0,RR-TB
SRR32526125,rrs,EBG00000313325,n.1402C>A,n.1402C>A,non_coding_transcript_exon_variant,capreomycin,Uncertain significance,208,0.1634615384615384,1473247,0,0,RR-TB
SRR32526125,rrs,EBG00000313325,n.1402C>A,n.1402C>A,non_coding_transcript_exon_variant,kanamycin,Uncertain significance,208,0.1634615384615384,1473247,0,0,RR-TB
SRR32526125,rrs,EBG00000313325,n.1402C>A,n.1402C>A,non_coding_transcript_exon_variant,streptomycin,Uncertain significance,208,0.1634615384615384,1473247,0,0,RR-TB
SRR32526125,rrs,EBG00000313325,n.1484G>T,n.1484G>T,non_coding_transcript_exon_variant,streptomycin,Uncertain significance,224,0.1383928571428571,1473329,0,0,RR-TB
SRR32526127,rrs,EBG00000313325,n.1484G>T,n.1484G>T,non_coding_transcript_exon_variant,streptomycin,Uncertain significance,16,1.0,1473329,0,0,Other
SRR32526180,rrs,EBG00000313325,n.1484G>T,n.1484G>T,non_coding_transcript_exon_variant,streptomycin,Uncertain significance,209,0.4258373205741627,1473329,0,0,Other
SRR32526191,rrs,EBG00000313325,n.1402C>A,n.1402C>A,non_coding_transcript_exon_variant,amikacin,Uncertain significance,284,0.7464788732394366,1473247,0,0,Other
SRR32526191,rrs,EBG00000313325,n.1402C>A,n.1402C>A,non_coding_transcript_exon_variant,capreomycin,Uncertain significance,284,0.7464788732394366,1473247,0,0,Other
SRR32526191,rrs,EBG00000313325,n.1402C>A,n.1402C>A,non_coding_transcript_exon_variant,kanamycin,Uncertain significance,284,0.7464788732394366,1473247,0,0,Other
SRR32526191,rrs,EBG00000313325,n.1402C>A,n.1402C>A,non_coding_transcript_exon_variant,streptomycin,Uncertain significance,284,0.7464788732394366,1473247,0,0,Other
SRR32526191,rrs,EBG00000313325,n.1484G>T,n.1484G>T,non_coding_transcript_exon_variant,streptomycin,Uncertain significance,171,0.9298245614035088,1473329,0,0,Other
SRR32526192,rrs,EBG00000313325,n.517C>T,n.517C>T,non_coding_transcript_exon_variant,kanamycin,Uncertain significance,75,1.0133333333333334,1472362,0,1,MDR-TB
SRR32526194,rrs,EBG00000313325,n.1484G>T,n.1484G>T,non_coding_transcript_exon_variant,streptomycin,Uncertain significance,225,0.9955555555555556,1473329,0,1,MDR-TB
SRR32526195,rrs,EBG00000313325,n.1402C>A,n.1402C>A,non_coding_transcript_exon_variant,amikacin,Uncertain significance,19,0.5263157894736842,1473247,0,0,Other
SRR32526195,rrs,EBG00000313325,n.1402C>A,n.1402C>A,non_coding_transcript_exon_variant,capreomycin,Uncertain significance,19,0.5263157894736842,1473247,0,0,Other
SRR32526195,rrs,EBG00000313325,n.1402C>A,n.1402C>A,non_coding_transcript_exon_variant,kanamycin,Uncertain significance,19,0.5263157894736842,1473247,0,0,Other
SRR32526195,rrs,EBG00000313325,n.1402C>A,n.1402C>A,non_coding_transcript_exon_variant,streptomycin,Uncertain significance,19,0.5263157894736842,1473247,0,0,Other
SRR32526196,rrs,EBG00000313325,n.1402C>A,n.1402C>A,non_coding_transcript_exon_variant,amikacin,Uncertain significance,148,0.2702702702702703,1473247,0,0,HR-TB
SRR32526196,rrs,EBG00000313325,n.1402C>A,n.1402C>A,non_coding_transcript_exon_variant,capreomycin,Uncertain significance,148,0.2702702702702703,1473247,0,0,HR-TB
SRR32526196,rrs,EBG00000313325,n.1402C>A,n.1402C>A,non_coding_transcript_exon_variant,kanamycin,Uncertain significance,148,0.2702702702702703,1473247,0,0,HR-TB
SRR32526196,rrs,EBG00000313325,n.1402C>A,n.1402C>A,non_coding_transcript_exon_variant,streptomycin,Uncertain significance,148,0.2702702702702703,1473247,0,0,HR-TB
SRR32526196,rrs,EBG00000313325,n.1484G>T,n.1484G>T,non_coding_transcript_exon_variant,streptomycin,Uncertain significance,207,0.2463768115942029,1473329,0,0,HR-TB
SRR32526197,rrs,EBG00000313325,n.888G>A,n.888G>A,non_coding_transcript_exon_variant,streptomycin,Uncertain significance,26,0.3076923076923077,1472733,0,0,RR-TB
SRR32526197,rrs,EBG00000313325,n.888G>A,n.888G>A,non_coding_transcript_exon_variant,amikacin,Uncertain significance,26,0.3076923076923077,1472733,0,0,RR-TB
SRR32526197,rrs,EBG00000313325,n.888G>A,n.888G>A,non_coding_transcript_exon_variant,capreomycin,Uncertain significance,26,0.3076923076923077,1472733,0,0,RR-TB
SRR32526197,rrs,EBG00000313325,n.888G>A,n.888G>A,non_coding_transcript_exon_variant,kanamycin,Uncertain significance,26,0.3076923076923077,1472733,0,0,RR-TB
SRR32526197,rrs,EBG00000313325,n.1402C>A,n.1402C>A,non_coding_transcript_exon_variant,amikacin,Uncertain significance,159,0.4025157232704403,1473247,0,0,RR-TB
SRR32526197,rrs,EBG00000313325,n.1402C>A,n.1402C>A,non_coding_transcript_exon_variant,capreomycin,Uncertain significance,159,0.4025157232704403,1473247,0,0,RR-TB
SRR32526197,rrs,EBG00000313325,n.1402C>A,n.1402C>A,non_coding_transcript_exon_variant,kanamycin,Uncertain significance,159,0.4025157232704403,1473247,0,0,RR-TB
SRR32526197,rrs,EBG00000313325,n.1402C>A,n.1402C>A,non_coding_transcript_exon_variant,streptomycin,Uncertain significance,159,0.4025157232704403,1473247,0,0,RR-TB
SRR32526197,rrs,EBG00000313325,n.1484G>T,n.1484G>T,non_coding_transcript_exon_variant,streptomycin,Uncertain significance,216,0.1435185185185185,1473329,0,0,RR-TB
SRR32526207,rrs,EBG00000313325,n.517C>T,n.517C>T,non_coding_transcript_exon_variant,kanamycin,Uncertain significance,157,1.0,1472362,0,1,MDR-TB
SRR32526211,rrs,EBG00000313325,n.517C>T,n.517C>T,non_coding_transcript_exon_variant,kanamycin,Uncertain significance,32,0.96875,1472362,0,1,MDR-TB
SRR32526262,rrs,EBG00000313325,n.1401A>G,n.1401A>G,non_coding_transcript_exon_variant,streptomycin,Uncertain significance,209,1.0,1473246,0,1,XDR-TB
SRR32526293,rrs,EBG00000313325,n.1484G>T,n.1484G>T,non_coding_transcript_exon_variant,streptomycin,Uncertain significance,152,0.4342105263157895,1473329,0,1,MDR-TB
SRR32526293,embB,Rv3795,p.Glu405Asp,c.1215G>C,missense_variant,ethambutol,Uncertain significance,173,0.9826589595375722,4247728,0,1,MDR-TB
SRR32526295,rrs,EBG00000313325,n.1402C>A,n.1402C>A,non_coding_transcript_exon_variant,amikacin,Uncertain significance,217,0.3225806451612903,1473247,0,1,XDR-TB
SRR32526295,rrs,EBG00000313325,n.1402C>A,n.1402C>A,non_coding_transcript_exon_variant,capreomycin,Uncertain significance,217,0.3225806451612903,1473247,0,1,XDR-TB
SRR32526295,rrs,EBG00000313325,n.1402C>A,n.1402C>A,non_coding_transcript_exon_variant,kanamycin,Uncertain significance,217,0.3225806451612903,1473247,0,1,XDR-TB
SRR32526295,rrs,EBG00000313325,n.1402C>A,n.1402C>A,non_coding_transcript_exon_variant,streptomycin,Uncertain significance,217,0.3225806451612903,1473247,0,1,XDR-TB
SRR32526295,rrs,EBG00000313325,n.1484G>T,n.1484G>T,non_coding_transcript_exon_variant,streptomycin,Uncertain significance,190,0.2578947368421053,1473329,0,1,XDR-TB
SRR32526296,embB,Rv3795,p.Glu405Asp,c.1215G>C,missense_variant,ethambutol,Uncertain significance,232,1.0,4247728,0,0,HR-TB
SRR32526358,rrs,EBG00000313325,n.1402C>A,n.1402C>A,non_coding_transcript_exon_variant,amikacin,Uncertain significance,222,0.7657657657657657,1473247,0,0,Other
SRR32526358,rrs,EBG00000313325,n.1402C>A,n.1402C>A,non_coding_transcript_exon_variant,capreomycin,Uncertain significance,222,0.7657657657657657,1473247,0,0,Other
SRR32526358,rrs,EBG00000313325,n.1402C>A,n.1402C>A,non_coding_transcript_exon_variant,kanamycin,Uncertain significance,222,0.7657657657657657,1473247,0,0,Other
SRR32526358,rrs,EBG00000313325,n.1402C>A,n.1402C>A,non_coding_transcript_exon_variant,streptomycin,Uncertain significance,222,0.7657657657657657,1473247,0,0,Other
SRR32526387,rrs,EBG00000313325,n.1484G>T,n.1484G>T,non_coding_transcript_exon_variant,streptomycin,Uncertain significance,187,0.2780748663101604,1473329,0,1,MDR-TB
SRR32526390,rrs,EBG00000313325,n.1402C>A,n.1402C>A,non_coding_transcript_exon_variant,amikacin,Uncertain significance,172,0.5523255813953488,1473247,0,1,MDR-TB
SRR32526390,rrs,EBG00000313325,n.1402C>A,n.1402C>A,non_coding_transcript_exon_variant,capreomycin,Uncertain significance,172,0.5523255813953488,1473247,0,1,MDR-TB
SRR32526390,rrs,EBG00000313325,n.1402C>A,n.1402C>A,non_coding_transcript_exon_variant,kanamycin,Uncertain significance,172,0.5523255813953488,1473247,0,1,MDR-TB
SRR32526390,rrs,EBG00000313325,n.1402C>A,n.1402C>A,non_coding_transcript_exon_variant,streptomycin,Uncertain significance,172,0.5523255813953488,1473247,0,1,MDR-TB
SRR32526390,rrs,EBG00000313325,n.1484G>T,n.1484G>T,non_coding_transcript_exon_variant,streptomycin,Uncertain significance,176,0.4772727272727273,1473329,0,1,MDR-TB
SRR32526421,rrs,EBG00000313325,n.1402C>A,n.1402C>A,non_coding_transcript_exon_variant,amikacin,Uncertain significance,70,0.4,1473247,0,0,RR-TB
SRR32526421,rrs,EBG00000313325,n.1402C>A,n.1402C>A,non_coding_transcript_exon_variant,capreomycin,Uncertain significance,70,0.4,1473247,0,0,RR-TB
SRR32526421,rrs,EBG00000313325,n.1402C>A,n.1402C>A,non_coding_transcript_exon_variant,kanamycin,Uncertain significance,70,0.4,1473247,0,0,RR-TB
SRR32526421,rrs,EBG00000313325,n.1402C>A,n.1402C>A,non_coding_transcript_exon_variant,streptomycin,Uncertain significance,70,0.4,1473247,0,0,RR-TB
SRR32526422,inhA,Rv1484,p.Ile21Thr,c.62T>C,missense_variant,ethionamide,Uncertain significance,205,0.975609756097561,1674263,0,1,MDR-TB
SRR32526422,inhA,Rv1484,p.Ile21Thr,c.62T>C,missense_variant,isoniazid,Uncertain significance,205,0.975609756097561,1674263,0,1,MDR-TB
SRR32526422,inhA,Rv1484,p.Ile21Thr,c.62T>C,missense_variant,prothionamide,Uncertain significance,205,0.975609756097561,1674263,0,1,MDR-TB
SRR32526426,rrs,EBG00000313325,n.1402C>A,n.1402C>A,non_coding_transcript_exon_variant,amikacin,Uncertain significance,314,0.8184713375796179,1473247,0,0,Other
SRR32526426,rrs,EBG00000313325,n.1402C>A,n.1402C>A,non_coding_transcript_exon_variant,capreomycin,Uncertain significance,314,0.8184713375796179,1473247,0,0,Other
SRR32526426,rrs,EBG00000313325,n.1402C>A,n.1402C>A,non_coding_transcript_exon_variant,kanamycin,Uncertain significance,314,0.8184713375796179,1473247,0,0,Other
SRR32526426,rrs,EBG00000313325,n.1402C>A,n.1402C>A,non_coding_transcript_exon_variant,streptomycin,Uncertain significance,314,0.8184713375796179,1473247,0,0,Other
SRR32526426,rrs,EBG00000313325,n.1484G>T,n.1484G>T,non_coding_transcript_exon_variant,streptomycin,Uncertain significance,235,0.7787234042553192,1473329,0,0,Other
SRR32526439,rrs,EBG00000313325,n.517C>T,n.517C>T,non_coding_transcript_exon_variant,kanamycin,Uncertain significance,264,0.9924242424242424,1472362,0,0,Other
SRR32526544,rrs,EBG00000313325,n.878G>A,n.878G>A,non_coding_transcript_exon_variant,amikacin,Uncertain significance,151,0.9668874172185432,1472723,0,0,Other
SRR32526544,rrs,EBG00000313325,n.878G>A,n.878G>A,non_coding_transcript_exon_variant,capreomycin,Uncertain significance,151,0.9668874172185432,1472723,0,0,Other
SRR32526544,rrs,EBG00000313325,n.878G>A,n.878G>A,non_coding_transcript_exon_variant,kanamycin,Uncertain significance,151,0.9668874172185432,1472723,0,0,Other
SRR32526544,rrs,EBG00000313325,n.1402C>A,n.1402C>A,non_coding_transcript_exon_variant,amikacin,Uncertain significance,210,0.2142857142857142,1473247,0,0,Other
SRR32526544,rrs,EBG00000313325,n.1402C>A,n.1402C>A,non_coding_transcript_exon_variant,capreomycin,Uncertain significance,210,0.2142857142857142,1473247,0,0,Other
SRR32526544,rrs,EBG00000313325,n.1402C>A,n.1402C>A,non_coding_transcript_exon_variant,kanamycin,Uncertain significance,210,0.2142857142857142,1473247,0,0,Other
SRR32526544,rrs,EBG00000313325,n.1402C>A,n.1402C>A,non_coding_transcript_exon_variant,streptomycin,Uncertain significance,210,0.2142857142857142,1473247,0,0,Other
SRR32526579,rrs,EBG00000313325,n.1402C>A,n.1402C>A,non_coding_transcript_exon_variant,amikacin,Uncertain significance,231,0.7402597402597403,1473247,0,0,RR-TB
SRR32526579,rrs,EBG00000313325,n.1402C>A,n.1402C>A,non_coding_transcript_exon_variant,capreomycin,Uncertain significance,231,0.7402597402597403,1473247,0,0,RR-TB
SRR32526579,rrs,EBG00000313325,n.1402C>A,n.1402C>A,non_coding_transcript_exon_variant,kanamycin,Uncertain significance,231,0.7402597402597403,1473247,0,0,RR-TB
SRR32526579,rrs,EBG00000313325,n.1402C>A,n.1402C>A,non_coding_transcript_exon_variant,streptomycin,Uncertain significance,231,0.7402597402597403,1473247,0,0,RR-TB
SRR32526583,rrs,EBG00000313325,n.1401A>G,n.1401A>G,non_coding_transcript_exon_variant,streptomycin,Uncertain significance,240,0.375,1473246,0,1,MDR-TB
SRR32526583,rrs,EBG00000313325,n.1402C>A,n.1402C>A,non_coding_transcript_exon_variant,amikacin,Uncertain significance,237,0.3966244725738396,1473247,0,1,MDR-TB
SRR32526583,rrs,EBG00000313325,n.1402C>A,n.1402C>A,non_coding_transcript_exon_variant,capreomycin,Uncertain significance,237,0.3966244725738396,1473247,0,1,MDR-TB
SRR32526583,rrs,EBG00000313325,n.1402C>A,n.1402C>A,non_coding_transcript_exon_variant,kanamycin,Uncertain significance,237,0.3966244725738396,1473247,0,1,MDR-TB
SRR32526583,rrs,EBG00000313325,n.1402C>A,n.1402C>A,non_coding_transcript_exon_variant,streptomycin,Uncertain significance,237,0.3966244725738396,1473247,0,1,MDR-TB
SRR32526583,rrs,EBG00000313325,n.1484G>T,n.1484G>T,non_coding_transcript_exon_variant,streptomycin,Uncertain significance,227,0.6343612334801763,1473329,0,1,MDR-TB
SRR32526585,rrs,EBG00000313325,n.1402C>A,n.1402C>A,non_coding_transcript_exon_variant,amikacin,Uncertain significance,233,0.965665236051502,1473247,0,0,RR-TB
SRR32526585,rrs,EBG00000313325,n.1402C>A,n.1402C>A,non_coding_transcript_exon_variant,capreomycin,Uncertain significance,233,0.965665236051502,1473247,0,0,RR-TB
SRR32526585,rrs,EBG00000313325,n.1402C>A,n.1402C>A,non_coding_transcript_exon_variant,kanamycin,Uncertain significance,233,0.965665236051502,1473247,0,0,RR-TB
SRR32526585,rrs,EBG00000313325,n.1402C>A,n.1402C>A,non_coding_transcript_exon_variant,streptomycin,Uncertain significance,233,0.965665236051502,1473247,0,0,RR-TB
SRR32526585,rrs,EBG00000313325,n.1484G>T,n.1484G>T,non_coding_transcript_exon_variant,streptomycin,Uncertain significance,228,0.9473684210526316,1473329,0,0,RR-TB
SRR32861839,embA,Rv3794,c.-12C>T,c.-12C>T,upstream_gene_variant,ethambutol,Uncertain significance,80,1.0125,4243221,0,1,MDR-TB
SRR32861841,rpsL,Rv0682,p.Lys88Thr,c.263A>C,missense_variant,streptomycin,Uncertain significance,98,0.9693877551020408,781822,0,1,MDR-TB
SRR32861841,gid,Rv3919c,p.Gly69Asp,c.206G>A,missense_variant,streptomycin,Uncertain significance,99,1.0101010101010102,4407997,0,1,MDR-TB
SRR33015695,embA,Rv3794,c.-16C>T,c.-16C>T,upstream_gene_variant,ethambutol,Uncertain significance,191,0.9895287958115184,4243217,0,0,HR-TB
SRR33015695,gid,Rv3919c,p.Gly69Asp,c.206G>A,missense_variant,streptomycin,Uncertain significance,215,1.0,4407997,0,0,HR-TB
SRR33015696,rpsL,Rv0682,p.Lys88Thr,c.263A>C,missense_variant,streptomycin,Uncertain significance,69,1.0,781822,0,1,MDR-TB
SRR33015696,embB,Rv3795,p.Asp1024Asn,c.3070G>A,missense_variant,ethambutol,Uncertain significance,82,1.0,4249583,0,1,MDR-TB
SRR33015696,gid,Rv3919c,p.Gly69Asp,c.206G>A,missense_variant,streptomycin,Uncertain significance,85,1.0,4407997,0,1,MDR-TB
SRR33383892,embA,Rv3794,c.-16C>G,c.-16C>G,upstream_gene_variant,ethambutol,Uncertain significance,96,0.9895833333333334,4243217,0,1,Pre-XDR-TB
SRR33383892,embB,Rv3795,p.Glu405Asp,c.1215G>C,missense_variant,ethambutol,Uncertain significance,91,1.0,4247728,0,1,Pre-XDR-TB
SRR33383893,rrs,EBG00000313325,n.462C>T,n.462C>T,non_coding_transcript_exon_variant,streptomycin,Uncertain significance,69,0.9855072463768116,1472307,0,0,HR-TB
SRR33383893,rrs,EBG00000313325,n.462C>T,n.462C>T,non_coding_transcript_exon_variant,amikacin,Uncertain significance,69,0.9855072463768116,1472307,0,0,HR-TB
SRR33383893,rrs,EBG00000313325,n.462C>T,n.462C>T,non_coding_transcript_exon_variant,capreomycin,Uncertain significance,69,0.9855072463768116,1472307,0,0,HR-TB
SRR33383893,rrs,EBG00000313325,n.462C>T,n.462C>T,non_coding_transcript_exon_variant,kanamycin,Uncertain significance,69,0.9855072463768116,1472307,0,0,HR-TB
SRR33383894,gyrB,Rv0005,p.Arg446His,c.1337G>A,missense_variant,levofloxacin,Uncertain significance,119,1.0,6576,0,1,Pre-XDR-TB
SRR33383894,gyrB,Rv0005,p.Arg446His,c.1337G>A,missense_variant,moxifloxacin,Uncertain significance,119,1.0,6576,0,1,Pre-XDR-TB
SRR33383894,rrs,EBG00000313325,n.1401A>G,n.1401A>G,non_coding_transcript_exon_variant,streptomycin,Uncertain significance,113,1.0,1473246,0,1,Pre-XDR-TB
SRR33383894,embA,Rv3794,c.-16C>G,c.-16C>G,upstream_gene_variant,ethambutol,Uncertain significance,118,1.0084745762711864,4243217,0,1,Pre-XDR-TB
SRR33383894,embB,Rv3795,p.Met306Thr,c.917T>C,missense_variant,ethambutol,Uncertain significance,105,1.0,4247430,0,1,Pre-XDR-TB
SRR33383896,rrs,EBG00000313325,n.1401A>G,n.1401A>G,non_coding_transcript_exon_variant,streptomycin,Uncertain significance,75,1.0,1473246,0,1,Pre-XDR-TB
SRR33383896,ethA,Rv3854c,c.-11A>G,c.-11A>G,upstream_gene_variant,ethionamide,Uncertain significance,76,1.0,4327484,0,1,Pre-XDR-TB
SRR33383896,ethA,Rv3854c,c.-11A>G,c.-11A>G,upstream_gene_variant,prothionamide,Uncertain significance,76,1.0,4327484,0,1,Pre-XDR-TB
SRR33383897,rrs,EBG00000313325,n.1401A>G,n.1401A>G,non_coding_transcript_exon_variant,streptomycin,Uncertain significance,100,1.01,1473246,0,1,Pre-XDR-TB
SRR33383897,ethA,Rv3854c,c.-11A>G,c.-11A>G,upstream_gene_variant,ethionamide,Uncertain significance,94,1.0,4327484,0,1,Pre-XDR-TB
SRR33383897,ethA,Rv3854c,c.-11A>G,c.-11A>G,upstream_gene_variant,prothionamide,Uncertain significance,94,1.0,4327484,0,1,Pre-XDR-TB
SRR33383898,rrs,EBG00000313325,n.1401A>G,n.1401A>G,non_coding_transcript_exon_variant,streptomycin,Uncertain significance,74,1.0,1473246,0,1,Pre-XDR-TB
SRR33383898,ethA,Rv3854c,c.-11A>G,c.-11A>G,upstream_gene_variant,ethionamide,Uncertain significance,78,1.0,4327484,0,1,Pre-XDR-TB
SRR33383898,ethA,Rv3854c,c.-11A>G,c.-11A>G,upstream_gene_variant,prothionamide,Uncertain significance,78,1.0,4327484,0,1,Pre-XDR-TB
SRR33383900,ahpC,Rv2428,c.-52C>T,c.-52C>T,upstream_gene_variant,isoniazid,Uncertain significance,102,1.0,2726141,0,1,MDR-TB
SRR33383900,embB,Rv3795,p.Asp1024Asn,c.3070G>A,missense_variant,ethambutol,Uncertain significance,105,1.0,4249583,0,1,MDR-TB
SRR33383900,ethA,Rv3854c,c.-11A>G,c.-11A>G,upstream_gene_variant,ethionamide,Uncertain significance,109,1.0,4327484,0,1,MDR-TB
SRR33383900,ethA,Rv3854c,c.-11A>G,c.-11A>G,upstream_gene_variant,prothionamide,Uncertain significance,109,1.0,4327484,0,1,MDR-TB
SRR33383901,rrs,EBG00000313325,n.1401A>G,n.1401A>G,non_coding_transcript_exon_variant,streptomycin,Uncertain significance,83,1.0,1473246,0,1,Pre-XDR-TB
SRR33383901,ethA,Rv3854c,c.-11A>G,c.-11A>G,upstream_gene_variant,ethionamide,Uncertain significance,65,1.0,4327484,0,1,Pre-XDR-TB
SRR33383901,ethA,Rv3854c,c.-11A>G,c.-11A>G,upstream_gene_variant,prothionamide,Uncertain significance,65,1.0,4327484,0,1,Pre-XDR-TB
SRR33383902,fbiC,Rv1173,c.1913_1914dupTC,c.1913_1914dupTC,frameshift_variant,clofazimine,Uncertain significance,100,0.97,1304844,0,1,XDR-TB
SRR33383902,embB,Rv3795,p.Phe330Val,c.988T>G,missense_variant,ethambutol,Uncertain significance,88,1.0,4247501,0,1,XDR-TB
SRR33383904,rrs,EBG00000313325,n.878G>A,n.878G>A,non_coding_transcript_exon_variant,amikacin,Uncertain significance,88,1.0113636363636365,1472723,0,1,Pre-XDR-TB
SRR33383904,rrs,EBG00000313325,n.878G>A,n.878G>A,non_coding_transcript_exon_variant,capreomycin,Uncertain significance,88,1.0113636363636365,1472723,0,1,Pre-XDR-TB
SRR33383904,rrs,EBG00000313325,n.878G>A,n.878G>A,non_coding_transcript_exon_variant,kanamycin,Uncertain significance,88,1.0113636363636365,1472723,0,1,Pre-XDR-TB
SRR33383904,embA,Rv3794,c.-16C>G,c.-16C>G,upstream_gene_variant,ethambutol,Uncertain significance,117,1.0,4243217,0,1,Pre-XDR-TB
SRR33383904,ethA,Rv3854c,c.1192_1194dupGTG,c.1192_1194dupGTG,conservative_inframe_insertion,ethionamide,Uncertain significance,103,0.912621359223301,4326279,0,1,Pre-XDR-TB
SRR33383904,ethA,Rv3854c,c.1192_1194dupGTG,c.1192_1194dupGTG,conservative_inframe_insertion,prothionamide,Uncertain significance,103,0.912621359223301,4326279,0,1,Pre-XDR-TB
SRR33383905,rrs,EBG00000313325,n.1401A>G,n.1401A>G,non_coding_transcript_exon_variant,streptomycin,Uncertain significance,92,1.0,1473246,0,1,Pre-XDR-TB
SRR33383905,ethA,Rv3854c,c.-11A>G,c.-11A>G,upstream_gene_variant,ethionamide,Uncertain significance,103,1.0,4327484,0,1,Pre-XDR-TB
SRR33383905,ethA,Rv3854c,c.-11A>G,c.-11A>G,upstream_gene_variant,prothionamide,Uncertain significance,103,1.0,4327484,0,1,Pre-XDR-TB
SRR33383906,rrs,EBG00000313325,n.1401A>G,n.1401A>G,non_coding_transcript_exon_variant,streptomycin,Uncertain significance,83,1.0,1473246,0,1,Pre-XDR-TB
SRR33383906,ethA,Rv3854c,c.-11A>G,c.-11A>G,upstream_gene_variant,ethionamide,Uncertain significance,97,1.0,4327484,0,1,Pre-XDR-TB
SRR33383906,ethA,Rv3854c,c.-11A>G,c.-11A>G,upstream_gene_variant,prothionamide,Uncertain significance,97,1.0,4327484,0,1,Pre-XDR-TB
SRR33383907,rrs,EBG00000313325,n.1401A>G,n.1401A>G,non_coding_transcript_exon_variant,streptomycin,Uncertain significance,74,1.0,1473246,0,1,Pre-XDR-TB
SRR33383907,ethA,Rv3854c,p.Ala381Pro,c.1141G>C,missense_variant,ethionamide,Uncertain significance,83,1.0,4326333,0,1,Pre-XDR-TB
SRR33383907,ethA,Rv3854c,p.Ala381Pro,c.1141G>C,missense_variant,prothionamide,Uncertain significance,83,1.0,4326333,0,1,Pre-XDR-TB
SRR33383907,gid,Rv3919c,p.Leu79Ser,c.236T>C,missense_variant,streptomycin,Uncertain significance,63,1.0,4407967,0,1,Pre-XDR-TB
SRR33383908,ethA,Rv3854c,p.Ala381Pro,c.1141G>C,missense_variant,ethionamide,Uncertain significance,112,1.0,4326333,0,1,MDR-TB
SRR33383908,ethA,Rv3854c,p.Ala381Pro,c.1141G>C,missense_variant,prothionamide,Uncertain significance,112,1.0,4326333,0,1,MDR-TB
SRR33383908,gid,Rv3919c,p.Leu79Ser,c.236T>C,missense_variant,streptomycin,Uncertain significance,97,1.0,4407967,0,1,MDR-TB
SRR33383909,pncA,Rv2043c,p.Thr160Arg,c.479C>G,missense_variant,pyrazinamide,Uncertain significance,66,0.9848484848484848,2288763,0,1,MDR-TB
SRR33383912,rrs,EBG00000313325,n.1401A>G,n.1401A>G,non_coding_transcript_exon_variant,streptomycin,Uncertain significance,148,0.4662162162162162,1473246,0,1,Pre-XDR-TB
SRR33383912,ethA,Rv3854c,c.-11A>G,c.-11A>G,upstream_gene_variant,ethionamide,Uncertain significance,72,1.0,4327484,0,1,Pre-XDR-TB
SRR33383912,ethA,Rv3854c,c.-11A>G,c.-11A>G,upstream_gene_variant,prothionamide,Uncertain significance,72,1.0,4327484,0,1,Pre-XDR-TB
SRR33383913,inhA,Rv1484,p.Ile21Thr,c.62T>C,missense_variant,ethionamide,Uncertain significance,121,1.0,1674263,0,1,Pre-XDR-TB
SRR33383913,inhA,Rv1484,p.Ile21Thr,c.62T>C,missense_variant,isoniazid,Uncertain significance,121,1.0,1674263,0,1,Pre-XDR-TB
SRR33383913,inhA,Rv1484,p.Ile21Thr,c.62T>C,missense_variant,prothionamide,Uncertain significance,121,1.0,1674263,0,1,Pre-XDR-TB
SRR33383914,ahpC,Rv2428,c.-52C>T,c.-52C>T,upstream_gene_variant,isoniazid,Uncertain significance,111,1.0,2726141,0,1,MDR-TB
SRR33383914,embB,Rv3795,p.Asp1024Asn,c.3070G>A,missense_variant,ethambutol,Uncertain significance,109,1.0,4249583,0,1,MDR-TB
SRR33383914,ethA,Rv3854c,c.-11A>G,c.-11A>G,upstream_gene_variant,ethionamide,Uncertain significance,102,1.0,4327484,0,1,MDR-TB
SRR33383914,ethA,Rv3854c,c.-11A>G,c.-11A>G,upstream_gene_variant,prothionamide,Uncertain significance,102,1.0,4327484,0,1,MDR-TB
SRR33383917,rrs,EBG00000313325,n.1401A>G,n.1401A>G,non_coding_transcript_exon_variant,streptomycin,Uncertain significance,80,1.0,1473246,0,1,Pre-XDR-TB
SRR33383917,ethA,Rv3854c,c.-11A>G,c.-11A>G,upstream_gene_variant,ethionamide,Uncertain significance,99,1.0,4327484,0,1,Pre-XDR-TB
SRR33383917,ethA,Rv3854c,c.-11A>G,c.-11A>G,upstream_gene_variant,prothionamide,Uncertain significance,99,1.0,4327484,0,1,Pre-XDR-TB
SRR33383919,rrs,EBG00000313325,n.1401A>G,n.1401A>G,non_coding_transcript_exon_variant,streptomycin,Uncertain significance,137,0.3065693430656934,1473246,0,1,Pre-XDR-TB
SRR33383919,ethA,Rv3854c,c.-11A>G,c.-11A>G,upstream_gene_variant,ethionamide,Uncertain significance,52,1.0,4327484,0,1,Pre-XDR-TB
SRR33383919,ethA,Rv3854c,c.-11A>G,c.-11A>G,upstream_gene_variant,prothionamide,Uncertain significance,52,1.0,4327484,0,1,Pre-XDR-TB
SRR33383920,rrs,EBG00000313325,n.1401A>G,n.1401A>G,non_coding_transcript_exon_variant,streptomycin,Uncertain significance,95,1.0105263157894735,1473246,0,1,Pre-XDR-TB
SRR33383920,ethA,Rv3854c,c.-11A>G,c.-11A>G,upstream_gene_variant,ethionamide,Uncertain significance,56,1.0,4327484,0,1,Pre-XDR-TB
SRR33383920,ethA,Rv3854c,c.-11A>G,c.-11A>G,upstream_gene_variant,prothionamide,Uncertain significance,56,1.0,4327484,0,1,Pre-XDR-TB
SRR33383921,embA,Rv3794,c.-16C>G,c.-16C>G,upstream_gene_variant,ethambutol,Uncertain significance,28,1.0,4243217,0,1,XDR-TB
SRR33383921,ethA,Rv3854c,c.1192_1194dupGTG,c.1192_1194dupGTG,conservative_inframe_insertion,ethionamide,Uncertain significance,45,0.8888888888888888,4326279,0,1,XDR-TB
SRR33383921,ethA,Rv3854c,c.1192_1194dupGTG,c.1192_1194dupGTG,conservative_inframe_insertion,prothionamide,Uncertain significance,45,0.8888888888888888,4326279,0,1,XDR-TB
SRR33383922,rrs,EBG00000313325,n.1401A>G,n.1401A>G,non_coding_transcript_exon_variant,streptomycin,Uncertain significance,69,1.0,1473246,0,1,XDR-TB
SRR33383922,ethA,Rv3854c,c.-11A>G,c.-11A>G,upstream_gene_variant,ethionamide,Uncertain significance,88,1.0113636363636365,4327484,0,1,XDR-TB
SRR33383922,ethA,Rv3854c,c.-11A>G,c.-11A>G,upstream_gene_variant,prothionamide,Uncertain significance,88,1.0113636363636365,4327484,0,1,XDR-TB
SRR33383923,ethA,Rv3854c,c.-11A>G,c.-11A>G,upstream_gene_variant,ethionamide,Uncertain significance,38,0.1842105263157894,4327484,0,1,MDR-TB
SRR33383923,ethA,Rv3854c,c.-11A>G,c.-11A>G,upstream_gene_variant,prothionamide,Uncertain significance,38,0.1842105263157894,4327484,0,1,MDR-TB
SRR33383924,ethA,Rv3854c,c.-11A>G,c.-11A>G,upstream_gene_variant,ethionamide,Uncertain significance,54,1.0,4327484,0,1,Pre-XDR-TB
SRR33383924,ethA,Rv3854c,c.-11A>G,c.-11A>G,upstream_gene_variant,prothionamide,Uncertain significance,54,1.0,4327484,0,1,Pre-XDR-TB
SRR33383925,rrs,EBG00000313325,n.517C>T,n.517C>T,non_coding_transcript_exon_variant,kanamycin,Uncertain significance,232,0.168103448275862,1472362,0,1,XDR-TB
SRR33383925,embA,Rv3794,c.-29_-28delCT,c.-29_-28delCT,upstream_gene_variant,ethambutol,Uncertain significance,30,1.0,4243203,0,1,XDR-TB
SRR33383928,rrs,EBG00000313325,n.1401A>G,n.1401A>G,non_coding_transcript_exon_variant,streptomycin,Uncertain significance,98,1.0,1473246,0,1,Pre-XDR-TB
SRR33383928,ethA,Rv3854c,c.-11A>G,c.-11A>G,upstream_gene_variant,ethionamide,Uncertain significance,79,1.0,4327484,0,1,Pre-XDR-TB
SRR33383928,ethA,Rv3854c,c.-11A>G,c.-11A>G,upstream_gene_variant,prothionamide,Uncertain significance,79,1.0,4327484,0,1,Pre-XDR-TB
SRR33383930,ethA,Rv3854c,p.Ala381Pro,c.1141G>C,missense_variant,ethionamide,Uncertain significance,81,1.0,4326333,0,1,Pre-XDR-TB
SRR33383930,ethA,Rv3854c,p.Ala381Pro,c.1141G>C,missense_variant,prothionamide,Uncertain significance,81,1.0,4326333,0,1,Pre-XDR-TB
SRR33383930,gid,Rv3919c,p.Leu79Ser,c.236T>C,missense_variant,streptomycin,Uncertain significance,66,1.0151515151515151,4407967,0,1,Pre-XDR-TB
SRR33383931,rrs,EBG00000313325,n.1401A>G,n.1401A>G,non_coding_transcript_exon_variant,streptomycin,Uncertain significance,118,1.0,1473246,0,1,Pre-XDR-TB
SRR33383931,ethA,Rv3854c,c.-11A>G,c.-11A>G,upstream_gene_variant,ethionamide,Uncertain significance,61,0.9836065573770492,4327484,0,1,Pre-XDR-TB
SRR33383931,ethA,Rv3854c,c.-11A>G,c.-11A>G,upstream_gene_variant,prothionamide,Uncertain significance,61,0.9836065573770492,4327484,0,1,Pre-XDR-TB
SRR33383932,rrs,EBG00000313325,n.1401A>G,n.1401A>G,non_coding_transcript_exon_variant,streptomycin,Uncertain significance,148,0.1148648648648648,1473246,0,1,MDR-TB
SRR33383932,ethA,Rv3854c,c.-11A>G,c.-11A>G,upstream_gene_variant,ethionamide,Uncertain significance,19,1.0,4327484,0,1,MDR-TB
SRR33383932,ethA,Rv3854c,c.-11A>G,c.-11A>G,upstream_gene_variant,prothionamide,Uncertain significance,19,1.0,4327484,0,1,MDR-TB
SRR33383933,rrs,EBG00000313325,n.462C>T,n.462C>T,non_coding_transcript_exon_variant,streptomycin,Uncertain significance,138,0.8043478260869565,1472307,0,0,HR-TB
SRR33383933,rrs,EBG00000313325,n.462C>T,n.462C>T,non_coding_transcript_exon_variant,amikacin,Uncertain significance,138,0.8043478260869565,1472307,0,0,HR-TB
SRR33383933,rrs,EBG00000313325,n.462C>T,n.462C>T,non_coding_transcript_exon_variant,capreomycin,Uncertain significance,138,0.8043478260869565,1472307,0,0,HR-TB
SRR33383933,rrs,EBG00000313325,n.462C>T,n.462C>T,non_coding_transcript_exon_variant,kanamycin,Uncertain significance,138,0.8043478260869565,1472307,0,0,HR-TB
SRR33383934,rrs,EBG00000313325,n.462C>T,n.462C>T,non_coding_transcript_exon_variant,streptomycin,Uncertain significance,56,1.0,1472307,0,0,HR-TB
SRR33383934,rrs,EBG00000313325,n.462C>T,n.462C>T,non_coding_transcript_exon_variant,amikacin,Uncertain significance,56,1.0,1472307,0,0,HR-TB
SRR33383934,rrs,EBG00000313325,n.462C>T,n.462C>T,non_coding_transcript_exon_variant,capreomycin,Uncertain significance,56,1.0,1472307,0,0,HR-TB
SRR33383934,rrs,EBG00000313325,n.462C>T,n.462C>T,non_coding_transcript_exon_variant,kanamycin,Uncertain significance,56,1.0,1472307,0,0,HR-TB
SRR33383935,rrs,EBG00000313325,n.1401A>G,n.1401A>G,non_coding_transcript_exon_variant,streptomycin,Uncertain significance,113,1.008849557522124,1473246,0,1,Pre-XDR-TB
SRR33383935,ethA,Rv3854c,c.-11A>G,c.-11A>G,upstream_gene_variant,ethionamide,Uncertain significance,67,1.0149253731343284,4327484,0,1,Pre-XDR-TB
SRR33383935,ethA,Rv3854c,c.-11A>G,c.-11A>G,upstream_gene_variant,prothionamide,Uncertain significance,67,1.0149253731343284,4327484,0,1,Pre-XDR-TB
SRR33383936,rrs,EBG00000313325,n.878G>A,n.878G>A,non_coding_transcript_exon_variant,amikacin,Uncertain significance,74,0.8378378378378378,1472723,0,1,Pre-XDR-TB
SRR33383936,rrs,EBG00000313325,n.878G>A,n.878G>A,non_coding_transcript_exon_variant,capreomycin,Uncertain significance,74,0.8378378378378378,1472723,0,1,Pre-XDR-TB
SRR33383936,rrs,EBG00000313325,n.878G>A,n.878G>A,non_coding_transcript_exon_variant,kanamycin,Uncertain significance,74,0.8378378378378378,1472723,0,1,Pre-XDR-TB
SRR33383936,embA,Rv3794,c.-16C>G,c.-16C>G,upstream_gene_variant,ethambutol,Uncertain significance,64,1.0,4243217,0,1,Pre-XDR-TB
SRR33383936,ethA,Rv3854c,c.1192_1194dupGTG,c.1192_1194dupGTG,conservative_inframe_insertion,ethionamide,Uncertain significance,88,0.9545454545454546,4326279,0,1,Pre-XDR-TB
SRR33383936,ethA,Rv3854c,c.1192_1194dupGTG,c.1192_1194dupGTG,conservative_inframe_insertion,prothionamide,Uncertain significance,88,0.9545454545454546,4326279,0,1,Pre-XDR-TB
SRR33383939,rrs,EBG00000313325,n.462C>T,n.462C>T,non_coding_transcript_exon_variant,streptomycin,Uncertain significance,119,0.1764705882352941,1472307,0,1,MDR-TB
SRR33383939,rrs,EBG00000313325,n.462C>T,n.462C>T,non_coding_transcript_exon_variant,amikacin,Uncertain significance,119,0.1764705882352941,1472307,0,1,MDR-TB
SRR33383939,rrs,EBG00000313325,n.462C>T,n.462C>T,non_coding_transcript_exon_variant,capreomycin,Uncertain significance,119,0.1764705882352941,1472307,0,1,MDR-TB
SRR33383939,rrs,EBG00000313325,n.462C>T,n.462C>T,non_coding_transcript_exon_variant,kanamycin,Uncertain significance,119,0.1764705882352941,1472307,0,1,MDR-TB
SRR33383939,rrs,EBG00000313325,n.1401A>G,n.1401A>G,non_coding_transcript_exon_variant,streptomycin,Uncertain significance,138,0.8478260869565217,1473246,0,1,MDR-TB
SRR33383939,ethA,Rv3854c,c.-11A>G,c.-11A>G,upstream_gene_variant,ethionamide,Uncertain significance,109,1.0,4327484,0,1,MDR-TB
SRR33383939,ethA,Rv3854c,c.-11A>G,c.-11A>G,upstream_gene_variant,prothionamide,Uncertain significance,109,1.0,4327484,0,1,MDR-TB
SRR33383940,ethA,Rv3854c,p.Ala381Pro,c.1141G>C,missense_variant,ethionamide,Uncertain significance,72,1.0,4326333,0,1,MDR-TB
SRR33383940,ethA,Rv3854c,p.Ala381Pro,c.1141G>C,missense_variant,prothionamide,Uncertain significance,72,1.0,4326333,0,1,MDR-TB
SRR33383940,gid,Rv3919c,p.Leu79Ser,c.236T>C,missense_variant,streptomycin,Uncertain significance,51,1.0196078431372548,4407967,0,1,MDR-TB
SRR33383943,ethA,Rv3854c,p.Ala381Pro,c.1141G>C,missense_variant,ethionamide,Uncertain significance,117,0.9914529914529916,4326333,0,1,XDR-TB
SRR33383943,ethA,Rv3854c,p.Ala381Pro,c.1141G>C,missense_variant,prothionamide,Uncertain significance,117,0.9914529914529916,4326333,0,1,XDR-TB
SRR33383943,gid,Rv3919c,p.Leu79Ser,c.236T>C,missense_variant,streptomycin,Uncertain significance,138,1.0,4407967,0,1,XDR-TB
SRR33383944,rrs,EBG00000313325,n.462C>T,n.462C>T,non_coding_transcript_exon_variant,streptomycin,Uncertain significance,73,1.0,1472307,0,0,HR-TB
SRR33383944,rrs,EBG00000313325,n.462C>T,n.462C>T,non_coding_transcript_exon_variant,amikacin,Uncertain significance,73,1.0,1472307,0,0,HR-TB
SRR33383944,rrs,EBG00000313325,n.462C>T,n.462C>T,non_coding_transcript_exon_variant,capreomycin,Uncertain significance,73,1.0,1472307,0,0,HR-TB
SRR33383944,rrs,EBG00000313325,n.462C>T,n.462C>T,non_coding_transcript_exon_variant,kanamycin,Uncertain significance,73,1.0,1472307,0,0,HR-TB
SRR33383946,ethA,Rv3854c,p.Ala381Pro,c.1141G>C,missense_variant,ethionamide,Uncertain significance,51,1.0,4326333,0,1,Pre-XDR-TB
SRR33383946,ethA,Rv3854c,p.Ala381Pro,c.1141G>C,missense_variant,prothionamide,Uncertain significance,51,1.0,4326333,0,1,Pre-XDR-TB
SRR33383946,gid,Rv3919c,p.Leu79Ser,c.236T>C,missense_variant,streptomycin,Uncertain significance,51,1.0196078431372548,4407967,0,1,Pre-XDR-TB
SRR33383947,ethA,Rv3854c,c.-11A>G,c.-11A>G,upstream_gene_variant,ethionamide,Uncertain significance,88,1.0,4327484,0,1,XDR-TB
SRR33383947,ethA,Rv3854c,c.-11A>G,c.-11A>G,upstream_gene_variant,prothionamide,Uncertain significance,88,1.0,4327484,0,1,XDR-TB
SRR33383948,rrs,EBG00000313325,n.878G>A,n.878G>A,non_coding_transcript_exon_variant,amikacin,Uncertain significance,74,1.0,1472723,0,1,Pre-XDR-TB
SRR33383948,rrs,EBG00000313325,n.878G>A,n.878G>A,non_coding_transcript_exon_variant,capreomycin,Uncertain significance,74,1.0,1472723,0,1,Pre-XDR-TB
SRR33383948,rrs,EBG00000313325,n.878G>A,n.878G>A,non_coding_transcript_exon_variant,kanamycin,Uncertain significance,74,1.0,1472723,0,1,Pre-XDR-TB
SRR33383948,embA,Rv3794,c.-16C>G,c.-16C>G,upstream_gene_variant,ethambutol,Uncertain significance,101,1.0,4243217,0,1,Pre-XDR-TB
SRR33383948,ethA,Rv3854c,c.1192_1194dupGTG,c.1192_1194dupGTG,conservative_inframe_insertion,ethionamide,Uncertain significance,89,0.8876404494382022,4326279,0,1,Pre-XDR-TB
SRR33383948,ethA,Rv3854c,c.1192_1194dupGTG,c.1192_1194dupGTG,conservative_inframe_insertion,prothionamide,Uncertain significance,89,0.8876404494382022,4326279,0,1,Pre-XDR-TB
SRR33383949,inhA,Rv1484,p.Ile21Thr,c.62T>C,missense_variant,ethionamide,Uncertain significance,110,1.0,1674263,0,1,XDR-TB
SRR33383949,inhA,Rv1484,p.Ile21Thr,c.62T>C,missense_variant,isoniazid,Uncertain significance,110,1.0,1674263,0,1,XDR-TB
SRR33383949,inhA,Rv1484,p.Ile21Thr,c.62T>C,missense_variant,prothionamide,Uncertain significance,110,1.0,1674263,0,1,XDR-TB
SRR33383952,ethA,Rv3854c,p.Ala381Pro,c.1141G>C,missense_variant,ethionamide,Uncertain significance,80,1.0,4326333,0,1,MDR-TB
SRR33383952,ethA,Rv3854c,p.Ala381Pro,c.1141G>C,missense_variant,prothionamide,Uncertain significance,80,1.0,4326333,0,1,MDR-TB
SRR33383952,gid,Rv3919c,p.Leu79Ser,c.236T>C,missense_variant,streptomycin,Uncertain significance,93,1.010752688172043,4407967,0,1,MDR-TB
SRR33383953,rrs,EBG00000313325,n.878G>A,n.878G>A,non_coding_transcript_exon_variant,amikacin,Uncertain significance,58,1.0,1472723,0,1,Pre-XDR-TB
SRR33383953,rrs,EBG00000313325,n.878G>A,n.878G>A,non_coding_transcript_exon_variant,capreomycin,Uncertain significance,58,1.0,1472723,0,1,Pre-XDR-TB
SRR33383953,rrs,EBG00000313325,n.878G>A,n.878G>A,non_coding_transcript_exon_variant,kanamycin,Uncertain significance,58,1.0,1472723,0,1,Pre-XDR-TB
SRR33383953,embA,Rv3794,c.-16C>G,c.-16C>G,upstream_gene_variant,ethambutol,Uncertain significance,114,1.0,4243217,0,1,Pre-XDR-TB
SRR33383953,ethA,Rv3854c,c.1192_1194dupGTG,c.1192_1194dupGTG,conservative_inframe_insertion,ethionamide,Uncertain significance,77,0.8051948051948052,4326279,0,1,Pre-XDR-TB
SRR33383953,ethA,Rv3854c,c.1192_1194dupGTG,c.1192_1194dupGTG,conservative_inframe_insertion,prothionamide,Uncertain significance,77,0.8051948051948052,4326279,0,1,Pre-XDR-TB
SRR33383954,rrs,EBG00000313325,n.1401A>G,n.1401A>G,non_coding_transcript_exon_variant,streptomycin,Uncertain significance,86,1.0,1473246,0,1,Pre-XDR-TB
SRR33383954,ethA,Rv3854c,c.-11A>G,c.-11A>G,upstream_gene_variant,ethionamide,Uncertain significance,87,1.0,4327484,0,1,Pre-XDR-TB
SRR33383954,ethA,Rv3854c,c.-11A>G,c.-11A>G,upstream_gene_variant,prothionamide,Uncertain significance,87,1.0,4327484,0,1,Pre-XDR-TB
SRR33383955,rrs,EBG00000313325,n.1401A>G,n.1401A>G,non_coding_transcript_exon_variant,streptomycin,Uncertain significance,56,1.0,1473246,0,1,Pre-XDR-TB
SRR33383955,ethA,Rv3854c,c.-11A>G,c.-11A>G,upstream_gene_variant,ethionamide,Uncertain significance,126,1.007936507936508,4327484,0,1,Pre-XDR-TB
SRR33383955,ethA,Rv3854c,c.-11A>G,c.-11A>G,upstream_gene_variant,prothionamide,Uncertain significance,126,1.007936507936508,4327484,0,1,Pre-XDR-TB
SRR33383956,rrs,EBG00000313325,n.1401A>G,n.1401A>G,non_coding_transcript_exon_variant,streptomycin,Uncertain significance,135,1.0074074074074073,1473246,0,1,Pre-XDR-TB
SRR33383956,ethA,Rv3854c,p.Ala381Pro,c.1141G>C,missense_variant,ethionamide,Uncertain significance,154,1.0,4326333,0,1,Pre-XDR-TB
SRR33383956,ethA,Rv3854c,p.Ala381Pro,c.1141G>C,missense_variant,prothionamide,Uncertain significance,154,1.0,4326333,0,1,Pre-XDR-TB
SRR33383956,gid,Rv3919c,p.Leu79Ser,c.236T>C,missense_variant,streptomycin,Uncertain significance,130,1.015384615384615,4407967,0,1,Pre-XDR-TB
SRR33383957,rrs,EBG00000313325,n.1401A>G,n.1401A>G,non_coding_transcript_exon_variant,streptomycin,Uncertain significance,138,0.9927536231884058,1473246,0,1,Pre-XDR-TB
SRR33383957,ethA,Rv3854c,c.-11A>G,c.-11A>G,upstream_gene_variant,ethionamide,Uncertain significance,96,1.0,4327484,0,1,Pre-XDR-TB
SRR33383957,ethA,Rv3854c,c.-11A>G,c.-11A>G,upstream_gene_variant,prothionamide,Uncertain significance,96,1.0,4327484,0,1,Pre-XDR-TB
SRR33383958,rrs,EBG00000313325,n.1401A>G,n.1401A>G,non_coding_transcript_exon_variant,streptomycin,Uncertain significance,72,1.0,1473246,0,1,Pre-XDR-TB
SRR33383958,ethA,Rv3854c,c.-11A>G,c.-11A>G,upstream_gene_variant,ethionamide,Uncertain significance,96,1.0,4327484,0,1,Pre-XDR-TB
SRR33383958,ethA,Rv3854c,c.-11A>G,c.-11A>G,upstream_gene_variant,prothionamide,Uncertain significance,96,1.0,4327484,0,1,Pre-XDR-TB
SRR33383960,ethA,Rv3854c,c.-11A>G,c.-11A>G,upstream_gene_variant,ethionamide,Uncertain significance,107,1.0,4327484,0,1,XDR-TB
SRR33383960,ethA,Rv3854c,c.-11A>G,c.-11A>G,upstream_gene_variant,prothionamide,Uncertain significance,107,1.0,4327484,0,1,XDR-TB
SRR33383961,pncA,Rv2043c,p.Val125Asp,c.374T>A,missense_variant,pyrazinamide,Uncertain significance,51,1.0,2288868,0,1,Pre-XDR-TB
SRR33383961,embA,Rv3794,c.-16C>T,c.-16C>T,upstream_gene_variant,ethambutol,Uncertain significance,54,1.0185185185185186,4243217,0,1,Pre-XDR-TB
SRR33383962,ethA,Rv3854c,p.Ala381Pro,c.1141G>C,missense_variant,ethionamide,Uncertain significance,87,1.0,4326333,0,1,Pre-XDR-TB
SRR33383962,ethA,Rv3854c,p.Ala381Pro,c.1141G>C,missense_variant,prothionamide,Uncertain significance,87,1.0,4326333,0,1,Pre-XDR-TB
SRR33383962,gid,Rv3919c,p.Leu79Ser,c.236T>C,missense_variant,streptomycin,Uncertain significance,93,1.021505376344086,4407967,0,1,Pre-XDR-TB
SRR33383963,ethA,Rv3854c,p.Ala381Pro,c.1141G>C,missense_variant,ethionamide,Uncertain significance,88,1.0,4326333,0,1,XDR-TB
SRR33383963,ethA,Rv3854c,p.Ala381Pro,c.1141G>C,missense_variant,prothionamide,Uncertain significance,88,1.0,4326333,0,1,XDR-TB
SRR33383963,gid,Rv3919c,p.Leu79Ser,c.236T>C,missense_variant,streptomycin,Uncertain significance,75,1.0266666666666666,4407967,0,1,XDR-TB
SRR33383964,rrs,EBG00000313325,n.1401A>G,n.1401A>G,non_coding_transcript_exon_variant,streptomycin,Uncertain significance,91,1.0,1473246,0,1,Pre-XDR-TB
SRR33383964,ethA,Rv3854c,c.-11A>G,c.-11A>G,upstream_gene_variant,ethionamide,Uncertain significance,103,0.9902912621359224,4327484,0,1,Pre-XDR-TB
SRR33383964,ethA,Rv3854c,c.-11A>G,c.-11A>G,upstream_gene_variant,prothionamide,Uncertain significance,103,0.9902912621359224,4327484,0,1,Pre-XDR-TB
SRR33383965,rrs,EBG00000313325,n.1401A>G,n.1401A>G,non_coding_transcript_exon_variant,streptomycin,Uncertain significance,73,1.0,1473246,0,1,Pre-XDR-TB
SRR33383965,ethA,Rv3854c,c.-11A>G,c.-11A>G,upstream_gene_variant,ethionamide,Uncertain significance,83,1.0,4327484,0,1,Pre-XDR-TB
SRR33383965,ethA,Rv3854c,c.-11A>G,c.-11A>G,upstream_gene_variant,prothionamide,Uncertain significance,83,1.0,4327484,0,1,Pre-XDR-TB
SRR33383966,rrs,EBG00000313325,n.1401A>G,n.1401A>G,non_coding_transcript_exon_variant,streptomycin,Uncertain significance,87,1.0,1473246,0,1,XDR-TB
SRR33383966,ethA,Rv3854c,c.-11A>G,c.-11A>G,upstream_gene_variant,ethionamide,Uncertain significance,115,1.008695652173913,4327484,0,1,XDR-TB
SRR33383966,ethA,Rv3854c,c.-11A>G,c.-11A>G,upstream_gene_variant,prothionamide,Uncertain significance,115,1.008695652173913,4327484,0,1,XDR-TB
SRR33383967,rrs,EBG00000313325,n.1401A>G,n.1401A>G,non_coding_transcript_exon_variant,streptomycin,Uncertain significance,88,1.0,1473246,0,1,XDR-TB
SRR33383967,ethA,Rv3854c,c.-11A>G,c.-11A>G,upstream_gene_variant,ethionamide,Uncertain significance,138,1.0,4327484,0,1,XDR-TB
SRR33383967,ethA,Rv3854c,c.-11A>G,c.-11A>G,upstream_gene_variant,prothionamide,Uncertain significance,138,1.0,4327484,0,1,XDR-TB
SRR33383968,rrs,EBG00000313325,n.517C>T,n.517C>T,non_coding_transcript_exon_variant,kanamycin,Uncertain significance,65,1.0,1472362,0,1,Pre-XDR-TB
SRR33383968,embA,Rv3794,c.-29_-28delCT,c.-29_-28delCT,upstream_gene_variant,ethambutol,Uncertain significance,141,0.900709219858156,4243203,0,1,Pre-XDR-TB
SRR33383969,ethA,Rv3854c,p.Ala381Pro,c.1141G>C,missense_variant,ethionamide,Uncertain significance,85,1.0,4326333,0,1,Pre-XDR-TB
SRR33383969,ethA,Rv3854c,p.Ala381Pro,c.1141G>C,missense_variant,prothionamide,Uncertain significance,85,1.0,4326333,0,1,Pre-XDR-TB
SRR33383969,gid,Rv3919c,p.Leu79Ser,c.236T>C,missense_variant,streptomycin,Uncertain significance,88,1.0113636363636365,4407967,0,1,Pre-XDR-TB
SRR33383970,inhA,Rv1484,p.Ile194Thr,c.581T>C,missense_variant,ethionamide,Uncertain significance,128,1.0,1674782,0,1,Pre-XDR-TB
SRR33383970,inhA,Rv1484,p.Ile194Thr,c.581T>C,missense_variant,isoniazid,Uncertain significance,128,1.0,1674782,0,1,Pre-XDR-TB
SRR33383970,inhA,Rv1484,p.Ile194Thr,c.581T>C,missense_variant,prothionamide,Uncertain significance,128,1.0,1674782,0,1,Pre-XDR-TB
SRR33383974,ahpC,Rv2428,c.-57C>T,c.-57C>T,upstream_gene_variant,isoniazid,Uncertain significance,108,1.0,2726136,0,1,MDR-TB
SRR33383976,rrs,EBG00000313325,n.1401A>G,n.1401A>G,non_coding_transcript_exon_variant,streptomycin,Uncertain significance,94,1.0106382978723405,1473246,0,1,Pre-XDR-TB
SRR33383976,ethA,Rv3854c,c.-11A>G,c.-11A>G,upstream_gene_variant,ethionamide,Uncertain significance,110,1.0,4327484,0,1,Pre-XDR-TB
SRR33383976,ethA,Rv3854c,c.-11A>G,c.-11A>G,upstream_gene_variant,prothionamide,Uncertain significance,110,1.0,4327484,0,1,Pre-XDR-TB
SRR33383978,rrs,EBG00000313325,n.1401A>G,n.1401A>G,non_coding_transcript_exon_variant,streptomycin,Uncertain significance,55,1.0,1473246,0,1,XDR-TB
SRR33383978,ethA,Rv3854c,p.Ala381Pro,c.1141G>C,missense_variant,ethionamide,Uncertain significance,77,1.0129870129870129,4326333,0,1,XDR-TB
SRR33383978,ethA,Rv3854c,p.Ala381Pro,c.1141G>C,missense_variant,prothionamide,Uncertain significance,77,1.0129870129870129,4326333,0,1,XDR-TB
SRR33383978,gid,Rv3919c,p.Leu79Ser,c.236T>C,missense_variant,streptomycin,Uncertain significance,72,1.0277777777777777,4407967,0,1,XDR-TB
SRR33383979,ethA,Rv3854c,p.Ala381Pro,c.1141G>C,missense_variant,ethionamide,Uncertain significance,108,1.0,4326333,0,1,Pre-XDR-TB
SRR33383979,ethA,Rv3854c,p.Ala381Pro,c.1141G>C,missense_variant,prothionamide,Uncertain significance,108,1.0,4326333,0,1,Pre-XDR-TB
SRR33383979,gid,Rv3919c,p.Leu79Ser,c.236T>C,missense_variant,streptomycin,Uncertain significance,86,1.0348837209302326,4407967,0,1,Pre-XDR-TB
SRR33383980,rrs,EBG00000313325,n.1401A>G,n.1401A>G,non_coding_transcript_exon_variant,streptomycin,Uncertain significance,124,1.0080645161290325,1473246,0,1,XDR-TB
SRR33383980,ethA,Rv3854c,p.Ala381Pro,c.1141G>C,missense_variant,ethionamide,Uncertain significance,131,1.0,4326333,0,1,XDR-TB
SRR33383980,ethA,Rv3854c,p.Ala381Pro,c.1141G>C,missense_variant,prothionamide,Uncertain significance,131,1.0,4326333,0,1,XDR-TB
SRR33383980,gid,Rv3919c,p.Leu79Ser,c.236T>C,missense_variant,streptomycin,Uncertain significance,108,1.0277777777777777,4407967,0,1,XDR-TB
SRR33383981,rrs,EBG00000313325,n.878G>A,n.878G>A,non_coding_transcript_exon_variant,amikacin,Uncertain significance,129,1.0,1472723,0,1,MDR-TB
SRR33383981,rrs,EBG00000313325,n.878G>A,n.878G>A,non_coding_transcript_exon_variant,capreomycin,Uncertain significance,129,1.0,1472723,0,1,MDR-TB
SRR33383981,rrs,EBG00000313325,n.878G>A,n.878G>A,non_coding_transcript_exon_variant,kanamycin,Uncertain significance,129,1.0,1472723,0,1,MDR-TB
SRR33383981,embA,Rv3794,c.-16C>G,c.-16C>G,upstream_gene_variant,ethambutol,Uncertain significance,130,1.0,4243217,0,1,MDR-TB
SRR33383981,ethA,Rv3854c,c.1192_1194dupGTG,c.1192_1194dupGTG,conservative_inframe_insertion,ethionamide,Uncertain significance,131,0.8854961832061069,4326279,0,1,MDR-TB
SRR33383981,ethA,Rv3854c,c.1192_1194dupGTG,c.1192_1194dupGTG,conservative_inframe_insertion,prothionamide,Uncertain significance,131,0.8854961832061069,4326279,0,1,MDR-TB
SRR33383982,rrs,EBG00000313325,n.1401A>G,n.1401A>G,non_coding_transcript_exon_variant,streptomycin,Uncertain significance,147,1.0068027210884354,1473246,0,1,Pre-XDR-TB
SRR33383982,ethA,Rv3854c,c.-11A>G,c.-11A>G,upstream_gene_variant,ethionamide,Uncertain significance,157,1.0063694267515924,4327484,0,1,Pre-XDR-TB
SRR33383982,ethA,Rv3854c,c.-11A>G,c.-11A>G,upstream_gene_variant,prothionamide,Uncertain significance,157,1.0063694267515924,4327484,0,1,Pre-XDR-TB
SRR33383984,ethA,Rv3854c,c.-11A>G,c.-11A>G,upstream_gene_variant,ethionamide,Uncertain significance,128,1.0078125,4327484,0,1,Pre-XDR-TB
SRR33383984,ethA,Rv3854c,c.-11A>G,c.-11A>G,upstream_gene_variant,prothionamide,Uncertain significance,128,1.0078125,4327484,0,1,Pre-XDR-TB
SRR33383987,inhA,Rv1484,p.Ile194Thr,c.581T>C,missense_variant,ethionamide,Uncertain significance,127,1.0078740157480317,1674782,0,1,Pre-XDR-TB
SRR33383987,inhA,Rv1484,p.Ile194Thr,c.581T>C,missense_variant,isoniazid,Uncertain significance,127,1.0078740157480317,1674782,0,1,Pre-XDR-TB
SRR33383987,inhA,Rv1484,p.Ile194Thr,c.581T>C,missense_variant,prothionamide,Uncertain significance,127,1.0078740157480317,1674782,0,1,Pre-XDR-TB
SRR33383988,rrs,EBG00000313325,n.878G>A,n.878G>A,non_coding_transcript_exon_variant,amikacin,Uncertain significance,110,1.0,1472723,0,1,MDR-TB
SRR33383988,rrs,EBG00000313325,n.878G>A,n.878G>A,non_coding_transcript_exon_variant,capreomycin,Uncertain significance,110,1.0,1472723,0,1,MDR-TB
SRR33383988,rrs,EBG00000313325,n.878G>A,n.878G>A,non_coding_transcript_exon_variant,kanamycin,Uncertain significance,110,1.0,1472723,0,1,MDR-TB
SRR33383988,embA,Rv3794,c.-16C>G,c.-16C>G,upstream_gene_variant,ethambutol,Uncertain significance,126,1.0,4243217,0,1,MDR-TB
SRR33383988,ethA,Rv3854c,c.1192_1194dupGTG,c.1192_1194dupGTG,conservative_inframe_insertion,ethionamide,Uncertain significance,120,0.9333333333333332,4326279,0,1,MDR-TB
SRR33383988,ethA,Rv3854c,c.1192_1194dupGTG,c.1192_1194dupGTG,conservative_inframe_insertion,prothionamide,Uncertain significance,120,0.9333333333333332,4326279,0,1,MDR-TB
SRR33383991,rrs,EBG00000313325,n.462C>T,n.462C>T,non_coding_transcript_exon_variant,streptomycin,Uncertain significance,82,1.0,1472307,0,0,HR-TB
SRR33383991,rrs,EBG00000313325,n.462C>T,n.462C>T,non_coding_transcript_exon_variant,amikacin,Uncertain significance,82,1.0,1472307,0,0,HR-TB
SRR33383991,rrs,EBG00000313325,n.462C>T,n.462C>T,non_coding_transcript_exon_variant,capreomycin,Uncertain significance,82,1.0,1472307,0,0,HR-TB
SRR33383991,rrs,EBG00000313325,n.462C>T,n.462C>T,non_coding_transcript_exon_variant,kanamycin,Uncertain significance,82,1.0,1472307,0,0,HR-TB
SRR33383992,rrs,EBG00000313325,n.1401A>G,n.1401A>G,non_coding_transcript_exon_variant,streptomycin,Uncertain significance,129,1.0,1473246,0,1,Pre-XDR-TB
SRR33383992,ethA,Rv3854c,c.-11A>G,c.-11A>G,upstream_gene_variant,ethionamide,Uncertain significance,96,1.0,4327484,0,1,Pre-XDR-TB
SRR33383992,ethA,Rv3854c,c.-11A>G,c.-11A>G,upstream_gene_variant,prothionamide,Uncertain significance,96,1.0,4327484,0,1,Pre-XDR-TB
SRR33383993,rrs,EBG00000313325,n.462C>T,n.462C>T,non_coding_transcript_exon_variant,streptomycin,Uncertain significance,58,1.0,1472307,0,0,Other
SRR33383993,rrs,EBG00000313325,n.462C>T,n.462C>T,non_coding_transcript_exon_variant,amikacin,Uncertain significance,58,1.0,1472307,0,0,Other
SRR33383993,rrs,EBG00000313325,n.462C>T,n.462C>T,non_coding_transcript_exon_variant,capreomycin,Uncertain significance,58,1.0,1472307,0,0,Other
SRR33383993,rrs,EBG00000313325,n.462C>T,n.462C>T,non_coding_transcript_exon_variant,kanamycin,Uncertain significance,58,1.0,1472307,0,0,Other
SRR33383994,rrs,EBG00000313325,n.1401A>G,n.1401A>G,non_coding_transcript_exon_variant,streptomycin,Uncertain significance,105,1.0,1473246,0,1,Pre-XDR-TB
SRR33383994,ethA,Rv3854c,c.-11A>G,c.-11A>G,upstream_gene_variant,ethionamide,Uncertain significance,115,1.008695652173913,4327484,0,1,Pre-XDR-TB
SRR33383994,ethA,Rv3854c,c.-11A>G,c.-11A>G,upstream_gene_variant,prothionamide,Uncertain significance,115,1.008695652173913,4327484,0,1,Pre-XDR-TB
SRR33383996,rpoB,Rv0667,p.Ser493Leu,c.1478C>T,missense_variant,rifampicin,Uncertain significance,91,1.010989010989011,761284,0,1,Pre-XDR-TB
SRR33383996,rpoB,Rv0667,p.Ser493Leu,c.1478C>T,missense_variant,rifapentine,Uncertain significance,91,1.010989010989011,761284,0,1,Pre-XDR-TB
SRR33383996,embA,Rv3794,c.-12C>T,c.-12C>T,upstream_gene_variant,ethambutol,Uncertain significance,97,0.3195876288659793,4243221,0,1,Pre-XDR-TB
SRR33383996,ethA,Rv3854c,c.-11A>G,c.-11A>G,upstream_gene_variant,ethionamide,Uncertain significance,85,1.011764705882353,4327484,0,1,Pre-XDR-TB
SRR33383996,ethA,Rv3854c,c.-11A>G,c.-11A>G,upstream_gene_variant,prothionamide,Uncertain significance,85,1.011764705882353,4327484,0,1,Pre-XDR-TB
SRR33383997,ethA,Rv3854c,c.-11A>G,c.-11A>G,upstream_gene_variant,ethionamide,Uncertain significance,97,1.0,4327484,0,1,Pre-XDR-TB
SRR33383997,ethA,Rv3854c,c.-11A>G,c.-11A>G,upstream_gene_variant,prothionamide,Uncertain significance,97,1.0,4327484,0,1,Pre-XDR-TB
SRR33383998,rrs,EBG00000313325,n.462C>T,n.462C>T,non_coding_transcript_exon_variant,streptomycin,Uncertain significance,59,0.9830508474576272,1472307,0,0,HR-TB
SRR33383998,rrs,EBG00000313325,n.462C>T,n.462C>T,non_coding_transcript_exon_variant,amikacin,Uncertain significance,59,0.9830508474576272,1472307,0,0,HR-TB
SRR33383998,rrs,EBG00000313325,n.462C>T,n.462C>T,non_coding_transcript_exon_variant,capreomycin,Uncertain significance,59,0.9830508474576272,1472307,0,0,HR-TB
SRR33383998,rrs,EBG00000313325,n.462C>T,n.462C>T,non_coding_transcript_exon_variant,kanamycin,Uncertain significance,59,0.9830508474576272,1472307,0,0,HR-TB
SRR33383998,katG,Rv1908c,p.Ala379Val,c.1136C>T,missense_variant,isoniazid,Uncertain significance,18,0.9444444444444444,2154976,0,0,HR-TB
SRR33383999,embA,Rv3794,c.-16C>G,c.-16C>G,upstream_gene_variant,ethambutol,Uncertain significance,89,1.0,4243217,0,1,Pre-XDR-TB
SRR33383999,embB,Rv3795,p.Glu405Asp,c.1215G>C,missense_variant,ethambutol,Uncertain significance,97,1.0,4247728,0,1,Pre-XDR-TB
SRR33384000,rrs,EBG00000313325,n.1401A>G,n.1401A>G,non_coding_transcript_exon_variant,streptomycin,Uncertain significance,86,1.0,1473246,0,1,XDR-TB
SRR33384000,ethA,Rv3854c,c.-11A>G,c.-11A>G,upstream_gene_variant,ethionamide,Uncertain significance,94,1.0,4327484,0,1,XDR-TB
SRR33384000,ethA,Rv3854c,c.-11A>G,c.-11A>G,upstream_gene_variant,prothionamide,Uncertain significance,94,1.0,4327484,0,1,XDR-TB
SRR33384001,katG,Rv1908c,p.Phe252Leu,c.754T>C,missense_variant,isoniazid,Uncertain significance,74,1.0,2155358,0,1,Pre-XDR-TB
SRR33384002,rrs,EBG00000313325,n.1401A>G,n.1401A>G,non_coding_transcript_exon_variant,streptomycin,Uncertain significance,67,1.0,1473246,0,1,Pre-XDR-TB
SRR33384002,ethA,Rv3854c,p.Ala381Pro,c.1141G>C,missense_variant,ethionamide,Uncertain significance,95,1.0,4326333,0,1,Pre-XDR-TB
SRR33384002,ethA,Rv3854c,p.Ala381Pro,c.1141G>C,missense_variant,prothionamide,Uncertain significance,95,1.0,4326333,0,1,Pre-XDR-TB
SRR33384002,gid,Rv3919c,p.Leu79Ser,c.236T>C,missense_variant,streptomycin,Uncertain significance,76,1.0263157894736843,4407967,0,1,Pre-XDR-TB
SRR33384003,rrs,EBG00000313325,n.1401A>G,n.1401A>G,non_coding_transcript_exon_variant,streptomycin,Uncertain significance,104,1.0,1473246,0,1,MDR-TB
SRR33384004,embB,Rv3795,p.Asp1024Asn,c.3070G>A,missense_variant,ethambutol,Uncertain significance,72,1.0,4249583,0,1,MDR-TB
SRR33384006,rrs,EBG00000313325,n.1401A>G,n.1401A>G,non_coding_transcript_exon_variant,streptomycin,Uncertain significance,69,1.0,1473246,0,1,Pre-XDR-TB
SRR33384006,ethA,Rv3854c,p.Ala381Pro,c.1141G>C,missense_variant,ethionamide,Uncertain significance,65,1.0,4326333,0,1,Pre-XDR-TB
SRR33384006,ethA,Rv3854c,p.Ala381Pro,c.1141G>C,missense_variant,prothionamide,Uncertain significance,65,1.0,4326333,0,1,Pre-XDR-TB
SRR33384006,gid,Rv3919c,p.Leu79Ser,c.236T>C,missense_variant,streptomycin,Uncertain significance,79,0.9873417721518988,4407967,0,1,Pre-XDR-TB
SRR33384008,rrs,EBG00000313325,n.1401A>G,n.1401A>G,non_coding_transcript_exon_variant,streptomycin,Uncertain significance,119,1.0084033613445378,1473246,0,1,Pre-XDR-TB
SRR33384008,ethA,Rv3854c,c.-11A>G,c.-11A>G,upstream_gene_variant,ethionamide,Uncertain significance,86,1.0,4327484,0,1,Pre-XDR-TB
SRR33384008,ethA,Rv3854c,c.-11A>G,c.-11A>G,upstream_gene_variant,prothionamide,Uncertain significance,86,1.0,4327484,0,1,Pre-XDR-TB
SRR33384009,rrs,EBG00000313325,n.1401A>G,n.1401A>G,non_coding_transcript_exon_variant,streptomycin,Uncertain significance,83,1.0,1473246,0,1,MDR-TB
SRR33384009,ethA,Rv3854c,c.-11A>G,c.-11A>G,upstream_gene_variant,ethionamide,Uncertain significance,102,1.0,4327484,0,1,MDR-TB
SRR33384009,ethA,Rv3854c,c.-11A>G,c.-11A>G,upstream_gene_variant,prothionamide,Uncertain significance,102,1.0,4327484,0,1,MDR-TB
SRR33384010,rrs,EBG00000313325,n.1401A>G,n.1401A>G,non_coding_transcript_exon_variant,streptomycin,Uncertain significance,89,1.0,1473246,0,1,Pre-XDR-TB
SRR33384010,ethA,Rv3854c,c.-11A>G,c.-11A>G,upstream_gene_variant,ethionamide,Uncertain significance,77,1.025974025974026,4327484,0,1,Pre-XDR-TB
SRR33384010,ethA,Rv3854c,c.-11A>G,c.-11A>G,upstream_gene_variant,prothionamide,Uncertain significance,77,1.025974025974026,4327484,0,1,Pre-XDR-TB
SRR33384011,rrs,EBG00000313325,n.1401A>G,n.1401A>G,non_coding_transcript_exon_variant,streptomycin,Uncertain significance,72,1.0,1473246,0,1,XDR-TB
SRR33384011,ethA,Rv3854c,c.-11A>G,c.-11A>G,upstream_gene_variant,ethionamide,Uncertain significance,90,1.0,4327484,0,1,XDR-TB
SRR33384011,ethA,Rv3854c,c.-11A>G,c.-11A>G,upstream_gene_variant,prothionamide,Uncertain significance,90,1.0,4327484,0,1,XDR-TB
SRR33384013,rrs,EBG00000313325,n.1401A>G,n.1401A>G,non_coding_transcript_exon_variant,streptomycin,Uncertain significance,149,1.0,1473246,0,1,Pre-XDR-TB
SRR33384013,ethA,Rv3854c,p.Ala381Pro,c.1141G>C,missense_variant,ethionamide,Uncertain significance,160,1.0,4326333,0,1,Pre-XDR-TB
SRR33384013,ethA,Rv3854c,p.Ala381Pro,c.1141G>C,missense_variant,prothionamide,Uncertain significance,160,1.0,4326333,0,1,Pre-XDR-TB
SRR33384013,gid,Rv3919c,p.Leu79Ser,c.236T>C,missense_variant,streptomycin,Uncertain significance,118,1.0,4407967,0,1,Pre-XDR-TB
SRR33384014,rrs,EBG00000313325,n.1401A>G,n.1401A>G,non_coding_transcript_exon_variant,streptomycin,Uncertain significance,112,1.0089285714285714,1473246,0,1,Pre-XDR-TB
SRR33384014,ethA,Rv3854c,c.-11A>G,c.-11A>G,upstream_gene_variant,ethionamide,Uncertain significance,92,1.0,4327484,0,1,Pre-XDR-TB
SRR33384014,ethA,Rv3854c,c.-11A>G,c.-11A>G,upstream_gene_variant,prothionamide,Uncertain significance,92,1.0,4327484,0,1,Pre-XDR-TB
SRR33384015,rpoB,Rv0667,p.Ile480Val,c.1438A>G,missense_variant,rifampicin,Uncertain significance,70,0.8571428571428571,761244,0,1,Pre-XDR-TB
SRR33384015,rpoB,Rv0667,p.Ile480Val,c.1438A>G,missense_variant,rifapentine,Uncertain significance,70,0.8571428571428571,761244,0,1,Pre-XDR-TB
SRR33384016,rrs,EBG00000313325,n.1401A>G,n.1401A>G,non_coding_transcript_exon_variant,streptomycin,Uncertain significance,122,1.0,1473246,0,1,Pre-XDR-TB
SRR33384016,ethA,Rv3854c,c.-11A>G,c.-11A>G,upstream_gene_variant,ethionamide,Uncertain significance,179,1.0,4327484,0,1,Pre-XDR-TB
SRR33384016,ethA,Rv3854c,c.-11A>G,c.-11A>G,upstream_gene_variant,prothionamide,Uncertain significance,179,1.0,4327484,0,1,Pre-XDR-TB
SRR33384017,rrs,EBG00000313325,n.1401A>G,n.1401A>G,non_coding_transcript_exon_variant,streptomycin,Uncertain significance,181,1.0,1473246,0,1,Pre-XDR-TB
SRR33384017,ethA,Rv3854c,c.-11A>G,c.-11A>G,upstream_gene_variant,ethionamide,Uncertain significance,171,1.0,4327484,0,1,Pre-XDR-TB
SRR33384017,ethA,Rv3854c,c.-11A>G,c.-11A>G,upstream_gene_variant,prothionamide,Uncertain significance,171,1.0,4327484,0,1,Pre-XDR-TB
SRR33384018,ethA,Rv3854c,p.Thr342Lys,c.1025C>A,missense_variant,ethionamide,Uncertain significance,195,0.9846153846153848,4326449,0,1,Pre-XDR-TB
SRR33384018,ethA,Rv3854c,p.Thr342Lys,c.1025C>A,missense_variant,prothionamide,Uncertain significance,195,0.9846153846153848,4326449,0,1,Pre-XDR-TB
SRR33384020,rrs,EBG00000313325,n.1401A>G,n.1401A>G,non_coding_transcript_exon_variant,streptomycin,Uncertain significance,84,1.0,1473246,0,1,Pre-XDR-TB
SRR33384020,ethA,Rv3854c,c.-11A>G,c.-11A>G,upstream_gene_variant,ethionamide,Uncertain significance,80,1.0,4327484,0,1,Pre-XDR-TB
SRR33384020,ethA,Rv3854c,c.-11A>G,c.-11A>G,upstream_gene_variant,prothionamide,Uncertain significance,80,1.0,4327484,0,1,Pre-XDR-TB
SRR33384021,rpoB,Rv0667,p.Phe424Leu,c.1272C>G,missense_variant,rifampicin,Uncertain significance,196,1.0,761078,0,1,MDR-TB
SRR33384021,rpoB,Rv0667,p.Phe424Leu,c.1272C>G,missense_variant,rifapentine,Uncertain significance,196,1.0,761078,0,1,MDR-TB
SRR33384021,ethA,Rv3854c,c.-11A>G,c.-11A>G,upstream_gene_variant,ethionamide,Uncertain significance,166,1.0,4327484,0,1,MDR-TB
SRR33384021,ethA,Rv3854c,c.-11A>G,c.-11A>G,upstream_gene_variant,prothionamide,Uncertain significance,166,1.0,4327484,0,1,MDR-TB
SRR33384022,rpoB,Rv0667,p.Phe424Leu,c.1272C>G,missense_variant,rifampicin,Uncertain significance,142,1.0,761078,0,1,MDR-TB
SRR33384022,rpoB,Rv0667,p.Phe424Leu,c.1272C>G,missense_variant,rifapentine,Uncertain significance,142,1.0,761078,0,1,MDR-TB
SRR33384022,ethA,Rv3854c,c.-11A>G,c.-11A>G,upstream_gene_variant,ethionamide,Uncertain significance,110,1.009090909090909,4327484,0,1,MDR-TB
SRR33384022,ethA,Rv3854c,c.-11A>G,c.-11A>G,upstream_gene_variant,prothionamide,Uncertain significance,110,1.009090909090909,4327484,0,1,MDR-TB
SRR33384023,pncA,Rv2043c,p.Thr160Arg,c.479C>G,missense_variant,pyrazinamide,Uncertain significance,144,1.0,2288763,0,1,Pre-XDR-TB
SRR33384024,rrs,EBG00000313325,n.1401A>G,n.1401A>G,non_coding_transcript_exon_variant,streptomycin,Uncertain significance,169,1.0,1473246,0,1,Pre-XDR-TB
SRR33384024,ethA,Rv3854c,p.Ala381Pro,c.1141G>C,missense_variant,ethionamide,Uncertain significance,170,1.0,4326333,0,1,Pre-XDR-TB
SRR33384024,ethA,Rv3854c,p.Ala381Pro,c.1141G>C,missense_variant,prothionamide,Uncertain significance,170,1.0,4326333,0,1,Pre-XDR-TB
SRR33384024,gid,Rv3919c,p.Leu79Ser,c.236T>C,missense_variant,streptomycin,Uncertain significance,191,1.0,4407967,0,1,Pre-XDR-TB
SRR33384025,ethA,Rv3854c,c.-11A>G,c.-11A>G,upstream_gene_variant,ethionamide,Uncertain significance,133,1.0,4327484,0,1,MDR-TB
SRR33384025,ethA,Rv3854c,c.-11A>G,c.-11A>G,upstream_gene_variant,prothionamide,Uncertain significance,133,1.0,4327484,0,1,MDR-TB
SRR33384026,rrs,EBG00000313325,n.462C>T,n.462C>T,non_coding_transcript_exon_variant,streptomycin,Uncertain significance,81,1.0,1472307,0,0,HR-TB
SRR33384026,rrs,EBG00000313325,n.462C>T,n.462C>T,non_coding_transcript_exon_variant,amikacin,Uncertain significance,81,1.0,1472307,0,0,HR-TB
SRR33384026,rrs,EBG00000313325,n.462C>T,n.462C>T,non_coding_transcript_exon_variant,capreomycin,Uncertain significance,81,1.0,1472307,0,0,HR-TB
SRR33384026,rrs,EBG00000313325,n.462C>T,n.462C>T,non_coding_transcript_exon_variant,kanamycin,Uncertain significance,81,1.0,1472307,0,0,HR-TB
SRR33384027,rrs,EBG00000313325,n.1401A>G,n.1401A>G,non_coding_transcript_exon_variant,streptomycin,Uncertain significance,174,0.7988505747126436,1473246,0,1,MDR-TB
SRR33384028,rrs,EBG00000313325,n.462C>T,n.462C>T,non_coding_transcript_exon_variant,streptomycin,Uncertain significance,118,1.0084745762711864,1472307,0,0,HR-TB
SRR33384028,rrs,EBG00000313325,n.462C>T,n.462C>T,non_coding_transcript_exon_variant,amikacin,Uncertain significance,118,1.0084745762711864,1472307,0,0,HR-TB
SRR33384028,rrs,EBG00000313325,n.462C>T,n.462C>T,non_coding_transcript_exon_variant,capreomycin,Uncertain significance,118,1.0084745762711864,1472307,0,0,HR-TB
SRR33384028,rrs,EBG00000313325,n.462C>T,n.462C>T,non_coding_transcript_exon_variant,kanamycin,Uncertain significance,118,1.0084745762711864,1472307,0,0,HR-TB
SRR33384029,inhA,Rv1484,p.Ile21Thr,c.62T>C,missense_variant,ethionamide,Uncertain significance,153,1.0,1674263,0,1,MDR-TB
SRR33384029,inhA,Rv1484,p.Ile21Thr,c.62T>C,missense_variant,isoniazid,Uncertain significance,153,1.0,1674263,0,1,MDR-TB
SRR33384029,inhA,Rv1484,p.Ile21Thr,c.62T>C,missense_variant,prothionamide,Uncertain significance,153,1.0,1674263,0,1,MDR-TB
SRR33384030,rrs,EBG00000313325,n.1401A>G,n.1401A>G,non_coding_transcript_exon_variant,streptomycin,Uncertain significance,103,1.0,1473246,0,1,Pre-XDR-TB
SRR33384030,ethA,Rv3854c,c.-11A>G,c.-11A>G,upstream_gene_variant,ethionamide,Uncertain significance,108,1.0092592592592593,4327484,0,1,Pre-XDR-TB
SRR33384030,ethA,Rv3854c,c.-11A>G,c.-11A>G,upstream_gene_variant,prothionamide,Uncertain significance,108,1.0092592592592593,4327484,0,1,Pre-XDR-TB
SRR33384032,rrs,EBG00000313325,n.1401A>G,n.1401A>G,non_coding_transcript_exon_variant,streptomycin,Uncertain significance,127,0.9921259842519684,1473246,0,1,Pre-XDR-TB
SRR33384032,ethA,Rv3854c,c.-11A>G,c.-11A>G,upstream_gene_variant,ethionamide,Uncertain significance,143,0.993006993006993,4327484,0,1,Pre-XDR-TB
SRR33384032,ethA,Rv3854c,c.-11A>G,c.-11A>G,upstream_gene_variant,prothionamide,Uncertain significance,143,0.993006993006993,4327484,0,1,Pre-XDR-TB
SRR33384033,rrs,EBG00000313325,n.1401A>G,n.1401A>G,non_coding_transcript_exon_variant,streptomycin,Uncertain significance,186,1.0053763440860215,1473246,0,1,Pre-XDR-TB
SRR33384033,ethA,Rv3854c,c.-11A>G,c.-11A>G,upstream_gene_variant,ethionamide,Uncertain significance,157,1.0,4327484,0,1,Pre-XDR-TB
SRR33384033,ethA,Rv3854c,c.-11A>G,c.-11A>G,upstream_gene_variant,prothionamide,Uncertain significance,157,1.0,4327484,0,1,Pre-XDR-TB
SRR33384034,ethA,Rv3854c,c.-11A>G,c.-11A>G,upstream_gene_variant,ethionamide,Uncertain significance,130,1.0,4327484,0,1,Pre-XDR-TB
SRR33384034,ethA,Rv3854c,c.-11A>G,c.-11A>G,upstream_gene_variant,prothionamide,Uncertain significance,130,1.0,4327484,0,1,Pre-XDR-TB
SRR33384035,rrs,EBG00000313325,n.1401A>G,n.1401A>G,non_coding_transcript_exon_variant,streptomycin,Uncertain significance,95,1.0,1473246,0,1,Pre-XDR-TB
SRR33384035,ethA,Rv3854c,p.Ala381Pro,c.1141G>C,missense_variant,ethionamide,Uncertain significance,106,1.0,4326333,0,1,Pre-XDR-TB
SRR33384035,ethA,Rv3854c,p.Ala381Pro,c.1141G>C,missense_variant,prothionamide,Uncertain significance,106,1.0,4326333,0,1,Pre-XDR-TB
SRR33384035,gid,Rv3919c,p.Leu79Ser,c.236T>C,missense_variant,streptomycin,Uncertain significance,112,1.0089285714285714,4407967,0,1,Pre-XDR-TB
SRR33384036,rrs,EBG00000313325,n.1401A>G,n.1401A>G,non_coding_transcript_exon_variant,streptomycin,Uncertain significance,77,1.0,1473246,0,1,Pre-XDR-TB
SRR33384036,ethA,Rv3854c,c.-11A>G,c.-11A>G,upstream_gene_variant,ethionamide,Uncertain significance,85,1.0,4327484,0,1,Pre-XDR-TB
SRR33384036,ethA,Rv3854c,c.-11A>G,c.-11A>G,upstream_gene_variant,prothionamide,Uncertain significance,85,1.0,4327484,0,1,Pre-XDR-TB
SRR33384037,rrs,EBG00000313325,n.1401A>G,n.1401A>G,non_coding_transcript_exon_variant,streptomycin,Uncertain significance,162,1.0,1473246,0,1,Pre-XDR-TB
SRR33384037,ethA,Rv3854c,p.Ala381Pro,c.1141G>C,missense_variant,ethionamide,Uncertain significance,148,1.0,4326333,0,1,Pre-XDR-TB
SRR33384037,ethA,Rv3854c,p.Ala381Pro,c.1141G>C,missense_variant,prothionamide,Uncertain significance,148,1.0,4326333,0,1,Pre-XDR-TB
SRR33384037,gid,Rv3919c,p.Leu79Ser,c.236T>C,missense_variant,streptomycin,Uncertain significance,167,1.0,4407967,0,1,Pre-XDR-TB
SRR33384038,rrs,EBG00000313325,n.462C>T,n.462C>T,non_coding_transcript_exon_variant,streptomycin,Uncertain significance,127,1.0,1472307,0,0,HR-TB
SRR33384038,rrs,EBG00000313325,n.462C>T,n.462C>T,non_coding_transcript_exon_variant,amikacin,Uncertain significance,127,1.0,1472307,0,0,HR-TB
SRR33384038,rrs,EBG00000313325,n.462C>T,n.462C>T,non_coding_transcript_exon_variant,capreomycin,Uncertain significance,127,1.0,1472307,0,0,HR-TB
SRR33384038,rrs,EBG00000313325,n.462C>T,n.462C>T,non_coding_transcript_exon_variant,kanamycin,Uncertain significance,127,1.0,1472307,0,0,HR-TB
SRR33384039,rrs,EBG00000313325,n.1401A>G,n.1401A>G,non_coding_transcript_exon_variant,streptomycin,Uncertain significance,184,1.0,1473246,0,1,Pre-XDR-TB
SRR33384039,ethA,Rv3854c,c.-11A>G,c.-11A>G,upstream_gene_variant,ethionamide,Uncertain significance,185,0.9945945945945946,4327484,0,1,Pre-XDR-TB
SRR33384039,ethA,Rv3854c,c.-11A>G,c.-11A>G,upstream_gene_variant,prothionamide,Uncertain significance,185,0.9945945945945946,4327484,0,1,Pre-XDR-TB
SRR33384042,embA,Rv3794,c.-16C>G,c.-16C>G,upstream_gene_variant,ethambutol,Uncertain significance,114,1.0,4243217,0,1,Pre-XDR-TB
SRR33384042,embB,Rv3795,p.Glu405Asp,c.1215G>C,missense_variant,ethambutol,Uncertain significance,123,1.0,4247728,0,1,Pre-XDR-TB
SRR33384043,rrs,EBG00000313325,n.1401A>G,n.1401A>G,non_coding_transcript_exon_variant,streptomycin,Uncertain significance,127,1.0,1473246,0,1,Pre-XDR-TB
SRR33384043,ethA,Rv3854c,c.-11A>G,c.-11A>G,upstream_gene_variant,ethionamide,Uncertain significance,157,1.0,4327484,0,1,Pre-XDR-TB
SRR33384043,ethA,Rv3854c,c.-11A>G,c.-11A>G,upstream_gene_variant,prothionamide,Uncertain significance,157,1.0,4327484,0,1,Pre-XDR-TB
SRR33384044,rrs,EBG00000313325,n.462C>T,n.462C>T,non_coding_transcript_exon_variant,streptomycin,Uncertain significance,157,1.0,1472307,0,0,HR-TB
SRR33384044,rrs,EBG00000313325,n.462C>T,n.462C>T,non_coding_transcript_exon_variant,amikacin,Uncertain significance,157,1.0,1472307,0,0,HR-TB
SRR33384044,rrs,EBG00000313325,n.462C>T,n.462C>T,non_coding_transcript_exon_variant,capreomycin,Uncertain significance,157,1.0,1472307,0,0,HR-TB
SRR33384044,rrs,EBG00000313325,n.462C>T,n.462C>T,non_coding_transcript_exon_variant,kanamycin,Uncertain significance,157,1.0,1472307,0,0,HR-TB
SRR33384046,ethA,Rv3854c,p.Ala381Pro,c.1141G>C,missense_variant,ethionamide,Uncertain significance,212,1.0,4326333,0,1,Pre-XDR-TB
SRR33384046,ethA,Rv3854c,p.Ala381Pro,c.1141G>C,missense_variant,prothionamide,Uncertain significance,212,1.0,4326333,0,1,Pre-XDR-TB
SRR33384046,gid,Rv3919c,p.Leu79Ser,c.236T>C,missense_variant,streptomycin,Uncertain significance,193,1.0,4407967,0,1,Pre-XDR-TB
SRR33384047,rrs,EBG00000313325,n.462C>T,n.462C>T,non_coding_transcript_exon_variant,streptomycin,Uncertain significance,150,1.0,1472307,0,0,HR-TB
SRR33384047,rrs,EBG00000313325,n.462C>T,n.462C>T,non_coding_transcript_exon_variant,amikacin,Uncertain significance,150,1.0,1472307,0,0,HR-TB
SRR33384047,rrs,EBG00000313325,n.462C>T,n.462C>T,non_coding_transcript_exon_variant,capreomycin,Uncertain significance,150,1.0,1472307,0,0,HR-TB
SRR33384047,rrs,EBG00000313325,n.462C>T,n.462C>T,non_coding_transcript_exon_variant,kanamycin,Uncertain significance,150,1.0,1472307,0,0,HR-TB
SRR33384048,rrs,EBG00000313325,n.1401A>G,n.1401A>G,non_coding_transcript_exon_variant,streptomycin,Uncertain significance,96,1.0104166666666667,1473246,0,1,Pre-XDR-TB
SRR33384048,ethA,Rv3854c,c.-11A>G,c.-11A>G,upstream_gene_variant,ethionamide,Uncertain significance,83,1.0120481927710845,4327484,0,1,Pre-XDR-TB
SRR33384048,ethA,Rv3854c,c.-11A>G,c.-11A>G,upstream_gene_variant,prothionamide,Uncertain significance,83,1.0120481927710845,4327484,0,1,Pre-XDR-TB
SRR33384049,ethA,Rv3854c,p.Ala381Pro,c.1141G>C,missense_variant,ethionamide,Uncertain significance,58,1.0,4326333,0,1,Pre-XDR-TB
SRR33384049,ethA,Rv3854c,p.Ala381Pro,c.1141G>C,missense_variant,prothionamide,Uncertain significance,58,1.0,4326333,0,1,Pre-XDR-TB
SRR33384049,gid,Rv3919c,p.Leu79Ser,c.236T>C,missense_variant,streptomycin,Uncertain significance,56,1.0,4407967,0,1,Pre-XDR-TB
SRR33384050,rrs,EBG00000313325,n.1401A>G,n.1401A>G,non_coding_transcript_exon_variant,streptomycin,Uncertain significance,119,1.0168067226890756,1473246,0,1,Pre-XDR-TB
SRR33384050,ethA,Rv3854c,c.-11A>G,c.-11A>G,upstream_gene_variant,ethionamide,Uncertain significance,94,1.0,4327484,0,1,Pre-XDR-TB
SRR33384050,ethA,Rv3854c,c.-11A>G,c.-11A>G,upstream_gene_variant,prothionamide,Uncertain significance,94,1.0,4327484,0,1,Pre-XDR-TB
SRR33384051,rpoB,Rv0667,p.Phe424Leu,c.1270T>C,missense_variant,rifampicin,Uncertain significance,81,0.9876543209876544,761076,0,1,MDR-TB
SRR33384051,rpoB,Rv0667,p.Phe424Leu,c.1270T>C,missense_variant,rifapentine,Uncertain significance,81,0.9876543209876544,761076,0,1,MDR-TB
SRR33384051,embA,Rv3794,c.-12C>T,c.-12C>T,upstream_gene_variant,ethambutol,Uncertain significance,96,1.0,4243221,0,1,MDR-TB
SRR33384052,ethA,Rv3854c,p.Ala381Pro,c.1141G>C,missense_variant,ethionamide,Uncertain significance,73,1.0,4326333,0,1,Pre-XDR-TB
SRR33384052,ethA,Rv3854c,p.Ala381Pro,c.1141G>C,missense_variant,prothionamide,Uncertain significance,73,1.0,4326333,0,1,Pre-XDR-TB
SRR33384052,gid,Rv3919c,p.Leu79Ser,c.236T>C,missense_variant,streptomycin,Uncertain significance,62,1.0161290322580645,4407967,0,1,Pre-XDR-TB
SRR33384054,rrs,EBG00000313325,n.1401A>G,n.1401A>G,non_coding_transcript_exon_variant,streptomycin,Uncertain significance,93,0.978494623655914,1473246,0,1,Pre-XDR-TB
SRR33384054,ethA,Rv3854c,c.-11A>G,c.-11A>G,upstream_gene_variant,ethionamide,Uncertain significance,83,1.0,4327484,0,1,Pre-XDR-TB
SRR33384054,ethA,Rv3854c,c.-11A>G,c.-11A>G,upstream_gene_variant,prothionamide,Uncertain significance,83,1.0,4327484,0,1,Pre-XDR-TB
SRR33384055,rrs,EBG00000313325,n.517C>T,n.517C>T,non_coding_transcript_exon_variant,kanamycin,Uncertain significance,97,0.9587628865979382,1472362,0,1,XDR-TB
SRR33384055,embA,Rv3794,c.-29_-28delCT,c.-29_-28delCT,upstream_gene_variant,ethambutol,Uncertain significance,67,0.9104477611940298,4243203,0,1,XDR-TB
SRR33384057,rrs,EBG00000313325,n.517C>T,n.517C>T,non_coding_transcript_exon_variant,kanamycin,Uncertain significance,73,1.0,1472362,0,1,Pre-XDR-TB
SRR33384057,inhA,Rv1484,p.Ile194Thr,c.581T>C,missense_variant,ethionamide,Uncertain significance,62,1.0,1674782,0,1,Pre-XDR-TB
SRR33384057,inhA,Rv1484,p.Ile194Thr,c.581T>C,missense_variant,isoniazid,Uncertain significance,62,1.0,1674782,0,1,Pre-XDR-TB
SRR33384057,inhA,Rv1484,p.Ile194Thr,c.581T>C,missense_variant,prothionamide,Uncertain significance,62,1.0,1674782,0,1,Pre-XDR-TB
SRR33384058,rrs,EBG00000313325,n.1401A>G,n.1401A>G,non_coding_transcript_exon_variant,streptomycin,Uncertain significance,155,0.2193548387096774,1473246,0,1,XDR-TB
SRR33384058,ethA,Rv3854c,c.-11A>G,c.-11A>G,upstream_gene_variant,ethionamide,Uncertain significance,62,1.0,4327484,0,1,XDR-TB
SRR33384058,ethA,Rv3854c,c.-11A>G,c.-11A>G,upstream_gene_variant,prothionamide,Uncertain significance,62,1.0,4327484,0,1,XDR-TB
SRR33384059,rrs,EBG00000313325,n.462C>T,n.462C>T,non_coding_transcript_exon_variant,streptomycin,Uncertain significance,92,0.3260869565217391,1472307,0,1,Pre-XDR-TB
SRR33384059,rrs,EBG00000313325,n.462C>T,n.462C>T,non_coding_transcript_exon_variant,amikacin,Uncertain significance,92,0.3260869565217391,1472307,0,1,Pre-XDR-TB
SRR33384059,rrs,EBG00000313325,n.462C>T,n.462C>T,non_coding_transcript_exon_variant,capreomycin,Uncertain significance,92,0.3260869565217391,1472307,0,1,Pre-XDR-TB
SRR33384059,rrs,EBG00000313325,n.462C>T,n.462C>T,non_coding_transcript_exon_variant,kanamycin,Uncertain significance,92,0.3260869565217391,1472307,0,1,Pre-XDR-TB
SRR33384059,rrs,EBG00000313325,n.1401A>G,n.1401A>G,non_coding_transcript_exon_variant,streptomycin,Uncertain significance,94,0.6702127659574468,1473246,0,1,Pre-XDR-TB
SRR33384059,ethA,Rv3854c,c.-11A>G,c.-11A>G,upstream_gene_variant,ethionamide,Uncertain significance,65,1.0,4327484,0,1,Pre-XDR-TB
SRR33384059,ethA,Rv3854c,c.-11A>G,c.-11A>G,upstream_gene_variant,prothionamide,Uncertain significance,65,1.0,4327484,0,1,Pre-XDR-TB
SRR33384061,embA,Rv3794,c.-16C>G,c.-16C>G,upstream_gene_variant,ethambutol,Uncertain significance,36,1.0,4243217,0,1,Pre-XDR-TB
SRR33384061,embB,Rv3795,p.Glu405Asp,c.1215G>C,missense_variant,ethambutol,Uncertain significance,30,1.0,4247728,0,1,Pre-XDR-TB
SRR33384062,rrs,EBG00000313325,n.1401A>G,n.1401A>G,non_coding_transcript_exon_variant,streptomycin,Uncertain significance,89,0.9887640449438202,1473246,0,1,Pre-XDR-TB
SRR33384062,ethA,Rv3854c,c.-11A>G,c.-11A>G,upstream_gene_variant,ethionamide,Uncertain significance,88,1.0,4327484,0,1,Pre-XDR-TB
SRR33384062,ethA,Rv3854c,c.-11A>G,c.-11A>G,upstream_gene_variant,prothionamide,Uncertain significance,88,1.0,4327484,0,1,Pre-XDR-TB
SRR33384065,rrs,EBG00000313325,n.1401A>G,n.1401A>G,non_coding_transcript_exon_variant,streptomycin,Uncertain significance,177,0.2429378531073446,1473246,0,1,Pre-XDR-TB
SRR33384065,ethA,Rv3854c,c.-11A>G,c.-11A>G,upstream_gene_variant,ethionamide,Uncertain significance,60,0.9833333333333332,4327484,0,1,Pre-XDR-TB
SRR33384065,ethA,Rv3854c,c.-11A>G,c.-11A>G,upstream_gene_variant,prothionamide,Uncertain significance,60,0.9833333333333332,4327484,0,1,Pre-XDR-TB
SRR33384066,ethA,Rv3854c,p.Ala381Pro,c.1141G>C,missense_variant,ethionamide,Uncertain significance,94,1.0,4326333,0,1,Pre-XDR-TB
SRR33384066,ethA,Rv3854c,p.Ala381Pro,c.1141G>C,missense_variant,prothionamide,Uncertain significance,94,1.0,4326333,0,1,Pre-XDR-TB
SRR33384066,gid,Rv3919c,p.Leu79Ser,c.236T>C,missense_variant,streptomycin,Uncertain significance,70,1.0,4407967,0,1,Pre-XDR-TB
SRR33384067,rrs,EBG00000313325,n.1401A>G,n.1401A>G,non_coding_transcript_exon_variant,streptomycin,Uncertain significance,158,0.1265822784810126,1473246,0,1,Pre-XDR-TB
SRR33384067,ethA,Rv3854c,c.-11A>G,c.-11A>G,upstream_gene_variant,ethionamide,Uncertain significance,22,1.0,4327484,0,1,Pre-XDR-TB
SRR33384067,ethA,Rv3854c,c.-11A>G,c.-11A>G,upstream_gene_variant,prothionamide,Uncertain significance,22,1.0,4327484,0,1,Pre-XDR-TB
SRR33384068,ethA,Rv3854c,c.-11A>G,c.-11A>G,upstream_gene_variant,ethionamide,Uncertain significance,19,1.0,4327484,0,0,HR-TB
SRR33384068,ethA,Rv3854c,c.-11A>G,c.-11A>G,upstream_gene_variant,prothionamide,Uncertain significance,19,1.0,4327484,0,0,HR-TB
SRR33384069,rrs,EBG00000313325,n.1401A>G,n.1401A>G,non_coding_transcript_exon_variant,streptomycin,Uncertain significance,111,0.7747747747747747,1473246,0,1,Pre-XDR-TB
SRR33384069,ethA,Rv3854c,c.-11A>G,c.-11A>G,upstream_gene_variant,ethionamide,Uncertain significance,70,1.0,4327484,0,1,Pre-XDR-TB
SRR33384069,ethA,Rv3854c,c.-11A>G,c.-11A>G,upstream_gene_variant,prothionamide,Uncertain significance,70,1.0,4327484,0,1,Pre-XDR-TB
SRR33384070,rrs,EBG00000313325,n.1401A>G,n.1401A>G,non_coding_transcript_exon_variant,streptomycin,Uncertain significance,94,1.0,1473246,0,0,HR-TB
SRR33384070,inhA,Rv1484,p.Ile194Thr,c.581T>C,missense_variant,ethionamide,Uncertain significance,123,1.008130081300813,1674782,0,0,HR-TB
SRR33384070,inhA,Rv1484,p.Ile194Thr,c.581T>C,missense_variant,isoniazid,Uncertain significance,123,1.008130081300813,1674782,0,0,HR-TB
SRR33384070,inhA,Rv1484,p.Ile194Thr,c.581T>C,missense_variant,prothionamide,Uncertain significance,123,1.008130081300813,1674782,0,0,HR-TB
SRR33384070,ethR,Rv3855,p.Ala95Thr,c.283G>A,missense_variant,ethionamide,Uncertain significance,79,1.0,4327831,0,0,HR-TB
SRR33384070,ethR,Rv3855,p.Ala95Thr,c.283G>A,missense_variant,prothionamide,Uncertain significance,79,1.0,4327831,0,0,HR-TB
SRR33384071,rrs,EBG00000313325,n.1401A>G,n.1401A>G,non_coding_transcript_exon_variant,streptomycin,Uncertain significance,34,1.0,1473246,0,1,Pre-XDR-TB
SRR33384071,ethA,Rv3854c,c.-11A>G,c.-11A>G,upstream_gene_variant,ethionamide,Uncertain significance,58,1.0,4327484,0,1,Pre-XDR-TB
SRR33384071,ethA,Rv3854c,c.-11A>G,c.-11A>G,upstream_gene_variant,prothionamide,Uncertain significance,58,1.0,4327484,0,1,Pre-XDR-TB
SRR33384072,rrs,EBG00000313325,n.1401A>G,n.1401A>G,non_coding_transcript_exon_variant,streptomycin,Uncertain significance,93,1.0,1473246,0,1,Pre-XDR-TB
SRR33384072,ethA,Rv3854c,c.-11A>G,c.-11A>G,upstream_gene_variant,ethionamide,Uncertain significance,85,1.0,4327484,0,1,Pre-XDR-TB
SRR33384072,ethA,Rv3854c,c.-11A>G,c.-11A>G,upstream_gene_variant,prothionamide,Uncertain significance,85,1.0,4327484,0,1,Pre-XDR-TB
SRR33384073,rrs,EBG00000313325,n.1401A>G,n.1401A>G,non_coding_transcript_exon_variant,streptomycin,Uncertain significance,81,1.0,1473246,0,1,Pre-XDR-TB
SRR33384073,ethA,Rv3854c,c.-11A>G,c.-11A>G,upstream_gene_variant,ethionamide,Uncertain significance,93,1.0,4327484,0,1,Pre-XDR-TB
SRR33384073,ethA,Rv3854c,c.-11A>G,c.-11A>G,upstream_gene_variant,prothionamide,Uncertain significance,93,1.0,4327484,0,1,Pre-XDR-TB
SRR33384074,rrs,EBG00000313325,n.1401A>G,n.1401A>G,non_coding_transcript_exon_variant,streptomycin,Uncertain significance,64,1.0,1473246,0,1,Pre-XDR-TB
SRR33384076,rrs,EBG00000313325,n.517C>T,n.517C>T,non_coding_transcript_exon_variant,kanamycin,Uncertain significance,132,1.0,1472362,0,1,Pre-XDR-TB
SRR33384076,inhA,Rv1484,p.Ile194Thr,c.581T>C,missense_variant,ethionamide,Uncertain significance,110,1.009090909090909,1674782,0,1,Pre-XDR-TB
SRR33384076,inhA,Rv1484,p.Ile194Thr,c.581T>C,missense_variant,isoniazid,Uncertain significance,110,1.009090909090909,1674782,0,1,Pre-XDR-TB
SRR33384076,inhA,Rv1484,p.Ile194Thr,c.581T>C,missense_variant,prothionamide,Uncertain significance,110,1.009090909090909,1674782,0,1,Pre-XDR-TB
SRR33384078,rrs,EBG00000313325,n.799C>T,n.799C>T,non_coding_transcript_exon_variant,streptomycin,Uncertain significance,70,0.3142857142857143,1472644,0,1,Pre-XDR-TB
SRR33384078,rrs,EBG00000313325,n.799C>T,n.799C>T,non_coding_transcript_exon_variant,amikacin,Uncertain significance,70,0.3142857142857143,1472644,0,1,Pre-XDR-TB
SRR33384078,rrs,EBG00000313325,n.799C>T,n.799C>T,non_coding_transcript_exon_variant,capreomycin,Uncertain significance,70,0.3142857142857143,1472644,0,1,Pre-XDR-TB
SRR33384078,rrs,EBG00000313325,n.799C>T,n.799C>T,non_coding_transcript_exon_variant,kanamycin,Uncertain significance,70,0.3142857142857143,1472644,0,1,Pre-XDR-TB
SRR33384078,rrs,EBG00000313325,n.1402C>A,n.1402C>A,non_coding_transcript_exon_variant,amikacin,Uncertain significance,104,0.2788461538461538,1473247,0,1,Pre-XDR-TB
SRR33384078,rrs,EBG00000313325,n.1402C>A,n.1402C>A,non_coding_transcript_exon_variant,capreomycin,Uncertain significance,104,0.2788461538461538,1473247,0,1,Pre-XDR-TB
SRR33384078,rrs,EBG00000313325,n.1402C>A,n.1402C>A,non_coding_transcript_exon_variant,kanamycin,Uncertain significance,104,0.2788461538461538,1473247,0,1,Pre-XDR-TB
SRR33384078,rrs,EBG00000313325,n.1402C>A,n.1402C>A,non_coding_transcript_exon_variant,streptomycin,Uncertain significance,104,0.2788461538461538,1473247,0,1,Pre-XDR-TB
SRR33384078,rrs,EBG00000313325,n.1484G>T,n.1484G>T,non_coding_transcript_exon_variant,streptomycin,Uncertain significance,94,0.2446808510638297,1473329,0,1,Pre-XDR-TB
SRR33384078,inhA,Rv1484,p.Ile21Thr,c.62T>C,missense_variant,ethionamide,Uncertain significance,54,0.6296296296296297,1674263,0,1,Pre-XDR-TB
SRR33384078,inhA,Rv1484,p.Ile21Thr,c.62T>C,missense_variant,isoniazid,Uncertain significance,54,0.6296296296296297,1674263,0,1,Pre-XDR-TB
SRR33384078,inhA,Rv1484,p.Ile21Thr,c.62T>C,missense_variant,prothionamide,Uncertain significance,54,0.6296296296296297,1674263,0,1,Pre-XDR-TB
SRR33384079,rrs,EBG00000313325,n.1401A>G,n.1401A>G,non_coding_transcript_exon_variant,streptomycin,Uncertain significance,94,1.0,1473246,0,1,MDR-TB
SRR33384080,ethA,Rv3854c,c.-11A>G,c.-11A>G,upstream_gene_variant,ethionamide,Uncertain significance,108,1.0,4327484,0,1,XDR-TB
SRR33384080,ethA,Rv3854c,c.-11A>G,c.-11A>G,upstream_gene_variant,prothionamide,Uncertain significance,108,1.0,4327484,0,1,XDR-TB
SRR33384082,pncA,Rv2043c,p.Thr160Arg,c.479C>G,missense_variant,pyrazinamide,Uncertain significance,81,1.0,2288763,0,1,Pre-XDR-TB
SRR33384085,inhA,Rv1484,p.Ile21Thr,c.62T>C,missense_variant,ethionamide,Uncertain significance,81,1.0,1674263,0,1,XDR-TB
SRR33384085,inhA,Rv1484,p.Ile21Thr,c.62T>C,missense_variant,isoniazid,Uncertain significance,81,1.0,1674263,0,1,XDR-TB
SRR33384085,inhA,Rv1484,p.Ile21Thr,c.62T>C,missense_variant,prothionamide,Uncertain significance,81,1.0,1674263,0,1,XDR-TB
SRR33384086,rrs,EBG00000313325,n.1401A>G,n.1401A>G,non_coding_transcript_exon_variant,streptomycin,Uncertain significance,92,1.0,1473246,0,1,Pre-XDR-TB
SRR33384086,ethA,Rv3854c,c.-11A>G,c.-11A>G,upstream_gene_variant,ethionamide,Uncertain significance,130,1.0,4327484,0,1,Pre-XDR-TB
SRR33384086,ethA,Rv3854c,c.-11A>G,c.-11A>G,upstream_gene_variant,prothionamide,Uncertain significance,130,1.0,4327484,0,1,Pre-XDR-TB
SRR33384087,rrs,EBG00000313325,n.1401A>G,n.1401A>G,non_coding_transcript_exon_variant,streptomycin,Uncertain significance,126,1.0,1473246,0,1,Pre-XDR-TB
SRR33384087,ethA,Rv3854c,p.Ala381Pro,c.1141G>C,missense_variant,ethionamide,Uncertain significance,114,1.0,4326333,0,1,Pre-XDR-TB
SRR33384087,ethA,Rv3854c,p.Ala381Pro,c.1141G>C,missense_variant,prothionamide,Uncertain significance,114,1.0,4326333,0,1,Pre-XDR-TB
SRR33384087,gid,Rv3919c,p.Leu79Ser,c.236T>C,missense_variant,streptomycin,Uncertain significance,119,1.0168067226890756,4407967,0,1,Pre-XDR-TB
SRR33384088,rrs,EBG00000313325,n.517C>T,n.517C>T,non_coding_transcript_exon_variant,kanamycin,Uncertain significance,98,1.0,1472362,0,1,XDR-TB
SRR33384088,embA,Rv3794,c.-29_-28delCT,c.-29_-28delCT,upstream_gene_variant,ethambutol,Uncertain significance,148,0.8716216216216216,4243203,0,1,XDR-TB
SRR33384089,rrs,EBG00000313325,n.1401A>G,n.1401A>G,non_coding_transcript_exon_variant,streptomycin,Uncertain significance,85,1.011764705882353,1473246,0,1,Pre-XDR-TB
SRR33384090,rrs,EBG00000313325,n.517C>T,n.517C>T,non_coding_transcript_exon_variant,kanamycin,Uncertain significance,86,1.0,1472362,0,1,XDR-TB
SRR33384090,embA,Rv3794,c.-29_-28delCT,c.-29_-28delCT,upstream_gene_variant,ethambutol,Uncertain significance,161,0.8633540372670807,4243203,0,1,XDR-TB
SRR33384091,gyrB,Rv0005,p.Thr500Asn,c.1499C>A,missense_variant,levofloxacin,Uncertain significance,96,1.0,6738,0,1,Pre-XDR-TB
SRR33384091,gyrB,Rv0005,p.Thr500Asn,c.1499C>A,missense_variant,moxifloxacin,Uncertain significance,96,1.0,6738,0,1,Pre-XDR-TB
SRR33384091,ethA,Rv3854c,p.Ala381Pro,c.1141G>C,missense_variant,ethionamide,Uncertain significance,69,1.0,4326333,0,1,Pre-XDR-TB
SRR33384091,ethA,Rv3854c,p.Ala381Pro,c.1141G>C,missense_variant,prothionamide,Uncertain significance,69,1.0,4326333,0,1,Pre-XDR-TB
SRR33384091,gid,Rv3919c,p.Leu79Ser,c.236T>C,missense_variant,streptomycin,Uncertain significance,104,1.0192307692307692,4407967,0,1,Pre-XDR-TB
SRR33384093,ethA,Rv3854c,p.Ala381Pro,c.1141G>C,missense_variant,ethionamide,Uncertain significance,99,0.98989898989899,4326333,0,1,Pre-XDR-TB
SRR33384093,ethA,Rv3854c,p.Ala381Pro,c.1141G>C,missense_variant,prothionamide,Uncertain significance,99,0.98989898989899,4326333,0,1,Pre-XDR-TB
SRR33384093,gid,Rv3919c,p.Leu79Ser,c.236T>C,missense_variant,streptomycin,Uncertain significance,99,1.02020202020202,4407967,0,1,Pre-XDR-TB
SRR33384094,rrs,EBG00000313325,n.1401A>G,n.1401A>G,non_coding_transcript_exon_variant,streptomycin,Uncertain significance,88,1.0,1473246,0,1,Pre-XDR-TB
SRR33384094,ethA,Rv3854c,c.-11A>G,c.-11A>G,upstream_gene_variant,ethionamide,Uncertain significance,87,1.011494252873563,4327484,0,1,Pre-XDR-TB
SRR33384094,ethA,Rv3854c,c.-11A>G,c.-11A>G,upstream_gene_variant,prothionamide,Uncertain significance,87,1.011494252873563,4327484,0,1,Pre-XDR-TB
SRR33384095,ethA,Rv3854c,c.-11A>G,c.-11A>G,upstream_gene_variant,ethionamide,Uncertain significance,67,1.0,4327484,0,1,MDR-TB
SRR33384095,ethA,Rv3854c,c.-11A>G,c.-11A>G,upstream_gene_variant,prothionamide,Uncertain significance,67,1.0,4327484,0,1,MDR-TB
SRR33384096,rrs,EBG00000313325,n.1401A>G,n.1401A>G,non_coding_transcript_exon_variant,streptomycin,Uncertain significance,55,1.0,1473246,0,1,Pre-XDR-TB
SRR33384096,ethA,Rv3854c,c.-11A>G,c.-11A>G,upstream_gene_variant,ethionamide,Uncertain significance,51,1.0,4327484,0,1,Pre-XDR-TB
SRR33384096,ethA,Rv3854c,c.-11A>G,c.-11A>G,upstream_gene_variant,prothionamide,Uncertain significance,51,1.0,4327484,0,1,Pre-XDR-TB
SRR33384097,rrs,EBG00000313325,n.1401A>G,n.1401A>G,non_coding_transcript_exon_variant,streptomycin,Uncertain significance,76,1.013157894736842,1473246,0,1,Pre-XDR-TB
SRR33384097,ethA,Rv3854c,p.Ala381Pro,c.1141G>C,missense_variant,ethionamide,Uncertain significance,84,1.0,4326333,0,1,Pre-XDR-TB
SRR33384097,ethA,Rv3854c,p.Ala381Pro,c.1141G>C,missense_variant,prothionamide,Uncertain significance,84,1.0,4326333,0,1,Pre-XDR-TB
SRR33384097,gid,Rv3919c,p.Leu79Ser,c.236T>C,missense_variant,streptomycin,Uncertain significance,95,1.0105263157894735,4407967,0,1,Pre-XDR-TB
SRR33384098,rrs,EBG00000313325,n.1401A>G,n.1401A>G,non_coding_transcript_exon_variant,streptomycin,Uncertain significance,124,1.0080645161290325,1473246,0,1,Pre-XDR-TB
SRR33384098,ethA,Rv3854c,c.-11A>G,c.-11A>G,upstream_gene_variant,ethionamide,Uncertain significance,103,1.0,4327484,0,1,Pre-XDR-TB
SRR33384098,ethA,Rv3854c,c.-11A>G,c.-11A>G,upstream_gene_variant,prothionamide,Uncertain significance,103,1.0,4327484,0,1,Pre-XDR-TB
SRR33384099,rrs,EBG00000313325,n.1401A>G,n.1401A>G,non_coding_transcript_exon_variant,streptomycin,Uncertain significance,137,1.0145985401459854,1473246,0,1,Pre-XDR-TB
SRR33384099,ethA,Rv3854c,c.-11A>G,c.-11A>G,upstream_gene_variant,ethionamide,Uncertain significance,130,1.0076923076923077,4327484,0,1,Pre-XDR-TB
SRR33384099,ethA,Rv3854c,c.-11A>G,c.-11A>G,upstream_gene_variant,prothionamide,Uncertain significance,130,1.0076923076923077,4327484,0,1,Pre-XDR-TB
SRR33384101,katG,Rv1908c,p.Trp191Arg,c.571T>C,missense_variant,isoniazid,Uncertain significance,73,1.0,2155541,0,1,MDR-TB
SRR33384101,ethR,Rv3855,p.Ala95Thr,c.283G>A,missense_variant,ethionamide,Uncertain significance,51,1.0,4327831,0,1,MDR-TB
SRR33384101,ethR,Rv3855,p.Ala95Thr,c.283G>A,missense_variant,prothionamide,Uncertain significance,51,1.0,4327831,0,1,MDR-TB
SRR33384102,rrs,EBG00000313325,n.1401A>G,n.1401A>G,non_coding_transcript_exon_variant,streptomycin,Uncertain significance,56,1.0,1473246,0,1,Pre-XDR-TB
SRR33384104,rrs,EBG00000313325,n.1401A>G,n.1401A>G,non_coding_transcript_exon_variant,streptomycin,Uncertain significance,82,1.0,1473246,0,1,Pre-XDR-TB
SRR33384104,ethA,Rv3854c,c.-11A>G,c.-11A>G,upstream_gene_variant,ethionamide,Uncertain significance,71,1.0,4327484,0,1,Pre-XDR-TB
SRR33384104,ethA,Rv3854c,c.-11A>G,c.-11A>G,upstream_gene_variant,prothionamide,Uncertain significance,71,1.0,4327484,0,1,Pre-XDR-TB
SRR33384106,ethA,Rv3854c,c.-11A>G,c.-11A>G,upstream_gene_variant,ethionamide,Uncertain significance,33,0.9696969696969696,4327484,0,1,Pre-XDR-TB
SRR33384106,ethA,Rv3854c,c.-11A>G,c.-11A>G,upstream_gene_variant,prothionamide,Uncertain significance,33,0.9696969696969696,4327484,0,1,Pre-XDR-TB
SRR33384107,ahpC,Rv2428,c.-52C>T,c.-52C>T,upstream_gene_variant,isoniazid,Uncertain significance,105,1.0,2726141,0,1,Pre-XDR-TB
SRR33384107,ethA,Rv3854c,c.-11A>G,c.-11A>G,upstream_gene_variant,ethionamide,Uncertain significance,88,1.0,4327484,0,1,Pre-XDR-TB
SRR33384107,ethA,Rv3854c,c.-11A>G,c.-11A>G,upstream_gene_variant,prothionamide,Uncertain significance,88,1.0,4327484,0,1,Pre-XDR-TB
SRR33384108,rrs,EBG00000313325,n.517C>T,n.517C>T,non_coding_transcript_exon_variant,kanamycin,Uncertain significance,99,1.0,1472362,0,1,XDR-TB
SRR33384108,embA,Rv3794,c.-29_-28delCT,c.-29_-28delCT,upstream_gene_variant,ethambutol,Uncertain significance,94,0.851063829787234,4243203,0,1,XDR-TB
SRR33384110,rrs,EBG00000313325,n.1401A>G,n.1401A>G,non_coding_transcript_exon_variant,streptomycin,Uncertain significance,140,1.0,1473246,0,1,Pre-XDR-TB
SRR33384110,ethA,Rv3854c,c.-11A>G,c.-11A>G,upstream_gene_variant,ethionamide,Uncertain significance,128,1.0,4327484,0,1,Pre-XDR-TB
SRR33384110,ethA,Rv3854c,c.-11A>G,c.-11A>G,upstream_gene_variant,prothionamide,Uncertain significance,128,1.0,4327484,0,1,Pre-XDR-TB
SRR33384116,embA,Rv3794,c.-16C>G,c.-16C>G,upstream_gene_variant,ethambutol,Uncertain significance,106,1.0,4243217,0,1,Pre-XDR-TB
SRR33384116,embB,Rv3795,p.Glu405Asp,c.1215G>C,missense_variant,ethambutol,Uncertain significance,66,1.0,4247728,0,1,Pre-XDR-TB
SRR33384119,rrs,EBG00000313325,n.1401A>G,n.1401A>G,non_coding_transcript_exon_variant,streptomycin,Uncertain significance,132,1.0,1473246,0,1,Pre-XDR-TB
SRR33384119,ethA,Rv3854c,c.-11A>G,c.-11A>G,upstream_gene_variant,ethionamide,Uncertain significance,83,1.0,4327484,0,1,Pre-XDR-TB
SRR33384119,ethA,Rv3854c,c.-11A>G,c.-11A>G,upstream_gene_variant,prothionamide,Uncertain significance,83,1.0,4327484,0,1,Pre-XDR-TB
SRR33384120,rrs,EBG00000313325,n.1401A>G,n.1401A>G,non_coding_transcript_exon_variant,streptomycin,Uncertain significance,92,1.0,1473246,0,1,MDR-TB
SRR33384120,ethA,Rv3854c,p.Ala381Pro,c.1141G>C,missense_variant,ethionamide,Uncertain significance,93,1.0,4326333,0,1,MDR-TB
SRR33384120,ethA,Rv3854c,p.Ala381Pro,c.1141G>C,missense_variant,prothionamide,Uncertain significance,93,1.0,4326333,0,1,MDR-TB
SRR33384120,gid,Rv3919c,p.Leu79Ser,c.236T>C,missense_variant,streptomycin,Uncertain significance,68,1.0294117647058822,4407967,0,1,MDR-TB
SRR33384121,rrs,EBG00000313325,n.1401A>G,n.1401A>G,non_coding_transcript_exon_variant,streptomycin,Uncertain significance,127,1.0078740157480317,1473246,0,1,Pre-XDR-TB
SRR33384121,ethA,Rv3854c,c.-11A>G,c.-11A>G,upstream_gene_variant,ethionamide,Uncertain significance,160,1.0,4327484,0,1,Pre-XDR-TB
SRR33384121,ethA,Rv3854c,c.-11A>G,c.-11A>G,upstream_gene_variant,prothionamide,Uncertain significance,160,1.0,4327484,0,1,Pre-XDR-TB
SRR33384122,inhA,Rv1484,p.Ile194Thr,c.581T>C,missense_variant,ethionamide,Uncertain significance,73,1.0,1674782,0,1,MDR-TB
SRR33384122,inhA,Rv1484,p.Ile194Thr,c.581T>C,missense_variant,isoniazid,Uncertain significance,73,1.0,1674782,0,1,MDR-TB
SRR33384122,inhA,Rv1484,p.Ile194Thr,c.581T>C,missense_variant,prothionamide,Uncertain significance,73,1.0,1674782,0,1,MDR-TB
SRR33384122,ethR,Rv3855,p.Ala95Thr,c.283G>A,missense_variant,ethionamide,Uncertain significance,79,1.0,4327831,0,1,MDR-TB
SRR33384122,ethR,Rv3855,p.Ala95Thr,c.283G>A,missense_variant,prothionamide,Uncertain significance,79,1.0,4327831,0,1,MDR-TB
SRR33384124,ethA,Rv3854c,c.-11A>G,c.-11A>G,upstream_gene_variant,ethionamide,Uncertain significance,149,1.0,4327484,0,1,XDR-TB
SRR33384124,ethA,Rv3854c,c.-11A>G,c.-11A>G,upstream_gene_variant,prothionamide,Uncertain significance,149,1.0,4327484,0,1,XDR-TB
SRR33384125,rrs,EBG00000313325,n.878G>A,n.878G>A,non_coding_transcript_exon_variant,amikacin,Uncertain significance,152,1.006578947368421,1472723,0,1,Pre-XDR-TB
SRR33384125,rrs,EBG00000313325,n.878G>A,n.878G>A,non_coding_transcript_exon_variant,capreomycin,Uncertain significance,152,1.006578947368421,1472723,0,1,Pre-XDR-TB
SRR33384125,rrs,EBG00000313325,n.878G>A,n.878G>A,non_coding_transcript_exon_variant,kanamycin,Uncertain significance,152,1.006578947368421,1472723,0,1,Pre-XDR-TB
SRR33384125,embA,Rv3794,c.-16C>G,c.-16C>G,upstream_gene_variant,ethambutol,Uncertain significance,165,1.0,4243217,0,1,Pre-XDR-TB
SRR33384125,ethA,Rv3854c,c.1192_1194dupGTG,c.1192_1194dupGTG,conservative_inframe_insertion,ethionamide,Uncertain significance,149,0.8120805369127517,4326279,0,1,Pre-XDR-TB
SRR33384125,ethA,Rv3854c,c.1192_1194dupGTG,c.1192_1194dupGTG,conservative_inframe_insertion,prothionamide,Uncertain significance,149,0.8120805369127517,4326279,0,1,Pre-XDR-TB
SRR33384126,rrs,EBG00000313325,n.878G>A,n.878G>A,non_coding_transcript_exon_variant,amikacin,Uncertain significance,150,1.0333333333333334,1472723,0,1,MDR-TB
SRR33384126,rrs,EBG00000313325,n.878G>A,n.878G>A,non_coding_transcript_exon_variant,capreomycin,Uncertain significance,150,1.0333333333333334,1472723,0,1,MDR-TB
SRR33384126,rrs,EBG00000313325,n.878G>A,n.878G>A,non_coding_transcript_exon_variant,kanamycin,Uncertain significance,150,1.0333333333333334,1472723,0,1,MDR-TB
SRR33384126,embA,Rv3794,c.-16C>G,c.-16C>G,upstream_gene_variant,ethambutol,Uncertain significance,114,0.9912280701754386,4243217,0,1,MDR-TB
SRR33384126,ethA,Rv3854c,c.1192_1194dupGTG,c.1192_1194dupGTG,conservative_inframe_insertion,ethionamide,Uncertain significance,102,0.9215686274509804,4326279,0,1,MDR-TB
SRR33384126,ethA,Rv3854c,c.1192_1194dupGTG,c.1192_1194dupGTG,conservative_inframe_insertion,prothionamide,Uncertain significance,102,0.9215686274509804,4326279,0,1,MDR-TB
SRR33384128,rrs,EBG00000313325,n.906A>G,n.906A>G,non_coding_transcript_exon_variant,streptomycin,Uncertain significance,143,1.006993006993007,1472751,0,1,MDR-TB
SRR33384128,rrs,EBG00000313325,n.906A>G,n.906A>G,non_coding_transcript_exon_variant,capreomycin,Uncertain significance,143,1.006993006993007,1472751,0,1,MDR-TB
SRR33384128,ethA,Rv3854c,c.-11A>G,c.-11A>G,upstream_gene_variant,ethionamide,Uncertain significance,119,1.0084033613445378,4327484,0,1,MDR-TB
SRR33384128,ethA,Rv3854c,c.-11A>G,c.-11A>G,upstream_gene_variant,prothionamide,Uncertain significance,119,1.0084033613445378,4327484,0,1,MDR-TB
SRR33384129,rpoC,Rv0668,p.Ile885Val,c.2653A>G,missense_variant,rifampicin,Uncertain significance,57,1.0,766022,0,1,MDR-TB
SRR33384129,rpoC,Rv0668,p.Ile885Val,c.2653A>G,missense_variant,rifapentine,Uncertain significance,57,1.0,766022,0,1,MDR-TB
SRR33384129,ethA,Rv3854c,c.-11A>G,c.-11A>G,upstream_gene_variant,ethionamide,Uncertain significance,130,1.0076923076923077,4327484,0,1,MDR-TB
SRR33384129,ethA,Rv3854c,c.-11A>G,c.-11A>G,upstream_gene_variant,prothionamide,Uncertain significance,130,1.0076923076923077,4327484,0,1,MDR-TB
SRR33384130,rrs,EBG00000313325,n.878G>A,n.878G>A,non_coding_transcript_exon_variant,amikacin,Uncertain significance,111,1.009009009009009,1472723,0,1,MDR-TB
SRR33384130,rrs,EBG00000313325,n.878G>A,n.878G>A,non_coding_transcript_exon_variant,capreomycin,Uncertain significance,111,1.009009009009009,1472723,0,1,MDR-TB
SRR33384130,rrs,EBG00000313325,n.878G>A,n.878G>A,non_coding_transcript_exon_variant,kanamycin,Uncertain significance,111,1.009009009009009,1472723,0,1,MDR-TB
SRR33384130,embA,Rv3794,c.-16C>G,c.-16C>G,upstream_gene_variant,ethambutol,Uncertain significance,121,1.0,4243217,0,1,MDR-TB
SRR33384130,ethA,Rv3854c,c.1192_1194dupGTG,c.1192_1194dupGTG,conservative_inframe_insertion,ethionamide,Uncertain significance,87,0.7816091954022989,4326279,0,1,MDR-TB
SRR33384130,ethA,Rv3854c,c.1192_1194dupGTG,c.1192_1194dupGTG,conservative_inframe_insertion,prothionamide,Uncertain significance,87,0.7816091954022989,4326279,0,1,MDR-TB
SRR33384131,rrs,EBG00000313325,n.1401A>G,n.1401A>G,non_coding_transcript_exon_variant,streptomycin,Uncertain significance,111,1.009009009009009,1473246,0,1,Pre-XDR-TB
SRR33384131,ethA,Rv3854c,c.-11A>G,c.-11A>G,upstream_gene_variant,ethionamide,Uncertain significance,84,1.0,4327484,0,1,Pre-XDR-TB
SRR33384131,ethA,Rv3854c,c.-11A>G,c.-11A>G,upstream_gene_variant,prothionamide,Uncertain significance,84,1.0,4327484,0,1,Pre-XDR-TB
SRR33384132,rrs,EBG00000313325,n.1401A>G,n.1401A>G,non_coding_transcript_exon_variant,streptomycin,Uncertain significance,107,1.0,1473246,0,1,Pre-XDR-TB
SRR33384132,ethA,Rv3854c,c.-11A>G,c.-11A>G,upstream_gene_variant,ethionamide,Uncertain significance,136,1.0,4327484,0,1,Pre-XDR-TB
SRR33384132,ethA,Rv3854c,c.-11A>G,c.-11A>G,upstream_gene_variant,prothionamide,Uncertain significance,136,1.0,4327484,0,1,Pre-XDR-TB
SRR33384133,rrs,EBG00000313325,n.1401A>G,n.1401A>G,non_coding_transcript_exon_variant,streptomycin,Uncertain significance,116,1.0,1473246,0,1,Pre-XDR-TB
SRR33384133,ethA,Rv3854c,c.-11A>G,c.-11A>G,upstream_gene_variant,ethionamide,Uncertain significance,109,1.018348623853211,4327484,0,1,Pre-XDR-TB
SRR33384133,ethA,Rv3854c,c.-11A>G,c.-11A>G,upstream_gene_variant,prothionamide,Uncertain significance,109,1.018348623853211,4327484,0,1,Pre-XDR-TB
SRR33384134,ethA,Rv3854c,p.Ala381Pro,c.1141G>C,missense_variant,ethionamide,Uncertain significance,126,1.0,4326333,0,1,XDR-TB
SRR33384134,ethA,Rv3854c,p.Ala381Pro,c.1141G>C,missense_variant,prothionamide,Uncertain significance,126,1.0,4326333,0,1,XDR-TB
SRR33384134,gid,Rv3919c,p.Leu79Ser,c.236T>C,missense_variant,streptomycin,Uncertain significance,96,1.03125,4407967,0,1,XDR-TB
SRR33384135,rrs,EBG00000313325,n.462C>T,n.462C>T,non_coding_transcript_exon_variant,streptomycin,Uncertain significance,133,0.9548872180451128,1472307,0,0,HR-TB
SRR33384135,rrs,EBG00000313325,n.462C>T,n.462C>T,non_coding_transcript_exon_variant,amikacin,Uncertain significance,133,0.9548872180451128,1472307,0,0,HR-TB
SRR33384135,rrs,EBG00000313325,n.462C>T,n.462C>T,non_coding_transcript_exon_variant,capreomycin,Uncertain significance,133,0.9548872180451128,1472307,0,0,HR-TB
SRR33384135,rrs,EBG00000313325,n.462C>T,n.462C>T,non_coding_transcript_exon_variant,kanamycin,Uncertain significance,133,0.9548872180451128,1472307,0,0,HR-TB
SRR33384135,katG,Rv1908c,p.Ala379Val,c.1136C>T,missense_variant,isoniazid,Uncertain significance,43,0.9069767441860463,2154976,0,0,HR-TB
SRR33384136,rrs,EBG00000313325,n.905C>A,n.905C>A,non_coding_transcript_exon_variant,streptomycin,Uncertain significance,107,1.0,1472750,0,1,Pre-XDR-TB
SRR33384136,rrs,EBG00000313325,n.905C>A,n.905C>A,non_coding_transcript_exon_variant,amikacin,Uncertain significance,107,1.0,1472750,0,1,Pre-XDR-TB
SRR33384136,rrs,EBG00000313325,n.905C>A,n.905C>A,non_coding_transcript_exon_variant,capreomycin,Uncertain significance,107,1.0,1472750,0,1,Pre-XDR-TB
SRR33384136,rrs,EBG00000313325,n.905C>A,n.905C>A,non_coding_transcript_exon_variant,kanamycin,Uncertain significance,107,1.0,1472750,0,1,Pre-XDR-TB
SRR33384136,ethA,Rv3854c,c.-11A>G,c.-11A>G,upstream_gene_variant,ethionamide,Uncertain significance,108,1.0092592592592593,4327484,0,1,Pre-XDR-TB
SRR33384136,ethA,Rv3854c,c.-11A>G,c.-11A>G,upstream_gene_variant,prothionamide,Uncertain significance,108,1.0092592592592593,4327484,0,1,Pre-XDR-TB
SRR33384137,inhA,Rv1484,p.Ile21Thr,c.62T>C,missense_variant,ethionamide,Uncertain significance,152,1.0,1674263,0,1,XDR-TB
SRR33384137,inhA,Rv1484,p.Ile21Thr,c.62T>C,missense_variant,isoniazid,Uncertain significance,152,1.0,1674263,0,1,XDR-TB
SRR33384137,inhA,Rv1484,p.Ile21Thr,c.62T>C,missense_variant,prothionamide,Uncertain significance,152,1.0,1674263,0,1,XDR-TB
SRR33384138,rrs,EBG00000313325,n.1401A>G,n.1401A>G,non_coding_transcript_exon_variant,streptomycin,Uncertain significance,80,0.95,1473246,0,1,Pre-XDR-TB
SRR33384138,ethA,Rv3854c,p.Ala381Pro,c.1141G>C,missense_variant,ethionamide,Uncertain significance,97,1.0,4326333,0,1,Pre-XDR-TB
SRR33384138,ethA,Rv3854c,p.Ala381Pro,c.1141G>C,missense_variant,prothionamide,Uncertain significance,97,1.0,4326333,0,1,Pre-XDR-TB
SRR33384138,gid,Rv3919c,p.Leu79Ser,c.236T>C,missense_variant,streptomycin,Uncertain significance,91,1.043956043956044,4407967,0,1,Pre-XDR-TB
SRR33384139,rrs,EBG00000313325,n.1401A>G,n.1401A>G,non_coding_transcript_exon_variant,streptomycin,Uncertain significance,136,1.0,1473246,0,1,Pre-XDR-TB
SRR33384139,ethA,Rv3854c,c.-11A>G,c.-11A>G,upstream_gene_variant,ethionamide,Uncertain significance,126,1.0,4327484,0,1,Pre-XDR-TB
SRR33384139,ethA,Rv3854c,c.-11A>G,c.-11A>G,upstream_gene_variant,prothionamide,Uncertain significance,126,1.0,4327484,0,1,Pre-XDR-TB
SRR33384141,embA,Rv3794,c.-16C>G,c.-16C>G,upstream_gene_variant,ethambutol,Uncertain significance,95,1.0,4243217,0,1,Pre-XDR-TB
SRR33384141,embB,Rv3795,p.Glu405Asp,c.1215G>C,missense_variant,ethambutol,Uncertain significance,110,1.0,4247728,0,1,Pre-XDR-TB
SRR33384142,inhA,Rv1484,p.Ile21Thr,c.62T>C,missense_variant,ethionamide,Uncertain significance,91,1.0,1674263,0,1,Pre-XDR-TB
SRR33384142,inhA,Rv1484,p.Ile21Thr,c.62T>C,missense_variant,isoniazid,Uncertain significance,91,1.0,1674263,0,1,Pre-XDR-TB
SRR33384142,inhA,Rv1484,p.Ile21Thr,c.62T>C,missense_variant,prothionamide,Uncertain significance,91,1.0,1674263,0,1,Pre-XDR-TB
SRR33384143,rrs,EBG00000313325,n.1401A>G,n.1401A>G,non_coding_transcript_exon_variant,streptomycin,Uncertain significance,122,1.0081967213114753,1473246,0,1,Pre-XDR-TB
SRR33384143,ethA,Rv3854c,c.-11A>G,c.-11A>G,upstream_gene_variant,ethionamide,Uncertain significance,109,1.0091743119266054,4327484,0,1,Pre-XDR-TB
SRR33384143,ethA,Rv3854c,c.-11A>G,c.-11A>G,upstream_gene_variant,prothionamide,Uncertain significance,109,1.0091743119266054,4327484,0,1,Pre-XDR-TB
SRR33384144,ethA,Rv3854c,p.Ala381Pro,c.1141G>C,missense_variant,ethionamide,Uncertain significance,113,1.0,4326333,0,1,Pre-XDR-TB
SRR33384144,ethA,Rv3854c,p.Ala381Pro,c.1141G>C,missense_variant,prothionamide,Uncertain significance,113,1.0,4326333,0,1,Pre-XDR-TB
SRR33384144,gid,Rv3919c,p.Leu79Ser,c.236T>C,missense_variant,streptomycin,Uncertain significance,115,1.008695652173913,4407967,0,1,Pre-XDR-TB
SRR33384145,rrs,EBG00000313325,n.517C>T,n.517C>T,non_coding_transcript_exon_variant,kanamycin,Uncertain significance,79,1.0,1472362,0,1,Pre-XDR-TB
SRR33384146,rrs,EBG00000313325,n.517C>T,n.517C>T,non_coding_transcript_exon_variant,kanamycin,Uncertain significance,102,1.0,1472362,0,1,Pre-XDR-TB
SRR33384146,embA,Rv3794,c.-29_-28delCT,c.-29_-28delCT,upstream_gene_variant,ethambutol,Uncertain significance,129,0.9069767441860463,4243203,0,1,Pre-XDR-TB
SRR33384147,ethA,Rv3854c,p.Ala381Pro,c.1141G>C,missense_variant,ethionamide,Uncertain significance,99,1.0,4326333,0,1,Pre-XDR-TB
SRR33384147,ethA,Rv3854c,p.Ala381Pro,c.1141G>C,missense_variant,prothionamide,Uncertain significance,99,1.0,4326333,0,1,Pre-XDR-TB
SRR33384147,gid,Rv3919c,p.Leu79Ser,c.236T>C,missense_variant,streptomycin,Uncertain significance,110,1.009090909090909,4407967,0,1,Pre-XDR-TB
SRR33384148,ethA,Rv3854c,p.Ala381Pro,c.1141G>C,missense_variant,ethionamide,Uncertain significance,140,1.0,4326333,0,1,XDR-TB
SRR33384148,ethA,Rv3854c,p.Ala381Pro,c.1141G>C,missense_variant,prothionamide,Uncertain significance,140,1.0,4326333,0,1,XDR-TB
SRR33384148,gid,Rv3919c,p.Leu79Ser,c.236T>C,missense_variant,streptomycin,Uncertain significance,133,1.0,4407967,0,1,XDR-TB
SRR33384149,rrs,EBG00000313325,n.1401A>G,n.1401A>G,non_coding_transcript_exon_variant,streptomycin,Uncertain significance,98,1.010204081632653,1473246,0,1,Pre-XDR-TB
SRR33384149,ethA,Rv3854c,c.-11A>G,c.-11A>G,upstream_gene_variant,ethionamide,Uncertain significance,68,1.0,4327484,0,1,Pre-XDR-TB
SRR33384149,ethA,Rv3854c,c.-11A>G,c.-11A>G,upstream_gene_variant,prothionamide,Uncertain significance,68,1.0,4327484,0,1,Pre-XDR-TB
SRR33384150,rrs,EBG00000313325,n.1401A>G,n.1401A>G,non_coding_transcript_exon_variant,streptomycin,Uncertain significance,104,1.0096153846153846,1473246,0,1,Pre-XDR-TB
SRR33384150,ethA,Rv3854c,c.-11A>G,c.-11A>G,upstream_gene_variant,ethionamide,Uncertain significance,88,1.0113636363636365,4327484,0,1,Pre-XDR-TB
SRR33384150,ethA,Rv3854c,c.-11A>G,c.-11A>G,upstream_gene_variant,prothionamide,Uncertain significance,88,1.0113636363636365,4327484,0,1,Pre-XDR-TB
SRR33384151,ethA,Rv3854c,p.Ala381Pro,c.1141G>C,missense_variant,ethionamide,Uncertain significance,83,1.0,4326333,0,1,Pre-XDR-TB
SRR33384151,ethA,Rv3854c,p.Ala381Pro,c.1141G>C,missense_variant,prothionamide,Uncertain significance,83,1.0,4326333,0,1,Pre-XDR-TB
SRR33384151,gid,Rv3919c,p.Leu79Ser,c.236T>C,missense_variant,streptomycin,Uncertain significance,62,1.0,4407967,0,1,Pre-XDR-TB
SRR33384153,ethA,Rv3854c,p.Ala381Pro,c.1141G>C,missense_variant,ethionamide,Uncertain significance,125,1.0,4326333,0,1,Pre-XDR-TB
SRR33384153,ethA,Rv3854c,p.Ala381Pro,c.1141G>C,missense_variant,prothionamide,Uncertain significance,125,1.0,4326333,0,1,Pre-XDR-TB
SRR33384153,gid,Rv3919c,p.Leu79Ser,c.236T>C,missense_variant,streptomycin,Uncertain significance,112,1.0,4407967,0,1,Pre-XDR-TB
SRR33384154,katG,Rv1908c,p.Asn138Ser,c.413A>G,missense_variant,isoniazid,Uncertain significance,114,1.0,2155699,0,0,HR-TB
SRR33384155,ethA,Rv3854c,p.Ala381Pro,c.1141G>C,missense_variant,ethionamide,Uncertain significance,127,1.0,4326333,0,1,Pre-XDR-TB
SRR33384155,ethA,Rv3854c,p.Ala381Pro,c.1141G>C,missense_variant,prothionamide,Uncertain significance,127,1.0,4326333,0,1,Pre-XDR-TB
SRR33384155,gid,Rv3919c,p.Leu79Ser,c.236T>C,missense_variant,streptomycin,Uncertain significance,139,1.0,4407967,0,1,Pre-XDR-TB
SRR33384156,rrs,EBG00000313325,n.1401A>G,n.1401A>G,non_coding_transcript_exon_variant,streptomycin,Uncertain significance,108,1.0,1473246,0,1,XDR-TB
SRR33384156,ethA,Rv3854c,c.-11A>G,c.-11A>G,upstream_gene_variant,ethionamide,Uncertain significance,113,1.0,4327484,0,1,XDR-TB
SRR33384156,ethA,Rv3854c,c.-11A>G,c.-11A>G,upstream_gene_variant,prothionamide,Uncertain significance,113,1.0,4327484,0,1,XDR-TB
SRR33384157,embA,Rv3794,c.-16C>G,c.-16C>G,upstream_gene_variant,ethambutol,Uncertain significance,108,0.9907407407407408,4243217,0,1,XDR-TB
SRR33384157,embB,Rv3795,p.Glu405Asp,c.1215G>C,missense_variant,ethambutol,Uncertain significance,122,1.0,4247728,0,1,XDR-TB
SRR33384158,ethA,Rv3854c,p.Ala381Pro,c.1141G>C,missense_variant,ethionamide,Uncertain significance,121,1.008264462809917,4326333,0,1,Pre-XDR-TB
SRR33384158,ethA,Rv3854c,p.Ala381Pro,c.1141G>C,missense_variant,prothionamide,Uncertain significance,121,1.008264462809917,4326333,0,1,Pre-XDR-TB
SRR33384158,gid,Rv3919c,p.Leu79Ser,c.236T>C,missense_variant,streptomycin,Uncertain significance,120,1.0166666666666666,4407967,0,1,Pre-XDR-TB
SRR33384159,embA,Rv3794,c.-16C>G,c.-16C>G,upstream_gene_variant,ethambutol,Uncertain significance,139,1.0071942446043165,4243217,0,1,XDR-TB
SRR33384159,embB,Rv3795,p.Glu405Asp,c.1215G>C,missense_variant,ethambutol,Uncertain significance,128,1.0,4247728,0,1,XDR-TB
SRR33384161,rrs,EBG00000313325,n.1401A>G,n.1401A>G,non_coding_transcript_exon_variant,streptomycin,Uncertain significance,89,1.0112359550561798,1473246,0,1,Pre-XDR-TB
SRR33384161,ethA,Rv3854c,c.-11A>G,c.-11A>G,upstream_gene_variant,ethionamide,Uncertain significance,118,1.0,4327484,0,1,Pre-XDR-TB
SRR33384161,ethA,Rv3854c,c.-11A>G,c.-11A>G,upstream_gene_variant,prothionamide,Uncertain significance,118,1.0,4327484,0,1,Pre-XDR-TB
SRR33384162,katG,Rv1908c,p.Asn138Ser,c.413A>G,missense_variant,isoniazid,Uncertain significance,101,1.00990099009901,2155699,0,0,HR-TB
SRR33384163,embA,Rv3794,c.-16C>G,c.-16C>G,upstream_gene_variant,ethambutol,Uncertain significance,119,0.9915966386554622,4243217,0,1,XDR-TB
SRR33384163,embB,Rv3795,p.Glu405Asp,c.1215G>C,missense_variant,ethambutol,Uncertain significance,106,1.0,4247728,0,1,XDR-TB
SRR33384164,ethA,Rv3854c,p.Ala381Pro,c.1141G>C,missense_variant,ethionamide,Uncertain significance,117,1.0,4326333,0,1,Pre-XDR-TB
SRR33384164,ethA,Rv3854c,p.Ala381Pro,c.1141G>C,missense_variant,prothionamide,Uncertain significance,117,1.0,4326333,0,1,Pre-XDR-TB
SRR33384164,gid,Rv3919c,p.Leu79Ser,c.236T>C,missense_variant,streptomycin,Uncertain significance,136,1.0,4407967,0,1,Pre-XDR-TB
SRR33384166,rrs,EBG00000313325,n.1401A>G,n.1401A>G,non_coding_transcript_exon_variant,streptomycin,Uncertain significance,114,1.0,1473246,0,1,Pre-XDR-TB
SRR33384166,ethA,Rv3854c,p.Ala381Pro,c.1141G>C,missense_variant,ethionamide,Uncertain significance,100,0.99,4326333,0,1,Pre-XDR-TB
SRR33384166,ethA,Rv3854c,p.Ala381Pro,c.1141G>C,missense_variant,prothionamide,Uncertain significance,100,0.99,4326333,0,1,Pre-XDR-TB
SRR33384166,gid,Rv3919c,p.Leu79Ser,c.236T>C,missense_variant,streptomycin,Uncertain significance,127,0.9763779527559056,4407967,0,1,Pre-XDR-TB
SRR33384167,rrs,EBG00000313325,n.1401A>G,n.1401A>G,non_coding_transcript_exon_variant,streptomycin,Uncertain significance,138,0.4927536231884058,1473246,0,1,Pre-XDR-TB
SRR33384167,ethA,Rv3854c,c.-11A>G,c.-11A>G,upstream_gene_variant,ethionamide,Uncertain significance,88,1.0,4327484,0,1,Pre-XDR-TB
SRR33384167,ethA,Rv3854c,c.-11A>G,c.-11A>G,upstream_gene_variant,prothionamide,Uncertain significance,88,1.0,4327484,0,1,Pre-XDR-TB
SRR33384168,ethA,Rv3854c,p.Ala381Pro,c.1141G>C,missense_variant,ethionamide,Uncertain significance,100,1.0,4326333,0,1,Pre-XDR-TB
SRR33384168,ethA,Rv3854c,p.Ala381Pro,c.1141G>C,missense_variant,prothionamide,Uncertain significance,100,1.0,4326333,0,1,Pre-XDR-TB
SRR33384168,gid,Rv3919c,p.Leu79Ser,c.236T>C,missense_variant,streptomycin,Uncertain significance,111,1.009009009009009,4407967,0,1,Pre-XDR-TB
SRR33384169,rrs,EBG00000313325,n.1401A>G,n.1401A>G,non_coding_transcript_exon_variant,streptomycin,Uncertain significance,150,1.0,1473246,0,1,Pre-XDR-TB
SRR33384169,ethA,Rv3854c,p.Ala381Pro,c.1141G>C,missense_variant,ethionamide,Uncertain significance,198,1.0,4326333,0,1,Pre-XDR-TB
SRR33384169,ethA,Rv3854c,p.Ala381Pro,c.1141G>C,missense_variant,prothionamide,Uncertain significance,198,1.0,4326333,0,1,Pre-XDR-TB
SRR33384169,gid,Rv3919c,p.Leu79Ser,c.236T>C,missense_variant,streptomycin,Uncertain significance,186,1.010752688172043,4407967,0,1,Pre-XDR-TB
SRR33384170,rrs,EBG00000313325,n.878G>A,n.878G>A,non_coding_transcript_exon_variant,amikacin,Uncertain significance,189,0.9947089947089948,1472723,0,1,Pre-XDR-TB
SRR33384170,rrs,EBG00000313325,n.878G>A,n.878G>A,non_coding_transcript_exon_variant,capreomycin,Uncertain significance,189,0.9947089947089948,1472723,0,1,Pre-XDR-TB
SRR33384170,rrs,EBG00000313325,n.878G>A,n.878G>A,non_coding_transcript_exon_variant,kanamycin,Uncertain significance,189,0.9947089947089948,1472723,0,1,Pre-XDR-TB
SRR33384170,embA,Rv3794,c.-16C>G,c.-16C>G,upstream_gene_variant,ethambutol,Uncertain significance,171,1.0058479532163742,4243217,0,1,Pre-XDR-TB
SRR33384170,ethA,Rv3854c,c.1192_1194dupGTG,c.1192_1194dupGTG,conservative_inframe_insertion,ethionamide,Uncertain significance,200,0.91,4326279,0,1,Pre-XDR-TB
SRR33384170,ethA,Rv3854c,c.1192_1194dupGTG,c.1192_1194dupGTG,conservative_inframe_insertion,prothionamide,Uncertain significance,200,0.91,4326279,0,1,Pre-XDR-TB
SRR33384171,rrs,EBG00000313325,n.1401A>G,n.1401A>G,non_coding_transcript_exon_variant,streptomycin,Uncertain significance,135,1.0,1473246,0,1,Pre-XDR-TB
SRR33384171,ethA,Rv3854c,c.-11A>G,c.-11A>G,upstream_gene_variant,ethionamide,Uncertain significance,155,1.0,4327484,0,1,Pre-XDR-TB
SRR33384171,ethA,Rv3854c,c.-11A>G,c.-11A>G,upstream_gene_variant,prothionamide,Uncertain significance,155,1.0,4327484,0,1,Pre-XDR-TB
SRR33384172,rrs,EBG00000313325,n.1401A>G,n.1401A>G,non_coding_transcript_exon_variant,streptomycin,Uncertain significance,156,1.0,1473246,0,1,Pre-XDR-TB
SRR33384172,ethA,Rv3854c,c.-11A>G,c.-11A>G,upstream_gene_variant,ethionamide,Uncertain significance,126,1.0,4327484,0,1,Pre-XDR-TB
SRR33384172,ethA,Rv3854c,c.-11A>G,c.-11A>G,upstream_gene_variant,prothionamide,Uncertain significance,126,1.0,4327484,0,1,Pre-XDR-TB
SRR33384175,ethA,Rv3854c,p.Ala381Pro,c.1141G>C,missense_variant,ethionamide,Uncertain significance,152,1.006578947368421,4326333,0,1,MDR-TB
SRR33384175,ethA,Rv3854c,p.Ala381Pro,c.1141G>C,missense_variant,prothionamide,Uncertain significance,152,1.006578947368421,4326333,0,1,MDR-TB
SRR33384175,gid,Rv3919c,p.Leu79Ser,c.236T>C,missense_variant,streptomycin,Uncertain significance,149,1.0,4407967,0,1,MDR-TB
SRR33384177,ethA,Rv3854c,p.Thr342Lys,c.1025C>A,missense_variant,ethionamide,Uncertain significance,161,0.9937888198757764,4326449,0,1,Pre-XDR-TB
SRR33384177,ethA,Rv3854c,p.Thr342Lys,c.1025C>A,missense_variant,prothionamide,Uncertain significance,161,0.9937888198757764,4326449,0,1,Pre-XDR-TB
SRR33384178,rrs,EBG00000313325,n.1401A>G,n.1401A>G,non_coding_transcript_exon_variant,streptomycin,Uncertain significance,119,1.0,1473246,0,1,Pre-XDR-TB
SRR33384178,ethA,Rv3854c,c.-11A>G,c.-11A>G,upstream_gene_variant,ethionamide,Uncertain significance,141,1.0,4327484,0,1,Pre-XDR-TB
SRR33384178,ethA,Rv3854c,c.-11A>G,c.-11A>G,upstream_gene_variant,prothionamide,Uncertain significance,141,1.0,4327484,0,1,Pre-XDR-TB
SRR33384179,rrs,EBG00000313325,n.1401A>G,n.1401A>G,non_coding_transcript_exon_variant,streptomycin,Uncertain significance,171,1.0,1473246,0,1,Pre-XDR-TB
SRR33384179,ethA,Rv3854c,p.Ala381Pro,c.1141G>C,missense_variant,ethionamide,Uncertain significance,178,1.0,4326333,0,1,Pre-XDR-TB
SRR33384179,ethA,Rv3854c,p.Ala381Pro,c.1141G>C,missense_variant,prothionamide,Uncertain significance,178,1.0,4326333,0,1,Pre-XDR-TB
SRR33384179,gid,Rv3919c,p.Leu79Ser,c.236T>C,missense_variant,streptomycin,Uncertain significance,175,1.0,4407967,0,1,Pre-XDR-TB
SRR33384180,rrs,EBG00000313325,n.878G>A,n.878G>A,non_coding_transcript_exon_variant,amikacin,Uncertain significance,112,1.0,1472723,0,1,Pre-XDR-TB
SRR33384180,rrs,EBG00000313325,n.878G>A,n.878G>A,non_coding_transcript_exon_variant,capreomycin,Uncertain significance,112,1.0,1472723,0,1,Pre-XDR-TB
SRR33384180,rrs,EBG00000313325,n.878G>A,n.878G>A,non_coding_transcript_exon_variant,kanamycin,Uncertain significance,112,1.0,1472723,0,1,Pre-XDR-TB
SRR33384180,embA,Rv3794,c.-16C>G,c.-16C>G,upstream_gene_variant,ethambutol,Uncertain significance,98,1.010204081632653,4243217,0,1,Pre-XDR-TB
SRR33384180,ethA,Rv3854c,c.1192_1194dupGTG,c.1192_1194dupGTG,conservative_inframe_insertion,ethionamide,Uncertain significance,125,0.92,4326279,0,1,Pre-XDR-TB
SRR33384180,ethA,Rv3854c,c.1192_1194dupGTG,c.1192_1194dupGTG,conservative_inframe_insertion,prothionamide,Uncertain significance,125,0.92,4326279,0,1,Pre-XDR-TB
SRR33384181,rrs,EBG00000313325,n.1401A>G,n.1401A>G,non_coding_transcript_exon_variant,streptomycin,Uncertain significance,81,1.0123456790123455,1473246,0,1,Pre-XDR-TB
SRR33384181,ethA,Rv3854c,c.-11A>G,c.-11A>G,upstream_gene_variant,ethionamide,Uncertain significance,129,1.0,4327484,0,1,Pre-XDR-TB
SRR33384181,ethA,Rv3854c,c.-11A>G,c.-11A>G,upstream_gene_variant,prothionamide,Uncertain significance,129,1.0,4327484,0,1,Pre-XDR-TB
SRR33384182,rrs,EBG00000313325,n.462C>T,n.462C>T,non_coding_transcript_exon_variant,streptomycin,Uncertain significance,89,1.0,1472307,0,0,HR-TB
SRR33384182,rrs,EBG00000313325,n.462C>T,n.462C>T,non_coding_transcript_exon_variant,amikacin,Uncertain significance,89,1.0,1472307,0,0,HR-TB
SRR33384182,rrs,EBG00000313325,n.462C>T,n.462C>T,non_coding_transcript_exon_variant,capreomycin,Uncertain significance,89,1.0,1472307,0,0,HR-TB
SRR33384182,rrs,EBG00000313325,n.462C>T,n.462C>T,non_coding_transcript_exon_variant,kanamycin,Uncertain significance,89,1.0,1472307,0,0,HR-TB
SRR33384182,katG,Rv1908c,p.Ala379Val,c.1136C>T,missense_variant,isoniazid,Uncertain significance,23,1.0,2154976,0,0,HR-TB
SRR33384183,rrs,EBG00000313325,n.1401A>G,n.1401A>G,non_coding_transcript_exon_variant,streptomycin,Uncertain significance,56,1.0,1473246,0,1,Pre-XDR-TB
SRR33384183,ethA,Rv3854c,p.Ala381Pro,c.1141G>C,missense_variant,ethionamide,Uncertain significance,61,1.0,4326333,0,1,Pre-XDR-TB
SRR33384183,ethA,Rv3854c,p.Ala381Pro,c.1141G>C,missense_variant,prothionamide,Uncertain significance,61,1.0,4326333,0,1,Pre-XDR-TB
SRR33384183,gid,Rv3919c,p.Leu79Ser,c.236T>C,missense_variant,streptomycin,Uncertain significance,58,1.0,4407967,0,1,Pre-XDR-TB
SRR33384184,rrs,EBG00000313325,n.1401A>G,n.1401A>G,non_coding_transcript_exon_variant,streptomycin,Uncertain significance,93,1.021505376344086,1473246,0,1,Pre-XDR-TB
SRR33384184,ethA,Rv3854c,p.Ala381Pro,c.1141G>C,missense_variant,ethionamide,Uncertain significance,115,1.0,4326333,0,1,Pre-XDR-TB
SRR33384184,ethA,Rv3854c,p.Ala381Pro,c.1141G>C,missense_variant,prothionamide,Uncertain significance,115,1.0,4326333,0,1,Pre-XDR-TB
SRR33384184,gid,Rv3919c,p.Leu79Ser,c.236T>C,missense_variant,streptomycin,Uncertain significance,87,1.0344827586206895,4407967,0,1,Pre-XDR-TB
SRR33384185,rrs,EBG00000313325,n.1401A>G,n.1401A>G,non_coding_transcript_exon_variant,streptomycin,Uncertain significance,134,1.0,1473246,0,1,Pre-XDR-TB
SRR33384185,ethA,Rv3854c,c.-11A>G,c.-11A>G,upstream_gene_variant,ethionamide,Uncertain significance,173,1.0,4327484,0,1,Pre-XDR-TB
SRR33384185,ethA,Rv3854c,c.-11A>G,c.-11A>G,upstream_gene_variant,prothionamide,Uncertain significance,173,1.0,4327484,0,1,Pre-XDR-TB
SRR33384187,rrs,EBG00000313325,n.1401A>G,n.1401A>G,non_coding_transcript_exon_variant,streptomycin,Uncertain significance,128,1.0,1473246,0,1,Pre-XDR-TB
SRR33384187,ethA,Rv3854c,c.-11A>G,c.-11A>G,upstream_gene_variant,ethionamide,Uncertain significance,136,1.0,4327484,0,1,Pre-XDR-TB
SRR33384187,ethA,Rv3854c,c.-11A>G,c.-11A>G,upstream_gene_variant,prothionamide,Uncertain significance,136,1.0,4327484,0,1,Pre-XDR-TB
SRR33384188,ethA,Rv3854c,c.-11A>G,c.-11A>G,upstream_gene_variant,ethionamide,Uncertain significance,121,1.0,4327484,0,1,Pre-XDR-TB
SRR33384188,ethA,Rv3854c,c.-11A>G,c.-11A>G,upstream_gene_variant,prothionamide,Uncertain significance,121,1.0,4327484,0,1,Pre-XDR-TB
SRR33384190,ethA,Rv3854c,c.-11A>G,c.-11A>G,upstream_gene_variant,ethionamide,Uncertain significance,94,1.0,4327484,0,1,MDR-TB
SRR33384190,ethA,Rv3854c,c.-11A>G,c.-11A>G,upstream_gene_variant,prothionamide,Uncertain significance,94,1.0,4327484,0,1,MDR-TB
SRR33384191,ahpC,Rv2428,c.-48G>A,c.-48G>A,upstream_gene_variant,isoniazid,Uncertain significance,124,1.0,2726145,0,0,XDR-TB
SRR33384192,ethA,Rv3854c,p.Ala381Pro,c.1141G>C,missense_variant,ethionamide,Uncertain significance,85,1.0,4326333,0,1,XDR-TB
SRR33384192,ethA,Rv3854c,p.Ala381Pro,c.1141G>C,missense_variant,prothionamide,Uncertain significance,85,1.0,4326333,0,1,XDR-TB
SRR33384192,gid,Rv3919c,p.Leu79Ser,c.236T>C,missense_variant,streptomycin,Uncertain significance,120,1.0,4407967,0,1,XDR-TB
SRR33384194,rrs,EBG00000313325,n.878G>A,n.878G>A,non_coding_transcript_exon_variant,amikacin,Uncertain significance,115,1.0,1472723,0,1,XDR-TB
SRR33384194,rrs,EBG00000313325,n.878G>A,n.878G>A,non_coding_transcript_exon_variant,capreomycin,Uncertain significance,115,1.0,1472723,0,1,XDR-TB
SRR33384194,rrs,EBG00000313325,n.878G>A,n.878G>A,non_coding_transcript_exon_variant,kanamycin,Uncertain significance,115,1.0,1472723,0,1,XDR-TB
SRR33384194,embA,Rv3794,c.-16C>G,c.-16C>G,upstream_gene_variant,ethambutol,Uncertain significance,102,1.0,4243217,0,1,XDR-TB
SRR33384194,ethA,Rv3854c,c.1192_1194dupGTG,c.1192_1194dupGTG,conservative_inframe_insertion,ethionamide,Uncertain significance,114,0.9649122807017544,4326279,0,1,XDR-TB
SRR33384194,ethA,Rv3854c,c.1192_1194dupGTG,c.1192_1194dupGTG,conservative_inframe_insertion,prothionamide,Uncertain significance,114,0.9649122807017544,4326279,0,1,XDR-TB
SRR33384195,rrs,EBG00000313325,n.1401A>G,n.1401A>G,non_coding_transcript_exon_variant,streptomycin,Uncertain significance,89,1.0,1473246,0,1,Pre-XDR-TB
SRR33384195,ethA,Rv3854c,c.-11A>G,c.-11A>G,upstream_gene_variant,ethionamide,Uncertain significance,106,1.0,4327484,0,1,Pre-XDR-TB
SRR33384195,ethA,Rv3854c,c.-11A>G,c.-11A>G,upstream_gene_variant,prothionamide,Uncertain significance,106,1.0,4327484,0,1,Pre-XDR-TB
SRR33384197,rrs,EBG00000313325,n.1401A>G,n.1401A>G,non_coding_transcript_exon_variant,streptomycin,Uncertain significance,88,1.0113636363636365,1473246,0,1,XDR-TB
SRR33384197,ethA,Rv3854c,p.Ala381Pro,c.1141G>C,missense_variant,ethionamide,Uncertain significance,91,1.0,4326333,0,1,XDR-TB
SRR33384197,ethA,Rv3854c,p.Ala381Pro,c.1141G>C,missense_variant,prothionamide,Uncertain significance,91,1.0,4326333,0,1,XDR-TB
SRR33384197,gid,Rv3919c,p.Leu79Ser,c.236T>C,missense_variant,streptomycin,Uncertain significance,113,1.0,4407967,0,1,XDR-TB
SRR33384198,ethA,Rv3854c,c.-11A>G,c.-11A>G,upstream_gene_variant,ethionamide,Uncertain significance,94,1.0106382978723405,4327484,0,1,Pre-XDR-TB
SRR33384198,ethA,Rv3854c,c.-11A>G,c.-11A>G,upstream_gene_variant,prothionamide,Uncertain significance,94,1.0106382978723405,4327484,0,1,Pre-XDR-TB
SRR33384199,rrs,EBG00000313325,n.1401A>G,n.1401A>G,non_coding_transcript_exon_variant,streptomycin,Uncertain significance,89,1.0,1473246,0,1,Pre-XDR-TB
SRR33384199,ethA,Rv3854c,p.Ala381Pro,c.1141G>C,missense_variant,ethionamide,Uncertain significance,88,1.0,4326333,0,1,Pre-XDR-TB
SRR33384199,ethA,Rv3854c,p.Ala381Pro,c.1141G>C,missense_variant,prothionamide,Uncertain significance,88,1.0,4326333,0,1,Pre-XDR-TB
SRR33384199,gid,Rv3919c,p.Leu79Ser,c.236T>C,missense_variant,streptomycin,Uncertain significance,83,1.0,4407967,0,1,Pre-XDR-TB
SRR33384201,rrs,EBG00000313325,n.1401A>G,n.1401A>G,non_coding_transcript_exon_variant,streptomycin,Uncertain significance,75,1.0133333333333334,1473246,0,1,XDR-TB
SRR33384201,ethA,Rv3854c,c.-11A>G,c.-11A>G,upstream_gene_variant,ethionamide,Uncertain significance,102,1.0,4327484,0,1,XDR-TB
SRR33384201,ethA,Rv3854c,c.-11A>G,c.-11A>G,upstream_gene_variant,prothionamide,Uncertain significance,102,1.0,4327484,0,1,XDR-TB
SRR33384202,rrs,EBG00000313325,n.1401A>G,n.1401A>G,non_coding_transcript_exon_variant,streptomycin,Uncertain significance,102,1.0098039215686274,1473246,0,1,Pre-XDR-TB
SRR33384202,ethA,Rv3854c,c.-11A>G,c.-11A>G,upstream_gene_variant,ethionamide,Uncertain significance,95,1.0,4327484,0,1,Pre-XDR-TB
SRR33384202,ethA,Rv3854c,c.-11A>G,c.-11A>G,upstream_gene_variant,prothionamide,Uncertain significance,95,1.0,4327484,0,1,Pre-XDR-TB
SRR33384204,inhA,Rv1484,p.Ile194Thr,c.581T>C,missense_variant,ethionamide,Uncertain significance,127,0.3228346456692913,1674782,0,0,Pre-XDR-TB
SRR33384204,inhA,Rv1484,p.Ile194Thr,c.581T>C,missense_variant,isoniazid,Uncertain significance,127,0.3228346456692913,1674782,0,0,Pre-XDR-TB
SRR33384204,inhA,Rv1484,p.Ile194Thr,c.581T>C,missense_variant,prothionamide,Uncertain significance,127,0.3228346456692913,1674782,0,0,Pre-XDR-TB
SRR33384206,fbiC,Rv1173,p.Trp198*,c.593G>A,stop_gained,clofazimine,Uncertain significance,80,0.4,1303523,0,1,MDR-TB
SRR33384206,rrs,EBG00000313325,n.1402C>T,n.1402C>T,non_coding_transcript_exon_variant,streptomycin,Uncertain significance,122,1.0,1473247,0,1,MDR-TB
SRR33384207,rrs,EBG00000313325,n.1401A>G,n.1401A>G,non_coding_transcript_exon_variant,streptomycin,Uncertain significance,85,1.0,1473246,0,1,Pre-XDR-TB
SRR33384207,ethA,Rv3854c,c.-11A>G,c.-11A>G,upstream_gene_variant,ethionamide,Uncertain significance,94,1.0,4327484,0,1,Pre-XDR-TB
SRR33384207,ethA,Rv3854c,c.-11A>G,c.-11A>G,upstream_gene_variant,prothionamide,Uncertain significance,94,1.0,4327484,0,1,Pre-XDR-TB
SRR33384208,rrs,EBG00000313325,n.1401A>G,n.1401A>G,non_coding_transcript_exon_variant,streptomycin,Uncertain significance,83,1.0,1473246,0,1,Pre-XDR-TB
SRR33384208,ethA,Rv3854c,c.-11A>G,c.-11A>G,upstream_gene_variant,ethionamide,Uncertain significance,115,1.008695652173913,4327484,0,1,Pre-XDR-TB
SRR33384208,ethA,Rv3854c,c.-11A>G,c.-11A>G,upstream_gene_variant,prothionamide,Uncertain significance,115,1.008695652173913,4327484,0,1,Pre-XDR-TB
SRR33384209,inhA,Rv1484,p.Ile21Thr,c.62T>C,missense_variant,ethionamide,Uncertain significance,117,1.0,1674263,0,1,XDR-TB
SRR33384209,inhA,Rv1484,p.Ile21Thr,c.62T>C,missense_variant,isoniazid,Uncertain significance,117,1.0,1674263,0,1,XDR-TB
SRR33384209,inhA,Rv1484,p.Ile21Thr,c.62T>C,missense_variant,prothionamide,Uncertain significance,117,1.0,1674263,0,1,XDR-TB
SRR33384210,inhA,Rv1484,p.Ile21Thr,c.62T>C,missense_variant,ethionamide,Uncertain significance,67,1.0149253731343284,1674263,0,1,XDR-TB
SRR33384210,inhA,Rv1484,p.Ile21Thr,c.62T>C,missense_variant,isoniazid,Uncertain significance,67,1.0149253731343284,1674263,0,1,XDR-TB
SRR33384210,inhA,Rv1484,p.Ile21Thr,c.62T>C,missense_variant,prothionamide,Uncertain significance,67,1.0149253731343284,1674263,0,1,XDR-TB
SRR33384212,rrs,EBG00000313325,n.878G>A,n.878G>A,non_coding_transcript_exon_variant,amikacin,Uncertain significance,165,0.4484848484848485,1472723,0,1,XDR-TB
SRR33384212,rrs,EBG00000313325,n.878G>A,n.878G>A,non_coding_transcript_exon_variant,capreomycin,Uncertain significance,165,0.4484848484848485,1472723,0,1,XDR-TB
SRR33384212,rrs,EBG00000313325,n.878G>A,n.878G>A,non_coding_transcript_exon_variant,kanamycin,Uncertain significance,165,0.4484848484848485,1472723,0,1,XDR-TB
SRR33384212,embA,Rv3794,c.-16C>G,c.-16C>G,upstream_gene_variant,ethambutol,Uncertain significance,82,1.0,4243217,0,1,XDR-TB
SRR33384212,ethA,Rv3854c,c.1192_1194dupGTG,c.1192_1194dupGTG,conservative_inframe_insertion,ethionamide,Uncertain significance,104,0.875,4326279,0,1,XDR-TB
SRR33384212,ethA,Rv3854c,c.1192_1194dupGTG,c.1192_1194dupGTG,conservative_inframe_insertion,prothionamide,Uncertain significance,104,0.875,4326279,0,1,XDR-TB
SRR33384214,rrs,EBG00000313325,n.1401A>G,n.1401A>G,non_coding_transcript_exon_variant,streptomycin,Uncertain significance,120,1.0,1473246,0,1,Pre-XDR-TB
SRR33384214,ethA,Rv3854c,p.Ala381Pro,c.1141G>C,missense_variant,ethionamide,Uncertain significance,162,1.0,4326333,0,1,Pre-XDR-TB
SRR33384214,ethA,Rv3854c,p.Ala381Pro,c.1141G>C,missense_variant,prothionamide,Uncertain significance,162,1.0,4326333,0,1,Pre-XDR-TB
SRR33384214,gid,Rv3919c,p.Leu79Ser,c.236T>C,missense_variant,streptomycin,Uncertain significance,161,0.9937888198757764,4407967,0,1,Pre-XDR-TB
SRR33384216,rrs,EBG00000313325,n.1401A>G,n.1401A>G,non_coding_transcript_exon_variant,streptomycin,Uncertain significance,160,1.0,1473246,0,1,Pre-XDR-TB
SRR33384216,ethA,Rv3854c,c.-11A>G,c.-11A>G,upstream_gene_variant,ethionamide,Uncertain significance,183,1.0,4327484,0,1,Pre-XDR-TB
SRR33384216,ethA,Rv3854c,c.-11A>G,c.-11A>G,upstream_gene_variant,prothionamide,Uncertain significance,183,1.0,4327484,0,1,Pre-XDR-TB
SRR33384218,embA,Rv3794,c.-16C>G,c.-16C>G,upstream_gene_variant,ethambutol,Uncertain significance,156,1.0064102564102564,4243217,0,1,Pre-XDR-TB
SRR33384218,embB,Rv3795,p.Glu405Asp,c.1215G>C,missense_variant,ethambutol,Uncertain significance,176,1.0,4247728,0,1,Pre-XDR-TB
SRR33384219,rrs,EBG00000313325,n.1401A>G,n.1401A>G,non_coding_transcript_exon_variant,streptomycin,Uncertain significance,140,1.0,1473246,0,1,Pre-XDR-TB
SRR33384219,ethA,Rv3854c,c.-11A>G,c.-11A>G,upstream_gene_variant,ethionamide,Uncertain significance,115,1.0,4327484,0,1,Pre-XDR-TB
SRR33384219,ethA,Rv3854c,c.-11A>G,c.-11A>G,upstream_gene_variant,prothionamide,Uncertain significance,115,1.0,4327484,0,1,Pre-XDR-TB
SRR33384220,rpoC,Rv0668,p.Leu527Val,c.1579T>G,missense_variant,rifampicin,Uncertain significance,167,1.0,764948,0,1,Pre-XDR-TB
SRR33384220,rpoC,Rv0668,p.Leu527Val,c.1579T>G,missense_variant,rifapentine,Uncertain significance,167,1.0,764948,0,1,Pre-XDR-TB
SRR33384220,rrs,EBG00000313325,n.1401A>G,n.1401A>G,non_coding_transcript_exon_variant,streptomycin,Uncertain significance,173,1.0057803468208093,1473246,0,1,Pre-XDR-TB
SRR33384220,inhA,Rv1484,p.Ile194Thr,c.581T>C,missense_variant,ethionamide,Uncertain significance,147,1.0,1674782,0,1,Pre-XDR-TB
SRR33384220,inhA,Rv1484,p.Ile194Thr,c.581T>C,missense_variant,isoniazid,Uncertain significance,147,1.0,1674782,0,1,Pre-XDR-TB
SRR33384220,inhA,Rv1484,p.Ile194Thr,c.581T>C,missense_variant,prothionamide,Uncertain significance,147,1.0,1674782,0,1,Pre-XDR-TB
SRR33384220,ethR,Rv3855,p.Ala95Thr,c.283G>A,missense_variant,ethionamide,Uncertain significance,164,1.0060975609756098,4327831,0,1,Pre-XDR-TB
SRR33384220,ethR,Rv3855,p.Ala95Thr,c.283G>A,missense_variant,prothionamide,Uncertain significance,164,1.0060975609756098,4327831,0,1,Pre-XDR-TB
SRR33384221,rpoB,Rv0667,p.Phe424Leu,c.1270T>C,missense_variant,rifampicin,Uncertain significance,151,1.0066225165562914,761076,0,1,XDR-TB
SRR33384221,rpoB,Rv0667,p.Phe424Leu,c.1270T>C,missense_variant,rifapentine,Uncertain significance,151,1.0066225165562914,761076,0,1,XDR-TB
SRR33384221,embA,Rv3794,c.-12C>T,c.-12C>T,upstream_gene_variant,ethambutol,Uncertain significance,163,1.012269938650307,4243221,0,1,XDR-TB
SRR33384222,rrs,EBG00000313325,n.1401A>G,n.1401A>G,non_coding_transcript_exon_variant,streptomycin,Uncertain significance,191,1.0,1473246,0,1,Pre-XDR-TB
SRR33384222,ethA,Rv3854c,c.-11A>G,c.-11A>G,upstream_gene_variant,ethionamide,Uncertain significance,153,1.0,4327484,0,1,Pre-XDR-TB
SRR33384222,ethA,Rv3854c,c.-11A>G,c.-11A>G,upstream_gene_variant,prothionamide,Uncertain significance,153,1.0,4327484,0,1,Pre-XDR-TB
SRR33384224,rrs,EBG00000313325,n.1401A>G,n.1401A>G,non_coding_transcript_exon_variant,streptomycin,Uncertain significance,156,1.0064102564102564,1473246,0,1,Pre-XDR-TB
SRR33384224,ethA,Rv3854c,p.Ala381Pro,c.1141G>C,missense_variant,ethionamide,Uncertain significance,146,0.9931506849315068,4326333,0,1,Pre-XDR-TB
SRR33384224,ethA,Rv3854c,p.Ala381Pro,c.1141G>C,missense_variant,prothionamide,Uncertain significance,146,0.9931506849315068,4326333,0,1,Pre-XDR-TB
SRR33384224,gid,Rv3919c,p.Leu79Ser,c.236T>C,missense_variant,streptomycin,Uncertain significance,169,1.0059171597633136,4407967,0,1,Pre-XDR-TB
SRR33384225,rrs,EBG00000313325,n.1401A>G,n.1401A>G,non_coding_transcript_exon_variant,streptomycin,Uncertain significance,193,1.0,1473246,0,1,Pre-XDR-TB
SRR33384225,ethA,Rv3854c,c.-11A>G,c.-11A>G,upstream_gene_variant,ethionamide,Uncertain significance,155,1.0,4327484,0,1,Pre-XDR-TB
SRR33384225,ethA,Rv3854c,c.-11A>G,c.-11A>G,upstream_gene_variant,prothionamide,Uncertain significance,155,1.0,4327484,0,1,Pre-XDR-TB
SRR33384226,rrs,EBG00000313325,n.1401A>G,n.1401A>G,non_coding_transcript_exon_variant,streptomycin,Uncertain significance,174,1.0057471264367817,1473246,0,1,Pre-XDR-TB
SRR33384226,ethA,Rv3854c,c.-11A>G,c.-11A>G,upstream_gene_variant,ethionamide,Uncertain significance,129,1.0,4327484,0,1,Pre-XDR-TB
SRR33384226,ethA,Rv3854c,c.-11A>G,c.-11A>G,upstream_gene_variant,prothionamide,Uncertain significance,129,1.0,4327484,0,1,Pre-XDR-TB
SRR33384227,rrs,EBG00000313325,n.1401A>G,n.1401A>G,non_coding_transcript_exon_variant,streptomycin,Uncertain significance,145,1.0,1473246,0,1,Pre-XDR-TB
SRR33384227,ethA,Rv3854c,p.Ala381Pro,c.1141G>C,missense_variant,ethionamide,Uncertain significance,125,1.008,4326333,0,1,Pre-XDR-TB
SRR33384227,ethA,Rv3854c,p.Ala381Pro,c.1141G>C,missense_variant,prothionamide,Uncertain significance,125,1.008,4326333,0,1,Pre-XDR-TB
SRR33384227,gid,Rv3919c,p.Leu79Ser,c.236T>C,missense_variant,streptomycin,Uncertain significance,137,1.0072992700729928,4407967,0,1,Pre-XDR-TB
SRR33384228,inhA,Rv1484,p.Ile21Thr,c.62T>C,missense_variant,ethionamide,Uncertain significance,76,1.0,1674263,0,1,Pre-XDR-TB
SRR33384228,inhA,Rv1484,p.Ile21Thr,c.62T>C,missense_variant,isoniazid,Uncertain significance,76,1.0,1674263,0,1,Pre-XDR-TB
SRR33384228,inhA,Rv1484,p.Ile21Thr,c.62T>C,missense_variant,prothionamide,Uncertain significance,76,1.0,1674263,0,1,Pre-XDR-TB
SRR33384229,rrs,EBG00000313325,n.517C>T,n.517C>T,non_coding_transcript_exon_variant,kanamycin,Uncertain significance,84,1.0,1472362,0,1,XDR-TB
SRR33384229,inhA,Rv1484,p.Ile194Thr,c.581T>C,missense_variant,ethionamide,Uncertain significance,74,1.0,1674782,0,1,XDR-TB
SRR33384229,inhA,Rv1484,p.Ile194Thr,c.581T>C,missense_variant,isoniazid,Uncertain significance,74,1.0,1674782,0,1,XDR-TB
SRR33384229,inhA,Rv1484,p.Ile194Thr,c.581T>C,missense_variant,prothionamide,Uncertain significance,74,1.0,1674782,0,1,XDR-TB
SRR33384230,gyrB,Rv0005,p.Thr500Asn,c.1499C>A,missense_variant,levofloxacin,Uncertain significance,86,1.0,6738,0,0,HR-TB
SRR33384230,gyrB,Rv0005,p.Thr500Asn,c.1499C>A,missense_variant,moxifloxacin,Uncertain significance,86,1.0,6738,0,0,HR-TB
SRR33384230,rrs,EBG00000313325,n.462C>T,n.462C>T,non_coding_transcript_exon_variant,streptomycin,Uncertain significance,95,1.0,1472307,0,0,HR-TB
SRR33384230,rrs,EBG00000313325,n.462C>T,n.462C>T,non_coding_transcript_exon_variant,amikacin,Uncertain significance,95,1.0,1472307,0,0,HR-TB
SRR33384230,rrs,EBG00000313325,n.462C>T,n.462C>T,non_coding_transcript_exon_variant,capreomycin,Uncertain significance,95,1.0,1472307,0,0,HR-TB
SRR33384230,rrs,EBG00000313325,n.462C>T,n.462C>T,non_coding_transcript_exon_variant,kanamycin,Uncertain significance,95,1.0,1472307,0,0,HR-TB
SRR33384231,ethA,Rv3854c,p.Ala381Pro,c.1141G>C,missense_variant,ethionamide,Uncertain significance,74,1.0,4326333,0,1,Pre-XDR-TB
SRR33384231,ethA,Rv3854c,p.Ala381Pro,c.1141G>C,missense_variant,prothionamide,Uncertain significance,74,1.0,4326333,0,1,Pre-XDR-TB
SRR33384231,gid,Rv3919c,p.Leu79Ser,c.236T>C,missense_variant,streptomycin,Uncertain significance,83,1.0120481927710845,4407967,0,1,Pre-XDR-TB
SRR33384232,ethA,Rv3854c,p.Ala381Pro,c.1141G>C,missense_variant,ethionamide,Uncertain significance,109,1.0,4326333,0,1,Pre-XDR-TB
SRR33384232,ethA,Rv3854c,p.Ala381Pro,c.1141G>C,missense_variant,prothionamide,Uncertain significance,109,1.0,4326333,0,1,Pre-XDR-TB
SRR33384232,gid,Rv3919c,p.Leu79Ser,c.236T>C,missense_variant,streptomycin,Uncertain significance,73,1.0,4407967,0,1,Pre-XDR-TB
SRR33384233,rrs,EBG00000313325,n.1401A>G,n.1401A>G,non_coding_transcript_exon_variant,streptomycin,Uncertain significance,124,1.0,1473246,0,1,XDR-TB
SRR33384233,ethA,Rv3854c,p.Ala381Pro,c.1141G>C,missense_variant,ethionamide,Uncertain significance,149,1.0,4326333,0,1,XDR-TB
SRR33384233,ethA,Rv3854c,p.Ala381Pro,c.1141G>C,missense_variant,prothionamide,Uncertain significance,149,1.0,4326333,0,1,XDR-TB
SRR33384233,gid,Rv3919c,p.Leu79Ser,c.236T>C,missense_variant,streptomycin,Uncertain significance,145,1.006896551724138,4407967,0,1,XDR-TB
SRR33384234,rrs,EBG00000313325,n.1401A>G,n.1401A>G,non_coding_transcript_exon_variant,streptomycin,Uncertain significance,109,1.0,1473246,0,1,Pre-XDR-TB
SRR33384234,ethA,Rv3854c,p.Ala381Pro,c.1141G>C,missense_variant,ethionamide,Uncertain significance,136,1.0,4326333,0,1,Pre-XDR-TB
SRR33384234,ethA,Rv3854c,p.Ala381Pro,c.1141G>C,missense_variant,prothionamide,Uncertain significance,136,1.0,4326333,0,1,Pre-XDR-TB
SRR33384234,gid,Rv3919c,p.Leu79Ser,c.236T>C,missense_variant,streptomycin,Uncertain significance,128,1.0,4407967,0,1,Pre-XDR-TB
SRR33384237,rrs,EBG00000313325,n.1401A>G,n.1401A>G,non_coding_transcript_exon_variant,streptomycin,Uncertain significance,149,1.0067114093959733,1473246,0,1,Pre-XDR-TB
SRR33384237,ethA,Rv3854c,c.-11A>G,c.-11A>G,upstream_gene_variant,ethionamide,Uncertain significance,143,1.0,4327484,0,1,Pre-XDR-TB
SRR33384237,ethA,Rv3854c,c.-11A>G,c.-11A>G,upstream_gene_variant,prothionamide,Uncertain significance,143,1.0,4327484,0,1,Pre-XDR-TB
SRR33384238,rrs,EBG00000313325,n.1401A>G,n.1401A>G,non_coding_transcript_exon_variant,streptomycin,Uncertain significance,69,1.0144927536231885,1473246,0,1,XDR-TB
SRR33384238,ethA,Rv3854c,p.Ala381Pro,c.1141G>C,missense_variant,ethionamide,Uncertain significance,79,1.0,4326333,0,1,XDR-TB
SRR33384238,ethA,Rv3854c,p.Ala381Pro,c.1141G>C,missense_variant,prothionamide,Uncertain significance,79,1.0,4326333,0,1,XDR-TB
SRR33384238,gid,Rv3919c,p.Leu79Ser,c.236T>C,missense_variant,streptomycin,Uncertain significance,74,1.0,4407967,0,1,XDR-TB
SRR33384239,rrs,EBG00000313325,n.1401A>G,n.1401A>G,non_coding_transcript_exon_variant,streptomycin,Uncertain significance,136,1.0,1473246,0,1,Pre-XDR-TB
SRR33384239,ethA,Rv3854c,p.Ala381Pro,c.1141G>C,missense_variant,ethionamide,Uncertain significance,93,1.0,4326333,0,1,Pre-XDR-TB
SRR33384239,ethA,Rv3854c,p.Ala381Pro,c.1141G>C,missense_variant,prothionamide,Uncertain significance,93,1.0,4326333,0,1,Pre-XDR-TB
SRR33384239,gid,Rv3919c,p.Leu79Ser,c.236T>C,missense_variant,streptomycin,Uncertain significance,115,1.0,4407967,0,1,Pre-XDR-TB
SRR33384240,rrs,EBG00000313325,n.1401A>G,n.1401A>G,non_coding_transcript_exon_variant,streptomycin,Uncertain significance,46,1.0,1473246,0,1,Pre-XDR-TB
SRR33384240,ethA,Rv3854c,p.Ala381Pro,c.1141G>C,missense_variant,ethionamide,Uncertain significance,55,1.0,4326333,0,1,Pre-XDR-TB
SRR33384240,ethA,Rv3854c,p.Ala381Pro,c.1141G>C,missense_variant,prothionamide,Uncertain significance,55,1.0,4326333,0,1,Pre-XDR-TB
SRR33384240,gid,Rv3919c,p.Leu79Ser,c.236T>C,missense_variant,streptomycin,Uncertain significance,40,1.0,4407967,0,1,Pre-XDR-TB
SRR33384242,inhA,Rv1484,p.Ile21Thr,c.62T>C,missense_variant,ethionamide,Uncertain significance,167,1.0,1674263,0,1,XDR-TB
SRR33384242,inhA,Rv1484,p.Ile21Thr,c.62T>C,missense_variant,isoniazid,Uncertain significance,167,1.0,1674263,0,1,XDR-TB
SRR33384242,inhA,Rv1484,p.Ile21Thr,c.62T>C,missense_variant,prothionamide,Uncertain significance,167,1.0,1674263,0,1,XDR-TB
SRR33384243,rrs,EBG00000313325,n.1401A>G,n.1401A>G,non_coding_transcript_exon_variant,streptomycin,Uncertain significance,117,1.0,1473246,0,1,Pre-XDR-TB
SRR33384243,ethA,Rv3854c,p.Ala381Pro,c.1141G>C,missense_variant,ethionamide,Uncertain significance,146,1.0,4326333,0,1,Pre-XDR-TB
SRR33384243,ethA,Rv3854c,p.Ala381Pro,c.1141G>C,missense_variant,prothionamide,Uncertain significance,146,1.0,4326333,0,1,Pre-XDR-TB
SRR33384243,gid,Rv3919c,p.Leu79Ser,c.236T>C,missense_variant,streptomycin,Uncertain significance,163,1.0061349693251531,4407967,0,1,Pre-XDR-TB
SRR33384244,rrs,EBG00000313325,n.905C>A,n.905C>A,non_coding_transcript_exon_variant,streptomycin,Uncertain significance,122,0.9918032786885246,1472750,0,1,Pre-XDR-TB
SRR33384244,rrs,EBG00000313325,n.905C>A,n.905C>A,non_coding_transcript_exon_variant,amikacin,Uncertain significance,122,0.9918032786885246,1472750,0,1,Pre-XDR-TB
SRR33384244,rrs,EBG00000313325,n.905C>A,n.905C>A,non_coding_transcript_exon_variant,capreomycin,Uncertain significance,122,0.9918032786885246,1472750,0,1,Pre-XDR-TB
SRR33384244,rrs,EBG00000313325,n.905C>A,n.905C>A,non_coding_transcript_exon_variant,kanamycin,Uncertain significance,122,0.9918032786885246,1472750,0,1,Pre-XDR-TB
SRR33384244,ethA,Rv3854c,c.-11A>G,c.-11A>G,upstream_gene_variant,ethionamide,Uncertain significance,129,1.0,4327484,0,1,Pre-XDR-TB
SRR33384244,ethA,Rv3854c,c.-11A>G,c.-11A>G,upstream_gene_variant,prothionamide,Uncertain significance,129,1.0,4327484,0,1,Pre-XDR-TB
SRR33384245,gyrB,Rv0005,p.Thr500Asn,c.1499C>A,missense_variant,levofloxacin,Uncertain significance,211,1.004739336492891,6738,0,1,Pre-XDR-TB
SRR33384245,gyrB,Rv0005,p.Thr500Asn,c.1499C>A,missense_variant,moxifloxacin,Uncertain significance,211,1.004739336492891,6738,0,1,Pre-XDR-TB
SRR33384245,ethA,Rv3854c,p.Ala381Pro,c.1141G>C,missense_variant,ethionamide,Uncertain significance,209,1.0,4326333,0,1,Pre-XDR-TB
SRR33384245,ethA,Rv3854c,p.Ala381Pro,c.1141G>C,missense_variant,prothionamide,Uncertain significance,209,1.0,4326333,0,1,Pre-XDR-TB
SRR33384245,gid,Rv3919c,p.Leu79Ser,c.236T>C,missense_variant,streptomycin,Uncertain significance,214,0.9953271028037384,4407967,0,1,Pre-XDR-TB
SRR33384246,inhA,Rv1484,p.Ile21Thr,c.62T>C,missense_variant,ethionamide,Uncertain significance,184,1.0,1674263,0,1,XDR-TB
SRR33384246,inhA,Rv1484,p.Ile21Thr,c.62T>C,missense_variant,isoniazid,Uncertain significance,184,1.0,1674263,0,1,XDR-TB
SRR33384246,inhA,Rv1484,p.Ile21Thr,c.62T>C,missense_variant,prothionamide,Uncertain significance,184,1.0,1674263,0,1,XDR-TB
SRR33384247,gyrB,Rv0005,p.Thr500Asn,c.1499C>A,missense_variant,levofloxacin,Uncertain significance,215,0.9953488372093025,6738,0,1,Pre-XDR-TB
SRR33384247,gyrB,Rv0005,p.Thr500Asn,c.1499C>A,missense_variant,moxifloxacin,Uncertain significance,215,0.9953488372093025,6738,0,1,Pre-XDR-TB
SRR33384247,ethA,Rv3854c,p.Ala381Pro,c.1141G>C,missense_variant,ethionamide,Uncertain significance,219,1.0,4326333,0,1,Pre-XDR-TB
SRR33384247,ethA,Rv3854c,p.Ala381Pro,c.1141G>C,missense_variant,prothionamide,Uncertain significance,219,1.0,4326333,0,1,Pre-XDR-TB
SRR33384247,gid,Rv3919c,p.Leu79Ser,c.236T>C,missense_variant,streptomycin,Uncertain significance,202,1.0,4407967,0,1,Pre-XDR-TB
SRR33384248,rrs,EBG00000313325,n.1401A>G,n.1401A>G,non_coding_transcript_exon_variant,streptomycin,Uncertain significance,127,1.0,1473246,0,1,Pre-XDR-TB
SRR33384248,ethA,Rv3854c,c.-11A>G,c.-11A>G,upstream_gene_variant,ethionamide,Uncertain significance,77,1.0,4327484,0,1,Pre-XDR-TB
SRR33384248,ethA,Rv3854c,c.-11A>G,c.-11A>G,upstream_gene_variant,prothionamide,Uncertain significance,77,1.0,4327484,0,1,Pre-XDR-TB
SRR33384249,rrs,EBG00000313325,n.1401A>G,n.1401A>G,non_coding_transcript_exon_variant,streptomycin,Uncertain significance,210,0.9714285714285714,1473246,0,1,Pre-XDR-TB
SRR33384249,ethA,Rv3854c,c.-11A>G,c.-11A>G,upstream_gene_variant,ethionamide,Uncertain significance,173,0.953757225433526,4327484,0,1,Pre-XDR-TB
SRR33384249,ethA,Rv3854c,c.-11A>G,c.-11A>G,upstream_gene_variant,prothionamide,Uncertain significance,173,0.953757225433526,4327484,0,1,Pre-XDR-TB
SRR33384250,inhA,Rv1484,p.Ile21Thr,c.62T>C,missense_variant,ethionamide,Uncertain significance,222,1.0,1674263,0,1,Pre-XDR-TB
SRR33384250,inhA,Rv1484,p.Ile21Thr,c.62T>C,missense_variant,isoniazid,Uncertain significance,222,1.0,1674263,0,1,Pre-XDR-TB
SRR33384250,inhA,Rv1484,p.Ile21Thr,c.62T>C,missense_variant,prothionamide,Uncertain significance,222,1.0,1674263,0,1,Pre-XDR-TB
SRR33384251,rrs,EBG00000313325,n.1401A>G,n.1401A>G,non_coding_transcript_exon_variant,streptomycin,Uncertain significance,146,1.0,1473246,0,1,Pre-XDR-TB
SRR33384251,ethA,Rv3854c,p.Ala381Pro,c.1141G>C,missense_variant,ethionamide,Uncertain significance,186,1.0053763440860215,4326333,0,1,Pre-XDR-TB
SRR33384251,ethA,Rv3854c,p.Ala381Pro,c.1141G>C,missense_variant,prothionamide,Uncertain significance,186,1.0053763440860215,4326333,0,1,Pre-XDR-TB
SRR33384251,gid,Rv3919c,p.Leu79Ser,c.236T>C,missense_variant,streptomycin,Uncertain significance,175,1.0057142857142858,4407967,0,1,Pre-XDR-TB
SRR33384252,rpoC,Rv0668,p.Leu527Val,c.1579T>G,missense_variant,rifampicin,Uncertain significance,224,1.0044642857142858,764948,0,1,XDR-TB
SRR33384252,rpoC,Rv0668,p.Leu527Val,c.1579T>G,missense_variant,rifapentine,Uncertain significance,224,1.0044642857142858,764948,0,1,XDR-TB
SRR33384252,rrs,EBG00000313325,n.1401A>G,n.1401A>G,non_coding_transcript_exon_variant,streptomycin,Uncertain significance,218,1.0,1473246,0,1,XDR-TB
SRR33384252,inhA,Rv1484,p.Ile194Thr,c.581T>C,missense_variant,ethionamide,Uncertain significance,205,0.9951219512195122,1674782,0,1,XDR-TB
SRR33384252,inhA,Rv1484,p.Ile194Thr,c.581T>C,missense_variant,isoniazid,Uncertain significance,205,0.9951219512195122,1674782,0,1,XDR-TB
SRR33384252,inhA,Rv1484,p.Ile194Thr,c.581T>C,missense_variant,prothionamide,Uncertain significance,205,0.9951219512195122,1674782,0,1,XDR-TB
SRR33384252,ethR,Rv3855,p.Ala95Thr,c.283G>A,missense_variant,ethionamide,Uncertain significance,217,0.9953917050691244,4327831,0,1,XDR-TB
SRR33384252,ethR,Rv3855,p.Ala95Thr,c.283G>A,missense_variant,prothionamide,Uncertain significance,217,0.9953917050691244,4327831,0,1,XDR-TB
SRR33384253,ethA,Rv3854c,p.Ala381Pro,c.1141G>C,missense_variant,ethionamide,Uncertain significance,222,1.0,4326333,0,1,Pre-XDR-TB
SRR33384253,ethA,Rv3854c,p.Ala381Pro,c.1141G>C,missense_variant,prothionamide,Uncertain significance,222,1.0,4326333,0,1,Pre-XDR-TB
SRR33384253,gid,Rv3919c,p.Leu79Ser,c.236T>C,missense_variant,streptomycin,Uncertain significance,206,1.0,4407967,0,1,Pre-XDR-TB
SRR33384255,rpoB,Rv0667,p.Pro454Arg,c.1361C>G,missense_variant,rifampicin,Uncertain significance,186,1.0,761167,0,1,MDR-TB
SRR33384255,rpoB,Rv0667,p.Pro454Arg,c.1361C>G,missense_variant,rifapentine,Uncertain significance,186,1.0,761167,0,1,MDR-TB
SRR33384258,ethA,Rv3854c,c.-11A>G,c.-11A>G,upstream_gene_variant,ethionamide,Uncertain significance,164,1.0,4327484,0,1,MDR-TB
SRR33384258,ethA,Rv3854c,c.-11A>G,c.-11A>G,upstream_gene_variant,prothionamide,Uncertain significance,164,1.0,4327484,0,1,MDR-TB
SRR33384259,rrs,EBG00000313325,n.1401A>G,n.1401A>G,non_coding_transcript_exon_variant,streptomycin,Uncertain significance,132,1.0075757575757576,1473246,0,1,Pre-XDR-TB
SRR33384259,ethA,Rv3854c,c.-11A>G,c.-11A>G,upstream_gene_variant,ethionamide,Uncertain significance,106,1.018867924528302,4327484,0,1,Pre-XDR-TB
SRR33384259,ethA,Rv3854c,c.-11A>G,c.-11A>G,upstream_gene_variant,prothionamide,Uncertain significance,106,1.018867924528302,4327484,0,1,Pre-XDR-TB
SRR33384260,rrs,EBG00000313325,n.908A>G,n.908A>G,non_coding_transcript_exon_variant,streptomycin,Uncertain significance,219,0.1780821917808219,1472753,0,1,Pre-XDR-TB
SRR33384260,rrs,EBG00000313325,n.908A>G,n.908A>G,non_coding_transcript_exon_variant,amikacin,Uncertain significance,219,0.1780821917808219,1472753,0,1,Pre-XDR-TB
SRR33384260,rrs,EBG00000313325,n.908A>G,n.908A>G,non_coding_transcript_exon_variant,capreomycin,Uncertain significance,219,0.1780821917808219,1472753,0,1,Pre-XDR-TB
SRR33384260,rrs,EBG00000313325,n.908A>G,n.908A>G,non_coding_transcript_exon_variant,kanamycin,Uncertain significance,219,0.1780821917808219,1472753,0,1,Pre-XDR-TB
SRR33384260,ahpC,Rv2428,c.-52C>T,c.-52C>T,upstream_gene_variant,isoniazid,Uncertain significance,83,1.0,2726141,0,1,Pre-XDR-TB
SRR33384260,embA,Rv3794,c.-12C>T,c.-12C>T,upstream_gene_variant,ethambutol,Uncertain significance,101,0.99009900990099,4243221,0,1,Pre-XDR-TB
SRR33384260,ethA,Rv3854c,c.-11A>G,c.-11A>G,upstream_gene_variant,ethionamide,Uncertain significance,77,1.0129870129870129,4327484,0,1,Pre-XDR-TB
SRR33384260,ethA,Rv3854c,c.-11A>G,c.-11A>G,upstream_gene_variant,prothionamide,Uncertain significance,77,1.0129870129870129,4327484,0,1,Pre-XDR-TB
SRR33384261,rrs,EBG00000313325,n.517C>T,n.517C>T,non_coding_transcript_exon_variant,kanamycin,Uncertain significance,173,1.0,1472362,0,1,Pre-XDR-TB
SRR33384261,embA,Rv3794,c.-29_-28delCT,c.-29_-28delCT,upstream_gene_variant,ethambutol,Uncertain significance,221,0.9502262443438914,4243203,0,1,Pre-XDR-TB
SRR33384262,rrs,EBG00000313325,n.1401A>G,n.1401A>G,non_coding_transcript_exon_variant,streptomycin,Uncertain significance,177,0.2203389830508474,1473246,0,1,XDR-TB
SRR33384262,ethA,Rv3854c,p.Ala381Pro,c.1141G>C,missense_variant,ethionamide,Uncertain significance,53,1.0,4326333,0,1,XDR-TB
SRR33384262,ethA,Rv3854c,p.Ala381Pro,c.1141G>C,missense_variant,prothionamide,Uncertain significance,53,1.0,4326333,0,1,XDR-TB
SRR33384262,gid,Rv3919c,p.Leu79Ser,c.236T>C,missense_variant,streptomycin,Uncertain significance,47,1.0,4407967,0,1,XDR-TB
SRR33384263,inhA,Rv1484,p.Ile21Thr,c.62T>C,missense_variant,ethionamide,Uncertain significance,115,1.0,1674263,0,1,XDR-TB
SRR33384263,inhA,Rv1484,p.Ile21Thr,c.62T>C,missense_variant,isoniazid,Uncertain significance,115,1.0,1674263,0,1,XDR-TB
SRR33384263,inhA,Rv1484,p.Ile21Thr,c.62T>C,missense_variant,prothionamide,Uncertain significance,115,1.0,1674263,0,1,XDR-TB
SRR33384264,rrs,EBG00000313325,n.1401A>G,n.1401A>G,non_coding_transcript_exon_variant,streptomycin,Uncertain significance,183,0.2076502732240437,1473246,0,1,Pre-XDR-TB
SRR33384264,ethA,Rv3854c,c.-11A>G,c.-11A>G,upstream_gene_variant,ethionamide,Uncertain significance,52,1.0,4327484,0,1,Pre-XDR-TB
SRR33384264,ethA,Rv3854c,c.-11A>G,c.-11A>G,upstream_gene_variant,prothionamide,Uncertain significance,52,1.0,4327484,0,1,Pre-XDR-TB
SRR33384266,rrs,EBG00000313325,n.1401A>G,n.1401A>G,non_coding_transcript_exon_variant,streptomycin,Uncertain significance,111,1.0,1473246,0,1,Pre-XDR-TB
SRR33384266,ethA,Rv3854c,c.-11A>G,c.-11A>G,upstream_gene_variant,ethionamide,Uncertain significance,105,1.0,4327484,0,1,Pre-XDR-TB
SRR33384266,ethA,Rv3854c,c.-11A>G,c.-11A>G,upstream_gene_variant,prothionamide,Uncertain significance,105,1.0,4327484,0,1,Pre-XDR-TB
SRR33384267,ethA,Rv3854c,c.-11A>G,c.-11A>G,upstream_gene_variant,ethionamide,Uncertain significance,134,1.0,4327484,0,1,Pre-XDR-TB
SRR33384267,ethA,Rv3854c,c.-11A>G,c.-11A>G,upstream_gene_variant,prothionamide,Uncertain significance,134,1.0,4327484,0,1,Pre-XDR-TB
SRR33384268,rpoB,Rv0667,p.Phe424Leu,c.1272C>G,missense_variant,rifampicin,Uncertain significance,226,1.0,761078,0,1,Pre-XDR-TB
SRR33384268,rpoB,Rv0667,p.Phe424Leu,c.1272C>G,missense_variant,rifapentine,Uncertain significance,226,1.0,761078,0,1,Pre-XDR-TB
SRR33384268,ethA,Rv3854c,c.-11A>G,c.-11A>G,upstream_gene_variant,ethionamide,Uncertain significance,218,1.0,4327484,0,1,Pre-XDR-TB
SRR33384268,ethA,Rv3854c,c.-11A>G,c.-11A>G,upstream_gene_variant,prothionamide,Uncertain significance,218,1.0,4327484,0,1,Pre-XDR-TB
SRR33384269,rrs,EBG00000313325,n.1401A>G,n.1401A>G,non_coding_transcript_exon_variant,streptomycin,Uncertain significance,227,1.0044052863436124,1473246,0,1,MDR-TB
SRR33384269,ethA,Rv3854c,c.-11A>G,c.-11A>G,upstream_gene_variant,ethionamide,Uncertain significance,215,1.0,4327484,0,1,MDR-TB
SRR33384269,ethA,Rv3854c,c.-11A>G,c.-11A>G,upstream_gene_variant,prothionamide,Uncertain significance,215,1.0,4327484,0,1,MDR-TB
SRR33384270,rrs,EBG00000313325,n.1401A>G,n.1401A>G,non_coding_transcript_exon_variant,streptomycin,Uncertain significance,205,1.0,1473246,0,1,MDR-TB
SRR33384270,ethA,Rv3854c,c.-11A>G,c.-11A>G,upstream_gene_variant,ethionamide,Uncertain significance,185,1.0,4327484,0,1,MDR-TB
SRR33384270,ethA,Rv3854c,c.-11A>G,c.-11A>G,upstream_gene_variant,prothionamide,Uncertain significance,185,1.0,4327484,0,1,MDR-TB
SRR33384271,rrs,EBG00000313325,n.1401A>G,n.1401A>G,non_coding_transcript_exon_variant,streptomycin,Uncertain significance,96,0.9895833333333334,1473246,0,1,Pre-XDR-TB
SRR33384271,ethA,Rv3854c,c.-11A>G,c.-11A>G,upstream_gene_variant,ethionamide,Uncertain significance,146,1.0068493150684932,4327484,0,1,Pre-XDR-TB
SRR33384271,ethA,Rv3854c,c.-11A>G,c.-11A>G,upstream_gene_variant,prothionamide,Uncertain significance,146,1.0068493150684932,4327484,0,1,Pre-XDR-TB
SRR33384273,rrs,EBG00000313325,n.1401A>G,n.1401A>G,non_coding_transcript_exon_variant,streptomycin,Uncertain significance,182,0.1813186813186813,1473246,0,1,Pre-XDR-TB
SRR33384273,ethA,Rv3854c,p.Ala381Pro,c.1141G>C,missense_variant,ethionamide,Uncertain significance,53,1.018867924528302,4326333,0,1,Pre-XDR-TB
SRR33384273,ethA,Rv3854c,p.Ala381Pro,c.1141G>C,missense_variant,prothionamide,Uncertain significance,53,1.018867924528302,4326333,0,1,Pre-XDR-TB
SRR33384273,gid,Rv3919c,p.Leu79Ser,c.236T>C,missense_variant,streptomycin,Uncertain significance,61,1.0163934426229508,4407967,0,1,Pre-XDR-TB
SRR33384274,rpoB,Rv0667,p.Phe424Leu,c.1272C>G,missense_variant,rifampicin,Uncertain significance,14,1.0,761078,0,1,MDR-TB
SRR33384274,rpoB,Rv0667,p.Phe424Leu,c.1272C>G,missense_variant,rifapentine,Uncertain significance,14,1.0,761078,0,1,MDR-TB
SRR33384274,ethA,Rv3854c,c.-11A>G,c.-11A>G,upstream_gene_variant,ethionamide,Uncertain significance,24,1.0,4327484,0,1,MDR-TB
SRR33384274,ethA,Rv3854c,c.-11A>G,c.-11A>G,upstream_gene_variant,prothionamide,Uncertain significance,24,1.0,4327484,0,1,MDR-TB
SRR33384275,rrs,EBG00000313325,n.1401A>G,n.1401A>G,non_coding_transcript_exon_variant,streptomycin,Uncertain significance,181,1.0,1473246,0,1,Pre-XDR-TB
SRR33384275,ethA,Rv3854c,c.-11A>G,c.-11A>G,upstream_gene_variant,ethionamide,Uncertain significance,186,1.0053763440860215,4327484,0,1,Pre-XDR-TB
SRR33384275,ethA,Rv3854c,c.-11A>G,c.-11A>G,upstream_gene_variant,prothionamide,Uncertain significance,186,1.0053763440860215,4327484,0,1,Pre-XDR-TB
SRR33384276,ethA,Rv3854c,p.Ala381Pro,c.1141G>C,missense_variant,ethionamide,Uncertain significance,71,0.943661971830986,4326333,0,1,Pre-XDR-TB
SRR33384276,ethA,Rv3854c,p.Ala381Pro,c.1141G>C,missense_variant,prothionamide,Uncertain significance,71,0.943661971830986,4326333,0,1,Pre-XDR-TB
SRR33384276,gid,Rv3919c,p.Leu79Ser,c.236T>C,missense_variant,streptomycin,Uncertain significance,78,1.0256410256410255,4407967,0,1,Pre-XDR-TB
SRR33384277,rrs,EBG00000313325,n.1401A>G,n.1401A>G,non_coding_transcript_exon_variant,streptomycin,Uncertain significance,124,1.0,1473246,0,1,Pre-XDR-TB
SRR33384277,ethA,Rv3854c,c.-11A>G,c.-11A>G,upstream_gene_variant,ethionamide,Uncertain significance,108,1.0,4327484,0,1,Pre-XDR-TB
SRR33384277,ethA,Rv3854c,c.-11A>G,c.-11A>G,upstream_gene_variant,prothionamide,Uncertain significance,108,1.0,4327484,0,1,Pre-XDR-TB
SRR33384278,rrs,EBG00000313325,n.1401A>G,n.1401A>G,non_coding_transcript_exon_variant,streptomycin,Uncertain significance,208,1.0,1473246,0,1,Pre-XDR-TB
SRR33384278,ethA,Rv3854c,c.-11A>G,c.-11A>G,upstream_gene_variant,ethionamide,Uncertain significance,218,0.9954128440366972,4327484,0,1,Pre-XDR-TB
SRR33384278,ethA,Rv3854c,c.-11A>G,c.-11A>G,upstream_gene_variant,prothionamide,Uncertain significance,218,0.9954128440366972,4327484,0,1,Pre-XDR-TB
SRR33384279,rrs,EBG00000313325,n.1401A>G,n.1401A>G,non_coding_transcript_exon_variant,streptomycin,Uncertain significance,116,1.0,1473246,0,1,Pre-XDR-TB
SRR33384279,ethA,Rv3854c,c.-11A>G,c.-11A>G,upstream_gene_variant,ethionamide,Uncertain significance,158,1.0,4327484,0,1,Pre-XDR-TB
SRR33384279,ethA,Rv3854c,c.-11A>G,c.-11A>G,upstream_gene_variant,prothionamide,Uncertain significance,158,1.0,4327484,0,1,Pre-XDR-TB
SRR33384281,rrs,EBG00000313325,n.1401A>G,n.1401A>G,non_coding_transcript_exon_variant,streptomycin,Uncertain significance,79,1.0,1473246,0,1,Pre-XDR-TB
SRR33384281,ethA,Rv3854c,c.-11A>G,c.-11A>G,upstream_gene_variant,ethionamide,Uncertain significance,106,1.0,4327484,0,1,Pre-XDR-TB
SRR33384281,ethA,Rv3854c,c.-11A>G,c.-11A>G,upstream_gene_variant,prothionamide,Uncertain significance,106,1.0,4327484,0,1,Pre-XDR-TB
SRR33384282,rrs,EBG00000313325,n.1401A>G,n.1401A>G,non_coding_transcript_exon_variant,streptomycin,Uncertain significance,118,1.0,1473246,0,1,Pre-XDR-TB
SRR33384282,ethA,Rv3854c,p.Ala381Pro,c.1141G>C,missense_variant,ethionamide,Uncertain significance,138,1.0,4326333,0,1,Pre-XDR-TB
SRR33384282,ethA,Rv3854c,p.Ala381Pro,c.1141G>C,missense_variant,prothionamide,Uncertain significance,138,1.0,4326333,0,1,Pre-XDR-TB
SRR33384282,gid,Rv3919c,p.Leu79Ser,c.236T>C,missense_variant,streptomycin,Uncertain significance,106,1.018867924528302,4407967,0,1,Pre-XDR-TB
SRR33384283,ethA,Rv3854c,p.Ala381Pro,c.1141G>C,missense_variant,ethionamide,Uncertain significance,113,1.0,4326333,0,1,Pre-XDR-TB
SRR33384283,ethA,Rv3854c,p.Ala381Pro,c.1141G>C,missense_variant,prothionamide,Uncertain significance,113,1.0,4326333,0,1,Pre-XDR-TB
SRR33384283,gid,Rv3919c,p.Leu79Ser,c.236T>C,missense_variant,streptomycin,Uncertain significance,112,1.0089285714285714,4407967,0,1,Pre-XDR-TB
SRR33384284,inhA,Rv1484,p.Ile21Thr,c.62T>C,missense_variant,ethionamide,Uncertain significance,104,1.0,1674263,0,1,Pre-XDR-TB
SRR33384284,inhA,Rv1484,p.Ile21Thr,c.62T>C,missense_variant,isoniazid,Uncertain significance,104,1.0,1674263,0,1,Pre-XDR-TB
SRR33384284,inhA,Rv1484,p.Ile21Thr,c.62T>C,missense_variant,prothionamide,Uncertain significance,104,1.0,1674263,0,1,Pre-XDR-TB
SRR33384285,rrs,EBG00000313325,n.1401A>G,n.1401A>G,non_coding_transcript_exon_variant,streptomycin,Uncertain significance,106,1.0,1473246,0,1,MDR-TB
SRR33384285,ethA,Rv3854c,p.Ala381Pro,c.1141G>C,missense_variant,ethionamide,Uncertain significance,121,0.9917355371900828,4326333,0,1,MDR-TB
SRR33384285,ethA,Rv3854c,p.Ala381Pro,c.1141G>C,missense_variant,prothionamide,Uncertain significance,121,0.9917355371900828,4326333,0,1,MDR-TB
SRR33384285,gid,Rv3919c,p.Leu79Ser,c.236T>C,missense_variant,streptomycin,Uncertain significance,136,1.0147058823529411,4407967,0,1,MDR-TB
SRR33384286,rrs,EBG00000313325,n.1401A>G,n.1401A>G,non_coding_transcript_exon_variant,streptomycin,Uncertain significance,212,1.0,1473246,0,1,Pre-XDR-TB
SRR33384286,ethA,Rv3854c,p.Ala381Pro,c.1141G>C,missense_variant,ethionamide,Uncertain significance,226,1.0044247787610618,4326333,0,1,Pre-XDR-TB
SRR33384286,ethA,Rv3854c,p.Ala381Pro,c.1141G>C,missense_variant,prothionamide,Uncertain significance,226,1.0044247787610618,4326333,0,1,Pre-XDR-TB
SRR33384286,gid,Rv3919c,p.Leu79Ser,c.236T>C,missense_variant,streptomycin,Uncertain significance,209,1.0,4407967,0,1,Pre-XDR-TB
SRR33384290,inhA,Rv1484,p.Ile21Thr,c.62T>C,missense_variant,ethionamide,Uncertain significance,98,1.0,1674263,0,1,Pre-XDR-TB
SRR33384290,inhA,Rv1484,p.Ile21Thr,c.62T>C,missense_variant,isoniazid,Uncertain significance,98,1.0,1674263,0,1,Pre-XDR-TB
SRR33384290,inhA,Rv1484,p.Ile21Thr,c.62T>C,missense_variant,prothionamide,Uncertain significance,98,1.0,1674263,0,1,Pre-XDR-TB
SRR33384291,rrs,EBG00000313325,n.1401A>G,n.1401A>G,non_coding_transcript_exon_variant,streptomycin,Uncertain significance,207,1.0048309178743962,1473246,0,1,Pre-XDR-TB
SRR33384291,ethA,Rv3854c,c.-11A>G,c.-11A>G,upstream_gene_variant,ethionamide,Uncertain significance,159,1.0,4327484,0,1,Pre-XDR-TB
SRR33384291,ethA,Rv3854c,c.-11A>G,c.-11A>G,upstream_gene_variant,prothionamide,Uncertain significance,159,1.0,4327484,0,1,Pre-XDR-TB
SRR33384295,rrs,EBG00000313325,n.462C>T,n.462C>T,non_coding_transcript_exon_variant,streptomycin,Uncertain significance,121,0.9834710743801652,1472307,0,0,Other
SRR33384295,rrs,EBG00000313325,n.462C>T,n.462C>T,non_coding_transcript_exon_variant,amikacin,Uncertain significance,121,0.9834710743801652,1472307,0,0,Other
SRR33384295,rrs,EBG00000313325,n.462C>T,n.462C>T,non_coding_transcript_exon_variant,capreomycin,Uncertain significance,121,0.9834710743801652,1472307,0,0,Other
SRR33384295,rrs,EBG00000313325,n.462C>T,n.462C>T,non_coding_transcript_exon_variant,kanamycin,Uncertain significance,121,0.9834710743801652,1472307,0,0,Other
SRR33384296,ethA,Rv3854c,c.-11A>G,c.-11A>G,upstream_gene_variant,ethionamide,Uncertain significance,88,1.0,4327484,0,1,Pre-XDR-TB
SRR33384296,ethA,Rv3854c,c.-11A>G,c.-11A>G,upstream_gene_variant,prothionamide,Uncertain significance,88,1.0,4327484,0,1,Pre-XDR-TB
SRR33384297,ethA,Rv3854c,c.-11A>G,c.-11A>G,upstream_gene_variant,ethionamide,Uncertain significance,71,1.0,4327484,0,1,Pre-XDR-TB
SRR33384297,ethA,Rv3854c,c.-11A>G,c.-11A>G,upstream_gene_variant,prothionamide,Uncertain significance,71,1.0,4327484,0,1,Pre-XDR-TB
SRR33384300,rrs,EBG00000313325,n.1401A>G,n.1401A>G,non_coding_transcript_exon_variant,streptomycin,Uncertain significance,167,0.994011976047904,1473246,0,1,MDR-TB
SRR33384301,ethA,Rv3854c,c.-11A>G,c.-11A>G,upstream_gene_variant,ethionamide,Uncertain significance,150,1.0,4327484,0,1,Pre-XDR-TB
SRR33384301,ethA,Rv3854c,c.-11A>G,c.-11A>G,upstream_gene_variant,prothionamide,Uncertain significance,150,1.0,4327484,0,1,Pre-XDR-TB
SRR33384302,rrs,EBG00000313325,n.1401A>G,n.1401A>G,non_coding_transcript_exon_variant,streptomycin,Uncertain significance,115,1.0,1473246,0,1,Pre-XDR-TB
SRR33384302,ethA,Rv3854c,c.-11A>G,c.-11A>G,upstream_gene_variant,ethionamide,Uncertain significance,110,1.0,4327484,0,1,Pre-XDR-TB
SRR33384302,ethA,Rv3854c,c.-11A>G,c.-11A>G,upstream_gene_variant,prothionamide,Uncertain significance,110,1.0,4327484,0,1,Pre-XDR-TB
SRR33384303,rrs,EBG00000313325,n.1401A>G,n.1401A>G,non_coding_transcript_exon_variant,streptomycin,Uncertain significance,91,1.0,1473246,0,1,Pre-XDR-TB
SRR33384303,ethA,Rv3854c,c.-11A>G,c.-11A>G,upstream_gene_variant,ethionamide,Uncertain significance,132,1.0,4327484,0,1,Pre-XDR-TB
SRR33384303,ethA,Rv3854c,c.-11A>G,c.-11A>G,upstream_gene_variant,prothionamide,Uncertain significance,132,1.0,4327484,0,1,Pre-XDR-TB
SRR33384306,rrs,EBG00000313325,n.1401A>G,n.1401A>G,non_coding_transcript_exon_variant,streptomycin,Uncertain significance,181,1.0,1473246,0,1,Pre-XDR-TB
SRR33384306,ethA,Rv3854c,c.-11A>G,c.-11A>G,upstream_gene_variant,ethionamide,Uncertain significance,152,1.0,4327484,0,1,Pre-XDR-TB
SRR33384306,ethA,Rv3854c,c.-11A>G,c.-11A>G,upstream_gene_variant,prothionamide,Uncertain significance,152,1.0,4327484,0,1,Pre-XDR-TB
SRR33384307,ethA,Rv3854c,p.Ala381Pro,c.1141G>C,missense_variant,ethionamide,Uncertain significance,169,1.0,4326333,0,1,Pre-XDR-TB
SRR33384307,ethA,Rv3854c,p.Ala381Pro,c.1141G>C,missense_variant,prothionamide,Uncertain significance,169,1.0,4326333,0,1,Pre-XDR-TB
SRR33384307,gid,Rv3919c,p.Leu79Ser,c.236T>C,missense_variant,streptomycin,Uncertain significance,197,1.0,4407967,0,1,Pre-XDR-TB
SRR33384308,rrs,EBG00000313325,n.1401A>G,n.1401A>G,non_coding_transcript_exon_variant,streptomycin,Uncertain significance,144,1.0,1473246,0,1,Pre-XDR-TB
SRR33384308,ethA,Rv3854c,c.-11A>G,c.-11A>G,upstream_gene_variant,ethionamide,Uncertain significance,127,1.0,4327484,0,1,Pre-XDR-TB
SRR33384308,ethA,Rv3854c,c.-11A>G,c.-11A>G,upstream_gene_variant,prothionamide,Uncertain significance,127,1.0,4327484,0,1,Pre-XDR-TB
SRR33384309,ethA,Rv3854c,p.Ala381Pro,c.1141G>C,missense_variant,ethionamide,Uncertain significance,172,1.0,4326333,0,1,Pre-XDR-TB
SRR33384309,ethA,Rv3854c,p.Ala381Pro,c.1141G>C,missense_variant,prothionamide,Uncertain significance,172,1.0,4326333,0,1,Pre-XDR-TB
SRR33384309,gid,Rv3919c,p.Leu79Ser,c.236T>C,missense_variant,streptomycin,Uncertain significance,179,1.011173184357542,4407967,0,1,Pre-XDR-TB
SRR33384310,rpoC,Rv0668,p.Leu527Val,c.1579T>G,missense_variant,rifampicin,Uncertain significance,171,1.0058479532163742,764948,0,1,Pre-XDR-TB
SRR33384310,rpoC,Rv0668,p.Leu527Val,c.1579T>G,missense_variant,rifapentine,Uncertain significance,171,1.0058479532163742,764948,0,1,Pre-XDR-TB
SRR33384310,rrs,EBG00000313325,n.1401A>G,n.1401A>G,non_coding_transcript_exon_variant,streptomycin,Uncertain significance,151,1.0,1473246,0,1,Pre-XDR-TB
SRR33384310,inhA,Rv1484,p.Ile194Thr,c.581T>C,missense_variant,ethionamide,Uncertain significance,159,1.0,1674782,0,1,Pre-XDR-TB
SRR33384310,inhA,Rv1484,p.Ile194Thr,c.581T>C,missense_variant,isoniazid,Uncertain significance,159,1.0,1674782,0,1,Pre-XDR-TB
SRR33384310,inhA,Rv1484,p.Ile194Thr,c.581T>C,missense_variant,prothionamide,Uncertain significance,159,1.0,1674782,0,1,Pre-XDR-TB
SRR33384310,ethR,Rv3855,p.Ala95Thr,c.283G>A,missense_variant,ethionamide,Uncertain significance,150,1.0,4327831,0,1,Pre-XDR-TB
SRR33384310,ethR,Rv3855,p.Ala95Thr,c.283G>A,missense_variant,prothionamide,Uncertain significance,150,1.0,4327831,0,1,Pre-XDR-TB
SRR33384311,rrs,EBG00000313325,n.1401A>G,n.1401A>G,non_coding_transcript_exon_variant,streptomycin,Uncertain significance,152,1.0,1473246,0,1,Pre-XDR-TB
SRR33384311,ethA,Rv3854c,c.-11A>G,c.-11A>G,upstream_gene_variant,ethionamide,Uncertain significance,150,1.0,4327484,0,1,Pre-XDR-TB
SRR33384311,ethA,Rv3854c,c.-11A>G,c.-11A>G,upstream_gene_variant,prothionamide,Uncertain significance,150,1.0,4327484,0,1,Pre-XDR-TB
SRR33384313,rrs,EBG00000313325,n.1401A>G,n.1401A>G,non_coding_transcript_exon_variant,streptomycin,Uncertain significance,140,1.0,1473246,0,1,Pre-XDR-TB
SRR33384313,ethA,Rv3854c,p.Ala381Pro,c.1141G>C,missense_variant,ethionamide,Uncertain significance,153,0.9934640522875816,4326333,0,1,Pre-XDR-TB
SRR33384313,ethA,Rv3854c,p.Ala381Pro,c.1141G>C,missense_variant,prothionamide,Uncertain significance,153,0.9934640522875816,4326333,0,1,Pre-XDR-TB
SRR33384313,gid,Rv3919c,p.Leu79Ser,c.236T>C,missense_variant,streptomycin,Uncertain significance,110,1.0,4407967,0,1,Pre-XDR-TB
SRR33384314,rrs,EBG00000313325,n.1401A>G,n.1401A>G,non_coding_transcript_exon_variant,streptomycin,Uncertain significance,126,1.0,1473246,0,1,Pre-XDR-TB
SRR33384314,ethA,Rv3854c,c.-11A>G,c.-11A>G,upstream_gene_variant,ethionamide,Uncertain significance,127,1.0078740157480317,4327484,0,1,Pre-XDR-TB
SRR33384314,ethA,Rv3854c,c.-11A>G,c.-11A>G,upstream_gene_variant,prothionamide,Uncertain significance,127,1.0078740157480317,4327484,0,1,Pre-XDR-TB
SRR33384315,rrs,EBG00000313325,n.1401A>G,n.1401A>G,non_coding_transcript_exon_variant,streptomycin,Uncertain significance,162,1.0,1473246,0,1,XDR-TB
SRR33384315,ethA,Rv3854c,p.Ala381Pro,c.1141G>C,missense_variant,ethionamide,Uncertain significance,206,1.0,4326333,0,1,XDR-TB
SRR33384315,ethA,Rv3854c,p.Ala381Pro,c.1141G>C,missense_variant,prothionamide,Uncertain significance,206,1.0,4326333,0,1,XDR-TB
SRR33384315,gid,Rv3919c,p.Leu79Ser,c.236T>C,missense_variant,streptomycin,Uncertain significance,160,1.00625,4407967,0,1,XDR-TB
SRR33384316,rrs,EBG00000313325,n.1401A>G,n.1401A>G,non_coding_transcript_exon_variant,streptomycin,Uncertain significance,159,1.0062893081761006,1473246,0,1,Pre-XDR-TB
SRR33384316,ethA,Rv3854c,p.Ala381Pro,c.1141G>C,missense_variant,ethionamide,Uncertain significance,166,1.0060240963855422,4326333,0,1,Pre-XDR-TB
SRR33384316,ethA,Rv3854c,p.Ala381Pro,c.1141G>C,missense_variant,prothionamide,Uncertain significance,166,1.0060240963855422,4326333,0,1,Pre-XDR-TB
SRR33384316,gid,Rv3919c,p.Leu79Ser,c.236T>C,missense_variant,streptomycin,Uncertain significance,153,1.0,4407967,0,1,Pre-XDR-TB
SRR33384317,rrs,EBG00000313325,n.1401A>G,n.1401A>G,non_coding_transcript_exon_variant,streptomycin,Uncertain significance,131,1.0076335877862594,1473246,0,1,Pre-XDR-TB
SRR33384317,ethA,Rv3854c,p.Ala381Pro,c.1141G>C,missense_variant,ethionamide,Uncertain significance,178,1.0,4326333,0,1,Pre-XDR-TB
SRR33384317,ethA,Rv3854c,p.Ala381Pro,c.1141G>C,missense_variant,prothionamide,Uncertain significance,178,1.0,4326333,0,1,Pre-XDR-TB
SRR33384317,gid,Rv3919c,p.Leu79Ser,c.236T>C,missense_variant,streptomycin,Uncertain significance,149,1.0,4407967,0,1,Pre-XDR-TB
SRR33384319,inhA,Rv1484,p.Ile21Thr,c.62T>C,missense_variant,ethionamide,Uncertain significance,117,1.0,1674263,0,1,XDR-TB
SRR33384319,inhA,Rv1484,p.Ile21Thr,c.62T>C,missense_variant,isoniazid,Uncertain significance,117,1.0,1674263,0,1,XDR-TB
SRR33384319,inhA,Rv1484,p.Ile21Thr,c.62T>C,missense_variant,prothionamide,Uncertain significance,117,1.0,1674263,0,1,XDR-TB
SRR33384321,katG,Rv1908c,p.Ser140Asn,c.419G>A,missense_variant,isoniazid,Uncertain significance,29,1.0344827586206895,2155693,0,0,HR-TB
SRR33384322,katG,Rv1908c,p.Gln127Pro,c.380A>C,missense_variant,isoniazid,Uncertain significance,126,1.0,2155732,0,1,MDR-TB
SRR33384323,inhA,Rv1484,p.Ile21Thr,c.62T>C,missense_variant,ethionamide,Uncertain significance,177,1.0,1674263,0,1,Pre-XDR-TB
SRR33384323,inhA,Rv1484,p.Ile21Thr,c.62T>C,missense_variant,isoniazid,Uncertain significance,177,1.0,1674263,0,1,Pre-XDR-TB
SRR33384323,inhA,Rv1484,p.Ile21Thr,c.62T>C,missense_variant,prothionamide,Uncertain significance,177,1.0,1674263,0,1,Pre-XDR-TB
SRR33384324,inhA,Rv1484,p.Ile21Thr,c.62T>C,missense_variant,ethionamide,Uncertain significance,144,1.0,1674263,0,1,Pre-XDR-TB
SRR33384324,inhA,Rv1484,p.Ile21Thr,c.62T>C,missense_variant,isoniazid,Uncertain significance,144,1.0,1674263,0,1,Pre-XDR-TB
SRR33384324,inhA,Rv1484,p.Ile21Thr,c.62T>C,missense_variant,prothionamide,Uncertain significance,144,1.0,1674263,0,1,Pre-XDR-TB
SRR33384326,embA,Rv3794,c.-16C>G,c.-16C>G,upstream_gene_variant,ethambutol,Uncertain significance,192,1.0,4243217,0,1,Pre-XDR-TB
SRR33384326,embB,Rv3795,p.Glu405Asp,c.1215G>C,missense_variant,ethambutol,Uncertain significance,186,1.0053763440860215,4247728,0,1,Pre-XDR-TB
SRR33384327,rrs,EBG00000313325,n.1401A>G,n.1401A>G,non_coding_transcript_exon_variant,streptomycin,Uncertain significance,125,1.016,1473246,0,1,Pre-XDR-TB
SRR33384327,ethA,Rv3854c,p.Ala381Pro,c.1141G>C,missense_variant,ethionamide,Uncertain significance,121,1.0,4326333,0,1,Pre-XDR-TB
SRR33384327,ethA,Rv3854c,p.Ala381Pro,c.1141G>C,missense_variant,prothionamide,Uncertain significance,121,1.0,4326333,0,1,Pre-XDR-TB
SRR33384327,gid,Rv3919c,p.Leu79Ser,c.236T>C,missense_variant,streptomycin,Uncertain significance,139,1.0071942446043165,4407967,0,1,Pre-XDR-TB
SRR33384328,katG,Rv1908c,p.Ser140Asn,c.419G>A,missense_variant,isoniazid,Uncertain significance,55,0.4363636363636363,2155693,0,0,HR-TB
SRR33384329,rpoC,Rv0668,p.Leu527Val,c.1579T>G,missense_variant,rifampicin,Uncertain significance,151,1.0066225165562914,764948,0,1,Pre-XDR-TB
SRR33384329,rpoC,Rv0668,p.Leu527Val,c.1579T>G,missense_variant,rifapentine,Uncertain significance,151,1.0066225165562914,764948,0,1,Pre-XDR-TB
SRR33384329,rrs,EBG00000313325,n.1401A>G,n.1401A>G,non_coding_transcript_exon_variant,streptomycin,Uncertain significance,103,1.0,1473246,0,1,Pre-XDR-TB
SRR33384329,inhA,Rv1484,p.Ile194Thr,c.581T>C,missense_variant,ethionamide,Uncertain significance,110,1.0,1674782,0,1,Pre-XDR-TB
SRR33384329,inhA,Rv1484,p.Ile194Thr,c.581T>C,missense_variant,isoniazid,Uncertain significance,110,1.0,1674782,0,1,Pre-XDR-TB
SRR33384329,inhA,Rv1484,p.Ile194Thr,c.581T>C,missense_variant,prothionamide,Uncertain significance,110,1.0,1674782,0,1,Pre-XDR-TB
SRR33384329,ethR,Rv3855,p.Ala95Thr,c.283G>A,missense_variant,ethionamide,Uncertain significance,128,1.0,4327831,0,1,Pre-XDR-TB
SRR33384329,ethR,Rv3855,p.Ala95Thr,c.283G>A,missense_variant,prothionamide,Uncertain significance,128,1.0,4327831,0,1,Pre-XDR-TB
SRR33384330,rrs,EBG00000313325,n.1401A>G,n.1401A>G,non_coding_transcript_exon_variant,streptomycin,Uncertain significance,100,1.0,1473246,0,1,Pre-XDR-TB
SRR33384330,ethA,Rv3854c,c.-11A>G,c.-11A>G,upstream_gene_variant,ethionamide,Uncertain significance,101,1.0,4327484,0,1,Pre-XDR-TB
SRR33384330,ethA,Rv3854c,c.-11A>G,c.-11A>G,upstream_gene_variant,prothionamide,Uncertain significance,101,1.0,4327484,0,1,Pre-XDR-TB
SRR33384331,rpoB,Rv0667,p.Phe424Leu,c.1270T>C,missense_variant,rifampicin,Uncertain significance,152,1.0,761076,0,1,MDR-TB
SRR33384331,rpoB,Rv0667,p.Phe424Leu,c.1270T>C,missense_variant,rifapentine,Uncertain significance,152,1.0,761076,0,1,MDR-TB
SRR33384331,embA,Rv3794,c.-12C>T,c.-12C>T,upstream_gene_variant,ethambutol,Uncertain significance,186,1.0,4243221,0,1,MDR-TB
SRR33384332,rrs,EBG00000313325,n.462C>T,n.462C>T,non_coding_transcript_exon_variant,streptomycin,Uncertain significance,100,1.0,1472307,0,0,HR-TB
SRR33384332,rrs,EBG00000313325,n.462C>T,n.462C>T,non_coding_transcript_exon_variant,amikacin,Uncertain significance,100,1.0,1472307,0,0,HR-TB
SRR33384332,rrs,EBG00000313325,n.462C>T,n.462C>T,non_coding_transcript_exon_variant,capreomycin,Uncertain significance,100,1.0,1472307,0,0,HR-TB
SRR33384332,rrs,EBG00000313325,n.462C>T,n.462C>T,non_coding_transcript_exon_variant,kanamycin,Uncertain significance,100,1.0,1472307,0,0,HR-TB
SRR33384332,katG,Rv1908c,p.Ala379Val,c.1136C>T,missense_variant,isoniazid,Uncertain significance,53,1.0,2154976,0,0,HR-TB
SRR33384332,embB,Rv3795,p.Leu359Ile,c.1075C>A,missense_variant,ethambutol,Uncertain significance,80,1.0,4247588,0,0,HR-TB
SRR33384333,embA,Rv3794,c.-16C>G,c.-16C>G,upstream_gene_variant,ethambutol,Uncertain significance,152,1.0,4243217,0,0,RR-TB
SRR33384334,rrs,EBG00000313325,n.1401A>G,n.1401A>G,non_coding_transcript_exon_variant,streptomycin,Uncertain significance,111,1.0,1473246,0,1,Pre-XDR-TB
SRR33384334,ethA,Rv3854c,c.-11A>G,c.-11A>G,upstream_gene_variant,ethionamide,Uncertain significance,135,1.0,4327484,0,1,Pre-XDR-TB
SRR33384334,ethA,Rv3854c,c.-11A>G,c.-11A>G,upstream_gene_variant,prothionamide,Uncertain significance,135,1.0,4327484,0,1,Pre-XDR-TB
SRR33384335,katG,Rv1908c,p.Gln127Pro,c.380A>C,missense_variant,isoniazid,Uncertain significance,122,0.9918032786885246,2155732,0,1,XDR-TB
SRR33384336,inhA,Rv1484,p.Ile21Thr,c.62T>C,missense_variant,ethionamide,Uncertain significance,71,1.0,1674263,0,1,Pre-XDR-TB
SRR33384336,inhA,Rv1484,p.Ile21Thr,c.62T>C,missense_variant,isoniazid,Uncertain significance,71,1.0,1674263,0,1,Pre-XDR-TB
SRR33384336,inhA,Rv1484,p.Ile21Thr,c.62T>C,missense_variant,prothionamide,Uncertain significance,71,1.0,1674263,0,1,Pre-XDR-TB
SRR33384338,rrs,EBG00000313325,n.1401A>G,n.1401A>G,non_coding_transcript_exon_variant,streptomycin,Uncertain significance,59,1.0,1473246,0,1,Pre-XDR-TB
SRR33384338,ethA,Rv3854c,c.-11A>G,c.-11A>G,upstream_gene_variant,ethionamide,Uncertain significance,92,1.0,4327484,0,1,Pre-XDR-TB
SRR33384338,ethA,Rv3854c,c.-11A>G,c.-11A>G,upstream_gene_variant,prothionamide,Uncertain significance,92,1.0,4327484,0,1,Pre-XDR-TB
SRR33384339,rrs,EBG00000313325,n.1401A>G,n.1401A>G,non_coding_transcript_exon_variant,streptomycin,Uncertain significance,74,1.0,1473246,0,1,XDR-TB
SRR33384339,ethA,Rv3854c,c.-11A>G,c.-11A>G,upstream_gene_variant,ethionamide,Uncertain significance,76,1.0,4327484,0,1,XDR-TB
SRR33384339,ethA,Rv3854c,c.-11A>G,c.-11A>G,upstream_gene_variant,prothionamide,Uncertain significance,76,1.0,4327484,0,1,XDR-TB
SRR33384340,rrs,EBG00000313325,n.1401A>G,n.1401A>G,non_coding_transcript_exon_variant,streptomycin,Uncertain significance,93,1.0,1473246,0,1,Pre-XDR-TB
SRR33384340,ethA,Rv3854c,c.-11A>G,c.-11A>G,upstream_gene_variant,ethionamide,Uncertain significance,104,1.0,4327484,0,1,Pre-XDR-TB
SRR33384340,ethA,Rv3854c,c.-11A>G,c.-11A>G,upstream_gene_variant,prothionamide,Uncertain significance,104,1.0,4327484,0,1,Pre-XDR-TB
SRR33384341,rpoB,Rv0667,p.Phe424Leu,c.1272C>G,missense_variant,rifampicin,Uncertain significance,158,1.0,761078,0,1,Pre-XDR-TB
SRR33384341,rpoB,Rv0667,p.Phe424Leu,c.1272C>G,missense_variant,rifapentine,Uncertain significance,158,1.0,761078,0,1,Pre-XDR-TB
SRR33384341,ethA,Rv3854c,c.-11A>G,c.-11A>G,upstream_gene_variant,ethionamide,Uncertain significance,148,1.0,4327484,0,1,Pre-XDR-TB
SRR33384341,ethA,Rv3854c,c.-11A>G,c.-11A>G,upstream_gene_variant,prothionamide,Uncertain significance,148,1.0,4327484,0,1,Pre-XDR-TB
SRR33384342,inhA,Rv1484,p.Ile21Thr,c.62T>C,missense_variant,ethionamide,Uncertain significance,96,1.0,1674263,0,1,XDR-TB
SRR33384342,inhA,Rv1484,p.Ile21Thr,c.62T>C,missense_variant,isoniazid,Uncertain significance,96,1.0,1674263,0,1,XDR-TB
SRR33384342,inhA,Rv1484,p.Ile21Thr,c.62T>C,missense_variant,prothionamide,Uncertain significance,96,1.0,1674263,0,1,XDR-TB
SRR33384344,ethA,Rv3854c,p.Ala381Pro,c.1141G>C,missense_variant,ethionamide,Uncertain significance,106,1.0,4326333,0,1,XDR-TB
SRR33384344,ethA,Rv3854c,p.Ala381Pro,c.1141G>C,missense_variant,prothionamide,Uncertain significance,106,1.0,4326333,0,1,XDR-TB
SRR33384344,gid,Rv3919c,p.Leu79Ser,c.236T>C,missense_variant,streptomycin,Uncertain significance,98,1.0,4407967,0,1,XDR-TB
SRR33384345,ethA,Rv3854c,p.Ala381Pro,c.1141G>C,missense_variant,ethionamide,Uncertain significance,73,1.0,4326333,0,1,Pre-XDR-TB
SRR33384345,ethA,Rv3854c,p.Ala381Pro,c.1141G>C,missense_variant,prothionamide,Uncertain significance,73,1.0,4326333,0,1,Pre-XDR-TB
SRR33384345,gid,Rv3919c,p.Leu79Ser,c.236T>C,missense_variant,streptomycin,Uncertain significance,64,1.0,4407967,0,1,Pre-XDR-TB
SRR33384346,rrs,EBG00000313325,n.1401A>G,n.1401A>G,non_coding_transcript_exon_variant,streptomycin,Uncertain significance,128,1.0,1473246,0,1,Pre-XDR-TB
SRR33384346,ethA,Rv3854c,c.-11A>G,c.-11A>G,upstream_gene_variant,ethionamide,Uncertain significance,126,1.0,4327484,0,1,Pre-XDR-TB
SRR33384346,ethA,Rv3854c,c.-11A>G,c.-11A>G,upstream_gene_variant,prothionamide,Uncertain significance,126,1.0,4327484,0,1,Pre-XDR-TB
SRR33384350,ethA,Rv3854c,p.Ala381Pro,c.1141G>C,missense_variant,ethionamide,Uncertain significance,136,1.0,4326333,0,1,XDR-TB
SRR33384350,ethA,Rv3854c,p.Ala381Pro,c.1141G>C,missense_variant,prothionamide,Uncertain significance,136,1.0,4326333,0,1,XDR-TB
SRR33384350,gid,Rv3919c,p.Leu79Ser,c.236T>C,missense_variant,streptomycin,Uncertain significance,88,1.0113636363636365,4407967,0,1,XDR-TB
SRR33384351,ethA,Rv3854c,p.Ala381Pro,c.1141G>C,missense_variant,ethionamide,Uncertain significance,14,1.0,4326333,0,1,XDR-TB
SRR33384351,ethA,Rv3854c,p.Ala381Pro,c.1141G>C,missense_variant,prothionamide,Uncertain significance,14,1.0,4326333,0,1,XDR-TB
SRR33384351,gid,Rv3919c,p.Leu79Ser,c.236T>C,missense_variant,streptomycin,Uncertain significance,17,1.0,4407967,0,1,XDR-TB
SRR33384352,ethA,Rv3854c,p.Ala381Pro,c.1141G>C,missense_variant,ethionamide,Uncertain significance,112,1.0,4326333,0,1,XDR-TB
SRR33384352,ethA,Rv3854c,p.Ala381Pro,c.1141G>C,missense_variant,prothionamide,Uncertain significance,112,1.0,4326333,0,1,XDR-TB
SRR33384352,gid,Rv3919c,p.Leu79Ser,c.236T>C,missense_variant,streptomycin,Uncertain significance,96,1.0,4407967,0,1,XDR-TB
SRR33384354,rrs,EBG00000313325,n.1401A>G,n.1401A>G,non_coding_transcript_exon_variant,streptomycin,Uncertain significance,91,1.0,1473246,0,1,Pre-XDR-TB
SRR33384354,ethA,Rv3854c,c.-11A>G,c.-11A>G,upstream_gene_variant,ethionamide,Uncertain significance,85,1.0,4327484,0,1,Pre-XDR-TB
SRR33384354,ethA,Rv3854c,c.-11A>G,c.-11A>G,upstream_gene_variant,prothionamide,Uncertain significance,85,1.0,4327484,0,1,Pre-XDR-TB
SRR33384355,rrs,EBG00000313325,n.1401A>G,n.1401A>G,non_coding_transcript_exon_variant,streptomycin,Uncertain significance,96,1.0,1473246,0,1,Pre-XDR-TB
SRR33384355,ethA,Rv3854c,c.-11A>G,c.-11A>G,upstream_gene_variant,ethionamide,Uncertain significance,81,1.0,4327484,0,1,Pre-XDR-TB
SRR33384355,ethA,Rv3854c,c.-11A>G,c.-11A>G,upstream_gene_variant,prothionamide,Uncertain significance,81,1.0,4327484,0,1,Pre-XDR-TB
SRR33384356,rrs,EBG00000313325,n.1401A>G,n.1401A>G,non_coding_transcript_exon_variant,streptomycin,Uncertain significance,168,0.2321428571428571,1473246,0,1,XDR-TB
SRR33384356,ethA,Rv3854c,c.-11A>G,c.-11A>G,upstream_gene_variant,ethionamide,Uncertain significance,56,1.0,4327484,0,1,XDR-TB
SRR33384356,ethA,Rv3854c,c.-11A>G,c.-11A>G,upstream_gene_variant,prothionamide,Uncertain significance,56,1.0,4327484,0,1,XDR-TB
SRR33384357,rrs,EBG00000313325,n.1401A>G,n.1401A>G,non_coding_transcript_exon_variant,streptomycin,Uncertain significance,124,1.0,1473246,0,1,Pre-XDR-TB
SRR33384357,ethA,Rv3854c,c.-11A>G,c.-11A>G,upstream_gene_variant,ethionamide,Uncertain significance,117,1.0,4327484,0,1,Pre-XDR-TB
SRR33384357,ethA,Rv3854c,c.-11A>G,c.-11A>G,upstream_gene_variant,prothionamide,Uncertain significance,117,1.0,4327484,0,1,Pre-XDR-TB
SRR33384359,embA,Rv3794,c.-16C>G,c.-16C>G,upstream_gene_variant,ethambutol,Uncertain significance,76,1.0,4243217,0,1,Pre-XDR-TB
SRR33384359,embB,Rv3795,p.Glu405Asp,c.1215G>C,missense_variant,ethambutol,Uncertain significance,100,1.0,4247728,0,1,Pre-XDR-TB
SRR33384360,ethA,Rv3854c,c.-11A>G,c.-11A>G,upstream_gene_variant,ethionamide,Uncertain significance,102,1.0,4327484,0,1,Pre-XDR-TB
SRR33384360,ethA,Rv3854c,c.-11A>G,c.-11A>G,upstream_gene_variant,prothionamide,Uncertain significance,102,1.0,4327484,0,1,Pre-XDR-TB
SRR33384362,rrs,EBG00000313325,n.462C>T,n.462C>T,non_coding_transcript_exon_variant,streptomycin,Uncertain significance,139,1.0,1472307,0,0,HR-TB
SRR33384362,rrs,EBG00000313325,n.462C>T,n.462C>T,non_coding_transcript_exon_variant,amikacin,Uncertain significance,139,1.0,1472307,0,0,HR-TB
SRR33384362,rrs,EBG00000313325,n.462C>T,n.462C>T,non_coding_transcript_exon_variant,capreomycin,Uncertain significance,139,1.0,1472307,0,0,HR-TB
SRR33384362,rrs,EBG00000313325,n.462C>T,n.462C>T,non_coding_transcript_exon_variant,kanamycin,Uncertain significance,139,1.0,1472307,0,0,HR-TB
SRR33384363,ethA,Rv3854c,p.Ala381Pro,c.1141G>C,missense_variant,ethionamide,Uncertain significance,110,1.0,4326333,0,1,Pre-XDR-TB
SRR33384363,ethA,Rv3854c,p.Ala381Pro,c.1141G>C,missense_variant,prothionamide,Uncertain significance,110,1.0,4326333,0,1,Pre-XDR-TB
SRR33384363,gid,Rv3919c,p.Leu79Ser,c.236T>C,missense_variant,streptomycin,Uncertain significance,97,1.0,4407967,0,1,Pre-XDR-TB
SRR33384364,ethA,Rv3854c,c.-11A>G,c.-11A>G,upstream_gene_variant,ethionamide,Uncertain significance,163,0.1901840490797546,4327484,0,1,MDR-TB
SRR33384364,ethA,Rv3854c,c.-11A>G,c.-11A>G,upstream_gene_variant,prothionamide,Uncertain significance,163,0.1901840490797546,4327484,0,1,MDR-TB
SRR33384365,inhA,Rv1484,p.Ile21Thr,c.62T>C,missense_variant,ethionamide,Uncertain significance,117,1.0,1674263,0,1,Pre-XDR-TB
SRR33384365,inhA,Rv1484,p.Ile21Thr,c.62T>C,missense_variant,isoniazid,Uncertain significance,117,1.0,1674263,0,1,Pre-XDR-TB
SRR33384365,inhA,Rv1484,p.Ile21Thr,c.62T>C,missense_variant,prothionamide,Uncertain significance,117,1.0,1674263,0,1,Pre-XDR-TB
SRR33384367,ethA,Rv3854c,p.Ala381Pro,c.1141G>C,missense_variant,ethionamide,Uncertain significance,88,1.0,4326333,0,1,Pre-XDR-TB
SRR33384367,ethA,Rv3854c,p.Ala381Pro,c.1141G>C,missense_variant,prothionamide,Uncertain significance,88,1.0,4326333,0,1,Pre-XDR-TB
SRR33384367,gid,Rv3919c,p.Leu79Ser,c.236T>C,missense_variant,streptomycin,Uncertain significance,104,1.0,4407967,0,1,Pre-XDR-TB
SRR33384368,rrs,EBG00000313325,n.1401A>G,n.1401A>G,non_coding_transcript_exon_variant,streptomycin,Uncertain significance,118,1.0,1473246,0,1,Pre-XDR-TB
SRR33384368,ethA,Rv3854c,c.-11A>G,c.-11A>G,upstream_gene_variant,ethionamide,Uncertain significance,103,1.0,4327484,0,1,Pre-XDR-TB
SRR33384368,ethA,Rv3854c,c.-11A>G,c.-11A>G,upstream_gene_variant,prothionamide,Uncertain significance,103,1.0,4327484,0,1,Pre-XDR-TB
SRR33384371,rrs,EBG00000313325,n.1401A>G,n.1401A>G,non_coding_transcript_exon_variant,streptomycin,Uncertain significance,93,1.0,1473246,0,1,Pre-XDR-TB
SRR33384371,ethA,Rv3854c,p.Ala381Pro,c.1141G>C,missense_variant,ethionamide,Uncertain significance,97,1.0,4326333,0,1,Pre-XDR-TB
SRR33384371,ethA,Rv3854c,p.Ala381Pro,c.1141G>C,missense_variant,prothionamide,Uncertain significance,97,1.0,4326333,0,1,Pre-XDR-TB
SRR33384371,gid,Rv3919c,p.Leu79Ser,c.236T>C,missense_variant,streptomycin,Uncertain significance,107,1.0,4407967,0,1,Pre-XDR-TB
SRR33384372,rrs,EBG00000313325,n.1401A>G,n.1401A>G,non_coding_transcript_exon_variant,streptomycin,Uncertain significance,79,1.0,1473246,0,1,Pre-XDR-TB
SRR33384372,ethA,Rv3854c,p.Ala381Pro,c.1141G>C,missense_variant,ethionamide,Uncertain significance,98,1.0,4326333,0,1,Pre-XDR-TB
SRR33384372,ethA,Rv3854c,p.Ala381Pro,c.1141G>C,missense_variant,prothionamide,Uncertain significance,98,1.0,4326333,0,1,Pre-XDR-TB
SRR33384372,gid,Rv3919c,p.Leu79Ser,c.236T>C,missense_variant,streptomycin,Uncertain significance,93,1.0,4407967,0,1,Pre-XDR-TB
SRR33384373,gid,Rv3919c,p.Leu79Ser,c.236T>C,missense_variant,streptomycin,Uncertain significance,20,1.0,4407967,0,0,HR-TB
SRR33384375,rrs,EBG00000313325,n.462C>T,n.462C>T,non_coding_transcript_exon_variant,streptomycin,Uncertain significance,160,0.99375,1472307,0,0,HR-TB
SRR33384375,rrs,EBG00000313325,n.462C>T,n.462C>T,non_coding_transcript_exon_variant,amikacin,Uncertain significance,160,0.99375,1472307,0,0,HR-TB
SRR33384375,rrs,EBG00000313325,n.462C>T,n.462C>T,non_coding_transcript_exon_variant,capreomycin,Uncertain significance,160,0.99375,1472307,0,0,HR-TB
SRR33384375,rrs,EBG00000313325,n.462C>T,n.462C>T,non_coding_transcript_exon_variant,kanamycin,Uncertain significance,160,0.99375,1472307,0,0,HR-TB
SRR33384375,katG,Rv1908c,p.Ala379Val,c.1136C>T,missense_variant,isoniazid,Uncertain significance,96,1.0,2154976,0,0,HR-TB
SRR33384375,embB,Rv3795,p.Ala356Val,c.1067C>T,missense_variant,ethambutol,Uncertain significance,25,1.0,4247580,0,0,HR-TB
SRR33384376,ethA,Rv3854c,p.Ala381Pro,c.1141G>C,missense_variant,ethionamide,Uncertain significance,85,1.0,4326333,0,1,XDR-TB
SRR33384376,ethA,Rv3854c,p.Ala381Pro,c.1141G>C,missense_variant,prothionamide,Uncertain significance,85,1.0,4326333,0,1,XDR-TB
SRR33384376,gid,Rv3919c,p.Leu79Ser,c.236T>C,missense_variant,streptomycin,Uncertain significance,87,1.0229885057471264,4407967,0,1,XDR-TB
SRR33384377,rrs,EBG00000313325,n.1401A>G,n.1401A>G,non_coding_transcript_exon_variant,streptomycin,Uncertain significance,90,0.9888888888888888,1473246,0,1,Pre-XDR-TB
SRR33384377,ethA,Rv3854c,c.-11A>G,c.-11A>G,upstream_gene_variant,ethionamide,Uncertain significance,116,0.9913793103448276,4327484,0,1,Pre-XDR-TB
SRR33384377,ethA,Rv3854c,c.-11A>G,c.-11A>G,upstream_gene_variant,prothionamide,Uncertain significance,116,0.9913793103448276,4327484,0,1,Pre-XDR-TB
SRR33384378,rrs,EBG00000313325,n.517C>T,n.517C>T,non_coding_transcript_exon_variant,kanamycin,Uncertain significance,73,1.0273972602739727,1472362,0,1,Pre-XDR-TB
SRR33384378,inhA,Rv1484,p.Ile194Thr,c.581T>C,missense_variant,ethionamide,Uncertain significance,61,1.0,1674782,0,1,Pre-XDR-TB
SRR33384378,inhA,Rv1484,p.Ile194Thr,c.581T>C,missense_variant,isoniazid,Uncertain significance,61,1.0,1674782,0,1,Pre-XDR-TB
SRR33384378,inhA,Rv1484,p.Ile194Thr,c.581T>C,missense_variant,prothionamide,Uncertain significance,61,1.0,1674782,0,1,Pre-XDR-TB
SRR33384379,rrs,EBG00000313325,n.1401A>G,n.1401A>G,non_coding_transcript_exon_variant,streptomycin,Uncertain significance,100,1.0,1473246,0,1,Pre-XDR-TB
SRR33384379,ethA,Rv3854c,c.-11A>G,c.-11A>G,upstream_gene_variant,ethionamide,Uncertain significance,92,1.0,4327484,0,1,Pre-XDR-TB
SRR33384379,ethA,Rv3854c,c.-11A>G,c.-11A>G,upstream_gene_variant,prothionamide,Uncertain significance,92,1.0,4327484,0,1,Pre-XDR-TB
SRR33384380,rrs,EBG00000313325,n.1401A>G,n.1401A>G,non_coding_transcript_exon_variant,streptomycin,Uncertain significance,115,1.0,1473246,0,1,Pre-XDR-TB
SRR33384380,ethA,Rv3854c,c.-11A>G,c.-11A>G,upstream_gene_variant,ethionamide,Uncertain significance,101,1.0,4327484,0,1,Pre-XDR-TB
SRR33384380,ethA,Rv3854c,c.-11A>G,c.-11A>G,upstream_gene_variant,prothionamide,Uncertain significance,101,1.0,4327484,0,1,Pre-XDR-TB
SRR33384381,inhA,Rv1484,p.Ile194Thr,c.581T>C,missense_variant,ethionamide,Uncertain significance,71,1.0,1674782,0,1,Pre-XDR-TB
SRR33384381,inhA,Rv1484,p.Ile194Thr,c.581T>C,missense_variant,isoniazid,Uncertain significance,71,1.0,1674782,0,1,Pre-XDR-TB
SRR33384381,inhA,Rv1484,p.Ile194Thr,c.581T>C,missense_variant,prothionamide,Uncertain significance,71,1.0,1674782,0,1,Pre-XDR-TB
SRR33384382,rrs,EBG00000313325,n.1401A>G,n.1401A>G,non_coding_transcript_exon_variant,streptomycin,Uncertain significance,100,1.0,1473246,0,1,Pre-XDR-TB
SRR33384382,ethA,Rv3854c,c.-11A>G,c.-11A>G,upstream_gene_variant,ethionamide,Uncertain significance,80,1.0,4327484,0,1,Pre-XDR-TB
SRR33384382,ethA,Rv3854c,c.-11A>G,c.-11A>G,upstream_gene_variant,prothionamide,Uncertain significance,80,1.0,4327484,0,1,Pre-XDR-TB
SRR33384383,rrs,EBG00000313325,n.908A>G,n.908A>G,non_coding_transcript_exon_variant,streptomycin,Uncertain significance,86,1.0,1472753,0,1,Pre-XDR-TB
SRR33384383,rrs,EBG00000313325,n.908A>G,n.908A>G,non_coding_transcript_exon_variant,amikacin,Uncertain significance,86,1.0,1472753,0,1,Pre-XDR-TB
SRR33384383,rrs,EBG00000313325,n.908A>G,n.908A>G,non_coding_transcript_exon_variant,capreomycin,Uncertain significance,86,1.0,1472753,0,1,Pre-XDR-TB
SRR33384383,rrs,EBG00000313325,n.908A>G,n.908A>G,non_coding_transcript_exon_variant,kanamycin,Uncertain significance,86,1.0,1472753,0,1,Pre-XDR-TB
SRR33384383,ahpC,Rv2428,c.-52C>T,c.-52C>T,upstream_gene_variant,isoniazid,Uncertain significance,95,1.0,2726141,0,1,Pre-XDR-TB
SRR33384383,embA,Rv3794,c.-12C>T,c.-12C>T,upstream_gene_variant,ethambutol,Uncertain significance,75,1.0,4243221,0,1,Pre-XDR-TB
SRR33384383,ethA,Rv3854c,c.-11A>G,c.-11A>G,upstream_gene_variant,ethionamide,Uncertain significance,81,1.0,4327484,0,1,Pre-XDR-TB
SRR33384383,ethA,Rv3854c,c.-11A>G,c.-11A>G,upstream_gene_variant,prothionamide,Uncertain significance,81,1.0,4327484,0,1,Pre-XDR-TB
SRR33384385,inhA,Rv1484,p.Ile21Thr,c.62T>C,missense_variant,ethionamide,Uncertain significance,80,1.0,1674263,0,1,Pre-XDR-TB
SRR33384385,inhA,Rv1484,p.Ile21Thr,c.62T>C,missense_variant,isoniazid,Uncertain significance,80,1.0,1674263,0,1,Pre-XDR-TB
SRR33384385,inhA,Rv1484,p.Ile21Thr,c.62T>C,missense_variant,prothionamide,Uncertain significance,80,1.0,1674263,0,1,Pre-XDR-TB
SRR33384387,inhA,Rv1484,p.Ile21Thr,c.62T>C,missense_variant,ethionamide,Uncertain significance,91,1.0,1674263,0,1,Pre-XDR-TB
SRR33384387,inhA,Rv1484,p.Ile21Thr,c.62T>C,missense_variant,isoniazid,Uncertain significance,91,1.0,1674263,0,1,Pre-XDR-TB
SRR33384387,inhA,Rv1484,p.Ile21Thr,c.62T>C,missense_variant,prothionamide,Uncertain significance,91,1.0,1674263,0,1,Pre-XDR-TB
SRR33384388,rrs,EBG00000313325,n.1401A>G,n.1401A>G,non_coding_transcript_exon_variant,streptomycin,Uncertain significance,66,1.0151515151515151,1473246,0,1,Pre-XDR-TB
SRR33384388,ethA,Rv3854c,c.-11A>G,c.-11A>G,upstream_gene_variant,ethionamide,Uncertain significance,84,1.0,4327484,0,1,Pre-XDR-TB
SRR33384388,ethA,Rv3854c,c.-11A>G,c.-11A>G,upstream_gene_variant,prothionamide,Uncertain significance,84,1.0,4327484,0,1,Pre-XDR-TB
SRR33384389,ethA,Rv3854c,p.Ala381Pro,c.1141G>C,missense_variant,ethionamide,Uncertain significance,103,1.0,4326333,0,1,XDR-TB
SRR33384389,ethA,Rv3854c,p.Ala381Pro,c.1141G>C,missense_variant,prothionamide,Uncertain significance,103,1.0,4326333,0,1,XDR-TB
SRR33384389,gid,Rv3919c,p.Leu79Ser,c.236T>C,missense_variant,streptomycin,Uncertain significance,85,1.0,4407967,0,1,XDR-TB
SRR33384390,ethA,Rv3854c,p.Ala381Pro,c.1141G>C,missense_variant,ethionamide,Uncertain significance,108,1.0,4326333,0,1,Pre-XDR-TB
SRR33384390,ethA,Rv3854c,p.Ala381Pro,c.1141G>C,missense_variant,prothionamide,Uncertain significance,108,1.0,4326333,0,1,Pre-XDR-TB
SRR33384390,gid,Rv3919c,p.Leu79Ser,c.236T>C,missense_variant,streptomycin,Uncertain significance,77,1.0129870129870129,4407967,0,1,Pre-XDR-TB
SRR33384391,rrs,EBG00000313325,n.1401A>G,n.1401A>G,non_coding_transcript_exon_variant,streptomycin,Uncertain significance,87,1.0,1473246,0,1,Pre-XDR-TB
SRR33384391,ethA,Rv3854c,c.-11A>G,c.-11A>G,upstream_gene_variant,ethionamide,Uncertain significance,86,1.0232558139534884,4327484,0,1,Pre-XDR-TB
SRR33384391,ethA,Rv3854c,c.-11A>G,c.-11A>G,upstream_gene_variant,prothionamide,Uncertain significance,86,1.0232558139534884,4327484,0,1,Pre-XDR-TB
SRR33384392,rrs,EBG00000313325,n.517C>T,n.517C>T,non_coding_transcript_exon_variant,kanamycin,Uncertain significance,115,0.7739130434782608,1472362,0,1,XDR-TB
SRR33384392,embA,Rv3794,c.-29_-28delCT,c.-29_-28delCT,upstream_gene_variant,ethambutol,Uncertain significance,88,0.9090909090909092,4243203,0,1,XDR-TB
SRR33384394,rrs,EBG00000313325,n.1401A>G,n.1401A>G,non_coding_transcript_exon_variant,streptomycin,Uncertain significance,90,0.8,1473246,0,1,MDR-TB
SRR33384396,ethA,Rv3854c,p.Ala381Pro,c.1141G>C,missense_variant,ethionamide,Uncertain significance,85,1.0,4326333,0,1,MDR-TB
SRR33384396,ethA,Rv3854c,p.Ala381Pro,c.1141G>C,missense_variant,prothionamide,Uncertain significance,85,1.0,4326333,0,1,MDR-TB
SRR33384396,gid,Rv3919c,p.Leu79Ser,c.236T>C,missense_variant,streptomycin,Uncertain significance,87,1.011494252873563,4407967,0,1,MDR-TB
SRR33384399,rrs,EBG00000313325,n.1401A>G,n.1401A>G,non_coding_transcript_exon_variant,streptomycin,Uncertain significance,108,1.0,1473246,0,1,XDR-TB
SRR33384399,ethA,Rv3854c,p.Ala381Pro,c.1141G>C,missense_variant,ethionamide,Uncertain significance,112,1.0,4326333,0,1,XDR-TB
SRR33384399,ethA,Rv3854c,p.Ala381Pro,c.1141G>C,missense_variant,prothionamide,Uncertain significance,112,1.0,4326333,0,1,XDR-TB
SRR33384399,gid,Rv3919c,p.Leu79Ser,c.236T>C,missense_variant,streptomycin,Uncertain significance,81,1.0246913580246917,4407967,0,1,XDR-TB
SRR33384400,ethA,Rv3854c,c.-11A>G,c.-11A>G,upstream_gene_variant,ethionamide,Uncertain significance,95,1.0,4327484,0,1,Pre-XDR-TB
SRR33384400,ethA,Rv3854c,c.-11A>G,c.-11A>G,upstream_gene_variant,prothionamide,Uncertain significance,95,1.0,4327484,0,1,Pre-XDR-TB
SRR33384402,rrs,EBG00000313325,n.1401A>G,n.1401A>G,non_coding_transcript_exon_variant,streptomycin,Uncertain significance,91,1.0,1473246,0,1,Pre-XDR-TB
SRR33384402,ethA,Rv3854c,c.-11A>G,c.-11A>G,upstream_gene_variant,ethionamide,Uncertain significance,101,1.00990099009901,4327484,0,1,Pre-XDR-TB
SRR33384402,ethA,Rv3854c,c.-11A>G,c.-11A>G,upstream_gene_variant,prothionamide,Uncertain significance,101,1.00990099009901,4327484,0,1,Pre-XDR-TB
SRR33384403,rrs,EBG00000313325,n.1401A>G,n.1401A>G,non_coding_transcript_exon_variant,streptomycin,Uncertain significance,97,1.0,1473246,0,1,Pre-XDR-TB
SRR33384403,ethA,Rv3854c,c.-11A>G,c.-11A>G,upstream_gene_variant,ethionamide,Uncertain significance,123,1.0,4327484,0,1,Pre-XDR-TB
SRR33384403,ethA,Rv3854c,c.-11A>G,c.-11A>G,upstream_gene_variant,prothionamide,Uncertain significance,123,1.0,4327484,0,1,Pre-XDR-TB
SRR33384404,rrs,EBG00000313325,n.1401A>G,n.1401A>G,non_coding_transcript_exon_variant,streptomycin,Uncertain significance,80,1.0,1473246,0,1,Pre-XDR-TB
SRR33384404,ethA,Rv3854c,c.-11A>G,c.-11A>G,upstream_gene_variant,ethionamide,Uncertain significance,111,1.0,4327484,0,1,Pre-XDR-TB
SRR33384404,ethA,Rv3854c,c.-11A>G,c.-11A>G,upstream_gene_variant,prothionamide,Uncertain significance,111,1.0,4327484,0,1,Pre-XDR-TB
SRR33384405,rrs,EBG00000313325,n.1401A>G,n.1401A>G,non_coding_transcript_exon_variant,streptomycin,Uncertain significance,42,1.0,1473246,0,1,Pre-XDR-TB
SRR33384405,ethA,Rv3854c,c.-11A>G,c.-11A>G,upstream_gene_variant,ethionamide,Uncertain significance,71,1.0,4327484,0,1,Pre-XDR-TB
SRR33384405,ethA,Rv3854c,c.-11A>G,c.-11A>G,upstream_gene_variant,prothionamide,Uncertain significance,71,1.0,4327484,0,1,Pre-XDR-TB
SRR33384406,rrs,EBG00000313325,n.1401A>G,n.1401A>G,non_coding_transcript_exon_variant,streptomycin,Uncertain significance,48,1.0,1473246,0,1,Pre-XDR-TB
SRR33384406,ethA,Rv3854c,c.-11A>G,c.-11A>G,upstream_gene_variant,ethionamide,Uncertain significance,83,1.0,4327484,0,1,Pre-XDR-TB
SRR33384406,ethA,Rv3854c,c.-11A>G,c.-11A>G,upstream_gene_variant,prothionamide,Uncertain significance,83,1.0,4327484,0,1,Pre-XDR-TB
SRR33384408,rrs,EBG00000313325,n.1401A>G,n.1401A>G,non_coding_transcript_exon_variant,streptomycin,Uncertain significance,74,1.0,1473246,0,1,Pre-XDR-TB
SRR33384408,ethA,Rv3854c,c.-11A>G,c.-11A>G,upstream_gene_variant,ethionamide,Uncertain significance,145,1.0,4327484,0,1,Pre-XDR-TB
SRR33384408,ethA,Rv3854c,c.-11A>G,c.-11A>G,upstream_gene_variant,prothionamide,Uncertain significance,145,1.0,4327484,0,1,Pre-XDR-TB
SRR33384409,rrs,EBG00000313325,n.1401A>G,n.1401A>G,non_coding_transcript_exon_variant,streptomycin,Uncertain significance,76,1.013157894736842,1473246,0,1,Pre-XDR-TB
SRR33384409,ethA,Rv3854c,c.-11A>G,c.-11A>G,upstream_gene_variant,ethionamide,Uncertain significance,93,1.0,4327484,0,1,Pre-XDR-TB
SRR33384409,ethA,Rv3854c,c.-11A>G,c.-11A>G,upstream_gene_variant,prothionamide,Uncertain significance,93,1.0,4327484,0,1,Pre-XDR-TB
SRR33384410,rrs,EBG00000313325,n.1401A>G,n.1401A>G,non_coding_transcript_exon_variant,streptomycin,Uncertain significance,96,1.0,1473246,0,1,Pre-XDR-TB
SRR33384411,ethA,Rv3854c,p.Ala381Pro,c.1141G>C,missense_variant,ethionamide,Uncertain significance,103,1.0,4326333,0,1,Pre-XDR-TB
SRR33384411,ethA,Rv3854c,p.Ala381Pro,c.1141G>C,missense_variant,prothionamide,Uncertain significance,103,1.0,4326333,0,1,Pre-XDR-TB
SRR33384411,gid,Rv3919c,p.Leu79Ser,c.236T>C,missense_variant,streptomycin,Uncertain significance,92,1.0108695652173914,4407967,0,1,Pre-XDR-TB
SRR33384412,ahpC,Rv2428,c.-52C>T,c.-52C>T,upstream_gene_variant,isoniazid,Uncertain significance,106,1.0,2726141,0,1,Pre-XDR-TB
SRR33384412,ethA,Rv3854c,c.-11A>G,c.-11A>G,upstream_gene_variant,ethionamide,Uncertain significance,105,1.0,4327484,0,1,Pre-XDR-TB
SRR33384412,ethA,Rv3854c,c.-11A>G,c.-11A>G,upstream_gene_variant,prothionamide,Uncertain significance,105,1.0,4327484,0,1,Pre-XDR-TB
SRR33384413,rrs,EBG00000313325,n.1401A>G,n.1401A>G,non_coding_transcript_exon_variant,streptomycin,Uncertain significance,67,1.0,1473246,0,1,Pre-XDR-TB
SRR33384413,ethA,Rv3854c,c.-11A>G,c.-11A>G,upstream_gene_variant,ethionamide,Uncertain significance,92,1.0,4327484,0,1,Pre-XDR-TB
SRR33384413,ethA,Rv3854c,c.-11A>G,c.-11A>G,upstream_gene_variant,prothionamide,Uncertain significance,92,1.0,4327484,0,1,Pre-XDR-TB
SRR33384414,ethA,Rv3854c,p.Ala381Pro,c.1141G>C,missense_variant,ethionamide,Uncertain significance,93,1.0,4326333,0,1,Pre-XDR-TB
SRR33384414,ethA,Rv3854c,p.Ala381Pro,c.1141G>C,missense_variant,prothionamide,Uncertain significance,93,1.0,4326333,0,1,Pre-XDR-TB
SRR33384414,gid,Rv3919c,p.Leu79Ser,c.236T>C,missense_variant,streptomycin,Uncertain significance,85,1.0,4407967,0,1,Pre-XDR-TB
SRR33384415,rrs,EBG00000313325,n.905C>A,n.905C>A,non_coding_transcript_exon_variant,streptomycin,Uncertain significance,66,1.0,1472750,0,1,Pre-XDR-TB
SRR33384415,rrs,EBG00000313325,n.905C>A,n.905C>A,non_coding_transcript_exon_variant,amikacin,Uncertain significance,66,1.0,1472750,0,1,Pre-XDR-TB
SRR33384415,rrs,EBG00000313325,n.905C>A,n.905C>A,non_coding_transcript_exon_variant,capreomycin,Uncertain significance,66,1.0,1472750,0,1,Pre-XDR-TB
SRR33384415,rrs,EBG00000313325,n.905C>A,n.905C>A,non_coding_transcript_exon_variant,kanamycin,Uncertain significance,66,1.0,1472750,0,1,Pre-XDR-TB
SRR33384415,ethA,Rv3854c,c.-11A>G,c.-11A>G,upstream_gene_variant,ethionamide,Uncertain significance,105,1.0,4327484,0,1,Pre-XDR-TB
SRR33384415,ethA,Rv3854c,c.-11A>G,c.-11A>G,upstream_gene_variant,prothionamide,Uncertain significance,105,1.0,4327484,0,1,Pre-XDR-TB
SRR33384416,rrs,EBG00000313325,n.517C>T,n.517C>T,non_coding_transcript_exon_variant,kanamycin,Uncertain significance,69,1.0,1472362,0,1,MDR-TB
SRR33384416,inhA,Rv1484,p.Ile194Thr,c.581T>C,missense_variant,ethionamide,Uncertain significance,91,1.0,1674782,0,1,MDR-TB
SRR33384416,inhA,Rv1484,p.Ile194Thr,c.581T>C,missense_variant,isoniazid,Uncertain significance,91,1.0,1674782,0,1,MDR-TB
SRR33384416,inhA,Rv1484,p.Ile194Thr,c.581T>C,missense_variant,prothionamide,Uncertain significance,91,1.0,1674782,0,1,MDR-TB
SRR33384417,ethA,Rv3854c,p.Ala381Pro,c.1141G>C,missense_variant,ethionamide,Uncertain significance,102,1.0,4326333,0,1,XDR-TB
SRR33384417,ethA,Rv3854c,p.Ala381Pro,c.1141G>C,missense_variant,prothionamide,Uncertain significance,102,1.0,4326333,0,1,XDR-TB
SRR33384417,gid,Rv3919c,p.Leu79Ser,c.236T>C,missense_variant,streptomycin,Uncertain significance,96,1.0,4407967,0,1,XDR-TB
SRR33384419,rrs,EBG00000313325,n.1401A>G,n.1401A>G,non_coding_transcript_exon_variant,streptomycin,Uncertain significance,67,1.0,1473246,0,0,RR-TB
SRR33384421,rrs,EBG00000313325,n.1401A>G,n.1401A>G,non_coding_transcript_exon_variant,streptomycin,Uncertain significance,56,1.0,1473246,0,0,RR-TB
SRR33384422,rrs,EBG00000313325,n.1401A>G,n.1401A>G,non_coding_transcript_exon_variant,streptomycin,Uncertain significance,83,1.0,1473246,0,1,Pre-XDR-TB
SRR33384422,ethA,Rv3854c,c.-11A>G,c.-11A>G,upstream_gene_variant,ethionamide,Uncertain significance,98,1.0,4327484,0,1,Pre-XDR-TB
SRR33384422,ethA,Rv3854c,c.-11A>G,c.-11A>G,upstream_gene_variant,prothionamide,Uncertain significance,98,1.0,4327484,0,1,Pre-XDR-TB
SRR33384424,rrs,EBG00000313325,n.1401A>G,n.1401A>G,non_coding_transcript_exon_variant,streptomycin,Uncertain significance,130,1.0,1473246,0,1,Pre-XDR-TB
SRR33384424,ethA,Rv3854c,c.-11A>G,c.-11A>G,upstream_gene_variant,ethionamide,Uncertain significance,136,1.0147058823529411,4327484,0,1,Pre-XDR-TB
SRR33384424,ethA,Rv3854c,c.-11A>G,c.-11A>G,upstream_gene_variant,prothionamide,Uncertain significance,136,1.0147058823529411,4327484,0,1,Pre-XDR-TB
SRR33384425,rrs,EBG00000313325,n.1401A>G,n.1401A>G,non_coding_transcript_exon_variant,streptomycin,Uncertain significance,77,1.0,1473246,0,1,MDR-TB
SRR33384427,ahpC,Rv2428,c.-48G>A,c.-48G>A,upstream_gene_variant,isoniazid,Uncertain significance,158,1.0,2726145,0,0,XDR-TB
SRR33384429,ethA,Rv3854c,p.Ala381Pro,c.1141G>C,missense_variant,ethionamide,Uncertain significance,96,1.0,4326333,0,1,Pre-XDR-TB
SRR33384429,ethA,Rv3854c,p.Ala381Pro,c.1141G>C,missense_variant,prothionamide,Uncertain significance,96,1.0,4326333,0,1,Pre-XDR-TB
SRR33384429,gid,Rv3919c,p.Leu79Ser,c.236T>C,missense_variant,streptomycin,Uncertain significance,92,1.0326086956521738,4407967,0,1,Pre-XDR-TB
SRR33384431,rrs,EBG00000313325,n.1401A>G,n.1401A>G,non_coding_transcript_exon_variant,streptomycin,Uncertain significance,70,1.0,1473246,0,1,Pre-XDR-TB
SRR33384431,ethA,Rv3854c,c.-11A>G,c.-11A>G,upstream_gene_variant,ethionamide,Uncertain significance,93,1.010752688172043,4327484,0,1,Pre-XDR-TB
SRR33384431,ethA,Rv3854c,c.-11A>G,c.-11A>G,upstream_gene_variant,prothionamide,Uncertain significance,93,1.010752688172043,4327484,0,1,Pre-XDR-TB
SRR33384432,rrs,EBG00000313325,n.1401A>G,n.1401A>G,non_coding_transcript_exon_variant,streptomycin,Uncertain significance,59,1.0,1473246,0,1,Pre-XDR-TB
SRR33384432,ethA,Rv3854c,c.-11A>G,c.-11A>G,upstream_gene_variant,ethionamide,Uncertain significance,80,1.0,4327484,0,1,Pre-XDR-TB
SRR33384432,ethA,Rv3854c,c.-11A>G,c.-11A>G,upstream_gene_variant,prothionamide,Uncertain significance,80,1.0,4327484,0,1,Pre-XDR-TB
SRR33384433,rrs,EBG00000313325,n.1401A>G,n.1401A>G,non_coding_transcript_exon_variant,streptomycin,Uncertain significance,126,1.0,1473246,0,1,Pre-XDR-TB
SRR33384433,ethA,Rv3854c,c.-11A>G,c.-11A>G,upstream_gene_variant,ethionamide,Uncertain significance,134,0.9925373134328358,4327484,0,1,Pre-XDR-TB
SRR33384433,ethA,Rv3854c,c.-11A>G,c.-11A>G,upstream_gene_variant,prothionamide,Uncertain significance,134,0.9925373134328358,4327484,0,1,Pre-XDR-TB
SRR33384434,rrs,EBG00000313325,n.905C>A,n.905C>A,non_coding_transcript_exon_variant,streptomycin,Uncertain significance,71,1.0,1472750,0,1,Pre-XDR-TB
SRR33384434,rrs,EBG00000313325,n.905C>A,n.905C>A,non_coding_transcript_exon_variant,amikacin,Uncertain significance,71,1.0,1472750,0,1,Pre-XDR-TB
SRR33384434,rrs,EBG00000313325,n.905C>A,n.905C>A,non_coding_transcript_exon_variant,capreomycin,Uncertain significance,71,1.0,1472750,0,1,Pre-XDR-TB
SRR33384434,rrs,EBG00000313325,n.905C>A,n.905C>A,non_coding_transcript_exon_variant,kanamycin,Uncertain significance,71,1.0,1472750,0,1,Pre-XDR-TB
SRR33384434,ethA,Rv3854c,c.-11A>G,c.-11A>G,upstream_gene_variant,ethionamide,Uncertain significance,73,1.0,4327484,0,1,Pre-XDR-TB
SRR33384434,ethA,Rv3854c,c.-11A>G,c.-11A>G,upstream_gene_variant,prothionamide,Uncertain significance,73,1.0,4327484,0,1,Pre-XDR-TB
SRR33384435,rrs,EBG00000313325,n.1401A>G,n.1401A>G,non_coding_transcript_exon_variant,streptomycin,Uncertain significance,113,1.0,1473246,0,1,Pre-XDR-TB
SRR33384435,ethA,Rv3854c,c.-11A>G,c.-11A>G,upstream_gene_variant,ethionamide,Uncertain significance,117,1.0,4327484,0,1,Pre-XDR-TB
SRR33384435,ethA,Rv3854c,c.-11A>G,c.-11A>G,upstream_gene_variant,prothionamide,Uncertain significance,117,1.0,4327484,0,1,Pre-XDR-TB
SRR33384436,rrs,EBG00000313325,n.517C>T,n.517C>T,non_coding_transcript_exon_variant,kanamycin,Uncertain significance,89,1.0,1472362,0,1,Pre-XDR-TB
SRR33384436,embA,Rv3794,c.-29_-28delCT,c.-29_-28delCT,upstream_gene_variant,ethambutol,Uncertain significance,131,0.900763358778626,4243203,0,1,Pre-XDR-TB
SRR33384437,rrs,EBG00000313325,n.1401A>G,n.1401A>G,non_coding_transcript_exon_variant,streptomycin,Uncertain significance,75,1.0133333333333334,1473246,0,1,Pre-XDR-TB
SRR33384437,ethA,Rv3854c,c.-11A>G,c.-11A>G,upstream_gene_variant,ethionamide,Uncertain significance,97,1.0,4327484,0,1,Pre-XDR-TB
SRR33384437,ethA,Rv3854c,c.-11A>G,c.-11A>G,upstream_gene_variant,prothionamide,Uncertain significance,97,1.0,4327484,0,1,Pre-XDR-TB
SRR33384439,rrs,EBG00000313325,n.905C>A,n.905C>A,non_coding_transcript_exon_variant,streptomycin,Uncertain significance,77,1.0,1472750,0,1,Pre-XDR-TB
SRR33384439,rrs,EBG00000313325,n.905C>A,n.905C>A,non_coding_transcript_exon_variant,amikacin,Uncertain significance,77,1.0,1472750,0,1,Pre-XDR-TB
SRR33384439,rrs,EBG00000313325,n.905C>A,n.905C>A,non_coding_transcript_exon_variant,capreomycin,Uncertain significance,77,1.0,1472750,0,1,Pre-XDR-TB
SRR33384439,rrs,EBG00000313325,n.905C>A,n.905C>A,non_coding_transcript_exon_variant,kanamycin,Uncertain significance,77,1.0,1472750,0,1,Pre-XDR-TB
SRR33384439,ethA,Rv3854c,c.-11A>G,c.-11A>G,upstream_gene_variant,ethionamide,Uncertain significance,94,1.0,4327484,0,1,Pre-XDR-TB
SRR33384439,ethA,Rv3854c,c.-11A>G,c.-11A>G,upstream_gene_variant,prothionamide,Uncertain significance,94,1.0,4327484,0,1,Pre-XDR-TB
SRR33384440,rrs,EBG00000313325,n.1401A>G,n.1401A>G,non_coding_transcript_exon_variant,streptomycin,Uncertain significance,115,1.0,1473246,0,1,Pre-XDR-TB
SRR33384440,ethA,Rv3854c,c.-11A>G,c.-11A>G,upstream_gene_variant,ethionamide,Uncertain significance,103,1.0097087378640777,4327484,0,1,Pre-XDR-TB
SRR33384440,ethA,Rv3854c,c.-11A>G,c.-11A>G,upstream_gene_variant,prothionamide,Uncertain significance,103,1.0097087378640777,4327484,0,1,Pre-XDR-TB
SRR33384442,ethA,Rv3854c,c.-11A>G,c.-11A>G,upstream_gene_variant,ethionamide,Uncertain significance,103,1.0,4327484,0,1,MDR-TB
SRR33384442,ethA,Rv3854c,c.-11A>G,c.-11A>G,upstream_gene_variant,prothionamide,Uncertain significance,103,1.0,4327484,0,1,MDR-TB
SRR33384443,rrs,EBG00000313325,n.517C>T,n.517C>T,non_coding_transcript_exon_variant,kanamycin,Uncertain significance,124,1.0,1472362,0,1,XDR-TB
SRR33384443,embA,Rv3794,c.-29_-28delCT,c.-29_-28delCT,upstream_gene_variant,ethambutol,Uncertain significance,158,0.8481012658227848,4243203,0,1,XDR-TB
SRR33384445,ethA,Rv3854c,p.Ala381Pro,c.1141G>C,missense_variant,ethionamide,Uncertain significance,136,1.0073529411764706,4326333,0,1,Pre-XDR-TB
SRR33384445,ethA,Rv3854c,p.Ala381Pro,c.1141G>C,missense_variant,prothionamide,Uncertain significance,136,1.0073529411764706,4326333,0,1,Pre-XDR-TB
SRR33384445,gid,Rv3919c,p.Leu79Ser,c.236T>C,missense_variant,streptomycin,Uncertain significance,139,1.0431654676258992,4407967,0,1,Pre-XDR-TB
SRR33384446,rrs,EBG00000313325,n.517C>T,n.517C>T,non_coding_transcript_exon_variant,kanamycin,Uncertain significance,129,0.992248062015504,1472362,0,1,Pre-XDR-TB
SRR33384446,embA,Rv3794,c.-29_-28delCT,c.-29_-28delCT,upstream_gene_variant,ethambutol,Uncertain significance,126,0.8492063492063492,4243203,0,1,Pre-XDR-TB
SRR33384447,rrs,EBG00000313325,n.1401A>G,n.1401A>G,non_coding_transcript_exon_variant,streptomycin,Uncertain significance,112,1.0,1473246,0,1,Pre-XDR-TB
SRR33384447,ethA,Rv3854c,c.-11A>G,c.-11A>G,upstream_gene_variant,ethionamide,Uncertain significance,124,1.0080645161290325,4327484,0,1,Pre-XDR-TB
SRR33384447,ethA,Rv3854c,c.-11A>G,c.-11A>G,upstream_gene_variant,prothionamide,Uncertain significance,124,1.0080645161290325,4327484,0,1,Pre-XDR-TB
SRR33384448,rrs,EBG00000313325,n.878G>A,n.878G>A,non_coding_transcript_exon_variant,amikacin,Uncertain significance,106,1.009433962264151,1472723,0,1,Pre-XDR-TB
SRR33384448,rrs,EBG00000313325,n.878G>A,n.878G>A,non_coding_transcript_exon_variant,capreomycin,Uncertain significance,106,1.009433962264151,1472723,0,1,Pre-XDR-TB
SRR33384448,rrs,EBG00000313325,n.878G>A,n.878G>A,non_coding_transcript_exon_variant,kanamycin,Uncertain significance,106,1.009433962264151,1472723,0,1,Pre-XDR-TB
SRR33384448,embA,Rv3794,c.-16C>G,c.-16C>G,upstream_gene_variant,ethambutol,Uncertain significance,119,1.0,4243217,0,1,Pre-XDR-TB
SRR33384448,ethA,Rv3854c,c.1192_1194dupGTG,c.1192_1194dupGTG,conservative_inframe_insertion,ethionamide,Uncertain significance,122,0.9098360655737704,4326279,0,1,Pre-XDR-TB
SRR33384448,ethA,Rv3854c,c.1192_1194dupGTG,c.1192_1194dupGTG,conservative_inframe_insertion,prothionamide,Uncertain significance,122,0.9098360655737704,4326279,0,1,Pre-XDR-TB
SRR33384449,ethA,Rv3854c,p.Ala381Pro,c.1141G>C,missense_variant,ethionamide,Uncertain significance,121,0.9917355371900828,4326333,0,1,Pre-XDR-TB
SRR33384449,ethA,Rv3854c,p.Ala381Pro,c.1141G>C,missense_variant,prothionamide,Uncertain significance,121,0.9917355371900828,4326333,0,1,Pre-XDR-TB
SRR33384449,gid,Rv3919c,p.Leu79Ser,c.236T>C,missense_variant,streptomycin,Uncertain significance,114,1.0175438596491229,4407967,0,1,Pre-XDR-TB
SRR33384450,rrs,EBG00000313325,n.1401A>G,n.1401A>G,non_coding_transcript_exon_variant,streptomycin,Uncertain significance,56,1.0,1473246,0,1,Pre-XDR-TB
SRR33384450,ethA,Rv3854c,c.-11A>G,c.-11A>G,upstream_gene_variant,ethionamide,Uncertain significance,58,1.0,4327484,0,1,Pre-XDR-TB
SRR33384450,ethA,Rv3854c,c.-11A>G,c.-11A>G,upstream_gene_variant,prothionamide,Uncertain significance,58,1.0,4327484,0,1,Pre-XDR-TB
SRR33384451,embA,Rv3794,c.-16C>G,c.-16C>G,upstream_gene_variant,ethambutol,Uncertain significance,112,1.0,4243217,0,1,Pre-XDR-TB
SRR33384451,embB,Rv3795,p.Glu405Asp,c.1215G>C,missense_variant,ethambutol,Uncertain significance,89,1.0,4247728,0,1,Pre-XDR-TB
SRR33384452,rrs,EBG00000313325,n.517C>T,n.517C>T,non_coding_transcript_exon_variant,kanamycin,Uncertain significance,81,1.0,1472362,0,1,XDR-TB
SRR33384452,embA,Rv3794,c.-29_-28delCT,c.-29_-28delCT,upstream_gene_variant,ethambutol,Uncertain significance,123,0.8617886178861789,4243203,0,1,XDR-TB
SRR33384453,rrs,EBG00000313325,n.905C>A,n.905C>A,non_coding_transcript_exon_variant,streptomycin,Uncertain significance,110,1.009090909090909,1472750,0,1,Pre-XDR-TB
SRR33384453,rrs,EBG00000313325,n.905C>A,n.905C>A,non_coding_transcript_exon_variant,amikacin,Uncertain significance,110,1.009090909090909,1472750,0,1,Pre-XDR-TB
SRR33384453,rrs,EBG00000313325,n.905C>A,n.905C>A,non_coding_transcript_exon_variant,capreomycin,Uncertain significance,110,1.009090909090909,1472750,0,1,Pre-XDR-TB
SRR33384453,rrs,EBG00000313325,n.905C>A,n.905C>A,non_coding_transcript_exon_variant,kanamycin,Uncertain significance,110,1.009090909090909,1472750,0,1,Pre-XDR-TB
SRR33384453,ethA,Rv3854c,c.-11A>G,c.-11A>G,upstream_gene_variant,ethionamide,Uncertain significance,100,1.0,4327484,0,1,Pre-XDR-TB
SRR33384453,ethA,Rv3854c,c.-11A>G,c.-11A>G,upstream_gene_variant,prothionamide,Uncertain significance,100,1.0,4327484,0,1,Pre-XDR-TB
SRR33384454,ethA,Rv3854c,p.Ala381Pro,c.1141G>C,missense_variant,ethionamide,Uncertain significance,13,1.0,4326333,0,0,HR-TB
SRR33384454,ethA,Rv3854c,p.Ala381Pro,c.1141G>C,missense_variant,prothionamide,Uncertain significance,13,1.0,4326333,0,0,HR-TB
SRR33384454,gid,Rv3919c,p.Leu79Ser,c.236T>C,missense_variant,streptomycin,Uncertain significance,12,1.0,4407967,0,0,HR-TB
SRR33384455,fbiC,Rv1173,c.1913_1914dupTC,c.1913_1914dupTC,frameshift_variant,clofazimine,Uncertain significance,124,0.9274193548387096,1304844,0,1,XDR-TB
SRR33384455,embB,Rv3795,p.Phe330Val,c.988T>G,missense_variant,ethambutol,Uncertain significance,101,1.00990099009901,4247501,0,1,XDR-TB
SRR33384457,rrs,EBG00000313325,n.1401A>G,n.1401A>G,non_coding_transcript_exon_variant,streptomycin,Uncertain significance,99,1.0,1473246,0,1,MDR-TB
SRR33384457,ethA,Rv3854c,p.Ala381Pro,c.1141G>C,missense_variant,ethionamide,Uncertain significance,143,1.0,4326333,0,1,MDR-TB
SRR33384457,ethA,Rv3854c,p.Ala381Pro,c.1141G>C,missense_variant,prothionamide,Uncertain significance,143,1.0,4326333,0,1,MDR-TB
SRR33384457,gid,Rv3919c,p.Leu79Ser,c.236T>C,missense_variant,streptomycin,Uncertain significance,96,1.0104166666666667,4407967,0,1,MDR-TB
SRR33384458,ahpC,Rv2428,c.-52C>T,c.-52C>T,upstream_gene_variant,isoniazid,Uncertain significance,158,1.0,2726141,0,1,Pre-XDR-TB
SRR33384458,ethA,Rv3854c,c.-11A>G,c.-11A>G,upstream_gene_variant,ethionamide,Uncertain significance,137,1.0,4327484,0,1,Pre-XDR-TB
SRR33384458,ethA,Rv3854c,c.-11A>G,c.-11A>G,upstream_gene_variant,prothionamide,Uncertain significance,137,1.0,4327484,0,1,Pre-XDR-TB
SRR33384459,rrs,EBG00000313325,n.1401A>G,n.1401A>G,non_coding_transcript_exon_variant,streptomycin,Uncertain significance,101,1.0,1473246,0,1,XDR-TB
SRR33384459,ethA,Rv3854c,c.-11A>G,c.-11A>G,upstream_gene_variant,ethionamide,Uncertain significance,74,1.0,4327484,0,1,XDR-TB
SRR33384459,ethA,Rv3854c,c.-11A>G,c.-11A>G,upstream_gene_variant,prothionamide,Uncertain significance,74,1.0,4327484,0,1,XDR-TB
SRR33384460,rrs,EBG00000313325,n.517C>T,n.517C>T,non_coding_transcript_exon_variant,kanamycin,Uncertain significance,141,1.0,1472362,0,1,XDR-TB
SRR33384460,inhA,Rv1484,p.Ile194Thr,c.581T>C,missense_variant,ethionamide,Uncertain significance,149,1.0,1674782,0,1,XDR-TB
SRR33384460,inhA,Rv1484,p.Ile194Thr,c.581T>C,missense_variant,isoniazid,Uncertain significance,149,1.0,1674782,0,1,XDR-TB
SRR33384460,inhA,Rv1484,p.Ile194Thr,c.581T>C,missense_variant,prothionamide,Uncertain significance,149,1.0,1674782,0,1,XDR-TB
SRR33384461,rrs,EBG00000313325,n.1401A>G,n.1401A>G,non_coding_transcript_exon_variant,streptomycin,Uncertain significance,84,1.0,1473246,0,1,Pre-XDR-TB
SRR33384461,ethA,Rv3854c,p.Ala381Pro,c.1141G>C,missense_variant,ethionamide,Uncertain significance,89,1.0,4326333,0,1,Pre-XDR-TB
SRR33384461,ethA,Rv3854c,p.Ala381Pro,c.1141G>C,missense_variant,prothionamide,Uncertain significance,89,1.0,4326333,0,1,Pre-XDR-TB
SRR33384461,gid,Rv3919c,p.Leu79Ser,c.236T>C,missense_variant,streptomycin,Uncertain significance,107,1.0093457943925233,4407967,0,1,Pre-XDR-TB
SRR33384463,ethA,Rv3854c,p.Ala381Pro,c.1141G>C,missense_variant,ethionamide,Uncertain significance,123,1.0,4326333,0,1,Pre-XDR-TB
SRR33384463,ethA,Rv3854c,p.Ala381Pro,c.1141G>C,missense_variant,prothionamide,Uncertain significance,123,1.0,4326333,0,1,Pre-XDR-TB
SRR33384463,gid,Rv3919c,p.Leu79Ser,c.236T>C,missense_variant,streptomycin,Uncertain significance,121,1.024793388429752,4407967,0,1,Pre-XDR-TB
SRR33384464,ethA,Rv3854c,p.Ala381Pro,c.1141G>C,missense_variant,ethionamide,Uncertain significance,112,1.0,4326333,0,1,Pre-XDR-TB
SRR33384464,ethA,Rv3854c,p.Ala381Pro,c.1141G>C,missense_variant,prothionamide,Uncertain significance,112,1.0,4326333,0,1,Pre-XDR-TB
SRR33384464,gid,Rv3919c,p.Leu79Ser,c.236T>C,missense_variant,streptomycin,Uncertain significance,84,1.011904761904762,4407967,0,1,Pre-XDR-TB
SRR33384465,inhA,Rv1484,p.Ile21Thr,c.62T>C,missense_variant,ethionamide,Uncertain significance,90,1.0,1674263,0,1,Pre-XDR-TB
SRR33384465,inhA,Rv1484,p.Ile21Thr,c.62T>C,missense_variant,isoniazid,Uncertain significance,90,1.0,1674263,0,1,Pre-XDR-TB
SRR33384465,inhA,Rv1484,p.Ile21Thr,c.62T>C,missense_variant,prothionamide,Uncertain significance,90,1.0,1674263,0,1,Pre-XDR-TB
SRR33384466,gyrB,Rv0005,p.Arg446His,c.1337G>A,missense_variant,levofloxacin,Uncertain significance,79,1.0,6576,0,1,Pre-XDR-TB
SRR33384466,gyrB,Rv0005,p.Arg446His,c.1337G>A,missense_variant,moxifloxacin,Uncertain significance,79,1.0,6576,0,1,Pre-XDR-TB
SRR33384466,rrs,EBG00000313325,n.1401A>G,n.1401A>G,non_coding_transcript_exon_variant,streptomycin,Uncertain significance,98,1.010204081632653,1473246,0,1,Pre-XDR-TB
SRR33384466,ethA,Rv3854c,c.-11A>G,c.-11A>G,upstream_gene_variant,ethionamide,Uncertain significance,103,1.0,4327484,0,1,Pre-XDR-TB
SRR33384466,ethA,Rv3854c,c.-11A>G,c.-11A>G,upstream_gene_variant,prothionamide,Uncertain significance,103,1.0,4327484,0,1,Pre-XDR-TB
SRR33384467,ethA,Rv3854c,c.-11A>G,c.-11A>G,upstream_gene_variant,ethionamide,Uncertain significance,109,1.0,4327484,0,1,MDR-TB
SRR33384467,ethA,Rv3854c,c.-11A>G,c.-11A>G,upstream_gene_variant,prothionamide,Uncertain significance,109,1.0,4327484,0,1,MDR-TB
SRR33384468,rrs,EBG00000313325,n.878G>A,n.878G>A,non_coding_transcript_exon_variant,amikacin,Uncertain significance,101,0.5247524752475248,1472723,0,1,Pre-XDR-TB
SRR33384468,rrs,EBG00000313325,n.878G>A,n.878G>A,non_coding_transcript_exon_variant,capreomycin,Uncertain significance,101,0.5247524752475248,1472723,0,1,Pre-XDR-TB
SRR33384468,rrs,EBG00000313325,n.878G>A,n.878G>A,non_coding_transcript_exon_variant,kanamycin,Uncertain significance,101,0.5247524752475248,1472723,0,1,Pre-XDR-TB
SRR33384468,rrs,EBG00000313325,n.1401A>G,n.1401A>G,non_coding_transcript_exon_variant,streptomycin,Uncertain significance,115,0.3391304347826087,1473246,0,1,Pre-XDR-TB
SRR33384468,embA,Rv3794,c.-16C>G,c.-16C>G,upstream_gene_variant,ethambutol,Uncertain significance,107,0.6915887850467289,4243217,0,1,Pre-XDR-TB
SRR33384468,ethA,Rv3854c,c.1192_1194dupGTG,c.1192_1194dupGTG,conservative_inframe_insertion,ethionamide,Uncertain significance,123,0.5853658536585366,4326279,0,1,Pre-XDR-TB
SRR33384468,ethA,Rv3854c,c.1192_1194dupGTG,c.1192_1194dupGTG,conservative_inframe_insertion,prothionamide,Uncertain significance,123,0.5853658536585366,4326279,0,1,Pre-XDR-TB
SRR33384468,ethA,Rv3854c,c.-11A>G,c.-11A>G,upstream_gene_variant,ethionamide,Uncertain significance,109,0.3944954128440367,4327484,0,1,Pre-XDR-TB
SRR33384468,ethA,Rv3854c,c.-11A>G,c.-11A>G,upstream_gene_variant,prothionamide,Uncertain significance,109,0.3944954128440367,4327484,0,1,Pre-XDR-TB
SRR33384469,ethA,Rv3854c,p.Ala381Pro,c.1141G>C,missense_variant,ethionamide,Uncertain significance,118,1.0,4326333,0,1,Pre-XDR-TB
SRR33384469,ethA,Rv3854c,p.Ala381Pro,c.1141G>C,missense_variant,prothionamide,Uncertain significance,118,1.0,4326333,0,1,Pre-XDR-TB
SRR33384469,gid,Rv3919c,p.Leu79Ser,c.236T>C,missense_variant,streptomycin,Uncertain significance,115,1.017391304347826,4407967,0,1,Pre-XDR-TB
SRR33384470,rrs,EBG00000313325,n.1401A>G,n.1401A>G,non_coding_transcript_exon_variant,streptomycin,Uncertain significance,151,1.0,1473246,0,1,Pre-XDR-TB
SRR33384470,ethA,Rv3854c,c.-11A>G,c.-11A>G,upstream_gene_variant,ethionamide,Uncertain significance,128,1.0,4327484,0,1,Pre-XDR-TB
SRR33384470,ethA,Rv3854c,c.-11A>G,c.-11A>G,upstream_gene_variant,prothionamide,Uncertain significance,128,1.0,4327484,0,1,Pre-XDR-TB
SRR33384471,rrs,EBG00000313325,n.878G>A,n.878G>A,non_coding_transcript_exon_variant,amikacin,Uncertain significance,115,1.0,1472723,0,1,XDR-TB
SRR33384471,rrs,EBG00000313325,n.878G>A,n.878G>A,non_coding_transcript_exon_variant,capreomycin,Uncertain significance,115,1.0,1472723,0,1,XDR-TB
SRR33384471,rrs,EBG00000313325,n.878G>A,n.878G>A,non_coding_transcript_exon_variant,kanamycin,Uncertain significance,115,1.0,1472723,0,1,XDR-TB
SRR33384471,embA,Rv3794,c.-16C>G,c.-16C>G,upstream_gene_variant,ethambutol,Uncertain significance,119,1.0,4243217,0,1,XDR-TB
SRR33384471,ethA,Rv3854c,c.1192_1194dupGTG,c.1192_1194dupGTG,conservative_inframe_insertion,ethionamide,Uncertain significance,103,0.8932038834951457,4326279,0,1,XDR-TB
SRR33384471,ethA,Rv3854c,c.1192_1194dupGTG,c.1192_1194dupGTG,conservative_inframe_insertion,prothionamide,Uncertain significance,103,0.8932038834951457,4326279,0,1,XDR-TB
SRR33384472,rrs,EBG00000313325,n.1401A>G,n.1401A>G,non_coding_transcript_exon_variant,streptomycin,Uncertain significance,74,1.0,1473246,0,1,Pre-XDR-TB
SRR33384472,ethA,Rv3854c,c.-11A>G,c.-11A>G,upstream_gene_variant,ethionamide,Uncertain significance,81,1.0,4327484,0,1,Pre-XDR-TB
SRR33384472,ethA,Rv3854c,c.-11A>G,c.-11A>G,upstream_gene_variant,prothionamide,Uncertain significance,81,1.0,4327484,0,1,Pre-XDR-TB
SRR33384473,rrs,EBG00000313325,n.1401A>G,n.1401A>G,non_coding_transcript_exon_variant,streptomycin,Uncertain significance,124,1.0,1473246,0,1,Pre-XDR-TB
SRR33384473,ethA,Rv3854c,c.-11A>G,c.-11A>G,upstream_gene_variant,ethionamide,Uncertain significance,113,1.0,4327484,0,1,Pre-XDR-TB
SRR33384473,ethA,Rv3854c,c.-11A>G,c.-11A>G,upstream_gene_variant,prothionamide,Uncertain significance,113,1.0,4327484,0,1,Pre-XDR-TB
SRR33384474,rrs,EBG00000313325,n.1401A>G,n.1401A>G,non_coding_transcript_exon_variant,streptomycin,Uncertain significance,116,1.0086206896551724,1473246,0,1,Pre-XDR-TB
SRR33384474,ethA,Rv3854c,c.-11A>G,c.-11A>G,upstream_gene_variant,ethionamide,Uncertain significance,101,1.0,4327484,0,1,Pre-XDR-TB
SRR33384474,ethA,Rv3854c,c.-11A>G,c.-11A>G,upstream_gene_variant,prothionamide,Uncertain significance,101,1.0,4327484,0,1,Pre-XDR-TB
SRR33384475,rrs,EBG00000313325,n.1401A>G,n.1401A>G,non_coding_transcript_exon_variant,streptomycin,Uncertain significance,118,1.0,1473246,0,1,Pre-XDR-TB
SRR33384475,ethA,Rv3854c,c.-11A>G,c.-11A>G,upstream_gene_variant,ethionamide,Uncertain significance,144,1.0,4327484,0,1,Pre-XDR-TB
SRR33384475,ethA,Rv3854c,c.-11A>G,c.-11A>G,upstream_gene_variant,prothionamide,Uncertain significance,144,1.0,4327484,0,1,Pre-XDR-TB
SRR33384476,rrs,EBG00000313325,n.1401A>G,n.1401A>G,non_coding_transcript_exon_variant,streptomycin,Uncertain significance,105,1.0,1473246,0,1,Pre-XDR-TB
SRR33384476,ethA,Rv3854c,c.-11A>G,c.-11A>G,upstream_gene_variant,ethionamide,Uncertain significance,103,1.019417475728155,4327484,0,1,Pre-XDR-TB
SRR33384476,ethA,Rv3854c,c.-11A>G,c.-11A>G,upstream_gene_variant,prothionamide,Uncertain significance,103,1.019417475728155,4327484,0,1,Pre-XDR-TB
SRR33384477,ethA,Rv3854c,c.-11A>G,c.-11A>G,upstream_gene_variant,ethionamide,Uncertain significance,111,1.009009009009009,4327484,0,1,Pre-XDR-TB
SRR33384477,ethA,Rv3854c,c.-11A>G,c.-11A>G,upstream_gene_variant,prothionamide,Uncertain significance,111,1.009009009009009,4327484,0,1,Pre-XDR-TB
SRR33384478,rrs,EBG00000313325,n.1401A>G,n.1401A>G,non_coding_transcript_exon_variant,streptomycin,Uncertain significance,111,1.0,1473246,0,1,Pre-XDR-TB
SRR33384478,ethA,Rv3854c,c.-11A>G,c.-11A>G,upstream_gene_variant,ethionamide,Uncertain significance,119,1.0084033613445378,4327484,0,1,Pre-XDR-TB
SRR33384478,ethA,Rv3854c,c.-11A>G,c.-11A>G,upstream_gene_variant,prothionamide,Uncertain significance,119,1.0084033613445378,4327484,0,1,Pre-XDR-TB
SRR33384479,embA,Rv3794,c.-16C>G,c.-16C>G,upstream_gene_variant,ethambutol,Uncertain significance,133,1.0,4243217,0,1,Pre-XDR-TB
SRR33384479,embB,Rv3795,p.Glu405Asp,c.1215G>C,missense_variant,ethambutol,Uncertain significance,144,1.0,4247728,0,1,Pre-XDR-TB
SRR33384480,rrs,EBG00000313325,n.1401A>G,n.1401A>G,non_coding_transcript_exon_variant,streptomycin,Uncertain significance,37,1.0,1473246,0,1,Pre-XDR-TB
SRR33384480,ethA,Rv3854c,c.-11A>G,c.-11A>G,upstream_gene_variant,ethionamide,Uncertain significance,23,1.0,4327484,0,1,Pre-XDR-TB
SRR33384480,ethA,Rv3854c,c.-11A>G,c.-11A>G,upstream_gene_variant,prothionamide,Uncertain significance,23,1.0,4327484,0,1,Pre-XDR-TB
SRR33384481,inhA,Rv1484,p.Ile21Thr,c.62T>C,missense_variant,ethionamide,Uncertain significance,126,1.0,1674263,0,1,Pre-XDR-TB
SRR33384481,inhA,Rv1484,p.Ile21Thr,c.62T>C,missense_variant,isoniazid,Uncertain significance,126,1.0,1674263,0,1,Pre-XDR-TB
SRR33384481,inhA,Rv1484,p.Ile21Thr,c.62T>C,missense_variant,prothionamide,Uncertain significance,126,1.0,1674263,0,1,Pre-XDR-TB
SRR33384482,rrs,EBG00000313325,n.1401A>G,n.1401A>G,non_coding_transcript_exon_variant,streptomycin,Uncertain significance,121,1.0,1473246,0,1,Pre-XDR-TB
SRR33384482,ethA,Rv3854c,c.-11A>G,c.-11A>G,upstream_gene_variant,ethionamide,Uncertain significance,97,1.0,4327484,0,1,Pre-XDR-TB
SRR33384482,ethA,Rv3854c,c.-11A>G,c.-11A>G,upstream_gene_variant,prothionamide,Uncertain significance,97,1.0,4327484,0,1,Pre-XDR-TB
SRR33384483,rrs,EBG00000313325,n.1401A>G,n.1401A>G,non_coding_transcript_exon_variant,streptomycin,Uncertain significance,98,1.010204081632653,1473246,0,1,Pre-XDR-TB
SRR33384483,ethA,Rv3854c,c.-11A>G,c.-11A>G,upstream_gene_variant,ethionamide,Uncertain significance,105,1.0,4327484,0,1,Pre-XDR-TB
SRR33384483,ethA,Rv3854c,c.-11A>G,c.-11A>G,upstream_gene_variant,prothionamide,Uncertain significance,105,1.0,4327484,0,1,Pre-XDR-TB
SRR33384484,rrs,EBG00000313325,n.1401A>G,n.1401A>G,non_coding_transcript_exon_variant,streptomycin,Uncertain significance,134,1.007462686567164,1473246,0,1,Pre-XDR-TB
SRR33384484,ethA,Rv3854c,c.-11A>G,c.-11A>G,upstream_gene_variant,ethionamide,Uncertain significance,119,1.0,4327484,0,1,Pre-XDR-TB
SRR33384484,ethA,Rv3854c,c.-11A>G,c.-11A>G,upstream_gene_variant,prothionamide,Uncertain significance,119,1.0,4327484,0,1,Pre-XDR-TB
SRR33384485,inhA,Rv1484,p.Ile21Thr,c.62T>C,missense_variant,ethionamide,Uncertain significance,106,0.9905660377358492,1674263,0,1,Pre-XDR-TB
SRR33384485,inhA,Rv1484,p.Ile21Thr,c.62T>C,missense_variant,isoniazid,Uncertain significance,106,0.9905660377358492,1674263,0,1,Pre-XDR-TB
SRR33384485,inhA,Rv1484,p.Ile21Thr,c.62T>C,missense_variant,prothionamide,Uncertain significance,106,0.9905660377358492,1674263,0,1,Pre-XDR-TB
SRR33384486,rrs,EBG00000313325,n.1401A>G,n.1401A>G,non_coding_transcript_exon_variant,streptomycin,Uncertain significance,120,1.0083333333333333,1473246,0,1,Pre-XDR-TB
SRR33384486,ethA,Rv3854c,c.-11A>G,c.-11A>G,upstream_gene_variant,ethionamide,Uncertain significance,104,1.0,4327484,0,1,Pre-XDR-TB
SRR33384486,ethA,Rv3854c,c.-11A>G,c.-11A>G,upstream_gene_variant,prothionamide,Uncertain significance,104,1.0,4327484,0,1,Pre-XDR-TB
SRR33384487,rrs,EBG00000313325,n.1401A>G,n.1401A>G,non_coding_transcript_exon_variant,streptomycin,Uncertain significance,111,1.0,1473246,0,1,Pre-XDR-TB
SRR33384487,ethA,Rv3854c,c.-11A>G,c.-11A>G,upstream_gene_variant,ethionamide,Uncertain significance,88,1.0,4327484,0,1,Pre-XDR-TB
SRR33384487,ethA,Rv3854c,c.-11A>G,c.-11A>G,upstream_gene_variant,prothionamide,Uncertain significance,88,1.0,4327484,0,1,Pre-XDR-TB
SRR33384488,rrs,EBG00000313325,n.1401A>G,n.1401A>G,non_coding_transcript_exon_variant,streptomycin,Uncertain significance,93,1.0,1473246,0,1,Pre-XDR-TB
SRR33384488,ethA,Rv3854c,c.-11A>G,c.-11A>G,upstream_gene_variant,ethionamide,Uncertain significance,82,1.0,4327484,0,1,Pre-XDR-TB
SRR33384488,ethA,Rv3854c,c.-11A>G,c.-11A>G,upstream_gene_variant,prothionamide,Uncertain significance,82,1.0,4327484,0,1,Pre-XDR-TB
SRR33384489,rrs,EBG00000313325,n.1401A>G,n.1401A>G,non_coding_transcript_exon_variant,streptomycin,Uncertain significance,127,1.0,1473246,0,1,Pre-XDR-TB
SRR33384489,ethA,Rv3854c,c.-11A>G,c.-11A>G,upstream_gene_variant,ethionamide,Uncertain significance,96,1.0104166666666667,4327484,0,1,Pre-XDR-TB
SRR33384489,ethA,Rv3854c,c.-11A>G,c.-11A>G,upstream_gene_variant,prothionamide,Uncertain significance,96,1.0104166666666667,4327484,0,1,Pre-XDR-TB
SRR33384490,rrs,EBG00000313325,n.1401A>G,n.1401A>G,non_coding_transcript_exon_variant,streptomycin,Uncertain significance,82,1.0,1473246,0,1,Pre-XDR-TB
SRR33384490,ethA,Rv3854c,p.Ala381Pro,c.1141G>C,missense_variant,ethionamide,Uncertain significance,109,1.0,4326333,0,1,Pre-XDR-TB
SRR33384490,ethA,Rv3854c,p.Ala381Pro,c.1141G>C,missense_variant,prothionamide,Uncertain significance,109,1.0,4326333,0,1,Pre-XDR-TB
SRR33384490,gid,Rv3919c,p.Leu79Ser,c.236T>C,missense_variant,streptomycin,Uncertain significance,88,1.056818181818182,4407967,0,1,Pre-XDR-TB
SRR33384491,rrs,EBG00000313325,n.1401A>G,n.1401A>G,non_coding_transcript_exon_variant,streptomycin,Uncertain significance,92,1.0,1473246,0,1,Pre-XDR-TB
SRR33384491,ethA,Rv3854c,p.Ala381Pro,c.1141G>C,missense_variant,ethionamide,Uncertain significance,93,1.010752688172043,4326333,0,1,Pre-XDR-TB
SRR33384491,ethA,Rv3854c,p.Ala381Pro,c.1141G>C,missense_variant,prothionamide,Uncertain significance,93,1.010752688172043,4326333,0,1,Pre-XDR-TB
SRR33384491,gid,Rv3919c,p.Leu79Ser,c.236T>C,missense_variant,streptomycin,Uncertain significance,91,1.0769230769230769,4407967,0,1,Pre-XDR-TB
SRR33384492,gyrA,Rv0006,p.His70Arg,c.209A>G,missense_variant,levofloxacin,Uncertain significance,84,1.0238095238095235,7510,0,1,Pre-XDR-TB
SRR33384492,gyrA,Rv0006,p.His70Arg,c.209A>G,missense_variant,moxifloxacin,Uncertain significance,84,1.0238095238095235,7510,0,1,Pre-XDR-TB
SRR33384492,rrs,EBG00000313325,n.1401A>G,n.1401A>G,non_coding_transcript_exon_variant,streptomycin,Uncertain significance,106,1.0,1473246,0,1,Pre-XDR-TB
SRR33384492,ethA,Rv3854c,c.-11A>G,c.-11A>G,upstream_gene_variant,ethionamide,Uncertain significance,92,1.0,4327484,0,1,Pre-XDR-TB
SRR33384492,ethA,Rv3854c,c.-11A>G,c.-11A>G,upstream_gene_variant,prothionamide,Uncertain significance,92,1.0,4327484,0,1,Pre-XDR-TB
SRR33384493,rrs,EBG00000313325,n.1401A>G,n.1401A>G,non_coding_transcript_exon_variant,streptomycin,Uncertain significance,135,1.0,1473246,0,1,Pre-XDR-TB
SRR33384493,ethA,Rv3854c,c.-11A>G,c.-11A>G,upstream_gene_variant,ethionamide,Uncertain significance,114,1.0,4327484,0,1,Pre-XDR-TB
SRR33384493,ethA,Rv3854c,c.-11A>G,c.-11A>G,upstream_gene_variant,prothionamide,Uncertain significance,114,1.0,4327484,0,1,Pre-XDR-TB
SRR33384494,ethA,Rv3854c,c.-11A>G,c.-11A>G,upstream_gene_variant,ethionamide,Uncertain significance,84,1.0,4327484,0,1,Pre-XDR-TB
SRR33384494,ethA,Rv3854c,c.-11A>G,c.-11A>G,upstream_gene_variant,prothionamide,Uncertain significance,84,1.0,4327484,0,1,Pre-XDR-TB
SRR33384495,fbiC,Rv1173,c.1913_1914dupTC,c.1913_1914dupTC,frameshift_variant,clofazimine,Uncertain significance,196,0.979591836734694,1304844,0,1,XDR-TB
SRR33384495,embB,Rv3795,p.Phe330Val,c.988T>G,missense_variant,ethambutol,Uncertain significance,137,1.0,4247501,0,1,XDR-TB
SRR33384496,rrs,EBG00000313325,n.1401A>G,n.1401A>G,non_coding_transcript_exon_variant,streptomycin,Uncertain significance,158,1.0,1473246,0,1,Pre-XDR-TB
SRR33384496,ethA,Rv3854c,p.Ala381Pro,c.1141G>C,missense_variant,ethionamide,Uncertain significance,158,1.0,4326333,0,1,Pre-XDR-TB
SRR33384496,ethA,Rv3854c,p.Ala381Pro,c.1141G>C,missense_variant,prothionamide,Uncertain significance,158,1.0,4326333,0,1,Pre-XDR-TB
SRR33384496,gid,Rv3919c,p.Leu79Ser,c.236T>C,missense_variant,streptomycin,Uncertain significance,191,1.0,4407967,0,1,Pre-XDR-TB
SRR33384498,rrs,EBG00000313325,n.878G>A,n.878G>A,non_coding_transcript_exon_variant,amikacin,Uncertain significance,126,0.992063492063492,1472723,0,1,Pre-XDR-TB
SRR33384498,rrs,EBG00000313325,n.878G>A,n.878G>A,non_coding_transcript_exon_variant,capreomycin,Uncertain significance,126,0.992063492063492,1472723,0,1,Pre-XDR-TB
SRR33384498,rrs,EBG00000313325,n.878G>A,n.878G>A,non_coding_transcript_exon_variant,kanamycin,Uncertain significance,126,0.992063492063492,1472723,0,1,Pre-XDR-TB
SRR33384498,embA,Rv3794,c.-16C>G,c.-16C>G,upstream_gene_variant,ethambutol,Uncertain significance,162,1.0,4243217,0,1,Pre-XDR-TB
SRR33384498,ethA,Rv3854c,c.1192_1194dupGTG,c.1192_1194dupGTG,conservative_inframe_insertion,ethionamide,Uncertain significance,162,0.9074074074074074,4326279,0,1,Pre-XDR-TB
SRR33384498,ethA,Rv3854c,c.1192_1194dupGTG,c.1192_1194dupGTG,conservative_inframe_insertion,prothionamide,Uncertain significance,162,0.9074074074074074,4326279,0,1,Pre-XDR-TB
SRR33384499,rrs,EBG00000313325,n.1401A>G,n.1401A>G,non_coding_transcript_exon_variant,streptomycin,Uncertain significance,121,1.0,1473246,0,1,Pre-XDR-TB
SRR33384499,ethA,Rv3854c,c.-11A>G,c.-11A>G,upstream_gene_variant,ethionamide,Uncertain significance,94,1.0106382978723405,4327484,0,1,Pre-XDR-TB
SRR33384499,ethA,Rv3854c,c.-11A>G,c.-11A>G,upstream_gene_variant,prothionamide,Uncertain significance,94,1.0106382978723405,4327484,0,1,Pre-XDR-TB
SRR33384501,rrs,EBG00000313325,n.878G>A,n.878G>A,non_coding_transcript_exon_variant,amikacin,Uncertain significance,111,1.0,1472723,0,1,Pre-XDR-TB
SRR33384501,rrs,EBG00000313325,n.878G>A,n.878G>A,non_coding_transcript_exon_variant,capreomycin,Uncertain significance,111,1.0,1472723,0,1,Pre-XDR-TB
SRR33384501,rrs,EBG00000313325,n.878G>A,n.878G>A,non_coding_transcript_exon_variant,kanamycin,Uncertain significance,111,1.0,1472723,0,1,Pre-XDR-TB
SRR33384501,embA,Rv3794,c.-16C>G,c.-16C>G,upstream_gene_variant,ethambutol,Uncertain significance,101,1.0,4243217,0,1,Pre-XDR-TB
SRR33384501,ethA,Rv3854c,c.1192_1194dupGTG,c.1192_1194dupGTG,conservative_inframe_insertion,ethionamide,Uncertain significance,143,0.916083916083916,4326279,0,1,Pre-XDR-TB
SRR33384501,ethA,Rv3854c,c.1192_1194dupGTG,c.1192_1194dupGTG,conservative_inframe_insertion,prothionamide,Uncertain significance,143,0.916083916083916,4326279,0,1,Pre-XDR-TB
SRR33384502,rrs,EBG00000313325,n.1401A>G,n.1401A>G,non_coding_transcript_exon_variant,streptomycin,Uncertain significance,102,1.0,1473246,0,1,Pre-XDR-TB
SRR33384502,ethA,Rv3854c,c.-11A>G,c.-11A>G,upstream_gene_variant,ethionamide,Uncertain significance,87,1.011494252873563,4327484,0,1,Pre-XDR-TB
SRR33384502,ethA,Rv3854c,c.-11A>G,c.-11A>G,upstream_gene_variant,prothionamide,Uncertain significance,87,1.011494252873563,4327484,0,1,Pre-XDR-TB
SRR33384503,rrs,EBG00000313325,n.1401A>G,n.1401A>G,non_coding_transcript_exon_variant,streptomycin,Uncertain significance,70,1.0,1473246,0,1,Pre-XDR-TB
SRR33384503,ethA,Rv3854c,c.-11A>G,c.-11A>G,upstream_gene_variant,ethionamide,Uncertain significance,74,1.0135135135135136,4327484,0,1,Pre-XDR-TB
SRR33384503,ethA,Rv3854c,c.-11A>G,c.-11A>G,upstream_gene_variant,prothionamide,Uncertain significance,74,1.0135135135135136,4327484,0,1,Pre-XDR-TB
SRR33384504,rrs,EBG00000313325,n.1401A>G,n.1401A>G,non_coding_transcript_exon_variant,streptomycin,Uncertain significance,88,1.0,1473246,0,1,Pre-XDR-TB
SRR33384504,ethA,Rv3854c,c.-11A>G,c.-11A>G,upstream_gene_variant,ethionamide,Uncertain significance,129,1.0,4327484,0,1,Pre-XDR-TB
SRR33384504,ethA,Rv3854c,c.-11A>G,c.-11A>G,upstream_gene_variant,prothionamide,Uncertain significance,129,1.0,4327484,0,1,Pre-XDR-TB
SRR33384505,rrs,EBG00000313325,n.1401A>G,n.1401A>G,non_coding_transcript_exon_variant,streptomycin,Uncertain significance,66,1.0,1473246,0,1,Pre-XDR-TB
SRR33384505,ethA,Rv3854c,p.Ala381Pro,c.1141G>C,missense_variant,ethionamide,Uncertain significance,98,1.0,4326333,0,1,Pre-XDR-TB
SRR33384505,ethA,Rv3854c,p.Ala381Pro,c.1141G>C,missense_variant,prothionamide,Uncertain significance,98,1.0,4326333,0,1,Pre-XDR-TB
SRR33384505,gid,Rv3919c,p.Leu79Ser,c.236T>C,missense_variant,streptomycin,Uncertain significance,99,1.0,4407967,0,1,Pre-XDR-TB
SRR33384506,rrs,EBG00000313325,n.1401A>G,n.1401A>G,non_coding_transcript_exon_variant,streptomycin,Uncertain significance,60,1.0,1473246,0,1,MDR-TB
SRR33384509,rrs,EBG00000313325,n.1401A>G,n.1401A>G,non_coding_transcript_exon_variant,streptomycin,Uncertain significance,94,1.0,1473246,0,1,Pre-XDR-TB
SRR33384509,ethA,Rv3854c,c.-11A>G,c.-11A>G,upstream_gene_variant,ethionamide,Uncertain significance,102,1.0,4327484,0,1,Pre-XDR-TB
SRR33384509,ethA,Rv3854c,c.-11A>G,c.-11A>G,upstream_gene_variant,prothionamide,Uncertain significance,102,1.0,4327484,0,1,Pre-XDR-TB
SRR33384510,rrs,EBG00000313325,n.878G>A,n.878G>A,non_coding_transcript_exon_variant,amikacin,Uncertain significance,124,1.0,1472723,0,1,XDR-TB
SRR33384510,rrs,EBG00000313325,n.878G>A,n.878G>A,non_coding_transcript_exon_variant,capreomycin,Uncertain significance,124,1.0,1472723,0,1,XDR-TB
SRR33384510,rrs,EBG00000313325,n.878G>A,n.878G>A,non_coding_transcript_exon_variant,kanamycin,Uncertain significance,124,1.0,1472723,0,1,XDR-TB
SRR33384510,embA,Rv3794,c.-16C>G,c.-16C>G,upstream_gene_variant,ethambutol,Uncertain significance,167,1.0059880239520955,4243217,0,1,XDR-TB
SRR33384510,ethA,Rv3854c,c.1192_1194dupGTG,c.1192_1194dupGTG,conservative_inframe_insertion,ethionamide,Uncertain significance,176,0.8863636363636364,4326279,0,1,XDR-TB
SRR33384510,ethA,Rv3854c,c.1192_1194dupGTG,c.1192_1194dupGTG,conservative_inframe_insertion,prothionamide,Uncertain significance,176,0.8863636363636364,4326279,0,1,XDR-TB
SRR33384511,rrs,EBG00000313325,n.1401A>G,n.1401A>G,non_coding_transcript_exon_variant,streptomycin,Uncertain significance,76,1.0,1473246,0,1,Pre-XDR-TB
SRR33384511,ethA,Rv3854c,p.Ala381Pro,c.1141G>C,missense_variant,ethionamide,Uncertain significance,132,1.0,4326333,0,1,Pre-XDR-TB
SRR33384511,ethA,Rv3854c,p.Ala381Pro,c.1141G>C,missense_variant,prothionamide,Uncertain significance,132,1.0,4326333,0,1,Pre-XDR-TB
SRR33384511,gid,Rv3919c,p.Leu79Ser,c.236T>C,missense_variant,streptomycin,Uncertain significance,130,1.0,4407967,0,1,Pre-XDR-TB
SRR33384513,katG,Rv1908c,p.Ala379Val,c.1136C>T,missense_variant,isoniazid,Uncertain significance,21,1.0,2154976,0,0,HR-TB
SRR33384514,rrs,EBG00000313325,n.517C>T,n.517C>T,non_coding_transcript_exon_variant,kanamycin,Uncertain significance,173,1.0,1472362,0,1,Pre-XDR-TB
SRR33384514,embA,Rv3794,c.-29_-28delCT,c.-29_-28delCT,upstream_gene_variant,ethambutol,Uncertain significance,206,0.8398058252427184,4243203,0,1,Pre-XDR-TB
SRR33384516,inhA,Rv1484,p.Ile21Thr,c.62T>C,missense_variant,ethionamide,Uncertain significance,169,1.0,1674263,0,1,MDR-TB
SRR33384516,inhA,Rv1484,p.Ile21Thr,c.62T>C,missense_variant,isoniazid,Uncertain significance,169,1.0,1674263,0,1,MDR-TB
SRR33384516,inhA,Rv1484,p.Ile21Thr,c.62T>C,missense_variant,prothionamide,Uncertain significance,169,1.0,1674263,0,1,MDR-TB
SRR33384517,rrs,EBG00000313325,n.1401A>G,n.1401A>G,non_coding_transcript_exon_variant,streptomycin,Uncertain significance,127,1.0,1473246,0,1,Pre-XDR-TB
SRR33384517,ethA,Rv3854c,c.-11A>G,c.-11A>G,upstream_gene_variant,ethionamide,Uncertain significance,116,1.0,4327484,0,1,Pre-XDR-TB
SRR33384517,ethA,Rv3854c,c.-11A>G,c.-11A>G,upstream_gene_variant,prothionamide,Uncertain significance,116,1.0,4327484,0,1,Pre-XDR-TB
SRR33384518,inhA,Rv1484,p.Ile21Thr,c.62T>C,missense_variant,ethionamide,Uncertain significance,125,1.016,1674263,0,1,Pre-XDR-TB
SRR33384518,inhA,Rv1484,p.Ile21Thr,c.62T>C,missense_variant,isoniazid,Uncertain significance,125,1.016,1674263,0,1,Pre-XDR-TB
SRR33384518,inhA,Rv1484,p.Ile21Thr,c.62T>C,missense_variant,prothionamide,Uncertain significance,125,1.016,1674263,0,1,Pre-XDR-TB
SRR33384519,rrs,EBG00000313325,n.1401A>G,n.1401A>G,non_coding_transcript_exon_variant,streptomycin,Uncertain significance,141,1.0,1473246,0,1,MDR-TB
SRR33384520,rrs,EBG00000313325,n.1401A>G,n.1401A>G,non_coding_transcript_exon_variant,streptomycin,Uncertain significance,134,1.0,1473246,0,1,Pre-XDR-TB
SRR33384520,ethA,Rv3854c,c.-11A>G,c.-11A>G,upstream_gene_variant,ethionamide,Uncertain significance,134,1.0,4327484,0,1,Pre-XDR-TB
SRR33384520,ethA,Rv3854c,c.-11A>G,c.-11A>G,upstream_gene_variant,prothionamide,Uncertain significance,134,1.0,4327484,0,1,Pre-XDR-TB
SRR33384521,ethA,Rv3854c,c.-11A>G,c.-11A>G,upstream_gene_variant,ethionamide,Uncertain significance,151,1.0066225165562914,4327484,0,1,MDR-TB
SRR33384521,ethA,Rv3854c,c.-11A>G,c.-11A>G,upstream_gene_variant,prothionamide,Uncertain significance,151,1.0066225165562914,4327484,0,1,MDR-TB
SRR33384522,rrs,EBG00000313325,n.1401A>G,n.1401A>G,non_coding_transcript_exon_variant,streptomycin,Uncertain significance,156,1.0,1473246,0,1,MDR-TB
SRR33384524,katG,Rv1908c,p.Ala379Val,c.1136C>T,missense_variant,isoniazid,Uncertain significance,17,0.7647058823529411,2154976,0,0,HR-TB
SRR33384527,rrs,EBG00000313325,n.1401A>G,n.1401A>G,non_coding_transcript_exon_variant,streptomycin,Uncertain significance,133,1.0075187969924813,1473246,0,1,Pre-XDR-TB
SRR33384527,ethA,Rv3854c,c.-11A>G,c.-11A>G,upstream_gene_variant,ethionamide,Uncertain significance,129,1.0,4327484,0,1,Pre-XDR-TB
SRR33384527,ethA,Rv3854c,c.-11A>G,c.-11A>G,upstream_gene_variant,prothionamide,Uncertain significance,129,1.0,4327484,0,1,Pre-XDR-TB
SRR33384528,rpoB,Rv0667,p.Phe424Leu,c.1270T>C,missense_variant,rifampicin,Uncertain significance,109,1.0,761076,0,1,Pre-XDR-TB
SRR33384528,rpoB,Rv0667,p.Phe424Leu,c.1270T>C,missense_variant,rifapentine,Uncertain significance,109,1.0,761076,0,1,Pre-XDR-TB
SRR33384528,embA,Rv3794,c.-12C>T,c.-12C>T,upstream_gene_variant,ethambutol,Uncertain significance,137,1.0072992700729928,4243221,0,1,Pre-XDR-TB
SRR33384529,rrs,EBG00000313325,n.1401A>G,n.1401A>G,non_coding_transcript_exon_variant,streptomycin,Uncertain significance,94,1.0,1473246,0,1,Pre-XDR-TB
SRR33384529,ethA,Rv3854c,c.-11A>G,c.-11A>G,upstream_gene_variant,ethionamide,Uncertain significance,85,1.0,4327484,0,1,Pre-XDR-TB
SRR33384529,ethA,Rv3854c,c.-11A>G,c.-11A>G,upstream_gene_variant,prothionamide,Uncertain significance,85,1.0,4327484,0,1,Pre-XDR-TB
SRR33384530,inhA,Rv1484,p.Ile21Thr,c.62T>C,missense_variant,ethionamide,Uncertain significance,163,1.0,1674263,0,1,Pre-XDR-TB
SRR33384530,inhA,Rv1484,p.Ile21Thr,c.62T>C,missense_variant,isoniazid,Uncertain significance,163,1.0,1674263,0,1,Pre-XDR-TB
SRR33384530,inhA,Rv1484,p.Ile21Thr,c.62T>C,missense_variant,prothionamide,Uncertain significance,163,1.0,1674263,0,1,Pre-XDR-TB
SRR33384531,rrs,EBG00000313325,n.1402C>T,n.1402C>T,non_coding_transcript_exon_variant,streptomycin,Uncertain significance,169,1.0059171597633136,1473247,0,1,Pre-XDR-TB
SRR33384531,ethA,Rv3854c,p.Ala381Pro,c.1141G>C,missense_variant,ethionamide,Uncertain significance,178,1.0056179775280898,4326333,0,1,Pre-XDR-TB
SRR33384531,ethA,Rv3854c,p.Ala381Pro,c.1141G>C,missense_variant,prothionamide,Uncertain significance,178,1.0056179775280898,4326333,0,1,Pre-XDR-TB
SRR33384531,gid,Rv3919c,p.Leu79Ser,c.236T>C,missense_variant,streptomycin,Uncertain significance,187,1.0,4407967,0,1,Pre-XDR-TB
SRR33384532,rrs,EBG00000313325,n.1401A>G,n.1401A>G,non_coding_transcript_exon_variant,streptomycin,Uncertain significance,131,1.0,1473246,0,1,MDR-TB
SRR33384532,ethA,Rv3854c,p.Ala381Pro,c.1141G>C,missense_variant,ethionamide,Uncertain significance,165,1.006060606060606,4326333,0,1,MDR-TB
SRR33384532,ethA,Rv3854c,p.Ala381Pro,c.1141G>C,missense_variant,prothionamide,Uncertain significance,165,1.006060606060606,4326333,0,1,MDR-TB
SRR33384532,gid,Rv3919c,p.Leu79Ser,c.236T>C,missense_variant,streptomycin,Uncertain significance,139,1.0,4407967,0,1,MDR-TB
SRR33384533,ethA,Rv3854c,p.Ala381Pro,c.1141G>C,missense_variant,ethionamide,Uncertain significance,169,1.0,4326333,0,1,Pre-XDR-TB
SRR33384533,ethA,Rv3854c,p.Ala381Pro,c.1141G>C,missense_variant,prothionamide,Uncertain significance,169,1.0,4326333,0,1,Pre-XDR-TB
SRR33384533,gid,Rv3919c,p.Leu79Ser,c.236T>C,missense_variant,streptomycin,Uncertain significance,182,1.0,4407967,0,1,Pre-XDR-TB
SRR33384534,rrs,EBG00000313325,n.1402C>T,n.1402C>T,non_coding_transcript_exon_variant,streptomycin,Uncertain significance,165,1.006060606060606,1473247,0,1,Pre-XDR-TB
SRR33384534,ethA,Rv3854c,p.Ala381Pro,c.1141G>C,missense_variant,ethionamide,Uncertain significance,193,1.0,4326333,0,1,Pre-XDR-TB
SRR33384534,ethA,Rv3854c,p.Ala381Pro,c.1141G>C,missense_variant,prothionamide,Uncertain significance,193,1.0,4326333,0,1,Pre-XDR-TB
SRR33384534,gid,Rv3919c,p.Leu79Ser,c.236T>C,missense_variant,streptomycin,Uncertain significance,184,1.0,4407967,0,1,Pre-XDR-TB
SRR33384535,rrs,EBG00000313325,n.1401A>G,n.1401A>G,non_coding_transcript_exon_variant,streptomycin,Uncertain significance,152,1.006578947368421,1473246,0,1,Pre-XDR-TB
SRR33384535,ethA,Rv3854c,p.Ala381Pro,c.1141G>C,missense_variant,ethionamide,Uncertain significance,169,1.0,4326333,0,1,Pre-XDR-TB
SRR33384535,ethA,Rv3854c,p.Ala381Pro,c.1141G>C,missense_variant,prothionamide,Uncertain significance,169,1.0,4326333,0,1,Pre-XDR-TB
SRR33384535,gid,Rv3919c,p.Leu79Ser,c.236T>C,missense_variant,streptomycin,Uncertain significance,157,1.0,4407967,0,1,Pre-XDR-TB
SRR33384536,inhA,Rv1484,p.Ile21Thr,c.62T>C,missense_variant,ethionamide,Uncertain significance,141,1.0,1674263,0,1,Pre-XDR-TB
SRR33384536,inhA,Rv1484,p.Ile21Thr,c.62T>C,missense_variant,isoniazid,Uncertain significance,141,1.0,1674263,0,1,Pre-XDR-TB
SRR33384536,inhA,Rv1484,p.Ile21Thr,c.62T>C,missense_variant,prothionamide,Uncertain significance,141,1.0,1674263,0,1,Pre-XDR-TB
SRR33384537,rrs,EBG00000313325,n.1401A>G,n.1401A>G,non_coding_transcript_exon_variant,streptomycin,Uncertain significance,72,1.0,1473246,0,1,Pre-XDR-TB
SRR33384537,ethA,Rv3854c,c.-11A>G,c.-11A>G,upstream_gene_variant,ethionamide,Uncertain significance,93,1.010752688172043,4327484,0,1,Pre-XDR-TB
SRR33384537,ethA,Rv3854c,c.-11A>G,c.-11A>G,upstream_gene_variant,prothionamide,Uncertain significance,93,1.010752688172043,4327484,0,1,Pre-XDR-TB
SRR33384538,rrs,EBG00000313325,n.1401A>G,n.1401A>G,non_coding_transcript_exon_variant,streptomycin,Uncertain significance,178,0.99438202247191,1473246,0,1,MDR-TB
SRR33384538,ethA,Rv3854c,c.-11A>G,c.-11A>G,upstream_gene_variant,ethionamide,Uncertain significance,151,1.0066225165562914,4327484,0,1,MDR-TB
SRR33384538,ethA,Rv3854c,c.-11A>G,c.-11A>G,upstream_gene_variant,prothionamide,Uncertain significance,151,1.0066225165562914,4327484,0,1,MDR-TB
SRR33384539,rrs,EBG00000313325,n.1401A>G,n.1401A>G,non_coding_transcript_exon_variant,streptomycin,Uncertain significance,219,1.0,1473246,0,1,MDR-TB
SRR33384539,ethA,Rv3854c,c.-11A>G,c.-11A>G,upstream_gene_variant,ethionamide,Uncertain significance,197,1.0,4327484,0,1,MDR-TB
SRR33384539,ethA,Rv3854c,c.-11A>G,c.-11A>G,upstream_gene_variant,prothionamide,Uncertain significance,197,1.0,4327484,0,1,MDR-TB
SRR33384540,rrs,EBG00000313325,n.908A>G,n.908A>G,non_coding_transcript_exon_variant,streptomycin,Uncertain significance,54,0.9814814814814816,1472753,0,1,Pre-XDR-TB
SRR33384540,rrs,EBG00000313325,n.908A>G,n.908A>G,non_coding_transcript_exon_variant,amikacin,Uncertain significance,54,0.9814814814814816,1472753,0,1,Pre-XDR-TB
SRR33384540,rrs,EBG00000313325,n.908A>G,n.908A>G,non_coding_transcript_exon_variant,capreomycin,Uncertain significance,54,0.9814814814814816,1472753,0,1,Pre-XDR-TB
SRR33384540,rrs,EBG00000313325,n.908A>G,n.908A>G,non_coding_transcript_exon_variant,kanamycin,Uncertain significance,54,0.9814814814814816,1472753,0,1,Pre-XDR-TB
SRR33384540,ahpC,Rv2428,c.-52C>T,c.-52C>T,upstream_gene_variant,isoniazid,Uncertain significance,84,1.011904761904762,2726141,0,1,Pre-XDR-TB
SRR33384540,embA,Rv3794,c.-12C>T,c.-12C>T,upstream_gene_variant,ethambutol,Uncertain significance,79,1.0253164556962024,4243221,0,1,Pre-XDR-TB
SRR33384540,ethA,Rv3854c,c.-11A>G,c.-11A>G,upstream_gene_variant,ethionamide,Uncertain significance,73,1.0,4327484,0,1,Pre-XDR-TB
SRR33384540,ethA,Rv3854c,c.-11A>G,c.-11A>G,upstream_gene_variant,prothionamide,Uncertain significance,73,1.0,4327484,0,1,Pre-XDR-TB
SRR33384541,gyrB,Rv0005,p.Arg446His,c.1337G>A,missense_variant,levofloxacin,Uncertain significance,196,1.0,6576,0,1,Pre-XDR-TB
SRR33384541,gyrB,Rv0005,p.Arg446His,c.1337G>A,missense_variant,moxifloxacin,Uncertain significance,196,1.0,6576,0,1,Pre-XDR-TB
SRR33384541,rrs,EBG00000313325,n.1401A>G,n.1401A>G,non_coding_transcript_exon_variant,streptomycin,Uncertain significance,202,1.00990099009901,1473246,0,1,Pre-XDR-TB
SRR33384541,embA,Rv3794,c.-16C>G,c.-16C>G,upstream_gene_variant,ethambutol,Uncertain significance,200,0.995,4243217,0,1,Pre-XDR-TB
SRR33384541,embB,Rv3795,p.Met306Thr,c.917T>C,missense_variant,ethambutol,Uncertain significance,190,1.0052631578947369,4247430,0,1,Pre-XDR-TB
SRR33384542,ethA,Rv3854c,c.-11A>G,c.-11A>G,upstream_gene_variant,ethionamide,Uncertain significance,90,1.011111111111111,4327484,0,1,Pre-XDR-TB
SRR33384542,ethA,Rv3854c,c.-11A>G,c.-11A>G,upstream_gene_variant,prothionamide,Uncertain significance,90,1.011111111111111,4327484,0,1,Pre-XDR-TB
SRR33384544,inhA,Rv1484,p.Ile21Thr,c.62T>C,missense_variant,ethionamide,Uncertain significance,113,1.0,1674263,0,1,Pre-XDR-TB
SRR33384544,inhA,Rv1484,p.Ile21Thr,c.62T>C,missense_variant,isoniazid,Uncertain significance,113,1.0,1674263,0,1,Pre-XDR-TB
SRR33384544,inhA,Rv1484,p.Ile21Thr,c.62T>C,missense_variant,prothionamide,Uncertain significance,113,1.0,1674263,0,1,Pre-XDR-TB
SRR33384545,rrs,EBG00000313325,n.1401A>G,n.1401A>G,non_coding_transcript_exon_variant,streptomycin,Uncertain significance,75,1.0,1473246,0,1,Pre-XDR-TB
SRR33384545,ethA,Rv3854c,c.-11A>G,c.-11A>G,upstream_gene_variant,ethionamide,Uncertain significance,80,1.0,4327484,0,1,Pre-XDR-TB
SRR33384545,ethA,Rv3854c,c.-11A>G,c.-11A>G,upstream_gene_variant,prothionamide,Uncertain significance,80,1.0,4327484,0,1,Pre-XDR-TB
SRR33384546,rrs,EBG00000313325,n.1401A>G,n.1401A>G,non_coding_transcript_exon_variant,streptomycin,Uncertain significance,106,1.0,1473246,0,1,MDR-TB
SRR33384548,rrs,EBG00000313325,n.908A>G,n.908A>G,non_coding_transcript_exon_variant,streptomycin,Uncertain significance,58,1.0172413793103448,1472753,0,1,Pre-XDR-TB
SRR33384548,rrs,EBG00000313325,n.908A>G,n.908A>G,non_coding_transcript_exon_variant,amikacin,Uncertain significance,58,1.0172413793103448,1472753,0,1,Pre-XDR-TB
SRR33384548,rrs,EBG00000313325,n.908A>G,n.908A>G,non_coding_transcript_exon_variant,capreomycin,Uncertain significance,58,1.0172413793103448,1472753,0,1,Pre-XDR-TB
SRR33384548,rrs,EBG00000313325,n.908A>G,n.908A>G,non_coding_transcript_exon_variant,kanamycin,Uncertain significance,58,1.0172413793103448,1472753,0,1,Pre-XDR-TB
SRR33384548,ahpC,Rv2428,c.-52C>T,c.-52C>T,upstream_gene_variant,isoniazid,Uncertain significance,65,1.0,2726141,0,1,Pre-XDR-TB
SRR33384548,embA,Rv3794,c.-12C>T,c.-12C>T,upstream_gene_variant,ethambutol,Uncertain significance,58,1.0172413793103448,4243221,0,1,Pre-XDR-TB
SRR33384548,ethA,Rv3854c,c.-11A>G,c.-11A>G,upstream_gene_variant,ethionamide,Uncertain significance,65,1.0461538461538462,4327484,0,1,Pre-XDR-TB
SRR33384548,ethA,Rv3854c,c.-11A>G,c.-11A>G,upstream_gene_variant,prothionamide,Uncertain significance,65,1.0461538461538462,4327484,0,1,Pre-XDR-TB
SRR33384549,ethA,Rv3854c,c.-11A>G,c.-11A>G,upstream_gene_variant,ethionamide,Uncertain significance,67,0.9850746268656716,4327484,0,1,XDR-TB
SRR33384549,ethA,Rv3854c,c.-11A>G,c.-11A>G,upstream_gene_variant,prothionamide,Uncertain significance,67,0.9850746268656716,4327484,0,1,XDR-TB
SRR33384550,ethA,Rv3854c,c.-11A>G,c.-11A>G,upstream_gene_variant,ethionamide,Uncertain significance,124,1.0,4327484,0,1,Pre-XDR-TB
SRR33384550,ethA,Rv3854c,c.-11A>G,c.-11A>G,upstream_gene_variant,prothionamide,Uncertain significance,124,1.0,4327484,0,1,Pre-XDR-TB
SRR33384551,rrs,EBG00000313325,n.1401A>G,n.1401A>G,non_coding_transcript_exon_variant,streptomycin,Uncertain significance,87,1.011494252873563,1473246,0,1,MDR-TB
SRR33384552,rrs,EBG00000313325,n.878G>A,n.878G>A,non_coding_transcript_exon_variant,amikacin,Uncertain significance,148,1.0,1472723,0,1,Pre-XDR-TB
SRR33384552,rrs,EBG00000313325,n.878G>A,n.878G>A,non_coding_transcript_exon_variant,capreomycin,Uncertain significance,148,1.0,1472723,0,1,Pre-XDR-TB
SRR33384552,rrs,EBG00000313325,n.878G>A,n.878G>A,non_coding_transcript_exon_variant,kanamycin,Uncertain significance,148,1.0,1472723,0,1,Pre-XDR-TB
SRR33384552,embA,Rv3794,c.-16C>G,c.-16C>G,upstream_gene_variant,ethambutol,Uncertain significance,144,0.9930555555555556,4243217,0,1,Pre-XDR-TB
SRR33384552,ethA,Rv3854c,c.1192_1194dupGTG,c.1192_1194dupGTG,conservative_inframe_insertion,ethionamide,Uncertain significance,186,0.8924731182795699,4326279,0,1,Pre-XDR-TB
SRR33384552,ethA,Rv3854c,c.1192_1194dupGTG,c.1192_1194dupGTG,conservative_inframe_insertion,prothionamide,Uncertain significance,186,0.8924731182795699,4326279,0,1,Pre-XDR-TB
SRR33384553,embA,Rv3794,c.-12C>T,c.-12C>T,upstream_gene_variant,ethambutol,Uncertain significance,138,1.0289855072463767,4243221,0,1,MDR-TB
SRR33384554,gyrA,Rv0006,p.His70Arg,c.209A>G,missense_variant,levofloxacin,Uncertain significance,114,1.0,7510,0,1,Pre-XDR-TB
SRR33384554,gyrA,Rv0006,p.His70Arg,c.209A>G,missense_variant,moxifloxacin,Uncertain significance,114,1.0,7510,0,1,Pre-XDR-TB
SRR33384554,rrs,EBG00000313325,n.1401A>G,n.1401A>G,non_coding_transcript_exon_variant,streptomycin,Uncertain significance,95,1.0,1473246,0,1,Pre-XDR-TB
SRR33384554,ethA,Rv3854c,c.-11A>G,c.-11A>G,upstream_gene_variant,ethionamide,Uncertain significance,105,1.0,4327484,0,1,Pre-XDR-TB
SRR33384554,ethA,Rv3854c,c.-11A>G,c.-11A>G,upstream_gene_variant,prothionamide,Uncertain significance,105,1.0,4327484,0,1,Pre-XDR-TB
SRR33384555,rrs,EBG00000313325,n.1401A>G,n.1401A>G,non_coding_transcript_exon_variant,streptomycin,Uncertain significance,104,1.0096153846153846,1473246,0,1,Pre-XDR-TB
SRR33384555,ethA,Rv3854c,c.-11A>G,c.-11A>G,upstream_gene_variant,ethionamide,Uncertain significance,126,1.0,4327484,0,1,Pre-XDR-TB
SRR33384555,ethA,Rv3854c,c.-11A>G,c.-11A>G,upstream_gene_variant,prothionamide,Uncertain significance,126,1.0,4327484,0,1,Pre-XDR-TB
SRR33384558,rrs,EBG00000313325,n.1401A>G,n.1401A>G,non_coding_transcript_exon_variant,streptomycin,Uncertain significance,96,1.0104166666666667,1473246,0,1,MDR-TB
SRR33384559,rrs,EBG00000313325,n.1401A>G,n.1401A>G,non_coding_transcript_exon_variant,streptomycin,Uncertain significance,144,1.0,1473246,0,1,MDR-TB
SRR33384559,ethA,Rv3854c,p.Ala381Pro,c.1141G>C,missense_variant,ethionamide,Uncertain significance,165,1.0,4326333,0,1,MDR-TB
SRR33384559,ethA,Rv3854c,p.Ala381Pro,c.1141G>C,missense_variant,prothionamide,Uncertain significance,165,1.0,4326333,0,1,MDR-TB
SRR33384559,gid,Rv3919c,p.Leu79Ser,c.236T>C,missense_variant,streptomycin,Uncertain significance,151,1.0,4407967,0,1,MDR-TB
SRR33384560,ethA,Rv3854c,p.Ala381Pro,c.1141G>C,missense_variant,ethionamide,Uncertain significance,96,0.9895833333333334,4326333,0,1,XDR-TB
SRR33384560,ethA,Rv3854c,p.Ala381Pro,c.1141G>C,missense_variant,prothionamide,Uncertain significance,96,0.9895833333333334,4326333,0,1,XDR-TB
SRR33384560,gid,Rv3919c,p.Leu79Ser,c.236T>C,missense_variant,streptomycin,Uncertain significance,97,1.0206185567010309,4407967,0,1,XDR-TB
SRR33384561,rrs,EBG00000313325,n.517C>T,n.517C>T,non_coding_transcript_exon_variant,kanamycin,Uncertain significance,174,1.0,1472362,0,1,Pre-XDR-TB
SRR33384561,embA,Rv3794,c.-29_-28delCT,c.-29_-28delCT,upstream_gene_variant,ethambutol,Uncertain significance,190,0.8789473684210526,4243203,0,1,Pre-XDR-TB
SRR33384562,rrs,EBG00000313325,n.1401A>G,n.1401A>G,non_coding_transcript_exon_variant,streptomycin,Uncertain significance,80,1.0,1473246,0,1,MDR-TB
SRR33384565,rrs,EBG00000313325,n.462C>T,n.462C>T,non_coding_transcript_exon_variant,streptomycin,Uncertain significance,121,0.9917355371900828,1472307,0,0,Other
SRR33384565,rrs,EBG00000313325,n.462C>T,n.462C>T,non_coding_transcript_exon_variant,amikacin,Uncertain significance,121,0.9917355371900828,1472307,0,0,Other
SRR33384565,rrs,EBG00000313325,n.462C>T,n.462C>T,non_coding_transcript_exon_variant,capreomycin,Uncertain significance,121,0.9917355371900828,1472307,0,0,Other
SRR33384565,rrs,EBG00000313325,n.462C>T,n.462C>T,non_coding_transcript_exon_variant,kanamycin,Uncertain significance,121,0.9917355371900828,1472307,0,0,Other
SRR33384566,ethA,Rv3854c,p.Ala381Pro,c.1141G>C,missense_variant,ethionamide,Uncertain significance,91,1.0,4326333,0,1,Pre-XDR-TB
SRR33384566,ethA,Rv3854c,p.Ala381Pro,c.1141G>C,missense_variant,prothionamide,Uncertain significance,91,1.0,4326333,0,1,Pre-XDR-TB
SRR33384566,gid,Rv3919c,p.Leu79Ser,c.236T>C,missense_variant,streptomycin,Uncertain significance,85,1.011764705882353,4407967,0,1,Pre-XDR-TB
SRR33384567,rrs,EBG00000313325,n.1401A>G,n.1401A>G,non_coding_transcript_exon_variant,streptomycin,Uncertain significance,158,0.2784810126582278,1473246,0,1,Pre-XDR-TB
SRR33384567,ethA,Rv3854c,c.-11A>G,c.-11A>G,upstream_gene_variant,ethionamide,Uncertain significance,60,1.0,4327484,0,1,Pre-XDR-TB
SRR33384567,ethA,Rv3854c,c.-11A>G,c.-11A>G,upstream_gene_variant,prothionamide,Uncertain significance,60,1.0,4327484,0,1,Pre-XDR-TB
SRR33384569,rrs,EBG00000313325,n.1401A>G,n.1401A>G,non_coding_transcript_exon_variant,streptomycin,Uncertain significance,81,1.0,1473246,0,1,Pre-XDR-TB
SRR33384569,ethA,Rv3854c,c.-11A>G,c.-11A>G,upstream_gene_variant,ethionamide,Uncertain significance,104,1.0,4327484,0,1,Pre-XDR-TB
SRR33384569,ethA,Rv3854c,c.-11A>G,c.-11A>G,upstream_gene_variant,prothionamide,Uncertain significance,104,1.0,4327484,0,1,Pre-XDR-TB
SRR33384571,inhA,Rv1484,p.Ile21Thr,c.62T>C,missense_variant,ethionamide,Uncertain significance,63,1.0,1674263,0,1,Pre-XDR-TB
SRR33384571,inhA,Rv1484,p.Ile21Thr,c.62T>C,missense_variant,isoniazid,Uncertain significance,63,1.0,1674263,0,1,Pre-XDR-TB
SRR33384571,inhA,Rv1484,p.Ile21Thr,c.62T>C,missense_variant,prothionamide,Uncertain significance,63,1.0,1674263,0,1,Pre-XDR-TB
SRR33384572,embB,Rv3795,p.Asp1024Asn,c.3070G>A,missense_variant,ethambutol,Uncertain significance,102,1.0,4249583,0,1,Pre-XDR-TB
SRR33384573,rrs,EBG00000313325,n.517C>T,n.517C>T,non_coding_transcript_exon_variant,kanamycin,Uncertain significance,57,1.0,1472362,0,1,Pre-XDR-TB
SRR33384573,embA,Rv3794,c.-29_-28delCT,c.-29_-28delCT,upstream_gene_variant,ethambutol,Uncertain significance,85,0.8705882352941177,4243203,0,1,Pre-XDR-TB
SRR33384574,rrs,EBG00000313325,n.1401A>G,n.1401A>G,non_coding_transcript_exon_variant,streptomycin,Uncertain significance,54,1.0,1473246,0,1,Pre-XDR-TB
SRR33384574,ethA,Rv3854c,c.-11A>G,c.-11A>G,upstream_gene_variant,ethionamide,Uncertain significance,104,1.0,4327484,0,1,Pre-XDR-TB
SRR33384574,ethA,Rv3854c,c.-11A>G,c.-11A>G,upstream_gene_variant,prothionamide,Uncertain significance,104,1.0,4327484,0,1,Pre-XDR-TB
SRR33384575,tlyA,Rv1694,p.Lys69Glu,c.205A>G,missense_variant,capreomycin,Uncertain significance,83,1.0,1918144,0,1,Pre-XDR-TB
SRR33384575,ethA,Rv3854c,p.Ala381Pro,c.1141G>C,missense_variant,ethionamide,Uncertain significance,88,1.0,4326333,0,1,Pre-XDR-TB
SRR33384575,ethA,Rv3854c,p.Ala381Pro,c.1141G>C,missense_variant,prothionamide,Uncertain significance,88,1.0,4326333,0,1,Pre-XDR-TB
SRR33384575,gid,Rv3919c,p.Leu79Ser,c.236T>C,missense_variant,streptomycin,Uncertain significance,69,1.0434782608695652,4407967,0,1,Pre-XDR-TB
SRR33384577,rrs,EBG00000313325,n.905C>A,n.905C>A,non_coding_transcript_exon_variant,streptomycin,Uncertain significance,49,1.0,1472750,0,1,Pre-XDR-TB
SRR33384577,rrs,EBG00000313325,n.905C>A,n.905C>A,non_coding_transcript_exon_variant,amikacin,Uncertain significance,49,1.0,1472750,0,1,Pre-XDR-TB
SRR33384577,rrs,EBG00000313325,n.905C>A,n.905C>A,non_coding_transcript_exon_variant,capreomycin,Uncertain significance,49,1.0,1472750,0,1,Pre-XDR-TB
SRR33384577,rrs,EBG00000313325,n.905C>A,n.905C>A,non_coding_transcript_exon_variant,kanamycin,Uncertain significance,49,1.0,1472750,0,1,Pre-XDR-TB
SRR33384577,ethA,Rv3854c,c.-11A>G,c.-11A>G,upstream_gene_variant,ethionamide,Uncertain significance,68,1.0147058823529411,4327484,0,1,Pre-XDR-TB
SRR33384577,ethA,Rv3854c,c.-11A>G,c.-11A>G,upstream_gene_variant,prothionamide,Uncertain significance,68,1.0147058823529411,4327484,0,1,Pre-XDR-TB
SRR33384578,ethA,Rv3854c,c.-11A>G,c.-11A>G,upstream_gene_variant,ethionamide,Uncertain significance,35,1.0,4327484,0,1,XDR-TB
SRR33384578,ethA,Rv3854c,c.-11A>G,c.-11A>G,upstream_gene_variant,prothionamide,Uncertain significance,35,1.0,4327484,0,1,XDR-TB
SRR33384579,rrs,EBG00000313325,n.1402C>T,n.1402C>T,non_coding_transcript_exon_variant,streptomycin,Uncertain significance,43,1.0232558139534884,1473247,0,1,MDR-TB
SRR33384580,rrs,EBG00000313325,n.1401A>G,n.1401A>G,non_coding_transcript_exon_variant,streptomycin,Uncertain significance,57,1.0,1473246,0,1,MDR-TB
SRR33384580,ethA,Rv3854c,p.Ala381Pro,c.1141G>C,missense_variant,ethionamide,Uncertain significance,72,1.0277777777777777,4326333,0,1,MDR-TB
SRR33384580,ethA,Rv3854c,p.Ala381Pro,c.1141G>C,missense_variant,prothionamide,Uncertain significance,72,1.0277777777777777,4326333,0,1,MDR-TB
SRR33384580,gid,Rv3919c,p.Leu79Ser,c.236T>C,missense_variant,streptomycin,Uncertain significance,80,1.0375,4407967,0,1,MDR-TB
SRR33384581,rrs,EBG00000313325,n.462C>T,n.462C>T,non_coding_transcript_exon_variant,streptomycin,Uncertain significance,56,1.0,1472307,0,0,HR-TB
SRR33384581,rrs,EBG00000313325,n.462C>T,n.462C>T,non_coding_transcript_exon_variant,amikacin,Uncertain significance,56,1.0,1472307,0,0,HR-TB
SRR33384581,rrs,EBG00000313325,n.462C>T,n.462C>T,non_coding_transcript_exon_variant,capreomycin,Uncertain significance,56,1.0,1472307,0,0,HR-TB
SRR33384581,rrs,EBG00000313325,n.462C>T,n.462C>T,non_coding_transcript_exon_variant,kanamycin,Uncertain significance,56,1.0,1472307,0,0,HR-TB
SRR33384582,rrs,EBG00000313325,n.908A>G,n.908A>G,non_coding_transcript_exon_variant,streptomycin,Uncertain significance,70,0.9571428571428572,1472753,0,1,Pre-XDR-TB
SRR33384582,rrs,EBG00000313325,n.908A>G,n.908A>G,non_coding_transcript_exon_variant,amikacin,Uncertain significance,70,0.9571428571428572,1472753,0,1,Pre-XDR-TB
SRR33384582,rrs,EBG00000313325,n.908A>G,n.908A>G,non_coding_transcript_exon_variant,capreomycin,Uncertain significance,70,0.9571428571428572,1472753,0,1,Pre-XDR-TB
SRR33384582,rrs,EBG00000313325,n.908A>G,n.908A>G,non_coding_transcript_exon_variant,kanamycin,Uncertain significance,70,0.9571428571428572,1472753,0,1,Pre-XDR-TB
SRR33384582,ahpC,Rv2428,c.-52C>T,c.-52C>T,upstream_gene_variant,isoniazid,Uncertain significance,98,1.0,2726141,0,1,Pre-XDR-TB
SRR33384582,embA,Rv3794,c.-12C>T,c.-12C>T,upstream_gene_variant,ethambutol,Uncertain significance,96,1.0,4243221,0,1,Pre-XDR-TB
SRR33384582,ethA,Rv3854c,c.-11A>G,c.-11A>G,upstream_gene_variant,ethionamide,Uncertain significance,73,1.0,4327484,0,1,Pre-XDR-TB
SRR33384582,ethA,Rv3854c,c.-11A>G,c.-11A>G,upstream_gene_variant,prothionamide,Uncertain significance,73,1.0,4327484,0,1,Pre-XDR-TB
SRR33384583,tlyA,Rv1694,p.Lys69Glu,c.205A>G,missense_variant,capreomycin,Uncertain significance,128,1.0,1918144,0,1,Pre-XDR-TB
SRR33384583,ethA,Rv3854c,p.Ala381Pro,c.1141G>C,missense_variant,ethionamide,Uncertain significance,91,1.0,4326333,0,1,Pre-XDR-TB
SRR33384583,ethA,Rv3854c,p.Ala381Pro,c.1141G>C,missense_variant,prothionamide,Uncertain significance,91,1.0,4326333,0,1,Pre-XDR-TB
SRR33384583,gid,Rv3919c,p.Leu79Ser,c.236T>C,missense_variant,streptomycin,Uncertain significance,107,1.0,4407967,0,1,Pre-XDR-TB
SRR33384588,fbiC,Rv1173,c.1913_1914dupTC,c.1913_1914dupTC,frameshift_variant,clofazimine,Uncertain significance,134,0.9701492537313432,1304844,0,1,XDR-TB
SRR33384588,embB,Rv3795,p.Phe330Val,c.988T>G,missense_variant,ethambutol,Uncertain significance,76,1.0,4247501,0,1,XDR-TB
SRR33384589,rrs,EBG00000313325,n.1401A>G,n.1401A>G,non_coding_transcript_exon_variant,streptomycin,Uncertain significance,78,1.0,1473246,0,1,Pre-XDR-TB
SRR33384589,ethA,Rv3854c,c.-11A>G,c.-11A>G,upstream_gene_variant,ethionamide,Uncertain significance,71,1.0,4327484,0,1,Pre-XDR-TB
SRR33384589,ethA,Rv3854c,c.-11A>G,c.-11A>G,upstream_gene_variant,prothionamide,Uncertain significance,71,1.0,4327484,0,1,Pre-XDR-TB
SRR33384592,embB,Rv3795,p.Asp1024Asn,c.3070G>A,missense_variant,ethambutol,Uncertain significance,97,0.9484536082474226,4249583,0,1,Pre-XDR-TB
SRR33384594,embA,Rv3794,c.-16C>G,c.-16C>G,upstream_gene_variant,ethambutol,Uncertain significance,101,1.0,4243217,0,1,Pre-XDR-TB
SRR33384595,ethA,Rv3854c,c.-11A>G,c.-11A>G,upstream_gene_variant,ethionamide,Uncertain significance,88,1.0,4327484,0,1,XDR-TB
SRR33384595,ethA,Rv3854c,c.-11A>G,c.-11A>G,upstream_gene_variant,prothionamide,Uncertain significance,88,1.0,4327484,0,1,XDR-TB
SRR33384597,rrs,EBG00000313325,n.1401A>G,n.1401A>G,non_coding_transcript_exon_variant,streptomycin,Uncertain significance,102,1.0098039215686274,1473246,0,1,MDR-TB
SRR33384598,inhA,Rv1484,p.Ile21Thr,c.62T>C,missense_variant,ethionamide,Uncertain significance,110,0.990909090909091,1674263,0,1,Pre-XDR-TB
SRR33384598,inhA,Rv1484,p.Ile21Thr,c.62T>C,missense_variant,isoniazid,Uncertain significance,110,0.990909090909091,1674263,0,1,Pre-XDR-TB
SRR33384598,inhA,Rv1484,p.Ile21Thr,c.62T>C,missense_variant,prothionamide,Uncertain significance,110,0.990909090909091,1674263,0,1,Pre-XDR-TB
SRR33384599,inhA,Rv1484,p.Ile21Thr,c.62T>C,missense_variant,ethionamide,Uncertain significance,89,1.0,1674263,0,1,Pre-XDR-TB
SRR33384599,inhA,Rv1484,p.Ile21Thr,c.62T>C,missense_variant,isoniazid,Uncertain significance,89,1.0,1674263,0,1,Pre-XDR-TB
SRR33384599,inhA,Rv1484,p.Ile21Thr,c.62T>C,missense_variant,prothionamide,Uncertain significance,89,1.0,1674263,0,1,Pre-XDR-TB
SRR33384600,rrs,EBG00000313325,n.1401A>G,n.1401A>G,non_coding_transcript_exon_variant,streptomycin,Uncertain significance,103,1.0,1473246,0,1,Pre-XDR-TB
SRR33384600,ethA,Rv3854c,c.-11A>G,c.-11A>G,upstream_gene_variant,ethionamide,Uncertain significance,123,1.008130081300813,4327484,0,1,Pre-XDR-TB
SRR33384600,ethA,Rv3854c,c.-11A>G,c.-11A>G,upstream_gene_variant,prothionamide,Uncertain significance,123,1.008130081300813,4327484,0,1,Pre-XDR-TB
SRR33384602,rrs,EBG00000313325,n.1401A>G,n.1401A>G,non_coding_transcript_exon_variant,streptomycin,Uncertain significance,115,1.0,1473246,0,1,Pre-XDR-TB
SRR33384602,ethA,Rv3854c,c.-11A>G,c.-11A>G,upstream_gene_variant,ethionamide,Uncertain significance,89,1.0,4327484,0,1,Pre-XDR-TB
SRR33384602,ethA,Rv3854c,c.-11A>G,c.-11A>G,upstream_gene_variant,prothionamide,Uncertain significance,89,1.0,4327484,0,1,Pre-XDR-TB
SRR33384603,embA,Rv3794,c.-16C>G,c.-16C>G,upstream_gene_variant,ethambutol,Uncertain significance,115,1.0,4243217,0,1,Pre-XDR-TB
SRR33384603,embB,Rv3795,p.Glu405Asp,c.1215G>C,missense_variant,ethambutol,Uncertain significance,116,1.0,4247728,0,1,Pre-XDR-TB
SRR33384604,rrs,EBG00000313325,n.462C>T,n.462C>T,non_coding_transcript_exon_variant,streptomycin,Uncertain significance,97,1.0,1472307,0,0,HR-TB
SRR33384604,rrs,EBG00000313325,n.462C>T,n.462C>T,non_coding_transcript_exon_variant,amikacin,Uncertain significance,97,1.0,1472307,0,0,HR-TB
SRR33384604,rrs,EBG00000313325,n.462C>T,n.462C>T,non_coding_transcript_exon_variant,capreomycin,Uncertain significance,97,1.0,1472307,0,0,HR-TB
SRR33384604,rrs,EBG00000313325,n.462C>T,n.462C>T,non_coding_transcript_exon_variant,kanamycin,Uncertain significance,97,1.0,1472307,0,0,HR-TB
SRR33384605,mmpR5,Rv0678,p.Arg94Gln,c.281G>A,missense_variant,bedaquiline,Uncertain significance,147,0.3469387755102041,779270,0,1,MDR-TB
SRR33384605,mmpR5,Rv0678,p.Arg94Gln,c.281G>A,missense_variant,clofazimine,Uncertain significance,147,0.3469387755102041,779270,0,1,MDR-TB
SRR33384606,rpoC,Rv0668,p.Leu527Val,c.1579T>G,missense_variant,rifampicin,Uncertain significance,113,1.008849557522124,764948,0,1,Pre-XDR-TB
SRR33384606,rpoC,Rv0668,p.Leu527Val,c.1579T>G,missense_variant,rifapentine,Uncertain significance,113,1.008849557522124,764948,0,1,Pre-XDR-TB
SRR33384606,rrs,EBG00000313325,n.1401A>G,n.1401A>G,non_coding_transcript_exon_variant,streptomycin,Uncertain significance,105,1.0,1473246,0,1,Pre-XDR-TB
SRR33384606,inhA,Rv1484,p.Ile194Thr,c.581T>C,missense_variant,ethionamide,Uncertain significance,139,1.0,1674782,0,1,Pre-XDR-TB
SRR33384606,inhA,Rv1484,p.Ile194Thr,c.581T>C,missense_variant,isoniazid,Uncertain significance,139,1.0,1674782,0,1,Pre-XDR-TB
SRR33384606,inhA,Rv1484,p.Ile194Thr,c.581T>C,missense_variant,prothionamide,Uncertain significance,139,1.0,1674782,0,1,Pre-XDR-TB
SRR33384606,ethR,Rv3855,p.Ala95Thr,c.283G>A,missense_variant,ethionamide,Uncertain significance,102,1.0,4327831,0,1,Pre-XDR-TB
SRR33384606,ethR,Rv3855,p.Ala95Thr,c.283G>A,missense_variant,prothionamide,Uncertain significance,102,1.0,4327831,0,1,Pre-XDR-TB
SRR33384607,rrs,EBG00000313325,n.462C>T,n.462C>T,non_coding_transcript_exon_variant,streptomycin,Uncertain significance,112,1.0,1472307,0,0,HR-TB
SRR33384607,rrs,EBG00000313325,n.462C>T,n.462C>T,non_coding_transcript_exon_variant,amikacin,Uncertain significance,112,1.0,1472307,0,0,HR-TB
SRR33384607,rrs,EBG00000313325,n.462C>T,n.462C>T,non_coding_transcript_exon_variant,capreomycin,Uncertain significance,112,1.0,1472307,0,0,HR-TB
SRR33384607,rrs,EBG00000313325,n.462C>T,n.462C>T,non_coding_transcript_exon_variant,kanamycin,Uncertain significance,112,1.0,1472307,0,0,HR-TB
SRR33384608,rrs,EBG00000313325,n.462C>T,n.462C>T,non_coding_transcript_exon_variant,streptomycin,Uncertain significance,120,0.9333333333333332,1472307,0,0,HR-TB
SRR33384608,rrs,EBG00000313325,n.462C>T,n.462C>T,non_coding_transcript_exon_variant,amikacin,Uncertain significance,120,0.9333333333333332,1472307,0,0,HR-TB
SRR33384608,rrs,EBG00000313325,n.462C>T,n.462C>T,non_coding_transcript_exon_variant,capreomycin,Uncertain significance,120,0.9333333333333332,1472307,0,0,HR-TB
SRR33384608,rrs,EBG00000313325,n.462C>T,n.462C>T,non_coding_transcript_exon_variant,kanamycin,Uncertain significance,120,0.9333333333333332,1472307,0,0,HR-TB
SRR33384609,rrs,EBG00000313325,n.1401A>G,n.1401A>G,non_coding_transcript_exon_variant,streptomycin,Uncertain significance,81,1.0123456790123455,1473246,0,1,MDR-TB
SRR33384611,rrs,EBG00000313325,n.1401A>G,n.1401A>G,non_coding_transcript_exon_variant,streptomycin,Uncertain significance,131,1.0,1473246,0,1,Pre-XDR-TB
SRR33384611,ethA,Rv3854c,c.-11A>G,c.-11A>G,upstream_gene_variant,ethionamide,Uncertain significance,130,1.0,4327484,0,1,Pre-XDR-TB
SRR33384611,ethA,Rv3854c,c.-11A>G,c.-11A>G,upstream_gene_variant,prothionamide,Uncertain significance,130,1.0,4327484,0,1,Pre-XDR-TB
SRR33384612,rrs,EBG00000313325,n.1401A>G,n.1401A>G,non_coding_transcript_exon_variant,streptomycin,Uncertain significance,89,1.0,1473246,0,1,Pre-XDR-TB
SRR33384612,ethA,Rv3854c,c.-11A>G,c.-11A>G,upstream_gene_variant,ethionamide,Uncertain significance,106,1.0,4327484,0,1,Pre-XDR-TB
SRR33384612,ethA,Rv3854c,c.-11A>G,c.-11A>G,upstream_gene_variant,prothionamide,Uncertain significance,106,1.0,4327484,0,1,Pre-XDR-TB
SRR33384613,rrs,EBG00000313325,n.1401A>G,n.1401A>G,non_coding_transcript_exon_variant,streptomycin,Uncertain significance,130,1.0,1473246,0,1,Pre-XDR-TB
SRR33384613,ethA,Rv3854c,c.-11A>G,c.-11A>G,upstream_gene_variant,ethionamide,Uncertain significance,91,1.021978021978022,4327484,0,1,Pre-XDR-TB
SRR33384613,ethA,Rv3854c,c.-11A>G,c.-11A>G,upstream_gene_variant,prothionamide,Uncertain significance,91,1.021978021978022,4327484,0,1,Pre-XDR-TB
SRR33384614,rrs,EBG00000313325,n.1401A>G,n.1401A>G,non_coding_transcript_exon_variant,streptomycin,Uncertain significance,133,1.0075187969924813,1473246,0,1,Pre-XDR-TB
SRR33384614,ethA,Rv3854c,c.-11A>G,c.-11A>G,upstream_gene_variant,ethionamide,Uncertain significance,117,1.0,4327484,0,1,Pre-XDR-TB
SRR33384614,ethA,Rv3854c,c.-11A>G,c.-11A>G,upstream_gene_variant,prothionamide,Uncertain significance,117,1.0,4327484,0,1,Pre-XDR-TB
SRR33384615,rrs,EBG00000313325,n.1401A>G,n.1401A>G,non_coding_transcript_exon_variant,streptomycin,Uncertain significance,114,1.0,1473246,0,1,Pre-XDR-TB
SRR33384615,ethA,Rv3854c,c.-11A>G,c.-11A>G,upstream_gene_variant,ethionamide,Uncertain significance,118,1.0084745762711864,4327484,0,1,Pre-XDR-TB
SRR33384615,ethA,Rv3854c,c.-11A>G,c.-11A>G,upstream_gene_variant,prothionamide,Uncertain significance,118,1.0084745762711864,4327484,0,1,Pre-XDR-TB
SRR33384616,rrs,EBG00000313325,n.878G>A,n.878G>A,non_coding_transcript_exon_variant,amikacin,Uncertain significance,129,1.0,1472723,0,1,Pre-XDR-TB
SRR33384616,rrs,EBG00000313325,n.878G>A,n.878G>A,non_coding_transcript_exon_variant,capreomycin,Uncertain significance,129,1.0,1472723,0,1,Pre-XDR-TB
SRR33384616,rrs,EBG00000313325,n.878G>A,n.878G>A,non_coding_transcript_exon_variant,kanamycin,Uncertain significance,129,1.0,1472723,0,1,Pre-XDR-TB
SRR33384616,embA,Rv3794,c.-16C>G,c.-16C>G,upstream_gene_variant,ethambutol,Uncertain significance,130,1.0,4243217,0,1,Pre-XDR-TB
SRR33384616,ethA,Rv3854c,c.1192_1194dupGTG,c.1192_1194dupGTG,conservative_inframe_insertion,ethionamide,Uncertain significance,143,0.9370629370629372,4326279,0,1,Pre-XDR-TB
SRR33384616,ethA,Rv3854c,c.1192_1194dupGTG,c.1192_1194dupGTG,conservative_inframe_insertion,prothionamide,Uncertain significance,143,0.9370629370629372,4326279,0,1,Pre-XDR-TB
SRR33384617,inhA,Rv1484,p.Ile21Thr,c.62T>C,missense_variant,ethionamide,Uncertain significance,130,1.0,1674263,0,1,XDR-TB
SRR33384617,inhA,Rv1484,p.Ile21Thr,c.62T>C,missense_variant,isoniazid,Uncertain significance,130,1.0,1674263,0,1,XDR-TB
SRR33384617,inhA,Rv1484,p.Ile21Thr,c.62T>C,missense_variant,prothionamide,Uncertain significance,130,1.0,1674263,0,1,XDR-TB
SRR33384618,rrs,EBG00000313325,n.1401A>G,n.1401A>G,non_coding_transcript_exon_variant,streptomycin,Uncertain significance,125,1.0,1473246,0,1,Pre-XDR-TB
SRR33384618,ethA,Rv3854c,c.-11A>G,c.-11A>G,upstream_gene_variant,ethionamide,Uncertain significance,106,1.009433962264151,4327484,0,1,Pre-XDR-TB
SRR33384618,ethA,Rv3854c,c.-11A>G,c.-11A>G,upstream_gene_variant,prothionamide,Uncertain significance,106,1.009433962264151,4327484,0,1,Pre-XDR-TB
SRR33384619,rrs,EBG00000313325,n.1401A>G,n.1401A>G,non_coding_transcript_exon_variant,streptomycin,Uncertain significance,102,1.0,1473246,0,1,Pre-XDR-TB
SRR33384619,ethA,Rv3854c,c.-11A>G,c.-11A>G,upstream_gene_variant,ethionamide,Uncertain significance,135,1.0,4327484,0,1,Pre-XDR-TB
SRR33384619,ethA,Rv3854c,c.-11A>G,c.-11A>G,upstream_gene_variant,prothionamide,Uncertain significance,135,1.0,4327484,0,1,Pre-XDR-TB
SRR33384621,rrs,EBG00000313325,n.1401A>G,n.1401A>G,non_coding_transcript_exon_variant,streptomycin,Uncertain significance,91,1.010989010989011,1473246,0,1,Pre-XDR-TB
SRR33384621,ethA,Rv3854c,p.Ala381Pro,c.1141G>C,missense_variant,ethionamide,Uncertain significance,87,0.9885057471264368,4326333,0,1,Pre-XDR-TB
SRR33384621,ethA,Rv3854c,p.Ala381Pro,c.1141G>C,missense_variant,prothionamide,Uncertain significance,87,0.9885057471264368,4326333,0,1,Pre-XDR-TB
SRR33384621,gid,Rv3919c,p.Leu79Ser,c.236T>C,missense_variant,streptomycin,Uncertain significance,95,1.0210526315789474,4407967,0,1,Pre-XDR-TB
SRR33384622,rrs,EBG00000313325,n.1401A>G,n.1401A>G,non_coding_transcript_exon_variant,streptomycin,Uncertain significance,107,1.0093457943925233,1473246,0,1,Pre-XDR-TB
SRR33384622,ethA,Rv3854c,c.-11A>G,c.-11A>G,upstream_gene_variant,ethionamide,Uncertain significance,112,1.0089285714285714,4327484,0,1,Pre-XDR-TB
SRR33384622,ethA,Rv3854c,c.-11A>G,c.-11A>G,upstream_gene_variant,prothionamide,Uncertain significance,112,1.0089285714285714,4327484,0,1,Pre-XDR-TB
SRR33384623,rrs,EBG00000313325,n.1401A>G,n.1401A>G,non_coding_transcript_exon_variant,streptomycin,Uncertain significance,131,1.0,1473246,0,1,Pre-XDR-TB
SRR33384623,ethA,Rv3854c,c.-11A>G,c.-11A>G,upstream_gene_variant,ethionamide,Uncertain significance,122,1.0,4327484,0,1,Pre-XDR-TB
SRR33384623,ethA,Rv3854c,c.-11A>G,c.-11A>G,upstream_gene_variant,prothionamide,Uncertain significance,122,1.0,4327484,0,1,Pre-XDR-TB
SRR33384624,rrs,EBG00000313325,n.878G>A,n.878G>A,non_coding_transcript_exon_variant,amikacin,Uncertain significance,94,1.0,1472723,0,1,Pre-XDR-TB
SRR33384624,rrs,EBG00000313325,n.878G>A,n.878G>A,non_coding_transcript_exon_variant,capreomycin,Uncertain significance,94,1.0,1472723,0,1,Pre-XDR-TB
SRR33384624,rrs,EBG00000313325,n.878G>A,n.878G>A,non_coding_transcript_exon_variant,kanamycin,Uncertain significance,94,1.0,1472723,0,1,Pre-XDR-TB
SRR33384624,embA,Rv3794,c.-16C>G,c.-16C>G,upstream_gene_variant,ethambutol,Uncertain significance,94,1.0,4243217,0,1,Pre-XDR-TB
SRR33384624,ethA,Rv3854c,c.1192_1194dupGTG,c.1192_1194dupGTG,conservative_inframe_insertion,ethionamide,Uncertain significance,90,0.9,4326279,0,1,Pre-XDR-TB
SRR33384624,ethA,Rv3854c,c.1192_1194dupGTG,c.1192_1194dupGTG,conservative_inframe_insertion,prothionamide,Uncertain significance,90,0.9,4326279,0,1,Pre-XDR-TB
SRR33384625,rrs,EBG00000313325,n.1401A>G,n.1401A>G,non_coding_transcript_exon_variant,streptomycin,Uncertain significance,148,1.0,1473246,0,1,Pre-XDR-TB
SRR33384625,ethA,Rv3854c,c.-11A>G,c.-11A>G,upstream_gene_variant,ethionamide,Uncertain significance,91,1.021978021978022,4327484,0,1,Pre-XDR-TB
SRR33384625,ethA,Rv3854c,c.-11A>G,c.-11A>G,upstream_gene_variant,prothionamide,Uncertain significance,91,1.021978021978022,4327484,0,1,Pre-XDR-TB
SRR33384626,rrs,EBG00000313325,n.1401A>G,n.1401A>G,non_coding_transcript_exon_variant,streptomycin,Uncertain significance,121,1.0165289256198349,1473246,0,1,Pre-XDR-TB
SRR33384626,ethA,Rv3854c,c.-11A>G,c.-11A>G,upstream_gene_variant,ethionamide,Uncertain significance,120,1.0,4327484,0,1,Pre-XDR-TB
SRR33384626,ethA,Rv3854c,c.-11A>G,c.-11A>G,upstream_gene_variant,prothionamide,Uncertain significance,120,1.0,4327484,0,1,Pre-XDR-TB
SRR33384628,rrs,EBG00000313325,n.1401A>G,n.1401A>G,non_coding_transcript_exon_variant,streptomycin,Uncertain significance,127,1.0,1473246,0,1,Pre-XDR-TB
SRR33384628,ethA,Rv3854c,c.-11A>G,c.-11A>G,upstream_gene_variant,ethionamide,Uncertain significance,106,1.018867924528302,4327484,0,1,Pre-XDR-TB
SRR33384628,ethA,Rv3854c,c.-11A>G,c.-11A>G,upstream_gene_variant,prothionamide,Uncertain significance,106,1.018867924528302,4327484,0,1,Pre-XDR-TB
SRR33384630,rrs,EBG00000313325,n.1401A>G,n.1401A>G,non_coding_transcript_exon_variant,streptomycin,Uncertain significance,133,0.9924812030075189,1473246,0,1,Pre-XDR-TB
SRR33384630,ethA,Rv3854c,c.-11A>G,c.-11A>G,upstream_gene_variant,ethionamide,Uncertain significance,102,1.0,4327484,0,1,Pre-XDR-TB
SRR33384630,ethA,Rv3854c,c.-11A>G,c.-11A>G,upstream_gene_variant,prothionamide,Uncertain significance,102,1.0,4327484,0,1,Pre-XDR-TB
SRR33384631,rrs,EBG00000313325,n.1401A>G,n.1401A>G,non_coding_transcript_exon_variant,streptomycin,Uncertain significance,113,1.0,1473246,0,1,Pre-XDR-TB
SRR33384631,ethA,Rv3854c,c.-11A>G,c.-11A>G,upstream_gene_variant,ethionamide,Uncertain significance,104,0.9903846153846154,4327484,0,1,Pre-XDR-TB
SRR33384631,ethA,Rv3854c,c.-11A>G,c.-11A>G,upstream_gene_variant,prothionamide,Uncertain significance,104,0.9903846153846154,4327484,0,1,Pre-XDR-TB
SRR33384632,rrs,EBG00000313325,n.878G>A,n.878G>A,non_coding_transcript_exon_variant,amikacin,Uncertain significance,91,1.010989010989011,1472723,0,1,Pre-XDR-TB
SRR33384632,rrs,EBG00000313325,n.878G>A,n.878G>A,non_coding_transcript_exon_variant,capreomycin,Uncertain significance,91,1.010989010989011,1472723,0,1,Pre-XDR-TB
SRR33384632,rrs,EBG00000313325,n.878G>A,n.878G>A,non_coding_transcript_exon_variant,kanamycin,Uncertain significance,91,1.010989010989011,1472723,0,1,Pre-XDR-TB
SRR33384632,embA,Rv3794,c.-16C>G,c.-16C>G,upstream_gene_variant,ethambutol,Uncertain significance,102,1.0,4243217,0,1,Pre-XDR-TB
SRR33384632,ethA,Rv3854c,c.1192_1194dupGTG,c.1192_1194dupGTG,conservative_inframe_insertion,ethionamide,Uncertain significance,76,0.9078947368421052,4326279,0,1,Pre-XDR-TB
SRR33384632,ethA,Rv3854c,c.1192_1194dupGTG,c.1192_1194dupGTG,conservative_inframe_insertion,prothionamide,Uncertain significance,76,0.9078947368421052,4326279,0,1,Pre-XDR-TB
SRR33384633,rrs,EBG00000313325,n.1401A>G,n.1401A>G,non_coding_transcript_exon_variant,streptomycin,Uncertain significance,106,1.0,1473246,0,1,Pre-XDR-TB
SRR33384633,ethA,Rv3854c,c.-11A>G,c.-11A>G,upstream_gene_variant,ethionamide,Uncertain significance,147,1.0,4327484,0,1,Pre-XDR-TB
SRR33384633,ethA,Rv3854c,c.-11A>G,c.-11A>G,upstream_gene_variant,prothionamide,Uncertain significance,147,1.0,4327484,0,1,Pre-XDR-TB
SRR33384634,rrs,EBG00000313325,n.878G>A,n.878G>A,non_coding_transcript_exon_variant,amikacin,Uncertain significance,87,1.011494252873563,1472723,0,1,Pre-XDR-TB
SRR33384634,rrs,EBG00000313325,n.878G>A,n.878G>A,non_coding_transcript_exon_variant,capreomycin,Uncertain significance,87,1.011494252873563,1472723,0,1,Pre-XDR-TB
SRR33384634,rrs,EBG00000313325,n.878G>A,n.878G>A,non_coding_transcript_exon_variant,kanamycin,Uncertain significance,87,1.011494252873563,1472723,0,1,Pre-XDR-TB
SRR33384634,rrs,EBG00000313325,n.1401A>G,n.1401A>G,non_coding_transcript_exon_variant,streptomycin,Uncertain significance,93,1.010752688172043,1473246,0,1,Pre-XDR-TB
SRR33384634,embA,Rv3794,c.-16C>G,c.-16C>G,upstream_gene_variant,ethambutol,Uncertain significance,130,1.0,4243217,0,1,Pre-XDR-TB
SRR33384634,ethA,Rv3854c,c.1192_1194dupGTG,c.1192_1194dupGTG,conservative_inframe_insertion,ethionamide,Uncertain significance,98,0.8673469387755102,4326279,0,1,Pre-XDR-TB
SRR33384634,ethA,Rv3854c,c.1192_1194dupGTG,c.1192_1194dupGTG,conservative_inframe_insertion,prothionamide,Uncertain significance,98,0.8673469387755102,4326279,0,1,Pre-XDR-TB
SRR33384635,rrs,EBG00000313325,n.1401A>G,n.1401A>G,non_coding_transcript_exon_variant,streptomycin,Uncertain significance,93,0.956989247311828,1473246,0,1,Pre-XDR-TB
SRR33384635,ethA,Rv3854c,c.-11A>G,c.-11A>G,upstream_gene_variant,ethionamide,Uncertain significance,97,0.9896907216494846,4327484,0,1,Pre-XDR-TB
SRR33384635,ethA,Rv3854c,c.-11A>G,c.-11A>G,upstream_gene_variant,prothionamide,Uncertain significance,97,0.9896907216494846,4327484,0,1,Pre-XDR-TB
SRR33394855,inhA,Rv1484,p.Ile21Thr,c.62T>C,missense_variant,ethionamide,Uncertain significance,83,1.0,1674263,0,1,Pre-XDR-TB
SRR33394855,inhA,Rv1484,p.Ile21Thr,c.62T>C,missense_variant,isoniazid,Uncertain significance,83,1.0,1674263,0,1,Pre-XDR-TB
SRR33394855,inhA,Rv1484,p.Ile21Thr,c.62T>C,missense_variant,prothionamide,Uncertain significance,83,1.0,1674263,0,1,Pre-XDR-TB
SRR33394856,inhA,Rv1484,p.Ile21Thr,c.62T>C,missense_variant,ethionamide,Uncertain significance,93,1.0,1674263,0,1,Pre-XDR-TB
SRR33394856,inhA,Rv1484,p.Ile21Thr,c.62T>C,missense_variant,isoniazid,Uncertain significance,93,1.0,1674263,0,1,Pre-XDR-TB
SRR33394856,inhA,Rv1484,p.Ile21Thr,c.62T>C,missense_variant,prothionamide,Uncertain significance,93,1.0,1674263,0,1,Pre-XDR-TB
SRR33394857,rrs,EBG00000313325,n.1401A>G,n.1401A>G,non_coding_transcript_exon_variant,streptomycin,Uncertain significance,71,1.0,1473246,0,1,MDR-TB
SRR33394857,ethA,Rv3854c,p.Ala381Pro,c.1141G>C,missense_variant,ethionamide,Uncertain significance,78,1.0,4326333,0,1,MDR-TB
SRR33394857,ethA,Rv3854c,p.Ala381Pro,c.1141G>C,missense_variant,prothionamide,Uncertain significance,78,1.0,4326333,0,1,MDR-TB
SRR33394857,gid,Rv3919c,p.Leu79Ser,c.236T>C,missense_variant,streptomycin,Uncertain significance,78,1.0,4407967,0,1,MDR-TB
SRR33394858,rrs,EBG00000313325,n.1401A>G,n.1401A>G,non_coding_transcript_exon_variant,streptomycin,Uncertain significance,75,1.0133333333333334,1473246,0,1,XDR-TB
SRR33394858,rrl,EBG00000313339,n.2270G>T,n.2270G>T,non_coding_transcript_exon_variant,capreomycin,Uncertain significance,76,1.013157894736842,1475927,0,1,XDR-TB
SRR33394858,ethA,Rv3854c,p.Ala381Pro,c.1141G>C,missense_variant,ethionamide,Uncertain significance,84,1.0,4326333,0,1,XDR-TB
SRR33394858,ethA,Rv3854c,p.Ala381Pro,c.1141G>C,missense_variant,prothionamide,Uncertain significance,84,1.0,4326333,0,1,XDR-TB
SRR33394858,gid,Rv3919c,p.Leu79Ser,c.236T>C,missense_variant,streptomycin,Uncertain significance,92,1.0,4407967,0,1,XDR-TB
SRR33394859,rrs,EBG00000313325,n.1401A>G,n.1401A>G,non_coding_transcript_exon_variant,streptomycin,Uncertain significance,130,1.0,1473246,0,1,Pre-XDR-TB
SRR33394860,rrs,EBG00000313325,n.1401A>G,n.1401A>G,non_coding_transcript_exon_variant,streptomycin,Uncertain significance,68,1.0,1473246,0,1,Pre-XDR-TB
SRR33394860,ethA,Rv3854c,p.Ala381Pro,c.1141G>C,missense_variant,ethionamide,Uncertain significance,78,1.0,4326333,0,1,Pre-XDR-TB
SRR33394860,ethA,Rv3854c,p.Ala381Pro,c.1141G>C,missense_variant,prothionamide,Uncertain significance,78,1.0,4326333,0,1,Pre-XDR-TB
SRR33394860,gid,Rv3919c,p.Leu79Ser,c.236T>C,missense_variant,streptomycin,Uncertain significance,97,1.0,4407967,0,1,Pre-XDR-TB
SRR33394862,rrs,EBG00000313325,n.517C>T,n.517C>T,non_coding_transcript_exon_variant,kanamycin,Uncertain significance,108,1.0,1472362,0,1,XDR-TB
SRR33394862,embA,Rv3794,c.-29_-28delCT,c.-29_-28delCT,upstream_gene_variant,ethambutol,Uncertain significance,131,0.8778625954198473,4243203,0,1,XDR-TB
SRR33394865,rrs,EBG00000313325,n.517C>T,n.517C>T,non_coding_transcript_exon_variant,kanamycin,Uncertain significance,144,1.0,1472362,0,1,XDR-TB
SRR33394865,embA,Rv3794,c.-29_-28delCT,c.-29_-28delCT,upstream_gene_variant,ethambutol,Uncertain significance,244,0.8934426229508197,4243203,0,1,XDR-TB
SRR33394866,inhA,Rv1484,p.Ile21Thr,c.62T>C,missense_variant,ethionamide,Uncertain significance,77,1.0,1674263,0,1,Pre-XDR-TB
SRR33394866,inhA,Rv1484,p.Ile21Thr,c.62T>C,missense_variant,isoniazid,Uncertain significance,77,1.0,1674263,0,1,Pre-XDR-TB
SRR33394866,inhA,Rv1484,p.Ile21Thr,c.62T>C,missense_variant,prothionamide,Uncertain significance,77,1.0,1674263,0,1,Pre-XDR-TB
SRR33394867,fbiC,Rv1173,c.930_931delAA,c.930_931delAA,frameshift_variant,clofazimine,Uncertain significance,76,0.9342105263157896,1303859,0,1,XDR-TB
SRR33394867,embA,Rv3794,c.-16C>G,c.-16C>G,upstream_gene_variant,ethambutol,Uncertain significance,81,1.0123456790123455,4243217,0,1,XDR-TB
SRR33394868,fbiC,Rv1173,p.Trp444*,c.1331G>A,stop_gained,clofazimine,Uncertain significance,148,0.1351351351351351,1304261,0,1,XDR-TB
SRR33394868,fbiA,Rv3261,c.373dupC,c.373dupC,frameshift_variant,clofazimine,Uncertain significance,131,0.2290076335877862,3640915,0,1,XDR-TB
SRR33394868,ethA,Rv3854c,p.Ala381Pro,c.1141G>C,missense_variant,ethionamide,Uncertain significance,127,1.0,4326333,0,1,XDR-TB
SRR33394868,ethA,Rv3854c,p.Ala381Pro,c.1141G>C,missense_variant,prothionamide,Uncertain significance,127,1.0,4326333,0,1,XDR-TB
SRR33394868,gid,Rv3919c,p.Leu79Ser,c.236T>C,missense_variant,streptomycin,Uncertain significance,132,1.0,4407967,0,1,XDR-TB
SRR33394870,rrs,EBG00000313325,n.878G>A,n.878G>A,non_coding_transcript_exon_variant,amikacin,Uncertain significance,104,1.0096153846153846,1472723,0,1,Pre-XDR-TB
SRR33394870,rrs,EBG00000313325,n.878G>A,n.878G>A,non_coding_transcript_exon_variant,capreomycin,Uncertain significance,104,1.0096153846153846,1472723,0,1,Pre-XDR-TB
SRR33394870,rrs,EBG00000313325,n.878G>A,n.878G>A,non_coding_transcript_exon_variant,kanamycin,Uncertain significance,104,1.0096153846153846,1472723,0,1,Pre-XDR-TB
SRR33394870,embA,Rv3794,c.-16C>G,c.-16C>G,upstream_gene_variant,ethambutol,Uncertain significance,90,1.0,4243217,0,1,Pre-XDR-TB
SRR33394870,ethA,Rv3854c,c.1192_1194dupGTG,c.1192_1194dupGTG,conservative_inframe_insertion,ethionamide,Uncertain significance,126,0.8809523809523809,4326279,0,1,Pre-XDR-TB
SRR33394870,ethA,Rv3854c,c.1192_1194dupGTG,c.1192_1194dupGTG,conservative_inframe_insertion,prothionamide,Uncertain significance,126,0.8809523809523809,4326279,0,1,Pre-XDR-TB
SRR33394874,rrs,EBG00000313325,n.517C>T,n.517C>T,non_coding_transcript_exon_variant,kanamycin,Uncertain significance,96,1.0104166666666667,1472362,0,1,MDR-TB
SRR33394874,inhA,Rv1484,p.Ile194Thr,c.581T>C,missense_variant,ethionamide,Uncertain significance,114,1.0175438596491229,1674782,0,1,MDR-TB
SRR33394874,inhA,Rv1484,p.Ile194Thr,c.581T>C,missense_variant,isoniazid,Uncertain significance,114,1.0175438596491229,1674782,0,1,MDR-TB
SRR33394874,inhA,Rv1484,p.Ile194Thr,c.581T>C,missense_variant,prothionamide,Uncertain significance,114,1.0175438596491229,1674782,0,1,MDR-TB
SRR33394879,katG,Rv1908c,p.Ser315Gly,c.943A>G,missense_variant,isoniazid,Uncertain significance,85,1.0,2155169,0,1,MDR-TB
SRR33394881,pncA,Rv2043c,p.Thr160Arg,c.479C>G,missense_variant,pyrazinamide,Uncertain significance,83,1.0,2288763,0,1,MDR-TB
SRR33394887,ethA,Rv3854c,p.Ala381Pro,c.1141G>C,missense_variant,ethionamide,Uncertain significance,147,1.0,4326333,0,1,XDR-TB
SRR33394887,ethA,Rv3854c,p.Ala381Pro,c.1141G>C,missense_variant,prothionamide,Uncertain significance,147,1.0,4326333,0,1,XDR-TB
SRR33394887,gid,Rv3919c,p.Leu79Ser,c.236T>C,missense_variant,streptomycin,Uncertain significance,170,1.0,4407967,0,1,XDR-TB
SRR33394888,ethA,Rv3854c,p.Ala381Pro,c.1141G>C,missense_variant,ethionamide,Uncertain significance,187,1.0053475935828875,4326333,0,1,MDR-TB
SRR33394888,ethA,Rv3854c,p.Ala381Pro,c.1141G>C,missense_variant,prothionamide,Uncertain significance,187,1.0053475935828875,4326333,0,1,MDR-TB
SRR33394888,gid,Rv3919c,p.Leu79Ser,c.236T>C,missense_variant,streptomycin,Uncertain significance,205,1.0,4407967,0,1,MDR-TB
SRR33394889,tlyA,Rv1694,p.Lys69Glu,c.205A>G,missense_variant,capreomycin,Uncertain significance,85,1.0,1918144,0,1,XDR-TB
SRR33394889,ethA,Rv3854c,p.Ala381Pro,c.1141G>C,missense_variant,ethionamide,Uncertain significance,95,1.0,4326333,0,1,XDR-TB
SRR33394889,ethA,Rv3854c,p.Ala381Pro,c.1141G>C,missense_variant,prothionamide,Uncertain significance,95,1.0,4326333,0,1,XDR-TB
SRR33394889,gid,Rv3919c,p.Leu79Ser,c.236T>C,missense_variant,streptomycin,Uncertain significance,89,1.0,4407967,0,1,XDR-TB
SRR33394890,ethA,Rv3854c,p.Ala381Pro,c.1141G>C,missense_variant,ethionamide,Uncertain significance,164,1.0,4326333,0,1,MDR-TB
SRR33394890,ethA,Rv3854c,p.Ala381Pro,c.1141G>C,missense_variant,prothionamide,Uncertain significance,164,1.0,4326333,0,1,MDR-TB
SRR33394890,gid,Rv3919c,p.Leu79Ser,c.236T>C,missense_variant,streptomycin,Uncertain significance,205,0.9951219512195122,4407967,0,1,MDR-TB
SRR33394891,ahpC,Rv2428,c.-57C>T,c.-57C>T,upstream_gene_variant,isoniazid,Uncertain significance,126,1.0,2726136,0,1,MDR-TB
SRR33394893,rrs,EBG00000313325,n.1401A>G,n.1401A>G,non_coding_transcript_exon_variant,streptomycin,Uncertain significance,95,1.0,1473246,0,1,Pre-XDR-TB
SRR33394893,ethA,Rv3854c,p.Ala381Pro,c.1141G>C,missense_variant,ethionamide,Uncertain significance,136,1.0,4326333,0,1,Pre-XDR-TB
SRR33394893,ethA,Rv3854c,p.Ala381Pro,c.1141G>C,missense_variant,prothionamide,Uncertain significance,136,1.0,4326333,0,1,Pre-XDR-TB
SRR33394893,gid,Rv3919c,p.Leu79Ser,c.236T>C,missense_variant,streptomycin,Uncertain significance,137,1.0,4407967,0,1,Pre-XDR-TB
SRR33394894,gyrB,Rv0005,p.Arg446His,c.1337G>A,missense_variant,levofloxacin,Uncertain significance,130,1.0,6576,0,1,XDR-TB
SRR33394894,gyrB,Rv0005,p.Arg446His,c.1337G>A,missense_variant,moxifloxacin,Uncertain significance,130,1.0,6576,0,1,XDR-TB
SRR33394895,rrs,EBG00000313325,n.517C>T,n.517C>T,non_coding_transcript_exon_variant,kanamycin,Uncertain significance,156,1.0064102564102564,1472362,0,1,Pre-XDR-TB
SRR33394895,inhA,Rv1484,p.Ile194Thr,c.581T>C,missense_variant,ethionamide,Uncertain significance,106,1.009433962264151,1674782,0,1,Pre-XDR-TB
SRR33394895,inhA,Rv1484,p.Ile194Thr,c.581T>C,missense_variant,isoniazid,Uncertain significance,106,1.009433962264151,1674782,0,1,Pre-XDR-TB
SRR33394895,inhA,Rv1484,p.Ile194Thr,c.581T>C,missense_variant,prothionamide,Uncertain significance,106,1.009433962264151,1674782,0,1,Pre-XDR-TB
SRR33394896,rrs,EBG00000313325,n.1401A>G,n.1401A>G,non_coding_transcript_exon_variant,streptomycin,Uncertain significance,27,1.0,1473246,0,1,Pre-XDR-TB
SRR33394896,ethA,Rv3854c,p.Ala381Pro,c.1141G>C,missense_variant,ethionamide,Uncertain significance,34,1.0,4326333,0,1,Pre-XDR-TB
SRR33394896,ethA,Rv3854c,p.Ala381Pro,c.1141G>C,missense_variant,prothionamide,Uncertain significance,34,1.0,4326333,0,1,Pre-XDR-TB
SRR33394896,gid,Rv3919c,p.Leu79Ser,c.236T>C,missense_variant,streptomycin,Uncertain significance,38,1.0,4407967,0,1,Pre-XDR-TB
SRR33394898,ethA,Rv3854c,p.Ala381Pro,c.1141G>C,missense_variant,ethionamide,Uncertain significance,116,1.0,4326333,0,1,Pre-XDR-TB
SRR33394898,ethA,Rv3854c,p.Ala381Pro,c.1141G>C,missense_variant,prothionamide,Uncertain significance,116,1.0,4326333,0,1,Pre-XDR-TB
SRR33394898,gid,Rv3919c,p.Leu79Ser,c.236T>C,missense_variant,streptomycin,Uncertain significance,108,1.0,4407967,0,1,Pre-XDR-TB
SRR33394900,rrs,EBG00000313325,n.517C>T,n.517C>T,non_coding_transcript_exon_variant,kanamycin,Uncertain significance,109,1.0,1472362,0,1,MDR-TB
SRR33394900,inhA,Rv1484,p.Ile194Thr,c.581T>C,missense_variant,ethionamide,Uncertain significance,90,1.0,1674782,0,1,MDR-TB
SRR33394900,inhA,Rv1484,p.Ile194Thr,c.581T>C,missense_variant,isoniazid,Uncertain significance,90,1.0,1674782,0,1,MDR-TB
SRR33394900,inhA,Rv1484,p.Ile194Thr,c.581T>C,missense_variant,prothionamide,Uncertain significance,90,1.0,1674782,0,1,MDR-TB
SRR33394902,rrs,EBG00000313325,n.1401A>G,n.1401A>G,non_coding_transcript_exon_variant,streptomycin,Uncertain significance,79,1.0,1473246,0,1,XDR-TB
SRR33394902,ethA,Rv3854c,p.Ala381Pro,c.1141G>C,missense_variant,ethionamide,Uncertain significance,94,1.0,4326333,0,1,XDR-TB
SRR33394902,ethA,Rv3854c,p.Ala381Pro,c.1141G>C,missense_variant,prothionamide,Uncertain significance,94,1.0,4326333,0,1,XDR-TB
SRR33394902,gid,Rv3919c,p.Leu79Ser,c.236T>C,missense_variant,streptomycin,Uncertain significance,119,1.0,4407967,0,1,XDR-TB
SRR33394903,rrs,EBG00000313325,n.1401A>G,n.1401A>G,non_coding_transcript_exon_variant,streptomycin,Uncertain significance,83,1.0,1473246,0,1,XDR-TB
SRR33394903,ethA,Rv3854c,p.Ala381Pro,c.1141G>C,missense_variant,ethionamide,Uncertain significance,86,1.0,4326333,0,1,XDR-TB
SRR33394903,ethA,Rv3854c,p.Ala381Pro,c.1141G>C,missense_variant,prothionamide,Uncertain significance,86,1.0,4326333,0,1,XDR-TB
SRR33394903,gid,Rv3919c,p.Leu79Ser,c.236T>C,missense_variant,streptomycin,Uncertain significance,83,1.0,4407967,0,1,XDR-TB
SRR33394905,fbiC,Rv1173,p.Tyr104*,c.312T>A,stop_gained,clofazimine,Uncertain significance,93,0.4516129032258064,1303242,0,1,Pre-XDR-TB
SRR33394905,fbiC,Rv1173,c.1481_1511delATGTGCTTGCCGCCCTGCGATCGGCGGAGCG,c.1481_1511delATGTGCTTGCCGCCCTGCGATCGGCGGAGCG,frameshift_variant,clofazimine,Uncertain significance,63,0.2222222222222222,1304410,0,1,Pre-XDR-TB
SRR33394905,rrs,EBG00000313325,n.1401A>G,n.1401A>G,non_coding_transcript_exon_variant,streptomycin,Uncertain significance,80,0.5,1473246,0,1,Pre-XDR-TB
SRR33394905,ethA,Rv3854c,p.Ala381Pro,c.1141G>C,missense_variant,ethionamide,Uncertain significance,109,0.3302752293577982,4326333,0,1,Pre-XDR-TB
SRR33394905,ethA,Rv3854c,p.Ala381Pro,c.1141G>C,missense_variant,prothionamide,Uncertain significance,109,0.3302752293577982,4326333,0,1,Pre-XDR-TB
SRR33394905,gid,Rv3919c,p.Leu79Ser,c.236T>C,missense_variant,streptomycin,Uncertain significance,92,0.4021739130434782,4407967,0,1,Pre-XDR-TB
SRR33394907,rpoB,Rv0667,p.Phe424Leu,c.1270T>C,missense_variant,rifampicin,Uncertain significance,101,1.0,761076,0,1,XDR-TB
SRR33394907,rpoB,Rv0667,p.Phe424Leu,c.1270T>C,missense_variant,rifapentine,Uncertain significance,101,1.0,761076,0,1,XDR-TB
SRR33394907,embA,Rv3794,c.-12C>T,c.-12C>T,upstream_gene_variant,ethambutol,Uncertain significance,98,0.9897959183673468,4243221,0,1,XDR-TB
SRR33394908,rrs,EBG00000313325,n.1401A>G,n.1401A>G,non_coding_transcript_exon_variant,streptomycin,Uncertain significance,89,1.0,1473246,0,1,Pre-XDR-TB
SRR33394908,ethA,Rv3854c,p.Ala381Pro,c.1141G>C,missense_variant,ethionamide,Uncertain significance,96,1.0,4326333,0,1,Pre-XDR-TB
SRR33394908,ethA,Rv3854c,p.Ala381Pro,c.1141G>C,missense_variant,prothionamide,Uncertain significance,96,1.0,4326333,0,1,Pre-XDR-TB
SRR33394908,gid,Rv3919c,p.Leu79Ser,c.236T>C,missense_variant,streptomycin,Uncertain significance,94,1.0,4407967,0,1,Pre-XDR-TB
SRR33394910,fbiC,Rv1173,c.181_191delAGCGCCGCGCG,c.181_191delAGCGCCGCGCG,frameshift_variant,clofazimine,Uncertain significance,107,0.7663551401869159,1303110,0,1,XDR-TB
SRR33394913,inhA,Rv1484,p.Ile21Thr,c.62T>C,missense_variant,ethionamide,Uncertain significance,94,1.0,1674263,0,1,XDR-TB
SRR33394913,inhA,Rv1484,p.Ile21Thr,c.62T>C,missense_variant,isoniazid,Uncertain significance,94,1.0,1674263,0,1,XDR-TB
SRR33394913,inhA,Rv1484,p.Ile21Thr,c.62T>C,missense_variant,prothionamide,Uncertain significance,94,1.0,1674263,0,1,XDR-TB
SRR33394914,ethA,Rv3854c,p.Ala381Pro,c.1141G>C,missense_variant,ethionamide,Uncertain significance,12,0.8333333333333334,4326333,0,0,HR-TB
SRR33394914,ethA,Rv3854c,p.Ala381Pro,c.1141G>C,missense_variant,prothionamide,Uncertain significance,12,0.8333333333333334,4326333,0,0,HR-TB
SRR33394915,fbiC,Rv1173,c.989_990dupGC,c.989_990dupGC,frameshift_variant,clofazimine,Uncertain significance,44,0.9545454545454546,1303920,0,1,XDR-TB
SRR33394916,gid,Rv3919c,p.Leu79Ser,c.236T>C,missense_variant,streptomycin,Uncertain significance,21,0.8571428571428571,4407967,0,1,Pre-XDR-TB
SRR33394917,rrs,EBG00000313325,n.1401A>G,n.1401A>G,non_coding_transcript_exon_variant,streptomycin,Uncertain significance,84,1.0,1473246,0,1,Pre-XDR-TB
SRR33394917,ethA,Rv3854c,p.Ala381Pro,c.1141G>C,missense_variant,ethionamide,Uncertain significance,119,1.0168067226890756,4326333,0,1,Pre-XDR-TB
SRR33394917,ethA,Rv3854c,p.Ala381Pro,c.1141G>C,missense_variant,prothionamide,Uncertain significance,119,1.0168067226890756,4326333,0,1,Pre-XDR-TB
SRR33394917,gid,Rv3919c,p.Leu79Ser,c.236T>C,missense_variant,streptomycin,Uncertain significance,82,1.0,4407967,0,1,Pre-XDR-TB
SRR33394918,rrs,EBG00000313325,n.517C>T,n.517C>T,non_coding_transcript_exon_variant,kanamycin,Uncertain significance,55,1.018181818181818,1472362,0,1,XDR-TB
SRR33394918,inhA,Rv1484,p.Ile194Thr,c.581T>C,missense_variant,ethionamide,Uncertain significance,63,1.031746031746032,1674782,0,1,XDR-TB
SRR33394918,inhA,Rv1484,p.Ile194Thr,c.581T>C,missense_variant,isoniazid,Uncertain significance,63,1.031746031746032,1674782,0,1,XDR-TB
SRR33394918,inhA,Rv1484,p.Ile194Thr,c.581T>C,missense_variant,prothionamide,Uncertain significance,63,1.031746031746032,1674782,0,1,XDR-TB
SRR33394918,ethR,Rv3855,p.Ala95Thr,c.283G>A,missense_variant,ethionamide,Uncertain significance,69,1.0144927536231885,4327831,0,1,XDR-TB
SRR33394918,ethR,Rv3855,p.Ala95Thr,c.283G>A,missense_variant,prothionamide,Uncertain significance,69,1.0144927536231885,4327831,0,1,XDR-TB
SRR33394920,rrs,EBG00000313325,n.1401A>G,n.1401A>G,non_coding_transcript_exon_variant,streptomycin,Uncertain significance,139,1.0,1473246,0,1,XDR-TB
SRR33394921,rrs,EBG00000313325,n.517C>T,n.517C>T,non_coding_transcript_exon_variant,kanamycin,Uncertain significance,89,1.0,1472362,0,1,MDR-TB
SRR33394921,inhA,Rv1484,p.Ile194Thr,c.581T>C,missense_variant,ethionamide,Uncertain significance,90,1.011111111111111,1674782,0,1,MDR-TB
SRR33394921,inhA,Rv1484,p.Ile194Thr,c.581T>C,missense_variant,isoniazid,Uncertain significance,90,1.011111111111111,1674782,0,1,MDR-TB
SRR33394921,inhA,Rv1484,p.Ile194Thr,c.581T>C,missense_variant,prothionamide,Uncertain significance,90,1.011111111111111,1674782,0,1,MDR-TB
SRR33394922,rrs,EBG00000313325,n.517C>T,n.517C>T,non_coding_transcript_exon_variant,kanamycin,Uncertain significance,64,1.0,1472362,0,1,Pre-XDR-TB
SRR33394922,inhA,Rv1484,p.Ile194Thr,c.581T>C,missense_variant,ethionamide,Uncertain significance,81,1.0,1674782,0,1,Pre-XDR-TB
SRR33394922,inhA,Rv1484,p.Ile194Thr,c.581T>C,missense_variant,isoniazid,Uncertain significance,81,1.0,1674782,0,1,Pre-XDR-TB
SRR33394922,inhA,Rv1484,p.Ile194Thr,c.581T>C,missense_variant,prothionamide,Uncertain significance,81,1.0,1674782,0,1,Pre-XDR-TB
SRR33394923,rrs,EBG00000313325,n.1401A>G,n.1401A>G,non_coding_transcript_exon_variant,streptomycin,Uncertain significance,169,1.0059171597633136,1473246,0,1,XDR-TB
SRR33394923,ethA,Rv3854c,p.Ala381Pro,c.1141G>C,missense_variant,ethionamide,Uncertain significance,191,1.0052356020942408,4326333,0,1,XDR-TB
SRR33394923,ethA,Rv3854c,p.Ala381Pro,c.1141G>C,missense_variant,prothionamide,Uncertain significance,191,1.0052356020942408,4326333,0,1,XDR-TB
SRR33394923,gid,Rv3919c,p.Leu79Ser,c.236T>C,missense_variant,streptomycin,Uncertain significance,193,0.9948186528497408,4407967,0,1,XDR-TB
SRR33394924,rrs,EBG00000313325,n.517C>T,n.517C>T,non_coding_transcript_exon_variant,kanamycin,Uncertain significance,81,1.0,1472362,0,1,MDR-TB
SRR33394924,inhA,Rv1484,p.Ile194Thr,c.581T>C,missense_variant,ethionamide,Uncertain significance,73,1.0273972602739727,1674782,0,1,MDR-TB
SRR33394924,inhA,Rv1484,p.Ile194Thr,c.581T>C,missense_variant,isoniazid,Uncertain significance,73,1.0273972602739727,1674782,0,1,MDR-TB
SRR33394924,inhA,Rv1484,p.Ile194Thr,c.581T>C,missense_variant,prothionamide,Uncertain significance,73,1.0273972602739727,1674782,0,1,MDR-TB
SRR33394926,ethA,Rv3854c,p.Ala381Pro,c.1141G>C,missense_variant,ethionamide,Uncertain significance,92,1.0108695652173914,4326333,0,1,XDR-TB
SRR33394926,ethA,Rv3854c,p.Ala381Pro,c.1141G>C,missense_variant,prothionamide,Uncertain significance,92,1.0108695652173914,4326333,0,1,XDR-TB
SRR33394926,gid,Rv3919c,p.Leu79Ser,c.236T>C,missense_variant,streptomycin,Uncertain significance,105,1.0,4407967,0,1,XDR-TB
SRR33394927,ethA,Rv3854c,c.-11A>G,c.-11A>G,upstream_gene_variant,ethionamide,Uncertain significance,173,0.9884393063583816,4327484,0,1,MDR-TB
SRR33394927,ethA,Rv3854c,c.-11A>G,c.-11A>G,upstream_gene_variant,prothionamide,Uncertain significance,173,0.9884393063583816,4327484,0,1,MDR-TB
SRR33394928,rrs,EBG00000313325,n.1401A>G,n.1401A>G,non_coding_transcript_exon_variant,streptomycin,Uncertain significance,52,1.0,1473246,0,1,Pre-XDR-TB
SRR33394928,ethA,Rv3854c,p.Ala381Pro,c.1141G>C,missense_variant,ethionamide,Uncertain significance,70,1.0,4326333,0,1,Pre-XDR-TB
SRR33394928,ethA,Rv3854c,p.Ala381Pro,c.1141G>C,missense_variant,prothionamide,Uncertain significance,70,1.0,4326333,0,1,Pre-XDR-TB
SRR33394928,gid,Rv3919c,p.Leu79Ser,c.236T>C,missense_variant,streptomycin,Uncertain significance,99,1.0,4407967,0,1,Pre-XDR-TB
SRR33394929,rrs,EBG00000313325,n.1401A>G,n.1401A>G,non_coding_transcript_exon_variant,streptomycin,Uncertain significance,72,1.0,1473246,0,1,Pre-XDR-TB
SRR33394929,ethA,Rv3854c,p.Ala381Pro,c.1141G>C,missense_variant,ethionamide,Uncertain significance,102,1.0,4326333,0,1,Pre-XDR-TB
SRR33394929,ethA,Rv3854c,p.Ala381Pro,c.1141G>C,missense_variant,prothionamide,Uncertain significance,102,1.0,4326333,0,1,Pre-XDR-TB
SRR33394929,gid,Rv3919c,p.Leu79Ser,c.236T>C,missense_variant,streptomycin,Uncertain significance,105,0.9904761904761904,4407967,0,1,Pre-XDR-TB
SRR33394930,fbiC,Rv1173,p.Trp161*,c.483G>A,stop_gained,clofazimine,Uncertain significance,64,1.0,1303413,0,1,Pre-XDR-TB
SRR33394930,rrs,EBG00000313325,n.1401A>G,n.1401A>G,non_coding_transcript_exon_variant,streptomycin,Uncertain significance,84,1.0,1473246,0,1,Pre-XDR-TB
SRR33394930,ethA,Rv3854c,p.Ala381Pro,c.1141G>C,missense_variant,ethionamide,Uncertain significance,85,1.0,4326333,0,1,Pre-XDR-TB
SRR33394930,ethA,Rv3854c,p.Ala381Pro,c.1141G>C,missense_variant,prothionamide,Uncertain significance,85,1.0,4326333,0,1,Pre-XDR-TB
SRR33394930,gid,Rv3919c,p.Leu79Ser,c.236T>C,missense_variant,streptomycin,Uncertain significance,75,1.0,4407967,0,1,Pre-XDR-TB
SRR33394935,ethA,Rv3854c,p.Ala381Pro,c.1141G>C,missense_variant,ethionamide,Uncertain significance,158,1.0,4326333,0,1,Pre-XDR-TB
SRR33394935,ethA,Rv3854c,p.Ala381Pro,c.1141G>C,missense_variant,prothionamide,Uncertain significance,158,1.0,4326333,0,1,Pre-XDR-TB
SRR33394935,gid,Rv3919c,p.Leu79Ser,c.236T>C,missense_variant,streptomycin,Uncertain significance,175,0.9942857142857144,4407967,0,1,Pre-XDR-TB
SRR33394936,embB,Rv3795,p.Glu504Asp,c.1512A>C,missense_variant,ethambutol,Uncertain significance,110,1.0,4248025,0,1,XDR-TB
SRR33394937,tlyA,Rv1694,p.Lys69Glu,c.205A>G,missense_variant,capreomycin,Uncertain significance,105,1.0,1918144,0,1,XDR-TB
SRR33394937,ethA,Rv3854c,p.Ala381Pro,c.1141G>C,missense_variant,ethionamide,Uncertain significance,99,1.0,4326333,0,1,XDR-TB
SRR33394937,ethA,Rv3854c,p.Ala381Pro,c.1141G>C,missense_variant,prothionamide,Uncertain significance,99,1.0,4326333,0,1,XDR-TB
SRR33394937,gid,Rv3919c,p.Leu79Ser,c.236T>C,missense_variant,streptomycin,Uncertain significance,93,1.010752688172043,4407967,0,1,XDR-TB
SRR33394938,ahpC,Rv2428,c.-57C>T,c.-57C>T,upstream_gene_variant,isoniazid,Uncertain significance,84,1.011904761904762,2726136,0,1,MDR-TB
SRR33394939,rpoC,Rv0668,p.Ile491Thr,c.1472T>C,missense_variant,rifampicin,Uncertain significance,82,1.0121951219512195,764841,0,1,MDR-TB
SRR33394939,rpoC,Rv0668,p.Ile491Thr,c.1472T>C,missense_variant,rifapentine,Uncertain significance,82,1.0121951219512195,764841,0,1,MDR-TB
SRR33394941,ethA,Rv3854c,p.Ala381Pro,c.1141G>C,missense_variant,ethionamide,Uncertain significance,191,1.0,4326333,0,1,Pre-XDR-TB
SRR33394941,ethA,Rv3854c,p.Ala381Pro,c.1141G>C,missense_variant,prothionamide,Uncertain significance,191,1.0,4326333,0,1,Pre-XDR-TB
SRR33394941,gid,Rv3919c,p.Leu79Ser,c.236T>C,missense_variant,streptomycin,Uncertain significance,187,1.0,4407967,0,1,Pre-XDR-TB
SRR33394943,inhA,Rv1484,p.Ile21Thr,c.62T>C,missense_variant,ethionamide,Uncertain significance,107,1.0,1674263,0,1,Pre-XDR-TB
SRR33394943,inhA,Rv1484,p.Ile21Thr,c.62T>C,missense_variant,isoniazid,Uncertain significance,107,1.0,1674263,0,1,Pre-XDR-TB
SRR33394943,inhA,Rv1484,p.Ile21Thr,c.62T>C,missense_variant,prothionamide,Uncertain significance,107,1.0,1674263,0,1,Pre-XDR-TB
SRR33394944,gyrB,Rv0005,p.Thr500Asn,c.1499C>A,missense_variant,levofloxacin,Uncertain significance,124,1.0,6738,0,1,Pre-XDR-TB
SRR33394944,gyrB,Rv0005,p.Thr500Asn,c.1499C>A,missense_variant,moxifloxacin,Uncertain significance,124,1.0,6738,0,1,Pre-XDR-TB
SRR33394947,ethA,Rv3854c,p.Ala381Pro,c.1141G>C,missense_variant,ethionamide,Uncertain significance,90,1.0,4326333,0,1,XDR-TB
SRR33394947,ethA,Rv3854c,p.Ala381Pro,c.1141G>C,missense_variant,prothionamide,Uncertain significance,90,1.0,4326333,0,1,XDR-TB
SRR33394947,gid,Rv3919c,p.Leu79Ser,c.236T>C,missense_variant,streptomycin,Uncertain significance,85,1.0,4407967,0,1,XDR-TB
SRR33394948,rrs,EBG00000313325,n.1401A>G,n.1401A>G,non_coding_transcript_exon_variant,streptomycin,Uncertain significance,94,1.0,1473246,0,1,XDR-TB
SRR33394948,ethA,Rv3854c,p.Ala381Pro,c.1141G>C,missense_variant,ethionamide,Uncertain significance,109,1.0,4326333,0,1,XDR-TB
SRR33394948,ethA,Rv3854c,p.Ala381Pro,c.1141G>C,missense_variant,prothionamide,Uncertain significance,109,1.0,4326333,0,1,XDR-TB
SRR33394948,gid,Rv3919c,p.Leu79Ser,c.236T>C,missense_variant,streptomycin,Uncertain significance,150,1.0,4407967,0,1,XDR-TB
SRR33394949,rrs,EBG00000313325,n.1401A>G,n.1401A>G,non_coding_transcript_exon_variant,streptomycin,Uncertain significance,147,1.0,1473246,0,1,XDR-TB
SRR33394949,ethA,Rv3854c,p.Ala381Pro,c.1141G>C,missense_variant,ethionamide,Uncertain significance,137,1.0145985401459854,4326333,0,1,XDR-TB
SRR33394949,ethA,Rv3854c,p.Ala381Pro,c.1141G>C,missense_variant,prothionamide,Uncertain significance,137,1.0145985401459854,4326333,0,1,XDR-TB
SRR33394949,gid,Rv3919c,p.Leu79Ser,c.236T>C,missense_variant,streptomycin,Uncertain significance,108,1.0,4407967,0,1,XDR-TB
SRR33394950,rrl,EBG00000313339,n.2270G>T,n.2270G>T,non_coding_transcript_exon_variant,capreomycin,Uncertain significance,76,1.0,1475927,0,1,XDR-TB
SRR33394950,rrl,EBG00000313339,n.2814G>T,n.2814G>T,non_coding_transcript_exon_variant,capreomycin,Uncertain significance,90,1.0,1476471,0,1,XDR-TB
SRR33394950,ethA,Rv3854c,p.Ala381Pro,c.1141G>C,missense_variant,ethionamide,Uncertain significance,100,1.0,4326333,0,1,XDR-TB
SRR33394950,ethA,Rv3854c,p.Ala381Pro,c.1141G>C,missense_variant,prothionamide,Uncertain significance,100,1.0,4326333,0,1,XDR-TB
SRR33394950,gid,Rv3919c,p.Leu79Ser,c.236T>C,missense_variant,streptomycin,Uncertain significance,88,1.0,4407967,0,1,XDR-TB
SRR33394951,inhA,Rv1484,p.Ile194Thr,c.581T>C,missense_variant,ethionamide,Uncertain significance,90,1.0333333333333334,1674782,0,1,XDR-TB
SRR33394951,inhA,Rv1484,p.Ile194Thr,c.581T>C,missense_variant,isoniazid,Uncertain significance,90,1.0333333333333334,1674782,0,1,XDR-TB
SRR33394951,inhA,Rv1484,p.Ile194Thr,c.581T>C,missense_variant,prothionamide,Uncertain significance,90,1.0333333333333334,1674782,0,1,XDR-TB
SRR33394951,ethR,Rv3855,p.Ala95Thr,c.283G>A,missense_variant,ethionamide,Uncertain significance,96,1.0,4327831,0,1,XDR-TB
SRR33394951,ethR,Rv3855,p.Ala95Thr,c.283G>A,missense_variant,prothionamide,Uncertain significance,96,1.0,4327831,0,1,XDR-TB
SRR33394953,rrl,EBG00000313339,n.2814G>T,n.2814G>T,non_coding_transcript_exon_variant,capreomycin,Uncertain significance,73,0.9863013698630136,1476471,0,1,MDR-TB
SRR33394955,rrs,EBG00000313325,n.1401A>G,n.1401A>G,non_coding_transcript_exon_variant,streptomycin,Uncertain significance,89,1.0,1473246,0,1,XDR-TB
SRR33394955,ethA,Rv3854c,p.Ala381Pro,c.1141G>C,missense_variant,ethionamide,Uncertain significance,77,1.0,4326333,0,1,XDR-TB
SRR33394955,ethA,Rv3854c,p.Ala381Pro,c.1141G>C,missense_variant,prothionamide,Uncertain significance,77,1.0,4326333,0,1,XDR-TB
SRR33394955,gid,Rv3919c,p.Leu79Ser,c.236T>C,missense_variant,streptomycin,Uncertain significance,92,1.0,4407967,0,1,XDR-TB
SRR33394956,rrs,EBG00000313325,n.1401A>G,n.1401A>G,non_coding_transcript_exon_variant,streptomycin,Uncertain significance,123,1.0,1473246,0,1,Pre-XDR-TB
SRR33394956,ethA,Rv3854c,c.-11A>G,c.-11A>G,upstream_gene_variant,ethionamide,Uncertain significance,163,1.0,4327484,0,1,Pre-XDR-TB
SRR33394956,ethA,Rv3854c,c.-11A>G,c.-11A>G,upstream_gene_variant,prothionamide,Uncertain significance,163,1.0,4327484,0,1,Pre-XDR-TB
SRR33394957,embB,Rv3795,p.Asp1024Asn,c.3070G>A,missense_variant,ethambutol,Uncertain significance,117,1.0,4249583,0,1,MDR-TB
SRR33394957,ethA,Rv3854c,c.-11A>G,c.-11A>G,upstream_gene_variant,ethionamide,Uncertain significance,96,1.0,4327484,0,1,MDR-TB
SRR33394957,ethA,Rv3854c,c.-11A>G,c.-11A>G,upstream_gene_variant,prothionamide,Uncertain significance,96,1.0,4327484,0,1,MDR-TB
SRR34092684,embA,Rv3794,c.-16C>T,c.-16C>T,upstream_gene_variant,ethambutol,Uncertain significance,19,1.0,4243217,0,0,Other
SRR34092684,gid,Rv3919c,p.Gly69Asp,c.206G>A,missense_variant,streptomycin,Uncertain significance,111,1.0,4407997,0,0,Other
SRR34092685,rpsL,Rv0682,p.Lys88Thr,c.263A>C,missense_variant,streptomycin,Uncertain significance,252,1.0,781822,0,1,MDR-TB
SRR34092685,embB,Rv3795,p.Asp1024Asn,c.3070G>A,missense_variant,ethambutol,Uncertain significance,135,1.0,4249583,0,1,MDR-TB
SRR34092685,gid,Rv3919c,p.Gly69Asp,c.206G>A,missense_variant,streptomycin,Uncertain significance,110,1.0,4407997,0,1,MDR-TB
SRR34965685,ahpC,Rv2428,c.-52C>T,c.-52C>T,upstream_gene_variant,isoniazid,Uncertain significance,39,1.0,2726141,0,1,MDR-TB
SRR34965686,ahpC,Rv2428,c.-52C>T,c.-52C>T,upstream_gene_variant,isoniazid,Uncertain significance,192,1.0208333333333333,2726141,0,1,MDR-TB
SRR34965693,rrs,EBG00000313325,n.517C>T,n.517C>T,non_coding_transcript_exon_variant,kanamycin,Uncertain significance,19,1.0,1472362,0,1,MDR-TB
SRR34965695,ahpC,Rv2428,c.-52C>T,c.-52C>T,upstream_gene_variant,isoniazid,Uncertain significance,16,1.0,2726141,0,0,HR-TB
SRR34965696,rrs,EBG00000313325,n.517C>T,n.517C>T,non_coding_transcript_exon_variant,kanamycin,Uncertain significance,21,1.0,1472362,0,1,MDR-TB
SRR34965696,inhA,Rv1484,p.Ile194Thr,c.581T>C,missense_variant,ethionamide,Uncertain significance,12,0.9166666666666666,1674782,0,1,MDR-TB
SRR34965696,inhA,Rv1484,p.Ile194Thr,c.581T>C,missense_variant,isoniazid,Uncertain significance,12,0.9166666666666666,1674782,0,1,MDR-TB
SRR34965696,inhA,Rv1484,p.Ile194Thr,c.581T>C,missense_variant,prothionamide,Uncertain significance,12,0.9166666666666666,1674782,0,1,MDR-TB
SRR34965697,rrs,EBG00000313325,n.517C>T,n.517C>T,non_coding_transcript_exon_variant,kanamycin,Uncertain significance,397,1.0,1472362,0,1,Pre-XDR-TB
SRR34965697,inhA,Rv1484,p.Ile194Thr,c.581T>C,missense_variant,ethionamide,Uncertain significance,360,1.0,1674782,0,1,Pre-XDR-TB
SRR34965697,inhA,Rv1484,p.Ile194Thr,c.581T>C,missense_variant,isoniazid,Uncertain significance,360,1.0,1674782,0,1,Pre-XDR-TB
SRR34965697,inhA,Rv1484,p.Ile194Thr,c.581T>C,missense_variant,prothionamide,Uncertain significance,360,1.0,1674782,0,1,Pre-XDR-TB
SRR34965699,rrs,EBG00000313325,n.517C>T,n.517C>T,non_coding_transcript_exon_variant,kanamycin,Uncertain significance,706,1.0,1472362,0,1,MDR-TB
SRR34965699,inhA,Rv1484,p.Ile194Thr,c.581T>C,missense_variant,ethionamide,Uncertain significance,887,1.0,1674782,0,1,MDR-TB
SRR34965699,inhA,Rv1484,p.Ile194Thr,c.581T>C,missense_variant,isoniazid,Uncertain significance,887,1.0,1674782,0,1,MDR-TB
SRR34965699,inhA,Rv1484,p.Ile194Thr,c.581T>C,missense_variant,prothionamide,Uncertain significance,887,1.0,1674782,0,1,MDR-TB
SRR34965700,rrs,EBG00000313325,n.517C>T,n.517C>T,non_coding_transcript_exon_variant,kanamycin,Uncertain significance,86,0.3372093023255814,1472362,0,1,MDR-TB
SRR34965700,rrs,EBG00000313325,n.799C>T,n.799C>T,non_coding_transcript_exon_variant,streptomycin,Uncertain significance,108,0.2037037037037037,1472644,0,1,MDR-TB
SRR34965700,rrs,EBG00000313325,n.799C>T,n.799C>T,non_coding_transcript_exon_variant,amikacin,Uncertain significance,108,0.2037037037037037,1472644,0,1,MDR-TB
SRR34965700,rrs,EBG00000313325,n.799C>T,n.799C>T,non_coding_transcript_exon_variant,capreomycin,Uncertain significance,108,0.2037037037037037,1472644,0,1,MDR-TB
SRR34965700,rrs,EBG00000313325,n.799C>T,n.799C>T,non_coding_transcript_exon_variant,kanamycin,Uncertain significance,108,0.2037037037037037,1472644,0,1,MDR-TB
SRR34965700,rrs,EBG00000313325,n.888G>A,n.888G>A,non_coding_transcript_exon_variant,streptomycin,Uncertain significance,97,0.422680412371134,1472733,0,1,MDR-TB
SRR34965700,rrs,EBG00000313325,n.888G>A,n.888G>A,non_coding_transcript_exon_variant,amikacin,Uncertain significance,97,0.422680412371134,1472733,0,1,MDR-TB
SRR34965700,rrs,EBG00000313325,n.888G>A,n.888G>A,non_coding_transcript_exon_variant,capreomycin,Uncertain significance,97,0.422680412371134,1472733,0,1,MDR-TB
SRR34965700,rrs,EBG00000313325,n.888G>A,n.888G>A,non_coding_transcript_exon_variant,kanamycin,Uncertain significance,97,0.422680412371134,1472733,0,1,MDR-TB
SRR34965700,inhA,Rv1484,p.Ile194Thr,c.581T>C,missense_variant,ethionamide,Uncertain significance,10,1.0,1674782,0,1,MDR-TB
SRR34965700,inhA,Rv1484,p.Ile194Thr,c.581T>C,missense_variant,isoniazid,Uncertain significance,10,1.0,1674782,0,1,MDR-TB
SRR34965700,inhA,Rv1484,p.Ile194Thr,c.581T>C,missense_variant,prothionamide,Uncertain significance,10,1.0,1674782,0,1,MDR-TB
SRR34965702,ahpC,Rv2428,c.-57C>T,c.-57C>T,upstream_gene_variant,isoniazid,Uncertain significance,1061,1.0,2726136,0,1,MDR-TB
SRR34965703,mmpR5,Rv0678,p.Ser68Gly,c.202A>G,missense_variant,bedaquiline,Uncertain significance,32,1.0,779191,0,0,RR-TB
SRR34965703,mmpR5,Rv0678,p.Ser68Gly,c.202A>G,missense_variant,clofazimine,Uncertain significance,32,1.0,779191,0,0,RR-TB
SRR34965704,rrs,EBG00000313325,n.517C>T,n.517C>T,non_coding_transcript_exon_variant,kanamycin,Uncertain significance,58,1.0,1472362,0,1,MDR-TB
SRR34965704,inhA,Rv1484,p.Ile194Thr,c.581T>C,missense_variant,ethionamide,Uncertain significance,28,1.0,1674782,0,1,MDR-TB
SRR34965704,inhA,Rv1484,p.Ile194Thr,c.581T>C,missense_variant,isoniazid,Uncertain significance,28,1.0,1674782,0,1,MDR-TB
SRR34965704,inhA,Rv1484,p.Ile194Thr,c.581T>C,missense_variant,prothionamide,Uncertain significance,28,1.0,1674782,0,1,MDR-TB
SRR34965707,ethR,Rv3855,p.Ala95Thr,c.283G>A,missense_variant,ethionamide,Uncertain significance,60,1.0,4327831,0,1,MDR-TB
SRR34965707,ethR,Rv3855,p.Ala95Thr,c.283G>A,missense_variant,prothionamide,Uncertain significance,60,1.0,4327831,0,1,MDR-TB
SRR34965709,rrs,EBG00000313325,n.1401A>G,n.1401A>G,non_coding_transcript_exon_variant,streptomycin,Uncertain significance,73,1.0,1473246,0,1,XDR-TB
SRR34965709,ethA,Rv3854c,p.Ala381Pro,c.1141G>C,missense_variant,ethionamide,Uncertain significance,103,1.0,4326333,0,1,XDR-TB
SRR34965709,ethA,Rv3854c,p.Ala381Pro,c.1141G>C,missense_variant,prothionamide,Uncertain significance,103,1.0,4326333,0,1,XDR-TB
SRR34965709,gid,Rv3919c,p.Leu79Ser,c.236T>C,missense_variant,streptomycin,Uncertain significance,90,1.0,4407967,0,1,XDR-TB
SRR34965710,rrs,EBG00000313325,n.517C>T,n.517C>T,non_coding_transcript_exon_variant,kanamycin,Uncertain significance,341,1.002932551319648,1472362,0,1,MDR-TB
SRR34965710,inhA,Rv1484,p.Ile194Thr,c.581T>C,missense_variant,ethionamide,Uncertain significance,422,1.0,1674782,0,1,MDR-TB
SRR34965710,inhA,Rv1484,p.Ile194Thr,c.581T>C,missense_variant,isoniazid,Uncertain significance,422,1.0,1674782,0,1,MDR-TB
SRR34965710,inhA,Rv1484,p.Ile194Thr,c.581T>C,missense_variant,prothionamide,Uncertain significance,422,1.0,1674782,0,1,MDR-TB
SRR34965712,rrs,EBG00000313325,n.517C>T,n.517C>T,non_coding_transcript_exon_variant,kanamycin,Uncertain significance,44,0.9318181818181818,1472362,0,1,Pre-XDR-TB
SRR34965712,inhA,Rv1484,p.Ile194Thr,c.581T>C,missense_variant,ethionamide,Uncertain significance,23,1.0,1674782,0,1,Pre-XDR-TB
SRR34965712,inhA,Rv1484,p.Ile194Thr,c.581T>C,missense_variant,isoniazid,Uncertain significance,23,1.0,1674782,0,1,Pre-XDR-TB
SRR34965712,inhA,Rv1484,p.Ile194Thr,c.581T>C,missense_variant,prothionamide,Uncertain significance,23,1.0,1674782,0,1,Pre-XDR-TB
SRR34965718,rrs,EBG00000313325,n.517C>T,n.517C>T,non_coding_transcript_exon_variant,kanamycin,Uncertain significance,11,1.0,1472362,0,1,MDR-TB
SRR34965718,inhA,Rv1484,p.Ile194Thr,c.581T>C,missense_variant,ethionamide,Uncertain significance,12,1.0,1674782,0,1,MDR-TB
SRR34965718,inhA,Rv1484,p.Ile194Thr,c.581T>C,missense_variant,isoniazid,Uncertain significance,12,1.0,1674782,0,1,MDR-TB
SRR34965718,inhA,Rv1484,p.Ile194Thr,c.581T>C,missense_variant,prothionamide,Uncertain significance,12,1.0,1674782,0,1,MDR-TB
SRR36942072,rrs,EBG00000313325,n.799C>T,n.799C>T,non_coding_transcript_exon_variant,streptomycin,Uncertain significance,227,0.6519823788546255,1472644,0,0,RR-TB
SRR36942072,rrs,EBG00000313325,n.799C>T,n.799C>T,non_coding_transcript_exon_variant,amikacin,Uncertain significance,227,0.6519823788546255,1472644,0,0,RR-TB
SRR36942072,rrs,EBG00000313325,n.799C>T,n.799C>T,non_coding_transcript_exon_variant,capreomycin,Uncertain significance,227,0.6519823788546255,1472644,0,0,RR-TB
SRR36942072,rrs,EBG00000313325,n.799C>T,n.799C>T,non_coding_transcript_exon_variant,kanamycin,Uncertain significance,227,0.6519823788546255,1472644,0,0,RR-TB
SRR36942072,rrs,EBG00000313325,n.1402C>A,n.1402C>A,non_coding_transcript_exon_variant,amikacin,Uncertain significance,204,0.6029411764705882,1473247,0,0,RR-TB
SRR36942072,rrs,EBG00000313325,n.1402C>A,n.1402C>A,non_coding_transcript_exon_variant,capreomycin,Uncertain significance,204,0.6029411764705882,1473247,0,0,RR-TB
SRR36942072,rrs,EBG00000313325,n.1402C>A,n.1402C>A,non_coding_transcript_exon_variant,kanamycin,Uncertain significance,204,0.6029411764705882,1473247,0,0,RR-TB
SRR36942072,rrs,EBG00000313325,n.1402C>A,n.1402C>A,non_coding_transcript_exon_variant,streptomycin,Uncertain significance,204,0.6029411764705882,1473247,0,0,RR-TB
SRR36942072,rrs,EBG00000313325,n.1484G>T,n.1484G>T,non_coding_transcript_exon_variant,streptomycin,Uncertain significance,161,0.5590062111801242,1473329,0,0,RR-TB
SRR36942080,rrs,EBG00000313325,n.799C>T,n.799C>T,non_coding_transcript_exon_variant,streptomycin,Uncertain significance,62,0.1935483870967742,1472644,0,0,Other
SRR36942080,rrs,EBG00000313325,n.799C>T,n.799C>T,non_coding_transcript_exon_variant,amikacin,Uncertain significance,62,0.1935483870967742,1472644,0,0,Other
SRR36942080,rrs,EBG00000313325,n.799C>T,n.799C>T,non_coding_transcript_exon_variant,capreomycin,Uncertain significance,62,0.1935483870967742,1472644,0,0,Other
SRR36942080,rrs,EBG00000313325,n.799C>T,n.799C>T,non_coding_transcript_exon_variant,kanamycin,Uncertain significance,62,0.1935483870967742,1472644,0,0,Other
SRR36942080,rrs,EBG00000313325,n.1402C>A,n.1402C>A,non_coding_transcript_exon_variant,amikacin,Uncertain significance,85,0.1647058823529411,1473247,0,0,Other
SRR36942080,rrs,EBG00000313325,n.1402C>A,n.1402C>A,non_coding_transcript_exon_variant,capreomycin,Uncertain significance,85,0.1647058823529411,1473247,0,0,Other
SRR36942080,rrs,EBG00000313325,n.1402C>A,n.1402C>A,non_coding_transcript_exon_variant,kanamycin,Uncertain significance,85,0.1647058823529411,1473247,0,0,Other
SRR36942080,rrs,EBG00000313325,n.1402C>A,n.1402C>A,non_coding_transcript_exon_variant,streptomycin,Uncertain significance,85,0.1647058823529411,1473247,0,0,Other
SRR36942080,rrs,EBG00000313325,n.1484G>T,n.1484G>T,non_coding_transcript_exon_variant,streptomycin,Uncertain significance,84,0.2142857142857142,1473329,0,0,Other
SRR36942096,embB,Rv3795,p.Glu405Asp,c.1215G>C,missense_variant,ethambutol,Uncertain significance,225,1.0,4247728,0,1,MDR-TB
SRR36942120,katG,Rv1908c,p.Thr380Ile,c.1139C>T,missense_variant,isoniazid,Uncertain significance,100,0.73,2154973,0,0,HR-TB
SRR36942188,rrs,EBG00000313325,n.799C>T,n.799C>T,non_coding_transcript_exon_variant,streptomycin,Uncertain significance,87,0.1264367816091954,1472644,0,0,Other
SRR36942188,rrs,EBG00000313325,n.799C>T,n.799C>T,non_coding_transcript_exon_variant,amikacin,Uncertain significance,87,0.1264367816091954,1472644,0,0,Other
SRR36942188,rrs,EBG00000313325,n.799C>T,n.799C>T,non_coding_transcript_exon_variant,capreomycin,Uncertain significance,87,0.1264367816091954,1472644,0,0,Other
SRR36942188,rrs,EBG00000313325,n.799C>T,n.799C>T,non_coding_transcript_exon_variant,kanamycin,Uncertain significance,87,0.1264367816091954,1472644,0,0,Other
SRR36942215,embB,Rv3795,p.Val377Met,c.1129G>A,missense_variant,ethambutol,Uncertain significance,127,1.0,4247642,0,0,Other
SRR36942303,katG,Rv1908c,p.Thr380Ile,c.1139C>T,missense_variant,isoniazid,Uncertain significance,101,1.0,2154973,0,0,HR-TB
SRR36942309,rrs,EBG00000313325,n.888G>A,n.888G>A,non_coding_transcript_exon_variant,streptomycin,Uncertain significance,116,0.2241379310344827,1472733,0,0,Other
SRR36942309,rrs,EBG00000313325,n.888G>A,n.888G>A,non_coding_transcript_exon_variant,amikacin,Uncertain significance,116,0.2241379310344827,1472733,0,0,Other
SRR36942309,rrs,EBG00000313325,n.888G>A,n.888G>A,non_coding_transcript_exon_variant,capreomycin,Uncertain significance,116,0.2241379310344827,1472733,0,0,Other
SRR36942309,rrs,EBG00000313325,n.888G>A,n.888G>A,non_coding_transcript_exon_variant,kanamycin,Uncertain significance,116,0.2241379310344827,1472733,0,0,Other
SRR37031316,katG,Rv1908c,p.Leu587Pro,c.1760T>C,missense_variant,isoniazid,Uncertain significance,94,0.1808510638297872,2154352,0,0,MDR-TB
SRR37031316,katG,Rv1908c,p.Asn138Asp,c.412A>G,missense_variant,isoniazid,Uncertain significance,92,0.4673913043478261,2155700,0,0,MDR-TB
SRR37031316,ahpC,Rv2428,c.-52C>T,c.-52C>T,upstream_gene_variant,isoniazid,Uncertain significance,111,0.4954954954954955,2726141,0,0,MDR-TB
SRR37031317,ethA,Rv3854c,p.Ala381Pro,c.1141G>C,missense_variant,ethionamide,Uncertain significance,125,1.008,4326333,0,1,Pre-XDR-TB
SRR37031317,ethA,Rv3854c,p.Ala381Pro,c.1141G>C,missense_variant,prothionamide,Uncertain significance,125,1.008,4326333,0,1,Pre-XDR-TB
SRR37031317,gid,Rv3919c,p.Leu79Ser,c.236T>C,missense_variant,streptomycin,Uncertain significance,87,1.0,4407967,0,1,Pre-XDR-TB
SRR37031320,embA,Rv3794,c.-16C>G,c.-16C>G,upstream_gene_variant,ethambutol,Uncertain significance,99,1.0,4243217,0,1,Pre-XDR-TB
SRR37031320,embB,Rv3795,p.Glu405Asp,c.1215G>C,missense_variant,ethambutol,Uncertain significance,100,1.01,4247728,0,1,Pre-XDR-TB
SRR37031324,gyrB,Rv0005,p.Arg446His,c.1337G>A,missense_variant,levofloxacin,Uncertain significance,86,1.0,6576,0,0,HR-TB
SRR37031324,gyrB,Rv0005,p.Arg446His,c.1337G>A,missense_variant,moxifloxacin,Uncertain significance,86,1.0,6576,0,0,HR-TB
SRR37031330,ahpC,Rv2428,c.-52C>T,c.-52C>T,upstream_gene_variant,isoniazid,Uncertain significance,121,1.0,2726141,0,0,Pre-XDR-TB
SRR37031334,embA,Rv3794,c.-12C>T,c.-12C>T,upstream_gene_variant,ethambutol,Uncertain significance,105,1.0095238095238095,4243221,0,1,MDR-TB
SRR37031336,ethA,Rv3854c,c.-11A>G,c.-11A>G,upstream_gene_variant,ethionamide,Uncertain significance,98,1.0,4327484,0,1,Pre-XDR-TB
SRR37031336,ethA,Rv3854c,c.-11A>G,c.-11A>G,upstream_gene_variant,prothionamide,Uncertain significance,98,1.0,4327484,0,1,Pre-XDR-TB
SRR37540762,inhA,Rv1484,p.Ile194Thr,c.581T>C,missense_variant,ethionamide,Uncertain significance,135,1.0,1674782,0,1,MDR-TB
SRR37540762,inhA,Rv1484,p.Ile194Thr,c.581T>C,missense_variant,isoniazid,Uncertain significance,135,1.0,1674782,0,1,MDR-TB
SRR37540762,inhA,Rv1484,p.Ile194Thr,c.581T>C,missense_variant,prothionamide,Uncertain significance,135,1.0,1674782,0,1,MDR-TB
SRR37540762,ethR,Rv3855,p.Ala95Thr,c.283G>A,missense_variant,ethionamide,Uncertain significance,133,1.0075187969924813,4327831,0,1,MDR-TB
SRR37540762,ethR,Rv3855,p.Ala95Thr,c.283G>A,missense_variant,prothionamide,Uncertain significance,133,1.0075187969924813,4327831,0,1,MDR-TB
SRR37540763,inhA,Rv1484,p.Ile194Thr,c.581T>C,missense_variant,ethionamide,Uncertain significance,171,1.0,1674782,0,1,MDR-TB
SRR37540763,inhA,Rv1484,p.Ile194Thr,c.581T>C,missense_variant,isoniazid,Uncertain significance,171,1.0,1674782,0,1,MDR-TB
SRR37540763,inhA,Rv1484,p.Ile194Thr,c.581T>C,missense_variant,prothionamide,Uncertain significance,171,1.0,1674782,0,1,MDR-TB
SRR37540763,ethR,Rv3855,p.Ala95Thr,c.283G>A,missense_variant,ethionamide,Uncertain significance,159,1.0062893081761006,4327831,0,1,MDR-TB
SRR37540763,ethR,Rv3855,p.Ala95Thr,c.283G>A,missense_variant,prothionamide,Uncertain significance,159,1.0062893081761006,4327831,0,1,MDR-TB
