mutation_id_1,mutation_id_2,gene_1,change_1,gene_2,change_2,drugs_1,drugs_2,class,n1_in_population,n2_in_population,a_both,b_mut1_only,c_mut2_only,d_neither,odds_ratio,pvalue,low_power_flag,dominant_lineage_among_both_carriers,pct_both_carriers_in_dominant_lineage,padj_BH,significant
embB|p.Met306Ile,rrs|n.514A>C,embB,p.Met306Ile,rrs,n.514A>C,ethambutol,streptomycin,cross_class,166,164,158,8,6,188,618.8333333333334,3.465019375474843e-83,False,lineage2,100.0,1.92828328245175e-79,True
embB|p.Met306Ile,katG|p.Ser315Thr,embB,p.Met306Ile,katG,p.Ser315Thr,ethambutol,isoniazid,cross_class,166,191,165,1,26,168,1066.1538461538462,4.472342425348277e-73,False,lineage2,100.0,1.2444292798531581e-69,True
embB|p.Gln497Lys,pncA|p.Cys14Arg,embB,p.Gln497Lys,pncA,p.Cys14Arg,ethambutol,pyrazinamide,cross_class,82,87,81,1,6,272,3672.0,3.5333145066429033e-72,False,lineage2,100.0,6.554298409822585e-69,True
pncA|c.517dupG,rpoB|p.Asp435Val,pncA,c.517dupG,rpoB,p.Asp435Val,pyrazinamide,rifampicin;rifapentine,cross_class,70,73,70,0,3,287,inf,1.1281643007675218e-71,False,lineage2,100.0,1.5695585834428148e-68,True
katG|p.Ser315Thr,rrs|n.514A>C,katG,p.Ser315Thr,rrs,n.514A>C,isoniazid,streptomycin,cross_class,191,164,159,32,5,164,162.975,1.1041161868133918e-61,False,lineage2,100.0,1.2288813159233049e-58,True
pncA|c.517dupG,rrs|n.1401A>G,pncA,c.517dupG,rrs,n.1401A>G,pyrazinamide,amikacin;capreomycin;kanamycin,cross_class,70,85,70,0,15,275,inf,3.2621817154546023e-60,False,lineage2,100.0,3.0256735410841434e-57,True
rpoB|p.Asp435Val,rrs|n.1401A>G,rpoB,p.Asp435Val,rrs,n.1401A>G,rifampicin;rifapentine,amikacin;capreomycin;kanamycin,cross_class,73,85,70,3,15,272,423.1111111111111,1.7331522169542646e-55,False,lineage2,100.0,1.3778560124786405e-52,True
inhA|c.-779G>T,pncA|c.517dupG,inhA,c.-779G>T,pncA,c.517dupG,ethionamide;isoniazid;prothionamide,pyrazinamide,cross_class,105,70,70,35,0,255,inf,1.5847372902107498e-48,False,lineage2,100.0,1.1023828775028529e-45,True
embB|p.Met306Ile,inhA|c.-779G>T,embB,p.Met306Ile,inhA,c.-779G>T,ethambutol,ethionamide;isoniazid;prothionamide,cross_class,166,105,104,62,1,193,323.741935483871,4.917696147350216e-45,False,lineage2,100.0,3.04077545111155e-42,True
pncA|p.Cys14Arg,rpoB|p.Ser450Leu,pncA,p.Cys14Arg,rpoB,p.Ser450Leu,pyrazinamide,rifampicin;rifapentine,cross_class,87,139,86,1,53,220,356.9811320754717,1.4596513146422164e-44,False,lineage2,100.0,8.122959565983934e-42,True
inhA|c.-779G>T,rpoB|p.Asp435Val,inhA,c.-779G>T,rpoB,p.Asp435Val,ethionamide;isoniazid;prothionamide,rifampicin;rifapentine,cross_class,105,73,70,35,3,252,168.0,6.730796108864016e-44,False,lineage2,100.0,3.405170940529841e-41,True
inhA|c.-779G>T,rrs|n.514A>C,inhA,c.-779G>T,rrs,n.514A>C,ethionamide;isoniazid;prothionamide,streptomycin,cross_class,105,164,103,2,61,194,163.78688524590163,1.1437896382309747e-43,False,lineage2,100.0,5.304324447296145e-41,True
embB|p.Gln497Lys,rpoB|p.Ser450Leu,embB,p.Gln497Lys,rpoB,p.Ser450Leu,ethambutol,rifampicin;rifapentine,cross_class,82,139,80,2,59,219,148.47457627118644,6.074617727627012e-39,False,lineage2,100.0,2.6004036657111014e-36,True
pncA|p.Cys14Arg,rrs|n.514A>C,pncA,p.Cys14Arg,rrs,n.514A>C,pyrazinamide,streptomycin,cross_class,87,164,87,0,77,196,inf,7.620736478115803e-38,False,lineage2,100.0,3.029242750051032e-35,True
embB|p.Met306Ile,pncA|p.Cys14Arg,embB,p.Met306Ile,pncA,p.Cys14Arg,ethambutol,pyrazinamide,cross_class,166,87,87,79,0,194,inf,3.387406233943394e-37,False,lineage2,100.0,1.2567277127929992e-34,True
inhA|c.-779G>T,katG|p.Ser315Thr,inhA,c.-779G>T,katG,p.Ser315Thr,ethionamide;isoniazid;prothionamide,isoniazid,within_class,105,191,103,2,88,167,97.73295454545455,1.5345153459535495e-33,False,lineage2,100.0,5.337236187644689e-31,True
inhA|c.-779G>T,rrs|n.1401A>G,inhA,c.-779G>T,rrs,n.1401A>G,ethionamide;isoniazid;prothionamide,amikacin;capreomycin;kanamycin,cross_class,105,85,70,35,15,240,32.0,4.055936574274443e-33,False,lineage2,100.0,1.3277227668139575e-30,True
embB|p.Gln497Lys,rrs|n.514A>C,embB,p.Gln497Lys,rrs,n.514A>C,ethambutol,streptomycin,cross_class,82,164,81,1,83,195,190.3012048192771,7.254912278422683e-33,False,lineage2,100.0,2.2429770460790125e-30,True
embB|p.Gln497Lys,embB|p.Met306Ile,embB,p.Gln497Lys,embB,p.Met306Ile,ethambutol,ethambutol,within_class,82,166,81,1,85,193,183.91764705882352,2.7551735529189964e-32,False,lineage2,100.0,8.069758327365377e-30,True
gyrA|p.Ser91Pro,tlyA|c.585_588delTGGG,gyrA,p.Ser91Pro,tlyA,c.585_588delTGGG,levofloxacin;moxifloxacin,capreomycin,cross_class,47,30,30,17,0,313,inf,5.155232241620692e-32,False,lineage2,100.0,1.4344433712309575e-29,True
katG|p.Ser315Thr,pncA|p.Cys14Arg,katG,p.Ser315Thr,pncA,p.Cys14Arg,isoniazid,pyrazinamide,cross_class,191,87,87,104,0,169,inf,9.809976347994498e-30,False,lineage2,100.0,2.599643732218542e-27,True
pncA|c.517dupG,rrs|n.514A>C,pncA,c.517dupG,rrs,n.514A>C,pyrazinamide,streptomycin,cross_class,70,164,70,0,94,196,inf,4.577808637562157e-29,False,lineage2,100.0,1.1579775030924274e-26,True
embB|p.Met306Ile,pncA|c.517dupG,embB,p.Met306Ile,pncA,c.517dupG,ethambutol,pyrazinamide,cross_class,166,70,70,96,0,194,inf,1.374848449373108e-28,False,lineage2,100.0,3.326535487287542e-26,True
embB|p.Gln497Lys,katG|p.Ser315Thr,embB,p.Gln497Lys,katG,p.Ser315Thr,ethambutol,isoniazid,cross_class,82,191,81,1,110,168,123.7090909090909,1.2699119911522946e-25,False,lineage2,100.0,2.944608429484383e-23,True
rpoB|p.Asp435Val,rrs|n.514A>C,rpoB,p.Asp435Val,rrs,n.514A>C,rifampicin;rifapentine,streptomycin,cross_class,73,164,70,3,94,193,47.90780141843972,8.92774957190543e-25,False,lineage2,100.0,1.9873170547061486e-22,True
embB|p.Met306Ile,rpoB|p.Asp435Val,embB,p.Met306Ile,rpoB,p.Asp435Val,ethambutol,rifampicin;rifapentine,cross_class,166,73,70,96,3,191,46.423611111111114,2.601312545331158e-24,False,lineage2,100.0,5.567809351833806e-22,True
katG|p.Ser315Thr,pncA|c.517dupG,katG,p.Ser315Thr,pncA,c.517dupG,isoniazid,pyrazinamide,cross_class,191,70,70,121,0,169,inf,4.0693756375695585e-23,False,lineage2,100.0,8.387435341879479e-21,True
embB|p.Gln497Lys,gyrA|p.Ser91Pro,embB,p.Gln497Lys,gyrA,p.Ser91Pro,ethambutol,levofloxacin;moxifloxacin,cross_class,82,47,40,42,7,271,36.87074829931973,4.292271444548935e-23,False,lineage2,100.0,8.530889496041008e-21,True
gyrA|p.Ser91Pro,pncA|p.Cys14Arg,gyrA,p.Ser91Pro,pncA,p.Cys14Arg,levofloxacin;moxifloxacin,pyrazinamide,cross_class,47,87,40,7,47,266,32.340425531914896,9.127222806735915e-22,False,lineage2,100.0,1.6983133467637618e-19,True
rrs|n.1401A>G,rrs|n.514A>C,rrs,n.1401A>G,rrs,n.514A>C,amikacin;capreomycin;kanamycin,streptomycin,cross_class,85,164,76,9,88,187,17.944444444444443,9.155328014898987e-22,False,lineage2,100.0,1.6983133467637618e-19,True
embB|p.Met306Ile,rrs|n.1401A>G,embB,p.Met306Ile,rrs,n.1401A>G,ethambutol,amikacin;capreomycin;kanamycin,cross_class,166,85,76,90,9,185,17.358024691358025,2.2391836907615026e-21,False,lineage2,100.0,4.0196958835766976e-19,True
embB|p.Gln497Lys,tlyA|c.585_588delTGGG,embB,p.Gln497Lys,tlyA,c.585_588delTGGG,ethambutol,capreomycin,cross_class,82,30,29,53,1,277,151.56603773584905,6.617116097006602e-20,False,lineage2,100.0,1.1507578462450544e-17,True
katG|p.Ser315Thr,rrs|n.1401A>G,katG,p.Ser315Thr,rrs,n.1401A>G,isoniazid,amikacin;capreomycin;kanamycin,cross_class,191,85,79,112,6,163,19.16220238095238,4.028969782245567e-19,False,lineage2,100.0,6.794308132786842e-17,True
pncA|p.Cys14Arg,tlyA|c.585_588delTGGG,pncA,p.Cys14Arg,tlyA,c.585_588delTGGG,pyrazinamide,capreomycin,cross_class,87,30,29,58,1,272,136.0,5.243809016909368e-19,False,lineage2,100.0,8.582881523264893e-17,True
katG|p.Ser315Thr,rpoB|p.Asp435Val,katG,p.Ser315Thr,rpoB,p.Asp435Val,isoniazid,rifampicin;rifapentine,cross_class,191,73,70,121,3,166,32.011019283746556,6.591872524810723e-19,False,lineage2,100.0,1.0481077314449049e-16,True
rpoB|p.Asp435Val,rpoB|p.Ser450Leu,rpoB,p.Asp435Val,rpoB,p.Ser450Leu,rifampicin;rifapentine,rifampicin;rifapentine,within_class,73,139,0,73,139,148,0.0,2.2949575766041613e-18,False,,,3.5476219205005994e-16,True
inhA|c.-779G>T,tlyA|c.585_588delTGGG,inhA,c.-779G>T,tlyA,c.585_588delTGGG,ethionamide;isoniazid;prothionamide,capreomycin,cross_class,105,30,30,75,0,255,inf,3.0904558137251387e-18,False,lineage2,100.0,4.648212595508215e-16,True
pncA|c.517dupG,rpoB|p.Ser450Leu,pncA,c.517dupG,rpoB,p.Ser450Leu,pyrazinamide,rifampicin;rifapentine,cross_class,70,139,0,70,139,151,0.0,1.1114335254669839e-17,False,,,1.6276651497957278e-15,True
gyrA|p.Ser91Pro,rrs|n.514A>C,gyrA,p.Ser91Pro,rrs,n.514A>C,levofloxacin;moxifloxacin,streptomycin,cross_class,47,164,46,1,118,195,76.01694915254237,1.0814305325256868e-16,False,lineage2,100.0,1.5431181829501147e-14,True
gyrA|p.Ser91Pro,inhA|c.-779G>T,gyrA,p.Ser91Pro,inhA,c.-779G>T,levofloxacin;moxifloxacin,ethionamide;isoniazid;prothionamide,cross_class,47,105,39,8,66,247,18.244318181818183,1.7430983692977e-16,False,lineage2,100.0,2.4250856062854248e-14,True
embB|p.Met306Ile,gyrA|p.Ser91Pro,embB,p.Met306Ile,gyrA,p.Ser91Pro,ethambutol,levofloxacin;moxifloxacin,cross_class,166,47,46,120,1,193,73.98333333333333,2.0538029154841173e-16,False,lineage2,100.0,2.7876617621144177e-14,True
gyrA|p.Ala90Val,rrs|n.1401A>G,gyrA,p.Ala90Val,rrs,n.1401A>G,levofloxacin;moxifloxacin,amikacin;capreomycin;kanamycin,cross_class,46,85,33,13,52,262,12.789940828402367,7.685364248698313e-14,False,lineage2,100.0,1.0183107629525265e-11,True
gyrA|p.Ser91Pro,rpoB|p.Ser450Leu,gyrA,p.Ser91Pro,rpoB,p.Ser450Leu,levofloxacin;moxifloxacin,rifampicin;rifapentine,cross_class,47,139,41,6,98,215,14.991496598639456,2.1028345643480867e-13,False,lineage2,100.0,2.7214591513016517e-11,True
rpoB|p.Ser450Leu,tlyA|c.585_588delTGGG,rpoB,p.Ser450Leu,tlyA,c.585_588delTGGG,rifampicin;rifapentine,capreomycin,cross_class,139,30,29,110,1,220,58.0,2.8931663417663284e-12,False,lineage2,100.0,3.659197884529459e-10,True
embB|p.Met306Val,inhA|c.-777C>T,embB,p.Met306Val,inhA,c.-777C>T,ethambutol,ethionamide;isoniazid;prothionamide,cross_class,23,29,14,9,15,322,33.39259259259259,7.983332507413182e-12,False,lineage2,100.0,9.8727212008343e-10,True
gyrA|p.Ser91Pro,katG|p.Ser315Thr,gyrA,p.Ser91Pro,katG,p.Ser315Thr,levofloxacin;moxifloxacin,isoniazid,cross_class,47,191,45,2,146,167,25.736301369863014,1.5556658729791297e-11,False,lineage2,100.0,1.8820175180714906e-09,True
embB|p.Met306Ile,tlyA|c.585_588delTGGG,embB,p.Met306Ile,tlyA,c.585_588delTGGG,ethambutol,capreomycin,cross_class,166,30,30,136,0,194,inf,1.744625902125342e-11,False,lineage2,100.0,2.0657113075164954e-09,True
katG|p.Ser315Thr,rpoB|p.Ser450Leu,katG,p.Ser315Thr,rpoB,p.Ser450Leu,isoniazid,rifampicin;rifapentine,cross_class,191,139,104,87,35,134,4.576683087027915,4.516787290491258e-11,False,lineage2,100.0,5.2366502649133015e-09,True
gyrA|p.Asp94His,pncA|c.517dupG,gyrA,p.Asp94His,pncA,c.517dupG,levofloxacin;moxifloxacin,pyrazinamide,cross_class,13,70,13,0,57,290,inf,2.1574186868826712e-10,False,lineage2,100.0,2.4502112229596052e-08,True
gyrA|p.Asp94Gly,mmpR5|c.424dupC,gyrA,p.Asp94Gly,mmpR5,c.424dupC,levofloxacin;moxifloxacin,bedaquiline;clofazimine,cross_class,59,14,13,46,1,300,84.78260869565217,2.2584320313298853e-10,False,lineage2,100.0,2.513634850870162e-08,True
pncA|p.Cys14Arg,rpoB|p.Asp435Val,pncA,p.Cys14Arg,rpoB,p.Asp435Val,pyrazinamide,rifampicin;rifapentine,cross_class,87,73,0,87,73,200,0.0,2.3243439284173893e-10,False,,,2.536269404243681e-08,True
gyrA|p.Asp94His,rpoB|p.Asp435Val,gyrA,p.Asp94His,rpoB,p.Asp435Val,levofloxacin;moxifloxacin,rifampicin;rifapentine,cross_class,13,73,13,0,60,287,inf,3.9211809657906094e-10,False,lineage2,100.0,4.196417706658604e-08,True
pncA|c.517dupG,pncA|p.Cys14Arg,pncA,c.517dupG,pncA,p.Cys14Arg,pyrazinamide,pyrazinamide,within_class,70,87,0,70,87,203,0.0,4.345209437100312e-10,False,,,4.562469908955327e-08,True
rrs|n.514A>C,tlyA|c.585_588delTGGG,rrs,n.514A>C,tlyA,c.585_588delTGGG,streptomycin,capreomycin,cross_class,164,30,29,135,1,195,41.888888888888886,5.210565071101188e-10,False,lineage2,100.0,5.369776781607058e-08,True
embB|p.Gln497Lys,rpoB|p.Asp435Val,embB,p.Gln497Lys,rpoB,p.Asp435Val,ethambutol,rifampicin;rifapentine,cross_class,82,73,0,82,73,205,0.0,9.066285655726101e-10,False,,,9.173432668021045e-08,True
embB|p.Met306Val,rpsL|p.Lys43Arg,embB,p.Met306Val,rpsL,p.Lys43Arg,ethambutol,streptomycin,cross_class,23,26,12,11,14,323,25.16883116883117,1.042339540675779e-09,False,lineage2,100.0,1.0358249185465554e-07,True
embB|p.Met306Ile,rpoB|p.Ser450Leu,embB,p.Met306Ile,rpoB,p.Ser450Leu,ethambutol,rifampicin;rifapentine,cross_class,166,139,92,74,47,147,3.888441633122484,1.6487898541085974e-09,False,lineage2,100.0,1.6097395680902358e-07,True
rpoB|p.Ser450Leu,rrs|n.514A>C,rpoB,p.Ser450Leu,rrs,n.514A>C,rifampicin;rifapentine,streptomycin,cross_class,139,164,91,48,73,148,3.843607305936073,1.8196222663199925e-09,False,lineage2,100.0,1.7163047308594505e-07,True
embB|p.Gln497Lys,pncA|c.517dupG,embB,p.Gln497Lys,pncA,c.517dupG,ethambutol,pyrazinamide,cross_class,82,70,0,82,70,208,0.0,1.7938660736367895e-09,False,,,1.7163047308594505e-07,True
inhA|c.-777C>T,katG|p.Ser315Thr,inhA,c.-777C>T,katG,p.Ser315Thr,ethionamide;isoniazid;prothionamide,isoniazid,within_class,29,191,1,28,190,141,0.02650375939849624,2.9979853128288484e-09,False,lineage2,100.0,2.7806313776487566e-07,True
gyrA|p.Asp94His,rrs|n.1401A>G,gyrA,p.Asp94His,rrs,n.1401A>G,levofloxacin;moxifloxacin,amikacin;capreomycin;kanamycin,cross_class,13,85,13,0,72,275,inf,3.3579947386217156e-09,False,lineage2,100.0,3.0634820853163684e-07,True
rpoB|p.Ser450Leu,rrs|n.1401A>G,rpoB,p.Ser450Leu,rrs,n.1401A>G,rifampicin;rifapentine,amikacin;capreomycin;kanamycin,cross_class,139,85,11,128,74,147,0.17071368243243243,9.72912426500239e-09,False,lineage2,100.0,8.732673634635208e-07,True
gyrA|p.Asp94His,inhA|c.-779G>T,gyrA,p.Asp94His,inhA,c.-779G>T,levofloxacin;moxifloxacin,ethionamide;isoniazid;prothionamide,cross_class,13,105,13,0,92,255,inf,6.345897425329334e-08,False,lineage2,100.0,5.605542725707579e-06,True
gyrA|p.Ala90Val,pncA|c.517dupG,gyrA,p.Ala90Val,pncA,c.517dupG,levofloxacin;moxifloxacin,pyrazinamide,cross_class,46,70,24,22,46,268,6.355731225296442,6.874231411704826e-08,False,lineage2,100.0,5.977359032208962e-06,True
rpsL|p.Lys43Arg,rrs|n.514A>C,rpsL,p.Lys43Arg,rrs,n.514A>C,streptomycin,streptomycin,within_class,26,164,0,26,164,170,0.0,7.616788541724138e-08,False,,,6.521142805337666e-06,True
katG|p.Ser315Thr,tlyA|c.585_588delTGGG,katG,p.Ser315Thr,tlyA,c.585_588delTGGG,isoniazid,capreomycin,cross_class,191,30,29,162,1,168,30.074074074074073,8.226792342545246e-08,False,lineage2,100.0,6.93668172519156e-06,True
gyrA|p.Ala90Val,rpoB|p.Asp435Val,gyrA,p.Ala90Val,rpoB,p.Asp435Val,levofloxacin;moxifloxacin,rifampicin;rifapentine,cross_class,46,73,24,22,49,265,5.899814471243043,1.8543374298723594e-07,False,lineage2,100.0,1.54020713391637e-05,True
embB|p.Met306Ile,inhA|c.-777C>T,embB,p.Met306Ile,inhA,c.-777C>T,ethambutol,ethionamide;isoniazid;prothionamide,cross_class,166,29,1,165,28,166,0.03593073593073593,2.0769665764595064e-07,False,lineage2,100.0,1.699752793823111e-05,True
pncA|p.Ser104Arg,rpsL|p.Lys43Arg,pncA,p.Ser104Arg,rpsL,p.Lys43Arg,pyrazinamide,streptomycin,cross_class,7,26,6,1,20,333,99.9,5.28942429340652e-07,False,lineage2,100.0,4.266035680116998e-05,True
embB|p.Met306Ile,embB|p.Met306Val,embB,p.Met306Ile,embB,p.Met306Val,ethambutol,ethambutol,within_class,166,23,0,166,23,171,0.0,5.976784142862773e-07,False,,,4.7515433935759045e-05,True
embB|p.Met306Val,pncA|p.Asp8Asn,embB,p.Met306Val,pncA,p.Asp8Asn,ethambutol,pyrazinamide,cross_class,23,5,5,18,0,337,inf,6.866812959752698e-07,False,lineage2,100.0,5.382227340989263e-05,True
embB|p.Met306Ile,rpoB|p.Leu430Pro,embB,p.Met306Ile,rpoB,p.Leu430Pro,ethambutol,rifampicin;rifapentine,cross_class,166,22,0,166,22,172,0.0,1.2403912471797907e-06,False,,,9.587190681327133e-05,True
rpoB|p.Leu430Pro,rrs|n.514A>C,rpoB,p.Leu430Pro,rrs,n.514A>C,rifampicin;rifapentine,streptomycin,cross_class,22,164,0,22,164,174,0.0,1.3005764252303235e-06,False,,,9.914668227954454e-05,True
inhA|c.-777C>T,pncA|p.Asp8Asn,inhA,c.-777C>T,pncA,p.Asp8Asn,ethionamide;isoniazid;prothionamide,pyrazinamide,cross_class,29,5,5,24,0,331,inf,2.4234550002538905e-06,False,lineage2,100.0,0.00018225036589747162,True
inhA|c.-777C>T,rpsL|p.Lys43Arg,inhA,c.-777C>T,rpsL,p.Lys43Arg,ethionamide;isoniazid;prothionamide,streptomycin,cross_class,29,26,10,19,16,315,10.361842105263158,5.257779122523775e-06,False,lineage2,100.0,0.0003901272108912641,True
embB|p.Gln497Lys,rrs|n.1401A>G,embB,p.Gln497Lys,rrs,n.1401A>G,ethambutol,amikacin;capreomycin;kanamycin,cross_class,82,85,5,77,80,198,0.16071428571428573,5.8168327606675765e-06,False,lineage2,100.0,0.0004259299251725666,True
gyrA|p.Asp94Gly,katG|p.Ser315Thr,gyrA,p.Asp94Gly,katG,p.Ser315Thr,levofloxacin;moxifloxacin,isoniazid,cross_class,59,191,47,12,144,157,4.27025462962963,6.563761203880807e-06,False,lineage2,100.0,0.0004743809233713856,True
pncA|p.Cys14Arg,rrs|n.1401A>G,pncA,p.Cys14Arg,rrs,n.1401A>G,pyrazinamide,amikacin;capreomycin;kanamycin,cross_class,87,85,6,81,79,194,0.18190342240975152,9.146374819138102e-06,False,lineage2,100.0,0.0006525586649808147,True
katG|p.Ser315Thr,rpoB|p.Leu430Pro,katG,p.Ser315Thr,rpoB,p.Leu430Pro,isoniazid,rifampicin;rifapentine,cross_class,191,22,2,189,20,149,0.07883597883597884,1.1727514108199095e-05,False,lineage2,100.0,0.0008261217216725059,True
embB|p.Met306Ile,gyrA|p.Ala90Val,embB,p.Met306Ile,gyrA,p.Ala90Val,ethambutol,levofloxacin;moxifloxacin,cross_class,166,46,35,131,11,183,4.444829979181124,1.3039893436978339e-05,False,lineage2,100.0,0.0009070875872098056,True
rpoB|p.Leu430Pro,rpoB|p.Ser450Leu,rpoB,p.Leu430Pro,rpoB,p.Ser450Leu,rifampicin;rifapentine,rifampicin;rifapentine,within_class,22,139,0,22,139,199,0.0,1.7066733408976327e-05,False,,,0.0011725477953204106,True
embB|p.Met306Val,rpoB|p.Ser450Leu,embB,p.Met306Val,rpoB,p.Ser450Leu,ethambutol,rifampicin;rifapentine,cross_class,23,139,19,4,120,217,8.589583333333334,1.9241343355007533e-05,False,lineage2,100.0,0.0013058301923245966,True
gyrA|p.Ala90Val,pncA|p.Ser104Arg,gyrA,p.Ala90Val,pncA,p.Ser104Arg,levofloxacin;moxifloxacin,pyrazinamide,cross_class,46,7,6,40,1,313,46.95,2.042466309994032e-05,False,lineage2,100.0,0.0013694367488092515,True
mmpR5|c.424dupC,rpoB|p.Ser450Leu,mmpR5,c.424dupC,rpoB,p.Ser450Leu,bedaquiline;clofazimine,rifampicin;rifapentine,cross_class,14,139,13,1,126,220,22.6984126984127,2.7455853019058953e-05,False,lineage2,100.0,0.0018189502625126557,True
gyrA|p.Asp94His,rrs|n.514A>C,gyrA,p.Asp94His,rrs,n.514A>C,levofloxacin;moxifloxacin,streptomycin,cross_class,13,164,13,0,151,196,inf,2.7811935898646794e-05,False,lineage2,100.0,0.0018208638032466988,True
embB|p.Met306Ile,gyrA|p.Asp94His,embB,p.Met306Ile,gyrA,p.Asp94His,ethambutol,levofloxacin;moxifloxacin,cross_class,166,13,13,153,0,194,inf,3.275580169693565e-05,False,lineage2,100.0,0.002119605074923801,True
pncA|p.Ala146Thr,rpoB|p.Ala451Val,pncA,p.Ala146Thr,rpoB,p.Ala451Val,pyrazinamide,rifampicin;rifapentine,cross_class,2,3,2,0,1,357,inf,4.642525533890436e-05,True,lineage2,100.0,0.0029358698404659406,True
gyrA|p.Asp94Tyr,pncA|p.Ala146Thr,gyrA,p.Asp94Tyr,pncA,p.Ala146Thr,levofloxacin;moxifloxacin,pyrazinamide,cross_class,3,2,2,1,0,357,inf,4.642525533890436e-05,True,lineage2,100.0,0.0029358698404659406,True
inhA|c.-777C>T,inhA|c.-779G>T,inhA,c.-777C>T,inhA,c.-779G>T,ethionamide;isoniazid;prothionamide,ethionamide;isoniazid;prothionamide,within_class,29,105,0,29,105,226,0.0,5.2193428916723814e-05,False,,,0.003263555414849079,True
gyrA|p.Ala90Val,rpsL|p.Lys43Arg,gyrA,p.Ala90Val,rpsL,p.Lys43Arg,levofloxacin;moxifloxacin,streptomycin,cross_class,46,26,11,35,15,299,6.2647619047619045,8.415173918157394e-05,False,lineage2,100.0,0.005203382539393988,True
embB|p.Gln497Lys,mmpR5|c.424dupC,embB,p.Gln497Lys,mmpR5,c.424dupC,ethambutol,bedaquiline;clofazimine,cross_class,82,14,10,72,4,274,9.51388888888889,0.00010524160126053224,False,lineage2,100.0,0.00643592869247101,True
gyrA|p.Asp94Tyr,rpoB|p.Ala451Val,gyrA,p.Asp94Tyr,rpoB,p.Ala451Val,levofloxacin;moxifloxacin,rifampicin;rifapentine,cross_class,3,3,2,1,1,356,712.0,0.00013901640704833937,True,lineage2,100.0,0.008408981578521832,True
inhA|c.-779G>T,rpsL|p.Lys43Arg,inhA,c.-779G>T,rpsL,p.Lys43Arg,ethionamide;isoniazid;prothionamide,streptomycin,cross_class,105,26,0,105,26,229,0.0,0.00016144863956184873,False,,,0.009660878270555786,True
mmpR5|c.424dupC,pncA|p.Cys14Arg,mmpR5,c.424dupC,pncA,p.Cys14Arg,bedaquiline;clofazimine,pyrazinamide,cross_class,14,87,10,4,77,269,8.733766233766234,0.0001845753575784395,False,lineage2,100.0,0.01092725388217038,True
gyrA|p.Asp94Gly,gyrA|p.Ser91Pro,gyrA,p.Asp94Gly,gyrA,p.Ser91Pro,levofloxacin;moxifloxacin,levofloxacin;moxifloxacin,within_class,59,47,0,59,47,254,0.0,0.000191287989312136,False,,,0.011205449058126704,True
gyrA|p.Asp94Gly,rpoB|p.Ser450Leu,gyrA,p.Asp94Gly,rpoB,p.Ser450Leu,levofloxacin;moxifloxacin,rifampicin;rifapentine,cross_class,59,139,36,23,103,198,3.0088644997889404,0.00020866267193423138,False,lineage2,100.0,0.012095914263687474,True
gyrA|p.Ala90Val,katG|p.Ser315Thr,gyrA,p.Ala90Val,katG,p.Ser315Thr,levofloxacin;moxifloxacin,isoniazid,cross_class,46,191,36,10,155,159,3.6929032258064516,0.00022835199199861938,False,lineage2,100.0,0.013100812736828008,True
pncA|p.Ala146Thr,rpoB|p.His445Asn,pncA,p.Ala146Thr,rpoB,p.His445Asn,pyrazinamide,rifampicin;rifapentine,cross_class,2,6,2,0,4,354,inf,0.00023212627669452182,True,lineage2,100.0,0.013181456426581774,True
gyrA|p.Asp94His,katG|p.Ser315Thr,gyrA,p.Asp94His,katG,p.Ser315Thr,levofloxacin;moxifloxacin,isoniazid,cross_class,13,191,13,0,178,169,inf,0.00025815478378724525,False,lineage2,100.0,0.014511427997737575,True
inhA|c.-777C>T,rrs|n.514A>C,inhA,c.-777C>T,rrs,n.514A>C,ethionamide;isoniazid;prothionamide,streptomycin,cross_class,29,164,4,25,160,171,0.171,0.00031140935792930383,False,lineage2,100.0,0.017329930768765756,True
embB|p.Met306Ile,gyrA|p.Asp94Gly,embB,p.Met306Ile,gyrA,p.Asp94Gly,ethambutol,levofloxacin;moxifloxacin,cross_class,166,59,40,126,19,175,2.9239766081871346,0.0003160188988021085,False,lineage2,100.0,0.017412328433997364,True
mmpR5|p.Tyr145*,pncA|p.Ser104Arg,mmpR5,p.Tyr145*,pncA,p.Ser104Arg,bedaquiline;clofazimine,pyrazinamide,cross_class,2,7,2,0,5,353,inf,0.00032497678737233057,True,lineage2,100.0,0.017730351193402154,True
rrs|n.1401A>G,tlyA|c.585_588delTGGG,rrs,n.1401A>G,tlyA,c.585_588delTGGG,amikacin;capreomycin;kanamycin,capreomycin,within_class,85,30,0,85,30,245,0.0,0.0004247680260198761,False,,,0.022949845289326313,True
inhA|c.-154G>A,rpoB|p.Asn437Ser,inhA,c.-154G>A,rpoB,p.Asn437Ser,ethionamide;isoniazid;prothionamide,rifampicin;rifapentine,cross_class,8,2,2,6,0,352,inf,0.0004333023831631074,True,lineage2,100.0,0.02318584386829512,True
gyrA|p.Ala90Val,inhA|c.-779G>T,gyrA,p.Ala90Val,inhA,c.-779G>T,levofloxacin;moxifloxacin,ethionamide;isoniazid;prothionamide,cross_class,46,105,24,22,81,233,3.138047138047138,0.000445903493018327,False,lineage2,100.0,0.02363288512997133,True
embB|p.Gly406Asp,gyrA|p.Asp94Ala,embB,p.Gly406Asp,gyrA,p.Asp94Ala,ethambutol,levofloxacin;moxifloxacin,cross_class,3,5,2,1,3,354,236.0,0.000461658963705306,True,lineage2,100.0,0.024010580682430165,True
embB|p.Gly406Asp,katG|p.Ser315Asn,embB,p.Gly406Asp,katG,p.Ser315Asn,ethambutol,isoniazid,cross_class,3,5,2,1,3,354,236.0,0.000461658963705306,True,lineage2,100.0,0.024010580682430165,True
inhA|c.-779G>T,rpoB|p.Leu430Pro,inhA,c.-779G>T,rpoB,p.Leu430Pro,ethionamide;isoniazid;prothionamide,rifampicin;rifapentine,cross_class,105,22,0,105,22,233,0.0,0.0004892979019169339,False,,,0.02513662092900462,True
embB|p.Met306Val,inhA|c.-779G>T,embB,p.Met306Val,inhA,c.-779G>T,ethambutol,ethionamide;isoniazid;prothionamide,cross_class,23,105,0,23,105,232,0.0,0.0004923435186453735,False,,,0.02513662092900462,True
rpoB|p.Ala451Val,rpoB|p.His445Asn,rpoB,p.Ala451Val,rpoB,p.His445Asn,rifampicin;rifapentine,rifampicin;rifapentine,within_class,3,6,2,1,4,353,176.5,0.0006911916507160901,True,lineage2,100.0,0.034652986812928305,True
gyrA|p.Asp94Tyr,rpoB|p.His445Asn,gyrA,p.Asp94Tyr,rpoB,p.His445Asn,levofloxacin;moxifloxacin,rifampicin;rifapentine,cross_class,3,6,2,1,4,353,176.5,0.0006911916507160901,True,lineage2,100.0,0.034652986812928305,True
gyrA|p.Asp94Gly,pncA|p.Cys14Arg,gyrA,p.Asp94Gly,pncA,p.Cys14Arg,levofloxacin;moxifloxacin,pyrazinamide,cross_class,59,87,25,34,62,239,2.834440227703985,0.0007427160515992493,False,lineage2,100.0,0.0369037038138377,True
inhA|c.-154G>A,rpoB|p.Leu452Pro,inhA,c.-154G>A,rpoB,p.Leu452Pro,ethionamide;isoniazid;prothionamide,rifampicin;rifapentine,cross_class,8,10,3,5,7,345,29.571428571428573,0.0008090769464743767,False,lineage2,100.0,0.03984524962061864,True
embB|p.Met306Ile,rpoB|p.His445Asp,embB,p.Met306Ile,rpoB,p.His445Asp,ethambutol,rifampicin;rifapentine,cross_class,166,11,0,166,11,183,0.0,0.0011396093151528328,False,,,0.05563092841075013,False
mmpR5|c.198dupG,pncA|p.Ser104Arg,mmpR5,c.198dupG,pncA,p.Ser104Arg,bedaquiline;clofazimine,pyrazinamide,cross_class,13,7,3,10,4,343,25.725,0.001192276320429493,False,lineage2,100.0,0.05769580628860981,False
mmpR5|c.198dupG,rpoB|p.Asn437Ser,mmpR5,c.198dupG,rpoB,p.Asn437Ser,bedaquiline;clofazimine,rifampicin;rifapentine,cross_class,13,2,2,11,0,347,inf,0.0012070566388115134,True,lineage2,100.0,0.05790750168091442,False
rpoB|p.His445Asp,rrs|n.514A>C,rpoB,p.His445Asp,rrs,n.514A>C,rifampicin;rifapentine,streptomycin,cross_class,11,164,0,11,164,185,0.0,0.0012376652588471481,False,,,0.05818585658850268,False
embB|p.Gln497Lys,rpsL|p.Lys43Arg,embB,p.Gln497Lys,rpsL,p.Lys43Arg,ethambutol,streptomycin,cross_class,82,26,0,82,26,252,0.0,0.001244225864156661,False,,,0.05818585658850268,False
pncA|p.Cys14Arg,rpsL|p.Lys43Arg,pncA,p.Cys14Arg,rpsL,p.Lys43Arg,pyrazinamide,streptomycin,cross_class,87,26,0,87,26,247,0.0,0.0012281960222252008,False,,,0.05818585658850268,False
rpoB|p.Ser450Leu,rpsL|p.Lys43Arg,rpoB,p.Ser450Leu,rpsL,p.Lys43Arg,rifampicin;rifapentine,streptomycin,cross_class,139,26,18,121,8,213,3.9607438016528924,0.001346168242329905,False,lineage2,100.0,0.06242855223804934,False
rpoB|p.Asp435Val,tlyA|c.585_588delTGGG,rpoB,p.Asp435Val,tlyA,c.585_588delTGGG,rifampicin;rifapentine,capreomycin,cross_class,73,30,0,73,30,257,0.0,0.0013954951723613644,False,,,0.06418124491066936,False
inhA|c.-777C>T,rpoB|p.Asp435Val,inhA,c.-777C>T,rpoB,p.Asp435Val,ethionamide;isoniazid;prothionamide,rifampicin;rifapentine,cross_class,29,73,0,29,73,258,0.0,0.0014082261273486863,False,,,0.06423588851389704,False
pncA|c.517dupG,tlyA|c.585_588delTGGG,pncA,c.517dupG,tlyA,c.585_588delTGGG,pyrazinamide,capreomycin,cross_class,70,30,0,70,30,260,0.0,0.0014774084204146865,False,,,0.0668437224358352,False
gyrA|p.Asp94Ala,katG|p.Ser315Asn,gyrA,p.Asp94Ala,katG,p.Ser315Asn,levofloxacin;moxifloxacin,isoniazid,cross_class,5,5,2,3,3,352,78.22222222222223,0.0015216815071871633,False,lineage2,100.0,0.06829159344755294,False
gyrA|p.Ala90Val,gyrA|p.Ser91Pro,gyrA,p.Ala90Val,gyrA,p.Ser91Pro,levofloxacin;moxifloxacin,levofloxacin;moxifloxacin,within_class,46,47,0,46,47,267,0.0,0.001678284491962136,False,,,0.0747172255821543,False
embB|p.Met306Val,pncA|p.Cys14Arg,embB,p.Met306Val,pncA,p.Cys14Arg,ethambutol,pyrazinamide,cross_class,23,87,0,23,87,250,0.0,0.001940682452243011,False,,,0.08503856572230202,False
katG|p.Ser315Thr,mmpR5|c.424dupC,katG,p.Ser315Thr,mmpR5,c.424dupC,isoniazid,bedaquiline;clofazimine,cross_class,191,14,13,178,1,168,12.269662921348315,0.0019270154936426847,False,lineage2,100.0,0.08503856572230202,False
inhA|c.-154G>A,katG|p.Ser315Thr,inhA,c.-154G>A,katG,p.Ser315Thr,ethionamide;isoniazid;prothionamide,isoniazid,within_class,8,191,0,8,191,161,0.0,0.0021559885307263714,False,,,0.09373497010540825,False
gyrA|p.Asp94His,rpoB|p.Ser450Leu,gyrA,p.Asp94His,rpoB,p.Ser450Leu,levofloxacin;moxifloxacin,rifampicin;rifapentine,cross_class,13,139,0,13,139,208,0.0,0.002288118964476411,False,,,0.09870838788613355,False
inhA|c.-777C>T,pncA|c.517dupG,inhA,c.-777C>T,pncA,c.517dupG,ethionamide;isoniazid;prothionamide,pyrazinamide,cross_class,29,70,0,29,70,261,0.0,0.0024166928097199432,False,,,0.10345304220070371,False
embB|p.Tyr319Ser,katG|c.18delA,embB,p.Tyr319Ser,katG,c.18delA,ethambutol,isoniazid,cross_class,1,1,1,0,0,359,inf,0.002777777777777778,True,lineage2,100.0,0.1081002331002331,False
embB|p.Met306Leu,pncA|p.Val180Phe,embB,p.Met306Leu,pncA,p.Val180Phe,ethambutol,pyrazinamide,cross_class,1,1,1,0,0,359,inf,0.002777777777777778,True,lineage2,100.0,0.1081002331002331,False
katG|c.18delA,pncA|c.393dupC,katG,c.18delA,pncA,c.393dupC,isoniazid,pyrazinamide,cross_class,1,1,1,0,0,359,inf,0.002777777777777778,True,lineage2,100.0,0.1081002331002331,False
mmpR5|c.430dupG,rpoB|p.Gln432Lys,mmpR5,c.430dupG,rpoB,p.Gln432Lys,bedaquiline;clofazimine,rifampicin;rifapentine,cross_class,1,1,1,0,0,359,inf,0.002777777777777778,True,lineage2,100.0,0.1081002331002331,False
mmpR5|p.Val1?,pncA|p.Val139Gly,mmpR5,p.Val1?,pncA,p.Val139Gly,bedaquiline;clofazimine,pyrazinamide,cross_class,1,1,1,0,0,359,inf,0.002777777777777778,True,lineage2,100.0,0.1081002331002331,False
embB|p.Gln497Lys,gyrA|p.Gly88Cys,embB,p.Gln497Lys,gyrA,p.Gly88Cys,ethambutol,levofloxacin;moxifloxacin,cross_class,82,6,5,77,1,277,17.98701298701299,0.002737029261097954,False,lineage2,100.0,0.1081002331002331,False
embB|p.Tyr319Ser,pncA|c.393dupC,embB,p.Tyr319Ser,pncA,c.393dupC,ethambutol,pyrazinamide,cross_class,1,1,1,0,0,359,inf,0.002777777777777778,True,lineage2,100.0,0.1081002331002331,False
katG|c.117delG,rpoB|p.Asp435Ala,katG,c.117delG,rpoB,p.Asp435Ala,isoniazid,rifampicin;rifapentine,cross_class,1,1,1,0,0,359,inf,0.002777777777777778,True,lineage2,100.0,0.1081002331002331,False
fbiA|c.373dupC,fbiC|p.Trp444*,fbiA,c.373dupC,fbiC,p.Trp444*,delamanid;pretomanid,delamanid;pretomanid,within_class,1,1,1,0,0,359,inf,0.002777777777777778,True,lineage2,100.0,0.1081002331002331,False
ethA|c.65delA,pncA|c.459_466delCAGGGTGC,ethA,c.65delA,pncA,c.459_466delCAGGGTGC,ethionamide;prothionamide,pyrazinamide,cross_class,1,1,1,0,0,359,inf,0.002777777777777778,True,lineage2,100.0,0.1081002331002331,False
fbiC|c.930_931delAA,pncA|p.Val139Gly,fbiC,c.930_931delAA,pncA,p.Val139Gly,delamanid;pretomanid,pyrazinamide,cross_class,1,1,1,0,0,359,inf,0.002777777777777778,True,lineage2,100.0,0.1081002331002331,False
fbiC|c.1481_1511delATGTGCTTGCCGCCCTGCGATCGGCGGAGCG,fbiC|p.Tyr104*,fbiC,c.1481_1511delATGTGCTTGCCGCCCTGCGATCGGCGGAGCG,fbiC,p.Tyr104*,delamanid;pretomanid,delamanid;pretomanid,within_class,1,1,1,0,0,359,inf,0.002777777777777778,True,lineage2,100.0,0.1081002331002331,False
fbiC|c.930_931delAA,mmpR5|p.Val1?,fbiC,c.930_931delAA,mmpR5,p.Val1?,delamanid;pretomanid,bedaquiline;clofazimine,cross_class,1,1,1,0,0,359,inf,0.002777777777777778,True,lineage2,100.0,0.1081002331002331,False
mmpR5|c.144dupC,rpoB|c.1296_1304delATTCATGGA,mmpR5,c.144dupC,rpoB,c.1296_1304delATTCATGGA,bedaquiline;clofazimine,rifampicin;rifapentine,cross_class,20,2,2,18,0,340,inf,0.0029402661714639433,True,lineage2,100.0,0.11362903641803364,False
mmpR5|c.139dupG,rrs|n.1401A>G,mmpR5,c.139dupG,rrs,n.1401A>G,bedaquiline;clofazimine,amikacin;capreomycin;kanamycin,cross_class,6,85,5,1,80,274,17.125,0.0032620809602428957,False,lineage2,100.0,0.12519641754311528,False
rpoB|p.Leu430Pro,rrs|n.1401A>G,rpoB,p.Leu430Pro,rrs,n.1401A>G,rifampicin;rifapentine,amikacin;capreomycin;kanamycin,cross_class,22,85,0,22,85,253,0.0,0.0033591820999482945,False,,,0.1271690366408997,False
pncA|p.Cys14Arg,rpoB|p.Leu430Pro,pncA,p.Cys14Arg,rpoB,p.Leu430Pro,pyrazinamide,rifampicin;rifapentine,cross_class,87,22,0,87,22,251,0.0,0.0033375411894248862,False,,,0.1271690366408997,False
embB|p.Gln497Lys,embB|p.Met306Val,embB,p.Gln497Lys,embB,p.Met306Val,ethambutol,ethambutol,within_class,82,23,0,82,23,255,0.0,0.003509600182926889,False,,,0.13196570958100093,False
rpoB|p.Asn437Ser,rpoB|p.Leu430Pro,rpoB,p.Asn437Ser,rpoB,p.Leu430Pro,rifampicin;rifapentine,rifampicin;rifapentine,within_class,2,22,2,0,20,338,inf,0.0035747446610956365,True,lineage2,100.0,0.13351311435568602,False
gyrA|p.Gly88Cys,pncA|p.Cys14Arg,gyrA,p.Gly88Cys,pncA,p.Cys14Arg,levofloxacin;moxifloxacin,pyrazinamide,cross_class,6,87,5,1,82,272,16.585365853658537,0.0036533889576929645,False,lineage2,100.0,0.13554073033040898,False
embB|p.Met306Val,ethA|c.871delC,embB,p.Met306Val,ethA,c.871delC,ethambutol,ethionamide;prothionamide,cross_class,23,2,2,21,0,337,inf,0.003915196533580935,True,lineage2,100.0,0.14429184575746956,False
rpoB|p.Asp435Val,rpsL|p.Lys43Arg,rpoB,p.Asp435Val,rpsL,p.Lys43Arg,rifampicin;rifapentine,streptomycin,cross_class,73,26,0,73,26,261,0.0,0.003949341677346732,False,,,0.1445926739107537,False
pncA|c.517dupG,rpsL|p.Lys43Arg,pncA,c.517dupG,rpsL,p.Lys43Arg,pyrazinamide,streptomycin,cross_class,70,26,0,70,26,264,0.0,0.004051849332934254,False,,,0.14737608848221648,False
embB|p.Met306Ile,mmpR5|c.424dupC,embB,p.Met306Ile,mmpR5,c.424dupC,ethambutol,bedaquiline;clofazimine,cross_class,166,14,12,154,2,192,7.48051948051948,0.004285470641984497,False,lineage2,100.0,0.1548613254717125,False
rpoB|p.Asp435Tyr,rrs|n.514A>C,rpoB,p.Asp435Tyr,rrs,n.514A>C,rifampicin;rifapentine,streptomycin,cross_class,9,164,0,9,164,187,0.0,0.0046059493490175725,False,,,0.16536843953085673,False
inhA|c.-777C>T,rpoB|p.Leu430Pro,inhA,c.-777C>T,rpoB,p.Leu430Pro,ethionamide;isoniazid;prothionamide,rifampicin;rifapentine,cross_class,29,22,6,23,16,315,5.135869565217392,0.004848225599106068,False,lineage2,100.0,0.17295112473734148,False
ethA|c.871delC,rpsL|p.Lys43Arg,ethA,c.871delC,rpsL,p.Lys43Arg,ethionamide;prothionamide,streptomycin,cross_class,2,26,2,0,24,334,inf,0.005029402661714639,True,lineage2,100.0,0.17714320134456943,False
mmpR5|p.Tyr145*,rpsL|p.Lys43Arg,mmpR5,p.Tyr145*,rpsL,p.Lys43Arg,bedaquiline;clofazimine,streptomycin,cross_class,2,26,2,0,24,334,inf,0.005029402661714639,True,lineage2,100.0,0.17714320134456943,False
gyrA|p.Asp94Asn,pncA|c.517dupG,gyrA,p.Asp94Asn,pncA,c.517dupG,levofloxacin;moxifloxacin,pyrazinamide,cross_class,13,70,7,6,63,284,5.2592592592592595,0.005074494105470878,False,lineage2,100.0,0.17760729369148073,False
rpoB|p.Asp435Gly,rpoB|p.Ile491Phe,rpoB,p.Asp435Gly,rpoB,p.Ile491Phe,rifampicin;rifapentine,rifampicin;rifapentine,within_class,2,1,1,1,0,358,inf,0.005555555555555556,True,lineage2,100.0,0.1829388560157791,False
fbiA|c.373dupC,mmpR5|p.Ile67Ser,fbiA,c.373dupC,mmpR5,p.Ile67Ser,delamanid;pretomanid,bedaquiline;clofazimine,cross_class,1,2,1,0,1,358,inf,0.005555555555555556,True,lineage2,100.0,0.1829388560157791,False
fbiC|p.Trp444*,mmpR5|p.Ile67Ser,fbiC,p.Trp444*,mmpR5,p.Ile67Ser,delamanid;pretomanid,bedaquiline;clofazimine,cross_class,1,2,1,0,1,358,inf,0.005555555555555556,True,lineage2,100.0,0.1829388560157791,False
mmpR5|c.291delC,mmpR5|p.Tyr145*,mmpR5,c.291delC,mmpR5,p.Tyr145*,bedaquiline;clofazimine,bedaquiline;clofazimine,within_class,1,2,1,0,1,358,inf,0.005555555555555556,True,lineage2,100.0,0.1829388560157791,False
mmpR5|c.366dupG,mmpR5|p.Gln76*,mmpR5,c.366dupG,mmpR5,p.Gln76*,bedaquiline;clofazimine,bedaquiline;clofazimine,within_class,1,2,1,0,1,358,inf,0.005555555555555556,True,lineage2,100.0,0.1829388560157791,False
gyrB|p.Asp461Asn,mmpR5|c.141_142dupTC,gyrB,p.Asp461Asn,mmpR5,c.141_142dupTC,levofloxacin;moxifloxacin,bedaquiline;clofazimine,cross_class,1,2,1,0,1,358,inf,0.005555555555555556,True,lineage2,100.0,0.1829388560157791,False
inhA|c.-777C>T,pncA|p.Cys14Arg,inhA,c.-777C>T,pncA,p.Cys14Arg,ethionamide;isoniazid;prothionamide,pyrazinamide,cross_class,29,87,1,28,86,245,0.10174418604651163,0.005292894820390086,False,lineage2,100.0,0.1829388560157791,False
gyrB|p.Asn499Thr,mmpR5|c.430dupG,gyrB,p.Asn499Thr,mmpR5,c.430dupG,levofloxacin;moxifloxacin,bedaquiline;clofazimine,cross_class,2,1,1,1,0,358,inf,0.005555555555555556,True,lineage2,100.0,0.1829388560157791,False
gyrB|p.Asn499Thr,rpoB|p.Gln432Lys,gyrB,p.Asn499Thr,rpoB,p.Gln432Lys,levofloxacin;moxifloxacin,rifampicin;rifapentine,cross_class,2,1,1,1,0,358,inf,0.005555555555555556,True,lineage2,100.0,0.1829388560157791,False
eis|c.-10G>A,rrs|n.517C>T,eis,c.-10G>A,rrs,n.517C>T,kanamycin,streptomycin,cross_class,1,2,1,0,1,358,inf,0.005555555555555556,True,lineage2,100.0,0.1829388560157791,False
embB|p.Gln497Lys,gyrA|p.Asp94Gly,embB,p.Gln497Lys,gyrA,p.Asp94Gly,ethambutol,levofloxacin;moxifloxacin,cross_class,82,59,22,60,37,241,2.388288288288288,0.006105693832102406,False,lineage2,100.0,0.1998716833861758,False
inhA|c.-777C>T,rpoB|p.Val170Phe,inhA,c.-777C>T,rpoB,p.Val170Phe,ethionamide;isoniazid;prothionamide,rifampicin;rifapentine,cross_class,29,2,2,27,0,331,inf,0.006282884555865057,True,lineage2,100.0,0.20328053810109908,False
inhA|c.-777C>T,rrs|n.517C>T,inhA,c.-777C>T,rrs,n.517C>T,ethionamide;isoniazid;prothionamide,streptomycin,cross_class,29,2,2,27,0,331,inf,0.006282884555865057,True,lineage2,100.0,0.20328053810109908,False
embB|p.Met306Val,rpoB|p.Asp435Val,embB,p.Met306Val,rpoB,p.Asp435Val,ethambutol,rifampicin;rifapentine,cross_class,23,73,0,23,73,264,0.0,0.0065062875840848355,False,,,0.2092918520545209,False
gyrA|p.Asp94Asn,rpoB|p.Asp435Val,gyrA,p.Asp94Asn,rpoB,p.Asp435Val,levofloxacin;moxifloxacin,rifampicin;rifapentine,cross_class,13,73,7,6,66,281,4.967171717171717,0.006544703037195397,False,lineage2,100.0,0.20931765748271483,False
gyrA|p.Asp94Ala,rpoB|p.Leu452Pro,gyrA,p.Asp94Ala,rpoB,p.Leu452Pro,levofloxacin;moxifloxacin,rifampicin;rifapentine,cross_class,5,10,2,3,8,347,28.916666666666668,0.006657113891318114,False,lineage2,100.0,0.21169622174391603,False
katG|p.Ser315Thr,rpoB|p.Leu452Pro,katG,p.Ser315Thr,rpoB,p.Leu452Pro,isoniazid,rifampicin;rifapentine,cross_class,191,10,1,190,9,160,0.0935672514619883,0.007393258004176374,False,lineage2,100.0,0.23376977723432685,False
gyrA|p.Asp94Gly,tlyA|c.585_588delTGGG,gyrA,p.Asp94Gly,tlyA,c.585_588delTGGG,levofloxacin;moxifloxacin,capreomycin,cross_class,59,30,0,59,30,271,0.0,0.00765008664354299,False,,,0.240523910572411,False
rpoB|p.Leu452Pro,rpoB|p.Ser450Leu,rpoB,p.Leu452Pro,rpoB,p.Ser450Leu,rifampicin;rifapentine,rifampicin;rifapentine,within_class,10,139,0,10,139,211,0.0,0.008093192500221228,False,,,0.2530259340659053,False
rpoB|p.His445Asp,rpoB|p.Ser450Leu,rpoB,p.His445Asp,rpoB,p.Ser450Leu,rifampicin;rifapentine,rifampicin;rifapentine,within_class,11,139,0,11,139,210,0.0,0.00819177317980125,False,,,0.25467719410946343,False
fbiC|c.181_191delAGCGCCGCGCG,gyrA|p.Asp94Tyr,fbiC,c.181_191delAGCGCCGCGCG,gyrA,p.Asp94Tyr,delamanid;pretomanid,levofloxacin;moxifloxacin,cross_class,1,3,1,0,2,357,inf,0.008333333333333333,True,lineage2,100.0,0.25621546961325964,False
pncA|p.Thr47Ala,rpoB|p.Ala451Val,pncA,p.Thr47Ala,rpoB,p.Ala451Val,pyrazinamide,rifampicin;rifapentine,cross_class,1,3,1,0,2,357,inf,0.008333333333333333,True,lineage2,100.0,0.25621546961325964,False
embB|p.Met306Ile,rpsL|p.Lys88Arg,embB,p.Met306Ile,rpsL,p.Lys88Arg,ethambutol,streptomycin,cross_class,166,8,0,166,8,186,0.0,0.00850755489834126,False,,,0.2573072989634191,False
gyrA|p.Gly88Cys,rrs|n.514A>C,gyrA,p.Gly88Cys,rrs,n.514A>C,levofloxacin;moxifloxacin,streptomycin,cross_class,6,164,6,0,158,196,inf,0.008496946951834368,False,lineage2,100.0,0.2573072989634191,False
embB|p.Met306Ile,inhA|c.-154G>A,embB,p.Met306Ile,inhA,c.-154G>A,ethambutol,ethionamide;isoniazid;prothionamide,cross_class,166,8,0,166,8,186,0.0,0.00850755489834126,False,,,0.2573072989634191,False
rpsL|p.Lys88Arg,rrs|n.514A>C,rpsL,p.Lys88Arg,rrs,n.514A>C,streptomycin,streptomycin,within_class,8,164,0,8,164,188,0.0,0.008911005570930636,False,,,0.2680526810931297,False
embB|p.Gln497Lys,inhA|c.-777C>T,embB,p.Gln497Lys,inhA,c.-777C>T,ethambutol,ethionamide;isoniazid;prothionamide,cross_class,82,29,1,81,28,250,0.11022927689594356,0.009165903093822892,False,lineage2,100.0,0.27277139420922136,False
embB|p.Met306Ile,gyrA|p.Gly88Cys,embB,p.Met306Ile,gyrA,p.Gly88Cys,ethambutol,levofloxacin;moxifloxacin,cross_class,166,6,6,160,0,194,inf,0.009148245951680161,False,lineage2,100.0,0.27277139420922136,False
mmpR5|c.198dupG,rpsL|p.Lys43Arg,mmpR5,c.198dupG,rpsL,p.Lys43Arg,bedaquiline;clofazimine,streptomycin,cross_class,13,26,4,9,22,325,6.565656565656566,0.009839870709520224,False,lineage2,100.0,0.29127064094936195,False
gyrA|p.Asp94Gly,rrs|n.514A>C,gyrA,p.Asp94Gly,rrs,n.514A>C,levofloxacin;moxifloxacin,streptomycin,cross_class,59,164,36,23,128,173,2.1154891304347827,0.010179826959694063,False,lineage2,100.0,0.29973934936876967,False
pncA|c.517dupG,rpoB|p.Leu430Pro,pncA,c.517dupG,rpoB,p.Leu430Pro,pyrazinamide,rifampicin;rifapentine,cross_class,70,22,0,70,22,268,0.0,0.011048781920957833,False,,,0.3216000754410399,False
rrl|n.2270G>T,rrl|n.2814G>T,rrl,n.2270G>T,rrl,n.2814G>T,linezolid,linezolid,within_class,2,2,1,1,1,357,357.0,0.011095636025998144,True,lineage2,100.0,0.3216000754410399,False
rpoB|p.Asp435Val,rpoB|p.Leu430Pro,rpoB,p.Asp435Val,rpoB,p.Leu430Pro,rifampicin;rifapentine,rifampicin;rifapentine,within_class,73,22,0,73,22,265,0.0,0.011010814431197117,False,,,0.3216000754410399,False
gyrA|p.Asp94Ala,mmpR5|c.198dupG,gyrA,p.Asp94Ala,mmpR5,c.198dupG,levofloxacin;moxifloxacin,bedaquiline;clofazimine,cross_class,5,13,2,3,11,344,20.848484848484848,0.011344278015362525,False,lineage2,100.0,0.32627099856178104,False
embB|p.Met306Val,pncA|c.517dupG,embB,p.Met306Val,pncA,c.517dupG,ethambutol,pyrazinamide,cross_class,23,70,0,23,70,267,0.0,0.011374047389215727,False,,,0.32627099856178104,False
gyrA|p.Ala90Val,rrs|n.514A>C,gyrA,p.Ala90Val,rrs,n.514A>C,levofloxacin;moxifloxacin,streptomycin,cross_class,46,164,29,17,135,179,2.2618736383442264,0.011587562108431003,False,lineage2,100.0,0.33069119555599247,False
inhA|c.-779G>T,mmpR5|c.424dupC,inhA,c.-779G>T,mmpR5,c.424dupC,ethionamide;isoniazid;prothionamide,bedaquiline;clofazimine,cross_class,105,14,0,105,14,241,0.0,0.012996841976831892,False,,,0.36901747755647696,False
gyrA|p.Asp94Ala,mmpR5|c.466dupC,gyrA,p.Asp94Ala,mmpR5,c.466dupC,levofloxacin;moxifloxacin,bedaquiline;clofazimine,cross_class,5,1,1,4,0,355,inf,0.013888888888888888,True,lineage2,100.0,0.3884003350083752,False
rpoB|c.1294_1299delCAATTC,rpoB|p.His445Tyr,rpoB,c.1294_1299delCAATTC,rpoB,p.His445Tyr,rifampicin;rifapentine,rifampicin;rifapentine,within_class,1,5,1,0,4,355,inf,0.013888888888888888,True,lineage2,100.0,0.3884003350083752,False
embB|p.Gln497Lys,gyrA|p.Ala90Val,embB,p.Gln497Lys,gyrA,p.Ala90Val,ethambutol,levofloxacin;moxifloxacin,cross_class,82,46,4,78,42,236,0.28815628815628813,0.013792727459277983,False,lineage2,100.0,0.3884003350083752,False
rpoB|p.Asp435Tyr,rpoB|p.Ser450Leu,rpoB,p.Asp435Tyr,rpoB,p.Ser450Leu,rifampicin;rifapentine,rifampicin;rifapentine,within_class,9,139,0,9,139,212,0.0,0.014232811596571448,False,,,0.39602798267460054,False
rpoB|p.Asp435Tyr,rpsL|p.Lys88Arg,rpoB,p.Asp435Tyr,rpsL,p.Lys88Arg,rifampicin;rifapentine,streptomycin,cross_class,9,8,2,7,6,345,16.428571428571427,0.014416735431639122,False,lineage2,100.0,0.3991499138162772,False
embB|p.Met306Ile,rpsL|p.Lys43Arg,embB,p.Met306Ile,rpsL,p.Lys43Arg,ethambutol,streptomycin,cross_class,166,26,6,160,20,174,0.32625,0.014737345557122885,False,lineage2,100.0,0.40400654199698943,False
pncA|p.Ser104Arg,rpoB|p.Ser450Leu,pncA,p.Ser104Arg,rpoB,p.Ser450Leu,pyrazinamide,rifampicin;rifapentine,cross_class,7,139,6,1,133,220,9.924812030075188,0.014698445472767248,False,lineage2,100.0,0.40400654199698943,False
gyrA|p.Ala90Val,rrs|n.517C>T,gyrA,p.Ala90Val,rrs,n.517C>T,levofloxacin;moxifloxacin,streptomycin,cross_class,46,2,2,44,0,314,inf,0.016016713091922007,True,lineage2,100.0,0.4244428969359332,False
katG|p.Ser315Thr,pncA|p.Ser104Arg,katG,p.Ser315Thr,pncA,p.Ser104Arg,isoniazid,pyrazinamide,cross_class,191,7,7,184,0,169,inf,0.015925943507831084,False,lineage2,100.0,0.4244428969359332,False
gyrA|p.Ala90Val,rpoB|c.1296_1304delATTCATGGA,gyrA,p.Ala90Val,rpoB,c.1296_1304delATTCATGGA,levofloxacin;moxifloxacin,rifampicin;rifapentine,cross_class,46,2,2,44,0,314,inf,0.016016713091922007,True,lineage2,100.0,0.4244428969359332,False
gyrA|p.Ala90Val,mmpR5|p.Tyr145*,gyrA,p.Ala90Val,mmpR5,p.Tyr145*,levofloxacin;moxifloxacin,bedaquiline;clofazimine,cross_class,46,2,2,44,0,314,inf,0.016016713091922007,True,lineage2,100.0,0.4244428969359332,False
gyrA|p.Ala90Val,mmpR5|c.441_442delGA,gyrA,p.Ala90Val,mmpR5,c.441_442delGA,levofloxacin;moxifloxacin,bedaquiline;clofazimine,cross_class,46,2,2,44,0,314,inf,0.016016713091922007,True,lineage2,100.0,0.4244428969359332,False
gyrA|p.Asp94Asn,rrs|n.1401A>G,gyrA,p.Asp94Asn,rrs,n.1401A>G,levofloxacin;moxifloxacin,amikacin;capreomycin;kanamycin,cross_class,13,85,7,6,78,269,4.023504273504273,0.016009236424048806,False,lineage2,100.0,0.4244428969359332,False
gyrA|p.Asp94Gly,pncA|p.Ser104Arg,gyrA,p.Asp94Gly,pncA,p.Ser104Arg,levofloxacin;moxifloxacin,pyrazinamide,cross_class,59,7,4,55,3,298,7.224242424242425,0.01560465236109839,False,lineage2,100.0,0.4244428969359332,False
gyrA|p.Asp94His,mmpR5|c.139dupG,gyrA,p.Asp94His,mmpR5,c.139dupG,levofloxacin;moxifloxacin,bedaquiline;clofazimine,cross_class,13,6,2,11,4,343,15.590909090909092,0.016668438904260736,False,lineage2,100.0,0.4370632647634492,False
mmpR5|c.321dupC,rpoB|p.His445Asn,mmpR5,c.321dupC,rpoB,p.His445Asn,bedaquiline;clofazimine,rifampicin;rifapentine,cross_class,1,6,1,0,5,354,inf,0.016666666666666666,True,lineage2,100.0,0.4370632647634492,False
gyrA|p.Ser91Pro,mmpR5|p.Ile67Ser,gyrA,p.Ser91Pro,mmpR5,p.Ile67Ser,levofloxacin;moxifloxacin,bedaquiline;clofazimine,cross_class,47,2,2,45,0,313,inf,0.01672856700711854,True,lineage2,100.0,0.4370632647634492,False
pncA|p.Ser104Arg,rrs|n.514A>C,pncA,p.Ser104Arg,rrs,n.514A>C,pyrazinamide,streptomycin,cross_class,7,164,0,7,164,189,0.0,0.017285410007220708,False,,,0.4495014331316974,False
embB|p.Met306Val,rrs|n.514A>C,embB,p.Met306Val,rrs,n.514A>C,ethambutol,streptomycin,cross_class,23,164,5,18,159,178,0.3109713487071978,0.018117482433236118,False,lineage2,100.0,0.4689478592602744,False
embB|p.Gln497Lys,inhA|c.-779G>T,embB,p.Gln497Lys,inhA,c.-779G>T,ethambutol,ethionamide;isoniazid;prothionamide,cross_class,82,105,33,49,72,206,1.9268707482993197,0.01825127349693395,False,lineage2,100.0,0.4702237824557289,False
pncA|p.Ser104Arg,rpoB|p.Ile491Phe,pncA,p.Ser104Arg,rpoB,p.Ile491Phe,pyrazinamide,rifampicin;rifapentine,cross_class,7,1,1,6,0,353,inf,0.019444444444444445,True,lineage2,100.0,0.49410197869101974,False
mmpR5|c.291delC,pncA|p.Ser104Arg,mmpR5,c.291delC,pncA,p.Ser104Arg,bedaquiline;clofazimine,pyrazinamide,cross_class,1,7,1,0,6,353,inf,0.019444444444444445,True,lineage2,100.0,0.49410197869101974,False
pncA|p.Ser104Arg,tlyA|c.388dupG,pncA,p.Ser104Arg,tlyA,c.388dupG,pyrazinamide,capreomycin,cross_class,7,1,1,6,0,353,inf,0.019444444444444445,True,lineage2,100.0,0.49410197869101974,False
gyrA|p.Ala90Val,inhA|c.-777C>T,gyrA,p.Ala90Val,inhA,c.-777C>T,levofloxacin;moxifloxacin,ethionamide;isoniazid;prothionamide,cross_class,46,29,8,38,21,293,2.93734335839599,0.0203587992758735,False,lineage2,100.0,0.514985081682891,False
gyrA|p.Ala90Val,tlyA|c.585_588delTGGG,gyrA,p.Ala90Val,tlyA,c.585_588delTGGG,levofloxacin;moxifloxacin,capreomycin,cross_class,46,30,0,46,30,284,0.0,0.02116553410057772,False,,,0.5316633254544911,False
gyrA|p.Ser91Pro,inhA|c.-777C>T,gyrA,p.Ser91Pro,inhA,c.-777C>T,levofloxacin;moxifloxacin,ethionamide;isoniazid;prothionamide,cross_class,47,29,0,47,29,284,0.0,0.021209210826755982,False,,,0.5316633254544911,False
inhA|c.-154G>A,mmpR5|c.430dupG,inhA,c.-154G>A,mmpR5,c.430dupG,ethionamide;isoniazid;prothionamide,bedaquiline;clofazimine,cross_class,8,1,1,7,0,352,inf,0.022222222222222223,True,lineage2,100.0,0.5330459770114944,False
mmpR5|p.Val1?,rpsL|p.Lys88Arg,mmpR5,p.Val1?,rpsL,p.Lys88Arg,bedaquiline;clofazimine,streptomycin,cross_class,1,8,1,0,7,352,inf,0.022222222222222223,True,lineage2,100.0,0.5330459770114944,False
pncA|p.Val139Gly,rpsL|p.Lys88Arg,pncA,p.Val139Gly,rpsL,p.Lys88Arg,pyrazinamide,streptomycin,cross_class,1,8,1,0,7,352,inf,0.022222222222222223,True,lineage2,100.0,0.5330459770114944,False
katG|p.Ser315Asn,katG|p.Ser315Thr,katG,p.Ser315Asn,katG,p.Ser315Thr,isoniazid,isoniazid,within_class,5,191,0,5,191,164,0.0,0.022085452392957432,False,,,0.5330459770114944,False
pncA|p.Thr47Ala,rpsL|p.Lys88Arg,pncA,p.Thr47Ala,rpsL,p.Lys88Arg,pyrazinamide,streptomycin,cross_class,1,8,1,0,7,352,inf,0.022222222222222223,True,lineage2,100.0,0.5330459770114944,False
katG|p.Ser315Thr,rpoB|p.His445Tyr,katG,p.Ser315Thr,rpoB,p.His445Tyr,isoniazid,rifampicin;rifapentine,cross_class,191,5,0,191,5,164,0.0,0.022085452392957432,False,,,0.5330459770114944,False
katG|p.Ser315Thr,pncA|p.Asp8Asn,katG,p.Ser315Thr,pncA,p.Asp8Asn,isoniazid,pyrazinamide,cross_class,191,5,0,191,5,164,0.0,0.022085452392957432,False,,,0.5330459770114944,False
inhA|c.-154G>A,rpoB|p.Gln432Lys,inhA,c.-154G>A,rpoB,p.Gln432Lys,ethionamide;isoniazid;prothionamide,rifampicin;rifapentine,cross_class,8,1,1,7,0,352,inf,0.022222222222222223,True,lineage2,100.0,0.5330459770114944,False
inhA|c.-154G>A,mmpR5|c.386delC,inhA,c.-154G>A,mmpR5,c.386delC,ethionamide;isoniazid;prothionamide,bedaquiline;clofazimine,cross_class,8,1,1,7,0,352,inf,0.022222222222222223,True,lineage2,100.0,0.5330459770114944,False
fbiC|c.930_931delAA,rpsL|p.Lys88Arg,fbiC,c.930_931delAA,rpsL,p.Lys88Arg,delamanid;pretomanid,streptomycin,cross_class,1,8,1,0,7,352,inf,0.022222222222222223,True,lineage2,100.0,0.5330459770114944,False
gyrA|p.Asp94Asn,katG|p.Ser315Thr,gyrA,p.Asp94Asn,katG,p.Ser315Thr,levofloxacin;moxifloxacin,isoniazid,cross_class,13,191,11,2,180,167,5.102777777777778,0.023210751747546724,False,lineage2,100.0,0.554368384013294,False
embB|p.Met306Ile,rpoB|p.Leu452Pro,embB,p.Met306Ile,rpoB,p.Leu452Pro,ethambutol,rifampicin;rifapentine,cross_class,166,10,1,165,9,185,0.12457912457912458,0.023451495283399765,False,lineage2,100.0,0.5577246634705969,False
fbiC|c.181_191delAGCGCCGCGCG,rpoB|p.Asp435Tyr,fbiC,c.181_191delAGCGCCGCGCG,rpoB,p.Asp435Tyr,delamanid;pretomanid,rifampicin;rifapentine,cross_class,1,9,1,0,8,351,inf,0.025,True,lineage2,100.0,0.5821129707112971,False
embB|p.Gly406Ala,rpoB|p.Asp435Tyr,embB,p.Gly406Ala,rpoB,p.Asp435Tyr,ethambutol,rifampicin;rifapentine,cross_class,1,9,1,0,8,351,inf,0.025,True,lineage2,100.0,0.5821129707112971,False
pncA|p.Thr47Ala,rpoB|p.Asp435Tyr,pncA,p.Thr47Ala,rpoB,p.Asp435Tyr,pyrazinamide,rifampicin;rifapentine,cross_class,1,9,1,0,8,351,inf,0.025,True,lineage2,100.0,0.5821129707112971,False
rpoB|p.Leu452Pro,rrs|n.514A>C,rpoB,p.Leu452Pro,rrs,n.514A>C,rifampicin;rifapentine,streptomycin,cross_class,10,164,1,9,163,187,0.1274710293115201,0.024587907737062962,False,lineage2,100.0,0.5821129707112971,False
eis|c.-14C>T,rpoB|p.Asp435Tyr,eis,c.-14C>T,rpoB,p.Asp435Tyr,amikacin;kanamycin,rifampicin;rifapentine,cross_class,1,9,1,0,8,351,inf,0.025,True,lineage2,100.0,0.5821129707112971,False
gyrA|p.Ala90Val,pncA|p.Cys14Arg,gyrA,p.Ala90Val,pncA,p.Cys14Arg,levofloxacin;moxifloxacin,pyrazinamide,cross_class,46,87,5,41,82,232,0.3450327186198691,0.026075372977461077,False,lineage2,100.0,0.6014259185568378,False
gyrA|p.Asp94Gly,rpoB|p.Val170Phe,gyrA,p.Asp94Gly,rpoB,p.Val170Phe,levofloxacin;moxifloxacin,rifampicin;rifapentine,cross_class,59,2,2,57,0,301,inf,0.026477870628288457,True,lineage2,100.0,0.6014259185568378,False
gyrA|p.Asp94Gly,rrs|n.1402C>T,gyrA,p.Asp94Gly,rrs,n.1402C>T,levofloxacin;moxifloxacin,amikacin;capreomycin;kanamycin,cross_class,59,2,2,57,0,301,inf,0.026477870628288457,True,lineage2,100.0,0.6014259185568378,False
ethA|c.871delC,gyrA|p.Asp94Gly,ethA,c.871delC,gyrA,p.Asp94Gly,ethionamide;prothionamide,levofloxacin;moxifloxacin,cross_class,2,59,2,0,57,301,inf,0.026477870628288457,True,lineage2,100.0,0.6014259185568378,False
mmpR5|c.424dupC,pncA|p.Ser104Arg,mmpR5,c.424dupC,pncA,p.Ser104Arg,bedaquiline;clofazimine,pyrazinamide,cross_class,14,7,2,12,5,341,11.366666666666667,0.026417975333152703,False,lineage2,100.0,0.6014259185568378,False
gyrA|p.Ser91Pro,rrs|n.1401A>G,gyrA,p.Ser91Pro,rrs,n.1401A>G,levofloxacin;moxifloxacin,amikacin;capreomycin;kanamycin,cross_class,47,85,5,42,80,233,0.34672619047619047,0.026358489742099523,False,lineage2,100.0,0.6014259185568378,False
katG|p.Ser315Asn,rrl|n.2814G>T,katG,p.Ser315Asn,rrl,n.2814G>T,isoniazid,linezolid,cross_class,5,2,1,4,1,354,88.5,0.027623026926648097,True,lineage2,100.0,0.6223568617279217,False
gyrB|p.Asn499Thr,pncA|p.Asp8Asn,gyrB,p.Asn499Thr,pncA,p.Asp8Asn,levofloxacin;moxifloxacin,pyrazinamide,cross_class,2,5,1,1,4,354,88.5,0.027623026926648097,True,lineage2,100.0,0.6223568617279217,False
inhA|c.-777C>T,rpoB|p.Ser450Leu,inhA,c.-777C>T,rpoB,p.Ser450Leu,ethionamide;isoniazid;prothionamide,rifampicin;rifapentine,cross_class,29,139,17,12,122,209,2.426912568306011,0.02784301820445232,False,lineage2,100.0,0.6247838560797466,False
gyrA|p.Asp94His,mmpR5|c.144dupC,gyrA,p.Asp94His,mmpR5,c.144dupC,levofloxacin;moxifloxacin,bedaquiline;clofazimine,cross_class,13,20,3,10,17,330,5.823529411764706,0.029407324394494647,False,lineage2,100.0,0.657235984961296,False
gyrA|p.Asp94Asn,rpsL|p.Lys88Arg,gyrA,p.Asp94Asn,rpsL,p.Lys88Arg,levofloxacin;moxifloxacin,streptomycin,cross_class,13,8,2,11,6,341,10.333333333333334,0.029856058465780405,False,lineage2,100.0,0.6593212911193174,False
gyrA|p.Ala90Val,mmpR5|c.139dupG,gyrA,p.Ala90Val,mmpR5,c.139dupG,levofloxacin;moxifloxacin,bedaquiline;clofazimine,cross_class,46,6,3,43,3,311,7.232558139534884,0.029675632267081017,False,lineage2,100.0,0.6593212911193174,False
inhA|c.-154G>A,mmpR5|c.198dupG,inhA,c.-154G>A,mmpR5,c.198dupG,ethionamide;isoniazid;prothionamide,bedaquiline;clofazimine,cross_class,8,13,2,6,11,341,10.333333333333334,0.029856058465780405,False,lineage2,100.0,0.6593212911193174,False
embB|p.Met306Val,katG|p.Ser315Thr,embB,p.Met306Val,katG,p.Ser315Thr,ethambutol,isoniazid,cross_class,23,191,7,16,184,153,0.36379076086956524,0.030376708135893146,False,lineage2,100.0,0.6681675129495863,False
mmpR5|p.Arg134*,rpoB|p.His445Asp,mmpR5,p.Arg134*,rpoB,p.His445Asp,bedaquiline;clofazimine,rifampicin;rifapentine,cross_class,1,11,1,0,10,349,inf,0.030555555555555558,True,lineage2,100.0,0.6694553805774278,False
gyrA|p.Gly88Cys,katG|p.Ser315Thr,gyrA,p.Gly88Cys,katG,p.Ser315Thr,levofloxacin;moxifloxacin,isoniazid,cross_class,6,191,6,0,185,169,inf,0.03168782082775673,False,lineage2,100.0,0.6888387613533836,False
katG|p.Ser315Thr,mmpR5|c.139dupG,katG,p.Ser315Thr,mmpR5,c.139dupG,isoniazid,bedaquiline;clofazimine,cross_class,191,6,6,185,0,169,inf,0.03168782082775673,False,lineage2,100.0,0.6888387613533836,False
embB|p.Met306Ile,rpoB|p.His445Asn,embB,p.Met306Ile,rpoB,p.His445Asn,ethambutol,rifampicin;rifapentine,cross_class,166,6,0,166,6,188,0.0,0.03276838755470034,False,,,0.7095567188401065,False
ethA|c.871delC,mmpR5|c.139dupG,ethA,c.871delC,mmpR5,c.139dupG,ethionamide;prothionamide,bedaquiline;clofazimine,cross_class,2,6,1,1,5,353,70.6,0.03310120705663881,True,lineage2,100.0,0.7139853382565697,False
gyrA|p.Gly88Cys,rpoB|p.Ser450Leu,gyrA,p.Gly88Cys,rpoB,p.Ser450Leu,levofloxacin;moxifloxacin,rifampicin;rifapentine,cross_class,6,139,5,1,134,220,8.208955223880597,0.033745311647765744,False,lineage2,100.0,0.7222794589223706,False
rpoB|p.His445Asn,rrs|n.514A>C,rpoB,p.His445Asn,rrs,n.514A>C,rifampicin;rifapentine,streptomycin,cross_class,6,164,0,6,164,190,0.0,0.0336365128684991,False,,,0.7222794589223706,False
gyrA|p.Ser91Pro,rpsL|p.Lys43Arg,gyrA,p.Ser91Pro,rpsL,p.Lys43Arg,levofloxacin;moxifloxacin,streptomycin,cross_class,47,26,0,47,26,287,0.0,0.034374629948950824,False,,,0.7329303282218825,False
embB|p.Gln497Lys,rpoB|p.Leu430Pro,embB,p.Gln497Lys,rpoB,p.Leu430Pro,ethambutol,rifampicin;rifapentine,cross_class,82,22,1,81,21,257,0.15108759553204,0.035216242916363515,False,lineage2,100.0,0.7480091291204694,False
fbiC|p.Trp161*,gyrA|p.Asp94Asn,fbiC,p.Trp161*,gyrA,p.Asp94Asn,delamanid;pretomanid,levofloxacin;moxifloxacin,cross_class,1,13,1,0,12,347,inf,0.036111111111111115,True,lineage2,100.0,0.7583333333333334,False
mmpR5|c.198dupG,mmpR5|p.Arg156*,mmpR5,c.198dupG,mmpR5,p.Arg156*,bedaquiline;clofazimine,bedaquiline;clofazimine,within_class,13,1,1,12,0,347,inf,0.036111111111111115,True,lineage2,100.0,0.7583333333333334,False
eis|c.-10G>A,mmpR5|c.198dupG,eis,c.-10G>A,mmpR5,c.198dupG,kanamycin,bedaquiline;clofazimine,cross_class,1,13,1,0,12,347,inf,0.036111111111111115,True,lineage2,100.0,0.7583333333333334,False
mmpR5|c.441_442delGA,pncA|c.517dupG,mmpR5,c.441_442delGA,pncA,c.517dupG,bedaquiline;clofazimine,pyrazinamide,cross_class,2,70,2,0,68,290,inf,0.03737233054781801,True,lineage2,100.0,0.7818684943556662,False
inhA|c.-779G>T,rpoB|p.His445Asp,inhA,c.-779G>T,rpoB,p.His445Asp,ethionamide;isoniazid;prothionamide,rifampicin;rifapentine,cross_class,105,11,0,105,11,244,0.0,0.038041157010521735,False,,,0.7901983019300518,False
mmpR5|c.198dupG,rpoB|p.Leu430Pro,mmpR5,c.198dupG,rpoB,p.Leu430Pro,bedaquiline;clofazimine,rifampicin;rifapentine,cross_class,13,22,3,10,19,328,5.178947368421053,0.03805447348018938,False,lineage2,100.0,0.7901983019300518,False
inhA|c.-779G>T,rpoB|p.Leu452Pro,inhA,c.-779G>T,rpoB,p.Leu452Pro,ethionamide;isoniazid;prothionamide,rifampicin;rifapentine,cross_class,105,10,0,105,10,245,0.0,0.03827258850600632,False,,,0.7917730670480491,False
pncA|p.Ser104Arg,rpoB|p.Asp435Gly,pncA,p.Ser104Arg,rpoB,p.Asp435Gly,pyrazinamide,rifampicin;rifapentine,cross_class,7,2,1,6,1,352,58.666666666666664,0.03856391210151656,True,lineage2,100.0,0.7948450772034802,False
mmpR5|c.321dupC,mmpR5|c.424dupC,mmpR5,c.321dupC,mmpR5,c.424dupC,bedaquiline;clofazimine,bedaquiline;clofazimine,within_class,1,14,1,0,13,346,inf,0.03888888888888889,True,lineage2,100.0,0.7985854858548586,False
mmpR5|c.441_442delGA,rpoB|p.Asp435Val,mmpR5,c.441_442delGA,rpoB,p.Asp435Val,bedaquiline;clofazimine,rifampicin;rifapentine,cross_class,2,73,2,0,71,287,inf,0.040668523676880224,True,lineage2,100.0,0.8320600524332297,False
gyrB|p.Glu501Asp,katG|p.Ser315Asn,gyrB,p.Glu501Asp,katG,p.Ser315Asn,levofloxacin;moxifloxacin,isoniazid,cross_class,3,5,1,2,4,353,44.125,0.041203710908119494,True,lineage2,100.0,0.8399217992808973,False
embB|p.Met306Ile,rpoB|p.Asp435Tyr,embB,p.Met306Ile,rpoB,p.Asp435Tyr,ethambutol,rifampicin;rifapentine,cross_class,166,9,1,165,8,186,0.1409090909090909,0.041789413863572725,False,lineage2,100.0,0.8487521465357015,False
rplC|p.Cys154Arg,rrs|n.1401A>G,rplC,p.Cys154Arg,rrs,n.1401A>G,linezolid,amikacin;capreomycin;kanamycin,cross_class,4,85,3,1,82,274,10.024390243902438,0.042407784918794704,True,lineage2,100.0,0.8581793566294273,False
inhA|c.-779G>T,pncA|p.Cys14Arg,inhA,c.-779G>T,pncA,p.Cys14Arg,ethionamide;isoniazid;prothionamide,pyrazinamide,cross_class,105,87,33,72,54,201,1.7060185185185186,0.04292263864707234,False,lineage2,100.0,0.8654510292425999,False
mmpR5|c.198dupG,rrs|n.514A>C,mmpR5,c.198dupG,rrs,n.514A>C,bedaquiline;clofazimine,streptomycin,cross_class,13,164,2,11,162,185,0.20763187429854096,0.043135545780356,False,lineage2,100.0,0.8666040154067911,False
gyrA|p.Asp94His,pncA|p.Cys14Arg,gyrA,p.Asp94His,pncA,p.Cys14Arg,levofloxacin;moxifloxacin,pyrazinamide,cross_class,13,87,0,13,87,260,0.0,0.04382592140426697,False,,,0.8773066640818191,False
gyrB|p.Asn499Thr,inhA|c.-154G>A,gyrB,p.Asn499Thr,inhA,c.-154G>A,levofloxacin;moxifloxacin,ethionamide;isoniazid;prothionamide,cross_class,2,8,1,1,7,351,50.142857142857146,0.044011142061281344,True,lineage2,100.0,0.8777008693202816,False
mmpR5|c.198dupG,rrs|n.1401A>G,mmpR5,c.198dupG,rrs,n.1401A>G,bedaquiline;clofazimine,amikacin;capreomycin;kanamycin,cross_class,13,85,0,13,85,262,0.0,0.044161050028693416,False,,,0.8777008693202816,False
embB|p.Gln497Lys,gyrA|p.Asp94His,embB,p.Gln497Lys,gyrA,p.Asp94His,ethambutol,levofloxacin;moxifloxacin,cross_class,82,13,0,82,13,265,0.0,0.04553476005408391,False,,,0.9017827035621956,False
mmpR5|c.198dupG,rpoB|p.Leu452Pro,mmpR5,c.198dupG,rpoB,p.Leu452Pro,bedaquiline;clofazimine,rifampicin;rifapentine,cross_class,13,10,2,11,8,339,7.704545454545454,0.046044987875084015,False,lineage2,100.0,0.9086537500880941,False
mmpR5|c.424dupC,rrs|n.1401A>G,mmpR5,c.424dupC,rrs,n.1401A>G,bedaquiline;clofazimine,amikacin;capreomycin;kanamycin,cross_class,14,85,0,14,85,261,0.0,0.04715409136233937,False,,,0.927252715305366,False
rpoB|p.Asp435Tyr,rrl|n.2814G>T,rpoB,p.Asp435Tyr,rrl,n.2814G>T,rifampicin;rifapentine,linezolid,cross_class,9,2,1,8,1,350,43.75,0.04944289693593315,True,lineage2,100.0,0.9688370473537605,False
rrs|n.1401A>G,tlyA|c.388dupG,rrs,n.1401A>G,tlyA,c.388dupG,amikacin;capreomycin;kanamycin,capreomycin,within_class,85,1,0,85,1,274,0.0,1.0,True,,,1.0,False
rrs|n.1401A>G,rrs|n.517C>T,rrs,n.1401A>G,rrs,n.517C>T,amikacin;capreomycin;kanamycin,streptomycin,cross_class,85,2,0,85,2,273,0.0,1.0,True,,,1.0,False
rrs|n.1401A>G,rrs|n.1402C>T,rrs,n.1401A>G,rrs,n.1402C>T,amikacin;capreomycin;kanamycin,amikacin;capreomycin;kanamycin,within_class,85,2,0,85,2,273,0.0,1.0,True,,,1.0,False
rrl|n.2814G>T,tlyA|c.585_588delTGGG,rrl,n.2814G>T,tlyA,c.585_588delTGGG,linezolid,capreomycin,cross_class,2,30,0,2,30,328,0.0,1.0,True,,,1.0,False
rrl|n.2814G>T,tlyA|c.388dupG,rrl,n.2814G>T,tlyA,c.388dupG,linezolid,capreomycin,cross_class,2,1,0,2,1,357,0.0,1.0,True,,,1.0,False
rrl|n.2814G>T,rrs|n.517C>T,rrl,n.2814G>T,rrs,n.517C>T,linezolid,streptomycin,cross_class,2,2,0,2,2,356,0.0,1.0,True,,,1.0,False
rrl|n.2814G>T,rrs|n.514A>C,rrl,n.2814G>T,rrs,n.514A>C,linezolid,streptomycin,cross_class,2,164,1,1,163,195,1.196319018404908,1.0,True,lineage2,100.0,1.0,False
rrl|n.2814G>T,rrs|n.1402C>T,rrl,n.2814G>T,rrs,n.1402C>T,linezolid,amikacin;capreomycin;kanamycin,cross_class,2,2,0,2,2,356,0.0,1.0,True,,,1.0,False
rrl|n.2814G>T,rrs|n.1401A>G,rrl,n.2814G>T,rrs,n.1401A>G,linezolid,amikacin;capreomycin;kanamycin,cross_class,2,85,0,2,85,273,0.0,1.0,True,,,1.0,False
rrl|n.2270G>T,tlyA|c.585_588delTGGG,rrl,n.2270G>T,tlyA,c.585_588delTGGG,linezolid,capreomycin,cross_class,2,30,0,2,30,328,0.0,1.0,True,,,1.0,False
rrl|n.2270G>T,tlyA|c.388dupG,rrl,n.2270G>T,tlyA,c.388dupG,linezolid,capreomycin,cross_class,2,1,0,2,1,357,0.0,1.0,True,,,1.0,False
rrl|n.2270G>T,rrs|n.517C>T,rrl,n.2270G>T,rrs,n.517C>T,linezolid,streptomycin,cross_class,2,2,0,2,2,356,0.0,1.0,True,,,1.0,False
rrl|n.2270G>T,rrs|n.514A>C,rrl,n.2270G>T,rrs,n.514A>C,linezolid,streptomycin,cross_class,2,164,2,0,162,196,inf,0.20683998761993191,True,lineage2,100.0,1.0,False
rrl|n.2270G>T,rrs|n.1402C>T,rrl,n.2270G>T,rrs,n.1402C>T,linezolid,amikacin;capreomycin;kanamycin,cross_class,2,2,0,2,2,356,0.0,1.0,True,,,1.0,False
rrl|n.2270G>T,rrs|n.1401A>G,rrl,n.2270G>T,rrs,n.1401A>G,linezolid,amikacin;capreomycin;kanamycin,cross_class,2,85,1,1,84,274,3.261904761904762,0.41697616836892604,True,lineage2,100.0,1.0,False
atpE|p.Glu61Asp,fbiC|p.Trp161*,atpE,p.Glu61Asp,fbiC,p.Trp161*,bedaquiline,delamanid;pretomanid,cross_class,1,1,0,1,1,358,0.0,1.0,True,,,1.0,False
atpE|p.Glu61Asp,fbiC|c.930_931delAA,atpE,p.Glu61Asp,fbiC,c.930_931delAA,bedaquiline,delamanid;pretomanid,cross_class,1,1,0,1,1,358,0.0,1.0,True,,,1.0,False
atpE|p.Glu61Asp,fbiC|c.181_191delAGCGCCGCGCG,atpE,p.Glu61Asp,fbiC,c.181_191delAGCGCCGCGCG,bedaquiline,delamanid;pretomanid,cross_class,1,1,0,1,1,358,0.0,1.0,True,,,1.0,False
atpE|p.Glu61Asp,fbiC|c.1481_1511delATGTGCTTGCCGCCCTGCGATCGGCGGAGCG,atpE,p.Glu61Asp,fbiC,c.1481_1511delATGTGCTTGCCGCCCTGCGATCGGCGGAGCG,bedaquiline,delamanid;pretomanid,cross_class,1,1,0,1,1,358,0.0,1.0,True,,,1.0,False
atpE|p.Glu61Asp,fbiA|c.373dupC,atpE,p.Glu61Asp,fbiA,c.373dupC,bedaquiline,delamanid;pretomanid,cross_class,1,1,0,1,1,358,0.0,1.0,True,,,1.0,False
atpE|p.Glu61Asp,ethA|c.871delC,atpE,p.Glu61Asp,ethA,c.871delC,bedaquiline,ethionamide;prothionamide,cross_class,1,2,0,1,2,357,0.0,1.0,True,,,1.0,False
atpE|p.Glu61Asp,ethA|c.65delA,atpE,p.Glu61Asp,ethA,c.65delA,bedaquiline,ethionamide;prothionamide,cross_class,1,1,0,1,1,358,0.0,1.0,True,,,1.0,False
atpE|p.Glu61Asp,ethA|c.1047delT,atpE,p.Glu61Asp,ethA,c.1047delT,bedaquiline,ethionamide;prothionamide,cross_class,1,1,0,1,1,358,0.0,1.0,True,,,1.0,False
atpE|p.Glu61Asp,embB|p.Tyr319Ser,atpE,p.Glu61Asp,embB,p.Tyr319Ser,bedaquiline,ethambutol,cross_class,1,1,0,1,1,358,0.0,1.0,True,,,1.0,False
atpE|p.Glu61Asp,embB|p.Met306Val,atpE,p.Glu61Asp,embB,p.Met306Val,bedaquiline,ethambutol,cross_class,1,23,0,1,23,336,0.0,1.0,True,,,1.0,False
atpE|p.Glu61Asp,embB|p.Met306Leu,atpE,p.Glu61Asp,embB,p.Met306Leu,bedaquiline,ethambutol,cross_class,1,1,0,1,1,358,0.0,1.0,True,,,1.0,False
atpE|p.Glu61Asp,embB|p.Met306Ile,atpE,p.Glu61Asp,embB,p.Met306Ile,bedaquiline,ethambutol,cross_class,1,166,0,1,166,193,0.0,1.0,True,,,1.0,False
atpE|p.Glu61Asp,embB|p.Gly406Asp,atpE,p.Glu61Asp,embB,p.Gly406Asp,bedaquiline,ethambutol,cross_class,1,3,0,1,3,356,0.0,1.0,True,,,1.0,False
atpE|p.Glu61Asp,embB|p.Gly406Ala,atpE,p.Glu61Asp,embB,p.Gly406Ala,bedaquiline,ethambutol,cross_class,1,1,0,1,1,358,0.0,1.0,True,,,1.0,False
atpE|p.Glu61Asp,embB|p.Gln497Lys,atpE,p.Glu61Asp,embB,p.Gln497Lys,bedaquiline,ethambutol,cross_class,1,82,0,1,82,277,0.0,1.0,True,,,1.0,False
atpE|p.Glu61Asp,eis|c.-14C>T,atpE,p.Glu61Asp,eis,c.-14C>T,bedaquiline,amikacin;kanamycin,cross_class,1,1,0,1,1,358,0.0,1.0,True,,,1.0,False
eis|c.-14C>T,ethA|c.871delC,eis,c.-14C>T,ethA,c.871delC,amikacin;kanamycin,ethionamide;prothionamide,cross_class,1,2,0,1,2,357,0.0,1.0,True,,,1.0,False
eis|c.-14C>T,ethA|c.65delA,eis,c.-14C>T,ethA,c.65delA,amikacin;kanamycin,ethionamide;prothionamide,cross_class,1,1,0,1,1,358,0.0,1.0,True,,,1.0,False
eis|c.-14C>T,ethA|c.1047delT,eis,c.-14C>T,ethA,c.1047delT,amikacin;kanamycin,ethionamide;prothionamide,cross_class,1,1,0,1,1,358,0.0,1.0,True,,,1.0,False
eis|c.-14C>T,embB|p.Tyr319Ser,eis,c.-14C>T,embB,p.Tyr319Ser,amikacin;kanamycin,ethambutol,cross_class,1,1,0,1,1,358,0.0,1.0,True,,,1.0,False
eis|c.-14C>T,embB|p.Met306Val,eis,c.-14C>T,embB,p.Met306Val,amikacin;kanamycin,ethambutol,cross_class,1,23,0,1,23,336,0.0,1.0,True,,,1.0,False
eis|c.-14C>T,embB|p.Met306Leu,eis,c.-14C>T,embB,p.Met306Leu,amikacin;kanamycin,ethambutol,cross_class,1,1,0,1,1,358,0.0,1.0,True,,,1.0,False
eis|c.-14C>T,embB|p.Met306Ile,eis,c.-14C>T,embB,p.Met306Ile,amikacin;kanamycin,ethambutol,cross_class,1,166,0,1,166,193,0.0,1.0,True,,,1.0,False
eis|c.-14C>T,embB|p.Gly406Asp,eis,c.-14C>T,embB,p.Gly406Asp,amikacin;kanamycin,ethambutol,cross_class,1,3,0,1,3,356,0.0,1.0,True,,,1.0,False
eis|c.-14C>T,embB|p.Gly406Ala,eis,c.-14C>T,embB,p.Gly406Ala,amikacin;kanamycin,ethambutol,cross_class,1,1,0,1,1,358,0.0,1.0,True,,,1.0,False
eis|c.-14C>T,embB|p.Gln497Lys,eis,c.-14C>T,embB,p.Gln497Lys,amikacin;kanamycin,ethambutol,cross_class,1,82,0,1,82,277,0.0,1.0,True,,,1.0,False
eis|c.-10G>A,tlyA|c.585_588delTGGG,eis,c.-10G>A,tlyA,c.585_588delTGGG,kanamycin,capreomycin,cross_class,1,30,0,1,30,329,0.0,1.0,True,,,1.0,False
eis|c.-10G>A,tlyA|c.388dupG,eis,c.-10G>A,tlyA,c.388dupG,kanamycin,capreomycin,cross_class,1,1,0,1,1,358,0.0,1.0,True,,,1.0,False
eis|c.-10G>A,rrs|n.514A>C,eis,c.-10G>A,rrs,n.514A>C,kanamycin,streptomycin,cross_class,1,164,0,1,164,195,0.0,1.0,True,,,1.0,False
eis|c.-10G>A,rrs|n.1402C>T,eis,c.-10G>A,rrs,n.1402C>T,kanamycin,amikacin;capreomycin;kanamycin,within_class,1,2,0,1,2,357,0.0,1.0,True,,,1.0,False
eis|c.-10G>A,rrs|n.1401A>G,eis,c.-10G>A,rrs,n.1401A>G,kanamycin,amikacin;capreomycin;kanamycin,within_class,1,85,0,1,85,274,0.0,1.0,True,,,1.0,False
eis|c.-14C>T,gyrB|p.Asn499Thr,eis,c.-14C>T,gyrB,p.Asn499Thr,amikacin;kanamycin,levofloxacin;moxifloxacin,cross_class,1,2,0,1,2,357,0.0,1.0,True,,,1.0,False
eis|c.-14C>T,gyrA|p.Ser91Pro,eis,c.-14C>T,gyrA,p.Ser91Pro,amikacin;kanamycin,levofloxacin;moxifloxacin,cross_class,1,47,0,1,47,312,0.0,1.0,True,,,1.0,False
eis|c.-14C>T,gyrA|p.Gly88Cys,eis,c.-14C>T,gyrA,p.Gly88Cys,amikacin;kanamycin,levofloxacin;moxifloxacin,cross_class,1,6,0,1,6,353,0.0,1.0,True,,,1.0,False
eis|c.-14C>T,gyrA|p.Asp94Tyr,eis,c.-14C>T,gyrA,p.Asp94Tyr,amikacin;kanamycin,levofloxacin;moxifloxacin,cross_class,1,3,0,1,3,356,0.0,1.0,True,,,1.0,False
eis|c.-14C>T,gyrA|p.Asp94His,eis,c.-14C>T,gyrA,p.Asp94His,amikacin;kanamycin,levofloxacin;moxifloxacin,cross_class,1,13,0,1,13,346,0.0,1.0,True,,,1.0,False
eis|c.-14C>T,gyrA|p.Asp94Gly,eis,c.-14C>T,gyrA,p.Asp94Gly,amikacin;kanamycin,levofloxacin;moxifloxacin,cross_class,1,59,0,1,59,300,0.0,1.0,True,,,1.0,False
eis|c.-14C>T,gyrA|p.Asp94Asn,eis,c.-14C>T,gyrA,p.Asp94Asn,amikacin;kanamycin,levofloxacin;moxifloxacin,cross_class,1,13,0,1,13,346,0.0,1.0,True,,,1.0,False
eis|c.-14C>T,gyrA|p.Asp94Ala,eis,c.-14C>T,gyrA,p.Asp94Ala,amikacin;kanamycin,levofloxacin;moxifloxacin,cross_class,1,5,0,1,5,354,0.0,1.0,True,,,1.0,False
eis|c.-14C>T,gyrA|p.Ala90Val,eis,c.-14C>T,gyrA,p.Ala90Val,amikacin;kanamycin,levofloxacin;moxifloxacin,cross_class,1,46,0,1,46,313,0.0,1.0,True,,,1.0,False
eis|c.-14C>T,fbiC|p.Tyr104*,eis,c.-14C>T,fbiC,p.Tyr104*,amikacin;kanamycin,delamanid;pretomanid,cross_class,1,1,0,1,1,358,0.0,1.0,True,,,1.0,False
eis|c.-14C>T,fbiC|p.Trp444*,eis,c.-14C>T,fbiC,p.Trp444*,amikacin;kanamycin,delamanid;pretomanid,cross_class,1,1,0,1,1,358,0.0,1.0,True,,,1.0,False
eis|c.-14C>T,fbiC|p.Trp161*,eis,c.-14C>T,fbiC,p.Trp161*,amikacin;kanamycin,delamanid;pretomanid,cross_class,1,1,0,1,1,358,0.0,1.0,True,,,1.0,False
eis|c.-14C>T,fbiC|c.930_931delAA,eis,c.-14C>T,fbiC,c.930_931delAA,amikacin;kanamycin,delamanid;pretomanid,cross_class,1,1,0,1,1,358,0.0,1.0,True,,,1.0,False
eis|c.-14C>T,fbiC|c.181_191delAGCGCCGCGCG,eis,c.-14C>T,fbiC,c.181_191delAGCGCCGCGCG,amikacin;kanamycin,delamanid;pretomanid,cross_class,1,1,0,1,1,358,0.0,1.0,True,,,1.0,False
eis|c.-14C>T,fbiC|c.1481_1511delATGTGCTTGCCGCCCTGCGATCGGCGGAGCG,eis,c.-14C>T,fbiC,c.1481_1511delATGTGCTTGCCGCCCTGCGATCGGCGGAGCG,amikacin;kanamycin,delamanid;pretomanid,cross_class,1,1,0,1,1,358,0.0,1.0,True,,,1.0,False
eis|c.-14C>T,fbiA|c.373dupC,eis,c.-14C>T,fbiA,c.373dupC,amikacin;kanamycin,delamanid;pretomanid,cross_class,1,1,0,1,1,358,0.0,1.0,True,,,1.0,False
eis|c.-14C>T,mmpR5|c.198dupG,eis,c.-14C>T,mmpR5,c.198dupG,amikacin;kanamycin,bedaquiline;clofazimine,cross_class,1,13,0,1,13,346,0.0,1.0,True,,,1.0,False
eis|c.-14C>T,mmpR5|c.198delG,eis,c.-14C>T,mmpR5,c.198delG,amikacin;kanamycin,bedaquiline;clofazimine,cross_class,1,1,0,1,1,358,0.0,1.0,True,,,1.0,False
eis|c.-14C>T,mmpR5|c.144dupC,eis,c.-14C>T,mmpR5,c.144dupC,amikacin;kanamycin,bedaquiline;clofazimine,cross_class,1,20,0,1,20,339,0.0,1.0,True,,,1.0,False
eis|c.-14C>T,mmpR5|c.144delC,eis,c.-14C>T,mmpR5,c.144delC,amikacin;kanamycin,bedaquiline;clofazimine,cross_class,1,1,0,1,1,358,0.0,1.0,True,,,1.0,False
eis|c.-14C>T,mmpR5|c.141_142dupTC,eis,c.-14C>T,mmpR5,c.141_142dupTC,amikacin;kanamycin,bedaquiline;clofazimine,cross_class,1,2,0,1,2,357,0.0,1.0,True,,,1.0,False
eis|c.-14C>T,mmpR5|c.139dupG,eis,c.-14C>T,mmpR5,c.139dupG,amikacin;kanamycin,bedaquiline;clofazimine,cross_class,1,6,0,1,6,353,0.0,1.0,True,,,1.0,False
eis|c.-14C>T,mmpR5|c.139_140dupGA,eis,c.-14C>T,mmpR5,c.139_140dupGA,amikacin;kanamycin,bedaquiline;clofazimine,cross_class,1,1,0,1,1,358,0.0,1.0,True,,,1.0,False
eis|c.-14C>T,katG|p.Ser315Thr,eis,c.-14C>T,katG,p.Ser315Thr,amikacin;kanamycin,isoniazid,cross_class,1,191,1,0,190,169,inf,1.0,True,lineage2,100.0,1.0,False
eis|c.-14C>T,katG|p.Ser315Asn,eis,c.-14C>T,katG,p.Ser315Asn,amikacin;kanamycin,isoniazid,cross_class,1,5,0,1,5,354,0.0,1.0,True,,,1.0,False
eis|c.-14C>T,katG|c.18delA,eis,c.-14C>T,katG,c.18delA,amikacin;kanamycin,isoniazid,cross_class,1,1,0,1,1,358,0.0,1.0,True,,,1.0,False
eis|c.-14C>T,katG|c.117delG,eis,c.-14C>T,katG,c.117delG,amikacin;kanamycin,isoniazid,cross_class,1,1,0,1,1,358,0.0,1.0,True,,,1.0,False
eis|c.-14C>T,inhA|c.-779G>T,eis,c.-14C>T,inhA,c.-779G>T,amikacin;kanamycin,ethionamide;isoniazid;prothionamide,cross_class,1,105,0,1,105,254,0.0,1.0,True,,,1.0,False
eis|c.-14C>T,inhA|c.-777C>T,eis,c.-14C>T,inhA,c.-777C>T,amikacin;kanamycin,ethionamide;isoniazid;prothionamide,cross_class,1,29,0,1,29,330,0.0,1.0,True,,,1.0,False
eis|c.-14C>T,inhA|c.-154G>A,eis,c.-14C>T,inhA,c.-154G>A,amikacin;kanamycin,ethionamide;isoniazid;prothionamide,cross_class,1,8,0,1,8,351,0.0,1.0,True,,,1.0,False
eis|c.-14C>T,gyrB|p.Glu501Asp,eis,c.-14C>T,gyrB,p.Glu501Asp,amikacin;kanamycin,levofloxacin;moxifloxacin,cross_class,1,3,0,1,3,356,0.0,1.0,True,,,1.0,False
eis|c.-14C>T,gyrB|p.Asp461Asn,eis,c.-14C>T,gyrB,p.Asp461Asn,amikacin;kanamycin,levofloxacin;moxifloxacin,cross_class,1,1,0,1,1,358,0.0,1.0,True,,,1.0,False
eis|c.-14C>T,mmpR5|p.Ile67Ser,eis,c.-14C>T,mmpR5,p.Ile67Ser,amikacin;kanamycin,bedaquiline;clofazimine,cross_class,1,2,0,1,2,357,0.0,1.0,True,,,1.0,False
eis|c.-14C>T,mmpR5|p.Gly121Arg,eis,c.-14C>T,mmpR5,p.Gly121Arg,amikacin;kanamycin,bedaquiline;clofazimine,cross_class,1,1,0,1,1,358,0.0,1.0,True,,,1.0,False
eis|c.-14C>T,mmpR5|p.Gln76*,eis,c.-14C>T,mmpR5,p.Gln76*,amikacin;kanamycin,bedaquiline;clofazimine,cross_class,1,2,0,1,2,357,0.0,1.0,True,,,1.0,False
eis|c.-14C>T,mmpR5|p.Asn70Asp,eis,c.-14C>T,mmpR5,p.Asn70Asp,amikacin;kanamycin,bedaquiline;clofazimine,cross_class,1,1,0,1,1,358,0.0,1.0,True,,,1.0,False
eis|c.-14C>T,mmpR5|p.Arg156*,eis,c.-14C>T,mmpR5,p.Arg156*,amikacin;kanamycin,bedaquiline;clofazimine,cross_class,1,1,0,1,1,358,0.0,1.0,True,,,1.0,False
eis|c.-14C>T,mmpR5|p.Arg134*,eis,c.-14C>T,mmpR5,p.Arg134*,amikacin;kanamycin,bedaquiline;clofazimine,cross_class,1,1,0,1,1,358,0.0,1.0,True,,,1.0,False
eis|c.-14C>T,mmpR5|c.466dupC,eis,c.-14C>T,mmpR5,c.466dupC,amikacin;kanamycin,bedaquiline;clofazimine,cross_class,1,1,0,1,1,358,0.0,1.0,True,,,1.0,False
eis|c.-14C>T,mmpR5|c.441_442delGA,eis,c.-14C>T,mmpR5,c.441_442delGA,amikacin;kanamycin,bedaquiline;clofazimine,cross_class,1,2,0,1,2,357,0.0,1.0,True,,,1.0,False
eis|c.-14C>T,mmpR5|c.430dupG,eis,c.-14C>T,mmpR5,c.430dupG,amikacin;kanamycin,bedaquiline;clofazimine,cross_class,1,1,0,1,1,358,0.0,1.0,True,,,1.0,False
eis|c.-14C>T,mmpR5|c.424dupC,eis,c.-14C>T,mmpR5,c.424dupC,amikacin;kanamycin,bedaquiline;clofazimine,cross_class,1,14,0,1,14,345,0.0,1.0,True,,,1.0,False
eis|c.-14C>T,mmpR5|c.386delC,eis,c.-14C>T,mmpR5,c.386delC,amikacin;kanamycin,bedaquiline;clofazimine,cross_class,1,1,0,1,1,358,0.0,1.0,True,,,1.0,False
eis|c.-14C>T,mmpR5|c.366dupG,eis,c.-14C>T,mmpR5,c.366dupG,amikacin;kanamycin,bedaquiline;clofazimine,cross_class,1,1,0,1,1,358,0.0,1.0,True,,,1.0,False
eis|c.-14C>T,mmpR5|c.321dupC,eis,c.-14C>T,mmpR5,c.321dupC,amikacin;kanamycin,bedaquiline;clofazimine,cross_class,1,1,0,1,1,358,0.0,1.0,True,,,1.0,False
eis|c.-14C>T,mmpR5|c.291delC,eis,c.-14C>T,mmpR5,c.291delC,amikacin;kanamycin,bedaquiline;clofazimine,cross_class,1,1,0,1,1,358,0.0,1.0,True,,,1.0,False
eis|c.-14C>T,mmpR5|c.214delC,eis,c.-14C>T,mmpR5,c.214delC,amikacin;kanamycin,bedaquiline;clofazimine,cross_class,1,1,0,1,1,358,0.0,1.0,True,,,1.0,False
eis|c.-14C>T,mmpR5|c.19delG,eis,c.-14C>T,mmpR5,c.19delG,amikacin;kanamycin,bedaquiline;clofazimine,cross_class,1,1,0,1,1,358,0.0,1.0,True,,,1.0,False
eis|c.-14C>T,rplC|p.Cys154Arg,eis,c.-14C>T,rplC,p.Cys154Arg,amikacin;kanamycin,linezolid,cross_class,1,4,0,1,4,355,0.0,1.0,True,,,1.0,False
eis|c.-14C>T,pncA|p.Val180Phe,eis,c.-14C>T,pncA,p.Val180Phe,amikacin;kanamycin,pyrazinamide,cross_class,1,1,0,1,1,358,0.0,1.0,True,,,1.0,False
eis|c.-14C>T,pncA|p.Val139Gly,eis,c.-14C>T,pncA,p.Val139Gly,amikacin;kanamycin,pyrazinamide,cross_class,1,1,0,1,1,358,0.0,1.0,True,,,1.0,False
eis|c.-14C>T,pncA|p.Thr47Ala,eis,c.-14C>T,pncA,p.Thr47Ala,amikacin;kanamycin,pyrazinamide,cross_class,1,1,0,1,1,358,0.0,1.0,True,,,1.0,False
eis|c.-14C>T,pncA|p.Ser104Arg,eis,c.-14C>T,pncA,p.Ser104Arg,amikacin;kanamycin,pyrazinamide,cross_class,1,7,0,1,7,352,0.0,1.0,True,,,1.0,False
eis|c.-14C>T,pncA|p.Ile31Ser,eis,c.-14C>T,pncA,p.Ile31Ser,amikacin;kanamycin,pyrazinamide,cross_class,1,1,0,1,1,358,0.0,1.0,True,,,1.0,False
eis|c.-14C>T,pncA|p.Gln141Pro,eis,c.-14C>T,pncA,p.Gln141Pro,amikacin;kanamycin,pyrazinamide,cross_class,1,1,0,1,1,358,0.0,1.0,True,,,1.0,False
eis|c.-14C>T,pncA|p.Cys14Arg,eis,c.-14C>T,pncA,p.Cys14Arg,amikacin;kanamycin,pyrazinamide,cross_class,1,87,0,1,87,272,0.0,1.0,True,,,1.0,False
eis|c.-14C>T,pncA|p.Asp8Asn,eis,c.-14C>T,pncA,p.Asp8Asn,amikacin;kanamycin,pyrazinamide,cross_class,1,5,0,1,5,354,0.0,1.0,True,,,1.0,False
eis|c.-14C>T,pncA|p.Ala146Thr,eis,c.-14C>T,pncA,p.Ala146Thr,amikacin;kanamycin,pyrazinamide,cross_class,1,2,0,1,2,357,0.0,1.0,True,,,1.0,False
eis|c.-14C>T,pncA|c.517dupG,eis,c.-14C>T,pncA,c.517dupG,amikacin;kanamycin,pyrazinamide,cross_class,1,70,0,1,70,289,0.0,1.0,True,,,1.0,False
eis|c.-14C>T,pncA|c.459_466delCAGGGTGC,eis,c.-14C>T,pncA,c.459_466delCAGGGTGC,amikacin;kanamycin,pyrazinamide,cross_class,1,1,0,1,1,358,0.0,1.0,True,,,1.0,False
eis|c.-14C>T,pncA|c.393dupC,eis,c.-14C>T,pncA,c.393dupC,amikacin;kanamycin,pyrazinamide,cross_class,1,1,0,1,1,358,0.0,1.0,True,,,1.0,False
eis|c.-14C>T,pncA|c.169delC,eis,c.-14C>T,pncA,c.169delC,amikacin;kanamycin,pyrazinamide,cross_class,1,1,0,1,1,358,0.0,1.0,True,,,1.0,False
eis|c.-14C>T,mmpR5|p.Val1?,eis,c.-14C>T,mmpR5,p.Val1?,amikacin;kanamycin,bedaquiline;clofazimine,cross_class,1,1,0,1,1,358,0.0,1.0,True,,,1.0,False
eis|c.-14C>T,mmpR5|p.Tyr145*,eis,c.-14C>T,mmpR5,p.Tyr145*,amikacin;kanamycin,bedaquiline;clofazimine,cross_class,1,2,0,1,2,357,0.0,1.0,True,,,1.0,False
eis|c.-14C>T,rpoB|p.Leu452Pro,eis,c.-14C>T,rpoB,p.Leu452Pro,amikacin;kanamycin,rifampicin;rifapentine,cross_class,1,10,0,1,10,349,0.0,1.0,True,,,1.0,False
eis|c.-14C>T,rpoB|p.Leu430Pro,eis,c.-14C>T,rpoB,p.Leu430Pro,amikacin;kanamycin,rifampicin;rifapentine,cross_class,1,22,0,1,22,337,0.0,1.0,True,,,1.0,False
eis|c.-14C>T,rpoB|p.Ile491Phe,eis,c.-14C>T,rpoB,p.Ile491Phe,amikacin;kanamycin,rifampicin;rifapentine,cross_class,1,1,0,1,1,358,0.0,1.0,True,,,1.0,False
eis|c.-14C>T,rpoB|p.His445Tyr,eis,c.-14C>T,rpoB,p.His445Tyr,amikacin;kanamycin,rifampicin;rifapentine,cross_class,1,5,0,1,5,354,0.0,1.0,True,,,1.0,False
eis|c.-14C>T,rpoB|p.His445Leu,eis,c.-14C>T,rpoB,p.His445Leu,amikacin;kanamycin,rifampicin;rifapentine,cross_class,1,1,0,1,1,358,0.0,1.0,True,,,1.0,False
eis|c.-14C>T,rpoB|p.His445Asp,eis,c.-14C>T,rpoB,p.His445Asp,amikacin;kanamycin,rifampicin;rifapentine,cross_class,1,11,0,1,11,348,0.0,1.0,True,,,1.0,False
eis|c.-14C>T,rpoB|p.His445Asn,eis,c.-14C>T,rpoB,p.His445Asn,amikacin;kanamycin,rifampicin;rifapentine,cross_class,1,6,0,1,6,353,0.0,1.0,True,,,1.0,False
eis|c.-14C>T,rpoB|p.Gln432Lys,eis,c.-14C>T,rpoB,p.Gln432Lys,amikacin;kanamycin,rifampicin;rifapentine,cross_class,1,1,0,1,1,358,0.0,1.0,True,,,1.0,False
eis|c.-14C>T,rpoB|p.Asp435Val,eis,c.-14C>T,rpoB,p.Asp435Val,amikacin;kanamycin,rifampicin;rifapentine,cross_class,1,73,0,1,73,286,0.0,1.0,True,,,1.0,False
eis|c.-14C>T,rpoB|p.Asp435Gly,eis,c.-14C>T,rpoB,p.Asp435Gly,amikacin;kanamycin,rifampicin;rifapentine,cross_class,1,2,0,1,2,357,0.0,1.0,True,,,1.0,False
eis|c.-14C>T,rpoB|p.Asp435Ala,eis,c.-14C>T,rpoB,p.Asp435Ala,amikacin;kanamycin,rifampicin;rifapentine,cross_class,1,1,0,1,1,358,0.0,1.0,True,,,1.0,False
eis|c.-14C>T,rpoB|p.Asn437Ser,eis,c.-14C>T,rpoB,p.Asn437Ser,amikacin;kanamycin,rifampicin;rifapentine,cross_class,1,2,0,1,2,357,0.0,1.0,True,,,1.0,False
eis|c.-14C>T,rpoB|p.Ala451Val,eis,c.-14C>T,rpoB,p.Ala451Val,amikacin;kanamycin,rifampicin;rifapentine,cross_class,1,3,0,1,3,356,0.0,1.0,True,,,1.0,False
eis|c.-14C>T,rpoB|c.1296_1304delATTCATGGA,eis,c.-14C>T,rpoB,c.1296_1304delATTCATGGA,amikacin;kanamycin,rifampicin;rifapentine,cross_class,1,2,0,1,2,357,0.0,1.0,True,,,1.0,False
eis|c.-14C>T,rpoB|c.1294_1299delCAATTC,eis,c.-14C>T,rpoB,c.1294_1299delCAATTC,amikacin;kanamycin,rifampicin;rifapentine,cross_class,1,1,0,1,1,358,0.0,1.0,True,,,1.0,False
embB|p.Gln497Lys,embB|p.Met306Leu,embB,p.Gln497Lys,embB,p.Met306Leu,ethambutol,ethambutol,within_class,82,1,0,82,1,277,0.0,1.0,True,,,1.0,False
embB|p.Gln497Lys,embB|p.Gly406Asp,embB,p.Gln497Lys,embB,p.Gly406Asp,ethambutol,ethambutol,within_class,82,3,0,82,3,275,0.0,1.0,True,,,1.0,False
embB|p.Gln497Lys,embB|p.Gly406Ala,embB,p.Gln497Lys,embB,p.Gly406Ala,ethambutol,ethambutol,within_class,82,1,0,82,1,277,0.0,1.0,True,,,1.0,False
eis|c.-14C>T,tlyA|c.585_588delTGGG,eis,c.-14C>T,tlyA,c.585_588delTGGG,amikacin;kanamycin,capreomycin,cross_class,1,30,0,1,30,329,0.0,1.0,True,,,1.0,False
eis|c.-14C>T,tlyA|c.388dupG,eis,c.-14C>T,tlyA,c.388dupG,amikacin;kanamycin,capreomycin,cross_class,1,1,0,1,1,358,0.0,1.0,True,,,1.0,False
eis|c.-14C>T,rrs|n.517C>T,eis,c.-14C>T,rrs,n.517C>T,amikacin;kanamycin,streptomycin,cross_class,1,2,0,1,2,357,0.0,1.0,True,,,1.0,False
eis|c.-14C>T,rrs|n.514A>C,eis,c.-14C>T,rrs,n.514A>C,amikacin;kanamycin,streptomycin,cross_class,1,164,0,1,164,195,0.0,1.0,True,,,1.0,False
eis|c.-14C>T,rrs|n.1402C>T,eis,c.-14C>T,rrs,n.1402C>T,amikacin;kanamycin,amikacin;capreomycin;kanamycin,within_class,1,2,0,1,2,357,0.0,1.0,True,,,1.0,False
eis|c.-14C>T,rrs|n.1401A>G,eis,c.-14C>T,rrs,n.1401A>G,amikacin;kanamycin,amikacin;capreomycin;kanamycin,within_class,1,85,0,1,85,274,0.0,1.0,True,,,1.0,False
eis|c.-14C>T,rrl|n.2814G>T,eis,c.-14C>T,rrl,n.2814G>T,amikacin;kanamycin,linezolid,cross_class,1,2,0,1,2,357,0.0,1.0,True,,,1.0,False
eis|c.-14C>T,rrl|n.2270G>T,eis,c.-14C>T,rrl,n.2270G>T,amikacin;kanamycin,linezolid,cross_class,1,2,0,1,2,357,0.0,1.0,True,,,1.0,False
eis|c.-14C>T,rpsL|p.Lys88Arg,eis,c.-14C>T,rpsL,p.Lys88Arg,amikacin;kanamycin,streptomycin,cross_class,1,8,0,1,8,351,0.0,1.0,True,,,1.0,False
eis|c.-14C>T,rpsL|p.Lys43Arg,eis,c.-14C>T,rpsL,p.Lys43Arg,amikacin;kanamycin,streptomycin,cross_class,1,26,0,1,26,333,0.0,1.0,True,,,1.0,False
eis|c.-14C>T,rpoB|p.Val170Phe,eis,c.-14C>T,rpoB,p.Val170Phe,amikacin;kanamycin,rifampicin;rifapentine,cross_class,1,2,0,1,2,357,0.0,1.0,True,,,1.0,False
eis|c.-14C>T,rpoB|p.Ser450Leu,eis,c.-14C>T,rpoB,p.Ser450Leu,amikacin;kanamycin,rifampicin;rifapentine,cross_class,1,139,0,1,139,220,0.0,1.0,True,,,1.0,False
embB|p.Gln497Lys,gyrA|p.Asp94Asn,embB,p.Gln497Lys,gyrA,p.Asp94Asn,ethambutol,levofloxacin;moxifloxacin,cross_class,82,13,2,80,11,267,0.6068181818181818,0.7403659335317719,False,lineage2,100.0,1.0,False
embB|p.Gln497Lys,gyrA|p.Asp94Ala,embB,p.Gln497Lys,gyrA,p.Asp94Ala,ethambutol,levofloxacin;moxifloxacin,cross_class,82,5,1,81,4,274,0.845679012345679,1.0,False,lineage2,100.0,1.0,False
embB|p.Gln497Lys,fbiC|p.Tyr104*,embB,p.Gln497Lys,fbiC,p.Tyr104*,ethambutol,delamanid;pretomanid,cross_class,82,1,0,82,1,277,0.0,1.0,True,,,1.0,False
embB|p.Gln497Lys,fbiC|p.Trp444*,embB,p.Gln497Lys,fbiC,p.Trp444*,ethambutol,delamanid;pretomanid,cross_class,82,1,1,81,0,278,inf,0.22777777777777777,True,lineage2,100.0,1.0,False
embB|p.Gln497Lys,fbiC|p.Trp161*,embB,p.Gln497Lys,fbiC,p.Trp161*,ethambutol,delamanid;pretomanid,cross_class,82,1,0,82,1,277,0.0,1.0,True,,,1.0,False
embB|p.Gln497Lys,fbiC|c.930_931delAA,embB,p.Gln497Lys,fbiC,c.930_931delAA,ethambutol,delamanid;pretomanid,cross_class,82,1,0,82,1,277,0.0,1.0,True,,,1.0,False
embB|p.Gln497Lys,fbiC|c.181_191delAGCGCCGCGCG,embB,p.Gln497Lys,fbiC,c.181_191delAGCGCCGCGCG,ethambutol,delamanid;pretomanid,cross_class,82,1,0,82,1,277,0.0,1.0,True,,,1.0,False
embB|p.Gln497Lys,fbiC|c.1481_1511delATGTGCTTGCCGCCCTGCGATCGGCGGAGCG,embB,p.Gln497Lys,fbiC,c.1481_1511delATGTGCTTGCCGCCCTGCGATCGGCGGAGCG,ethambutol,delamanid;pretomanid,cross_class,82,1,0,82,1,277,0.0,1.0,True,,,1.0,False
embB|p.Gln497Lys,fbiA|c.373dupC,embB,p.Gln497Lys,fbiA,c.373dupC,ethambutol,delamanid;pretomanid,cross_class,82,1,1,81,0,278,inf,0.22777777777777777,True,lineage2,100.0,1.0,False
embB|p.Gln497Lys,ethA|c.871delC,embB,p.Gln497Lys,ethA,c.871delC,ethambutol,ethionamide;prothionamide,cross_class,82,2,0,82,2,276,0.0,1.0,True,,,1.0,False
embB|p.Gln497Lys,ethA|c.65delA,embB,p.Gln497Lys,ethA,c.65delA,ethambutol,ethionamide;prothionamide,cross_class,82,1,0,82,1,277,0.0,1.0,True,,,1.0,False
embB|p.Gln497Lys,ethA|c.1047delT,embB,p.Gln497Lys,ethA,c.1047delT,ethambutol,ethionamide;prothionamide,cross_class,82,1,0,82,1,277,0.0,1.0,True,,,1.0,False
embB|p.Gln497Lys,embB|p.Tyr319Ser,embB,p.Gln497Lys,embB,p.Tyr319Ser,ethambutol,ethambutol,within_class,82,1,0,82,1,277,0.0,1.0,True,,,1.0,False
eis|c.-10G>A,rrl|n.2814G>T,eis,c.-10G>A,rrl,n.2814G>T,kanamycin,linezolid,cross_class,1,2,0,1,2,357,0.0,1.0,True,,,1.0,False
eis|c.-10G>A,rrl|n.2270G>T,eis,c.-10G>A,rrl,n.2270G>T,kanamycin,linezolid,cross_class,1,2,0,1,2,357,0.0,1.0,True,,,1.0,False
eis|c.-10G>A,rpsL|p.Lys88Arg,eis,c.-10G>A,rpsL,p.Lys88Arg,kanamycin,streptomycin,cross_class,1,8,0,1,8,351,0.0,1.0,True,,,1.0,False
eis|c.-10G>A,rpsL|p.Lys43Arg,eis,c.-10G>A,rpsL,p.Lys43Arg,kanamycin,streptomycin,cross_class,1,26,0,1,26,333,0.0,1.0,True,,,1.0,False
eis|c.-10G>A,rpoB|p.Val170Phe,eis,c.-10G>A,rpoB,p.Val170Phe,kanamycin,rifampicin;rifapentine,cross_class,1,2,0,1,2,357,0.0,1.0,True,,,1.0,False
eis|c.-10G>A,rpoB|p.Ser450Leu,eis,c.-10G>A,rpoB,p.Ser450Leu,kanamycin,rifampicin;rifapentine,cross_class,1,139,1,0,138,221,inf,0.3861111111111111,True,lineage2,100.0,1.0,False
eis|c.-10G>A,rpoB|p.Leu452Pro,eis,c.-10G>A,rpoB,p.Leu452Pro,kanamycin,rifampicin;rifapentine,cross_class,1,10,0,1,10,349,0.0,1.0,True,,,1.0,False
eis|c.-10G>A,rpoB|p.Leu430Pro,eis,c.-10G>A,rpoB,p.Leu430Pro,kanamycin,rifampicin;rifapentine,cross_class,1,22,0,1,22,337,0.0,1.0,True,,,1.0,False
eis|c.-10G>A,rpoB|p.Ile491Phe,eis,c.-10G>A,rpoB,p.Ile491Phe,kanamycin,rifampicin;rifapentine,cross_class,1,1,0,1,1,358,0.0,1.0,True,,,1.0,False
eis|c.-10G>A,rpoB|p.His445Tyr,eis,c.-10G>A,rpoB,p.His445Tyr,kanamycin,rifampicin;rifapentine,cross_class,1,5,0,1,5,354,0.0,1.0,True,,,1.0,False
eis|c.-10G>A,rpoB|p.His445Leu,eis,c.-10G>A,rpoB,p.His445Leu,kanamycin,rifampicin;rifapentine,cross_class,1,1,0,1,1,358,0.0,1.0,True,,,1.0,False
eis|c.-10G>A,rpoB|p.His445Asp,eis,c.-10G>A,rpoB,p.His445Asp,kanamycin,rifampicin;rifapentine,cross_class,1,11,0,1,11,348,0.0,1.0,True,,,1.0,False
eis|c.-10G>A,rpoB|p.His445Asn,eis,c.-10G>A,rpoB,p.His445Asn,kanamycin,rifampicin;rifapentine,cross_class,1,6,0,1,6,353,0.0,1.0,True,,,1.0,False
eis|c.-10G>A,rpoB|p.Gln432Lys,eis,c.-10G>A,rpoB,p.Gln432Lys,kanamycin,rifampicin;rifapentine,cross_class,1,1,0,1,1,358,0.0,1.0,True,,,1.0,False
eis|c.-10G>A,rpoB|p.Asp435Val,eis,c.-10G>A,rpoB,p.Asp435Val,kanamycin,rifampicin;rifapentine,cross_class,1,73,0,1,73,286,0.0,1.0,True,,,1.0,False
eis|c.-10G>A,rpoB|p.Asp435Tyr,eis,c.-10G>A,rpoB,p.Asp435Tyr,kanamycin,rifampicin;rifapentine,cross_class,1,9,0,1,9,350,0.0,1.0,True,,,1.0,False
embB|p.Gln497Lys,mmpR5|c.139dupG,embB,p.Gln497Lys,mmpR5,c.139dupG,ethambutol,bedaquiline;clofazimine,cross_class,82,6,3,79,3,275,3.481012658227848,0.13416435235449425,False,lineage2,100.0,1.0,False
embB|p.Gln497Lys,mmpR5|c.139_140dupGA,embB,p.Gln497Lys,mmpR5,c.139_140dupGA,ethambutol,bedaquiline;clofazimine,cross_class,82,1,0,82,1,277,0.0,1.0,True,,,1.0,False
embB|p.Gln497Lys,katG|p.Ser315Asn,embB,p.Gln497Lys,katG,p.Ser315Asn,ethambutol,isoniazid,cross_class,82,5,0,82,5,273,0.0,0.5924771099637712,False,,,1.0,False
embB|p.Gln497Lys,katG|c.18delA,embB,p.Gln497Lys,katG,c.18delA,ethambutol,isoniazid,cross_class,82,1,0,82,1,277,0.0,1.0,True,,,1.0,False
embB|p.Gln497Lys,katG|c.117delG,embB,p.Gln497Lys,katG,c.117delG,ethambutol,isoniazid,cross_class,82,1,0,82,1,277,0.0,1.0,True,,,1.0,False
embB|p.Gln497Lys,inhA|c.-154G>A,embB,p.Gln497Lys,inhA,c.-154G>A,ethambutol,ethionamide;isoniazid;prothionamide,cross_class,82,8,0,82,8,270,0.0,0.2065714746679432,False,,,1.0,False
embB|p.Gln497Lys,gyrB|p.Glu501Asp,embB,p.Gln497Lys,gyrB,p.Glu501Asp,ethambutol,levofloxacin;moxifloxacin,cross_class,82,3,0,82,3,275,0.0,1.0,True,,,1.0,False
embB|p.Gln497Lys,gyrB|p.Asp461Asn,embB,p.Gln497Lys,gyrB,p.Asp461Asn,ethambutol,levofloxacin;moxifloxacin,cross_class,82,1,0,82,1,277,0.0,1.0,True,,,1.0,False
embB|p.Gln497Lys,gyrB|p.Asn499Thr,embB,p.Gln497Lys,gyrB,p.Asn499Thr,ethambutol,levofloxacin;moxifloxacin,cross_class,82,2,0,82,2,276,0.0,1.0,True,,,1.0,False
embB|p.Gln497Lys,gyrA|p.Asp94Tyr,embB,p.Gln497Lys,gyrA,p.Asp94Tyr,ethambutol,levofloxacin;moxifloxacin,cross_class,82,3,0,82,3,275,0.0,1.0,True,,,1.0,False
embB|p.Gln497Lys,mmpR5|p.Arg134*,embB,p.Gln497Lys,mmpR5,p.Arg134*,ethambutol,bedaquiline;clofazimine,cross_class,82,1,0,82,1,277,0.0,1.0,True,,,1.0,False
embB|p.Gln497Lys,mmpR5|c.466dupC,embB,p.Gln497Lys,mmpR5,c.466dupC,ethambutol,bedaquiline;clofazimine,cross_class,82,1,1,81,0,278,inf,0.22777777777777777,True,lineage2,100.0,1.0,False
embB|p.Gln497Lys,mmpR5|c.441_442delGA,embB,p.Gln497Lys,mmpR5,c.441_442delGA,ethambutol,bedaquiline;clofazimine,cross_class,82,2,0,82,2,276,0.0,1.0,True,,,1.0,False
embB|p.Gln497Lys,mmpR5|c.430dupG,embB,p.Gln497Lys,mmpR5,c.430dupG,ethambutol,bedaquiline;clofazimine,cross_class,82,1,0,82,1,277,0.0,1.0,True,,,1.0,False
embB|p.Gln497Lys,mmpR5|c.386delC,embB,p.Gln497Lys,mmpR5,c.386delC,ethambutol,bedaquiline;clofazimine,cross_class,82,1,0,82,1,277,0.0,1.0,True,,,1.0,False
embB|p.Gln497Lys,mmpR5|c.366dupG,embB,p.Gln497Lys,mmpR5,c.366dupG,ethambutol,bedaquiline;clofazimine,cross_class,82,1,0,82,1,277,0.0,1.0,True,,,1.0,False
embB|p.Gln497Lys,mmpR5|c.321dupC,embB,p.Gln497Lys,mmpR5,c.321dupC,ethambutol,bedaquiline;clofazimine,cross_class,82,1,0,82,1,277,0.0,1.0,True,,,1.0,False
embB|p.Gln497Lys,mmpR5|c.291delC,embB,p.Gln497Lys,mmpR5,c.291delC,ethambutol,bedaquiline;clofazimine,cross_class,82,1,0,82,1,277,0.0,1.0,True,,,1.0,False
embB|p.Gln497Lys,mmpR5|c.214delC,embB,p.Gln497Lys,mmpR5,c.214delC,ethambutol,bedaquiline;clofazimine,cross_class,82,1,1,81,0,278,inf,0.22777777777777777,True,lineage2,100.0,1.0,False
embB|p.Gln497Lys,mmpR5|c.19delG,embB,p.Gln497Lys,mmpR5,c.19delG,ethambutol,bedaquiline;clofazimine,cross_class,82,1,0,82,1,277,0.0,1.0,True,,,1.0,False
embB|p.Gln497Lys,mmpR5|c.198dupG,embB,p.Gln497Lys,mmpR5,c.198dupG,ethambutol,bedaquiline;clofazimine,cross_class,82,13,2,80,11,267,0.6068181818181818,0.7403659335317719,False,lineage2,100.0,1.0,False
embB|p.Gln497Lys,mmpR5|c.198delG,embB,p.Gln497Lys,mmpR5,c.198delG,ethambutol,bedaquiline;clofazimine,cross_class,82,1,1,81,0,278,inf,0.22777777777777777,True,lineage2,100.0,1.0,False
embB|p.Gln497Lys,mmpR5|c.144dupC,embB,p.Gln497Lys,mmpR5,c.144dupC,ethambutol,bedaquiline;clofazimine,cross_class,82,20,3,79,17,261,0.5830230826507818,0.5838835417533395,False,lineage2,100.0,1.0,False
embB|p.Gln497Lys,mmpR5|c.144delC,embB,p.Gln497Lys,mmpR5,c.144delC,ethambutol,bedaquiline;clofazimine,cross_class,82,1,0,82,1,277,0.0,1.0,True,,,1.0,False
embB|p.Gln497Lys,mmpR5|c.141_142dupTC,embB,p.Gln497Lys,mmpR5,c.141_142dupTC,ethambutol,bedaquiline;clofazimine,cross_class,82,2,0,82,2,276,0.0,1.0,True,,,1.0,False
embB|p.Gln497Lys,pncA|p.Ile31Ser,embB,p.Gln497Lys,pncA,p.Ile31Ser,ethambutol,pyrazinamide,cross_class,82,1,0,82,1,277,0.0,1.0,True,,,1.0,False
embB|p.Gln497Lys,pncA|p.Gln141Pro,embB,p.Gln497Lys,pncA,p.Gln141Pro,ethambutol,pyrazinamide,cross_class,82,1,0,82,1,277,0.0,1.0,True,,,1.0,False
embB|p.Gln497Lys,pncA|p.Asp8Asn,embB,p.Gln497Lys,pncA,p.Asp8Asn,ethambutol,pyrazinamide,cross_class,82,5,0,82,5,273,0.0,0.5924771099637712,False,,,1.0,False
embB|p.Gln497Lys,pncA|p.Ala146Thr,embB,p.Gln497Lys,pncA,p.Ala146Thr,ethambutol,pyrazinamide,cross_class,82,2,0,82,2,276,0.0,1.0,True,,,1.0,False
embB|p.Gln497Lys,pncA|c.459_466delCAGGGTGC,embB,p.Gln497Lys,pncA,c.459_466delCAGGGTGC,ethambutol,pyrazinamide,cross_class,82,1,0,82,1,277,0.0,1.0,True,,,1.0,False
embB|p.Gln497Lys,pncA|c.393dupC,embB,p.Gln497Lys,pncA,c.393dupC,ethambutol,pyrazinamide,cross_class,82,1,0,82,1,277,0.0,1.0,True,,,1.0,False
embB|p.Gln497Lys,pncA|c.169delC,embB,p.Gln497Lys,pncA,c.169delC,ethambutol,pyrazinamide,cross_class,82,1,0,82,1,277,0.0,1.0,True,,,1.0,False
embB|p.Gln497Lys,mmpR5|p.Val1?,embB,p.Gln497Lys,mmpR5,p.Val1?,ethambutol,bedaquiline;clofazimine,cross_class,82,1,0,82,1,277,0.0,1.0,True,,,1.0,False
embB|p.Gln497Lys,mmpR5|p.Tyr145*,embB,p.Gln497Lys,mmpR5,p.Tyr145*,ethambutol,bedaquiline;clofazimine,cross_class,82,2,0,82,2,276,0.0,1.0,True,,,1.0,False
embB|p.Gln497Lys,mmpR5|p.Ile67Ser,embB,p.Gln497Lys,mmpR5,p.Ile67Ser,ethambutol,bedaquiline;clofazimine,cross_class,82,2,2,80,0,278,inf,0.05139275766016713,True,lineage2,100.0,1.0,False
embB|p.Gln497Lys,mmpR5|p.Gly121Arg,embB,p.Gln497Lys,mmpR5,p.Gly121Arg,ethambutol,bedaquiline;clofazimine,cross_class,82,1,0,82,1,277,0.0,1.0,True,,,1.0,False
embB|p.Gln497Lys,mmpR5|p.Gln76*,embB,p.Gln497Lys,mmpR5,p.Gln76*,ethambutol,bedaquiline;clofazimine,cross_class,82,2,1,81,1,277,3.419753086419753,0.40416279789538845,True,lineage2,100.0,1.0,False
embB|p.Gln497Lys,mmpR5|p.Asn70Asp,embB,p.Gln497Lys,mmpR5,p.Asn70Asp,ethambutol,bedaquiline;clofazimine,cross_class,82,1,0,82,1,277,0.0,1.0,True,,,1.0,False
embB|p.Gln497Lys,mmpR5|p.Arg156*,embB,p.Gln497Lys,mmpR5,p.Arg156*,ethambutol,bedaquiline;clofazimine,cross_class,82,1,1,81,0,278,inf,0.22777777777777777,True,lineage2,100.0,1.0,False
embB|p.Gln497Lys,rpoB|p.His445Asp,embB,p.Gln497Lys,rpoB,p.His445Asp,ethambutol,rifampicin;rifapentine,cross_class,82,11,0,82,11,267,0.0,0.07591048596479955,False,,,1.0,False
embB|p.Gln497Lys,rpoB|p.His445Asn,embB,p.Gln497Lys,rpoB,p.His445Asn,ethambutol,rifampicin;rifapentine,cross_class,82,6,0,82,6,272,0.0,0.3436011590909421,False,,,1.0,False
embB|p.Gln497Lys,rpoB|p.Gln432Lys,embB,p.Gln497Lys,rpoB,p.Gln432Lys,ethambutol,rifampicin;rifapentine,cross_class,82,1,0,82,1,277,0.0,1.0,True,,,1.0,False
embB|p.Gln497Lys,rpoB|p.Asp435Tyr,embB,p.Gln497Lys,rpoB,p.Asp435Tyr,ethambutol,rifampicin;rifapentine,cross_class,82,9,0,82,9,269,0.0,0.21879093824632817,False,,,1.0,False
embB|p.Gln497Lys,rpoB|p.Asp435Gly,embB,p.Gln497Lys,rpoB,p.Asp435Gly,ethambutol,rifampicin;rifapentine,cross_class,82,2,0,82,2,276,0.0,1.0,True,,,1.0,False
embB|p.Gln497Lys,rpoB|p.Asp435Ala,embB,p.Gln497Lys,rpoB,p.Asp435Ala,ethambutol,rifampicin;rifapentine,cross_class,82,1,0,82,1,277,0.0,1.0,True,,,1.0,False
embB|p.Gln497Lys,rpoB|p.Asn437Ser,embB,p.Gln497Lys,rpoB,p.Asn437Ser,ethambutol,rifampicin;rifapentine,cross_class,82,2,0,82,2,276,0.0,1.0,True,,,1.0,False
embB|p.Gln497Lys,rpoB|p.Ala451Val,embB,p.Gln497Lys,rpoB,p.Ala451Val,ethambutol,rifampicin;rifapentine,cross_class,82,3,0,82,3,275,0.0,1.0,True,,,1.0,False
embB|p.Gln497Lys,rpoB|c.1296_1304delATTCATGGA,embB,p.Gln497Lys,rpoB,c.1296_1304delATTCATGGA,ethambutol,rifampicin;rifapentine,cross_class,82,2,0,82,2,276,0.0,1.0,True,,,1.0,False
embB|p.Gln497Lys,rpoB|c.1294_1299delCAATTC,embB,p.Gln497Lys,rpoB,c.1294_1299delCAATTC,ethambutol,rifampicin;rifapentine,cross_class,82,1,0,82,1,277,0.0,1.0,True,,,1.0,False
embB|p.Gln497Lys,rplC|p.Cys154Arg,embB,p.Gln497Lys,rplC,p.Cys154Arg,ethambutol,linezolid,cross_class,82,4,0,82,4,274,0.0,0.5779544760642984,True,,,1.0,False
embB|p.Gln497Lys,pncA|p.Val180Phe,embB,p.Gln497Lys,pncA,p.Val180Phe,ethambutol,pyrazinamide,cross_class,82,1,0,82,1,277,0.0,1.0,True,,,1.0,False
embB|p.Gln497Lys,pncA|p.Val139Gly,embB,p.Gln497Lys,pncA,p.Val139Gly,ethambutol,pyrazinamide,cross_class,82,1,0,82,1,277,0.0,1.0,True,,,1.0,False
embB|p.Gln497Lys,pncA|p.Thr47Ala,embB,p.Gln497Lys,pncA,p.Thr47Ala,ethambutol,pyrazinamide,cross_class,82,1,0,82,1,277,0.0,1.0,True,,,1.0,False
embB|p.Gln497Lys,pncA|p.Ser104Arg,embB,p.Gln497Lys,pncA,p.Ser104Arg,ethambutol,pyrazinamide,cross_class,82,7,0,82,7,271,0.0,0.3581276136004216,False,,,1.0,False
embB|p.Gln497Lys,tlyA|c.388dupG,embB,p.Gln497Lys,tlyA,c.388dupG,ethambutol,capreomycin,cross_class,82,1,0,82,1,277,0.0,1.0,True,,,1.0,False
embB|p.Gln497Lys,rrs|n.517C>T,embB,p.Gln497Lys,rrs,n.517C>T,ethambutol,streptomycin,cross_class,82,2,0,82,2,276,0.0,1.0,True,,,1.0,False
embB|p.Gln497Lys,rrs|n.1402C>T,embB,p.Gln497Lys,rrs,n.1402C>T,ethambutol,amikacin;capreomycin;kanamycin,cross_class,82,2,2,80,0,278,inf,0.05139275766016713,True,lineage2,100.0,1.0,False
embB|p.Gln497Lys,rrl|n.2814G>T,embB,p.Gln497Lys,rrl,n.2814G>T,ethambutol,linezolid,cross_class,82,2,1,81,1,277,3.419753086419753,0.40416279789538845,True,lineage2,100.0,1.0,False
embB|p.Gln497Lys,rrl|n.2270G>T,embB,p.Gln497Lys,rrl,n.2270G>T,ethambutol,linezolid,cross_class,82,2,1,81,1,277,3.419753086419753,0.40416279789538845,True,lineage2,100.0,1.0,False
embB|p.Gln497Lys,rpsL|p.Lys88Arg,embB,p.Gln497Lys,rpsL,p.Lys88Arg,ethambutol,streptomycin,cross_class,82,8,0,82,8,270,0.0,0.2065714746679432,False,,,1.0,False
embB|p.Gln497Lys,rpoB|p.Val170Phe,embB,p.Gln497Lys,rpoB,p.Val170Phe,ethambutol,rifampicin;rifapentine,cross_class,82,2,0,82,2,276,0.0,1.0,True,,,1.0,False
embB|p.Gln497Lys,rpoB|p.Leu452Pro,embB,p.Gln497Lys,rpoB,p.Leu452Pro,ethambutol,rifampicin;rifapentine,cross_class,82,10,0,82,10,268,0.0,0.12490447814389177,False,,,1.0,False
embB|p.Gln497Lys,rpoB|p.Ile491Phe,embB,p.Gln497Lys,rpoB,p.Ile491Phe,ethambutol,rifampicin;rifapentine,cross_class,82,1,0,82,1,277,0.0,1.0,True,,,1.0,False
embB|p.Gln497Lys,rpoB|p.His445Tyr,embB,p.Gln497Lys,rpoB,p.His445Tyr,ethambutol,rifampicin;rifapentine,cross_class,82,5,0,82,5,273,0.0,0.5924771099637712,False,,,1.0,False
embB|p.Gln497Lys,rpoB|p.His445Leu,embB,p.Gln497Lys,rpoB,p.His445Leu,ethambutol,rifampicin;rifapentine,cross_class,82,1,0,82,1,277,0.0,1.0,True,,,1.0,False
embB|p.Gly406Ala,fbiC|p.Tyr104*,embB,p.Gly406Ala,fbiC,p.Tyr104*,ethambutol,delamanid;pretomanid,cross_class,1,1,0,1,1,358,0.0,1.0,True,,,1.0,False
embB|p.Gly406Ala,fbiC|p.Trp444*,embB,p.Gly406Ala,fbiC,p.Trp444*,ethambutol,delamanid;pretomanid,cross_class,1,1,0,1,1,358,0.0,1.0,True,,,1.0,False
embB|p.Gly406Ala,fbiC|p.Trp161*,embB,p.Gly406Ala,fbiC,p.Trp161*,ethambutol,delamanid;pretomanid,cross_class,1,1,0,1,1,358,0.0,1.0,True,,,1.0,False
embB|p.Gly406Ala,fbiC|c.930_931delAA,embB,p.Gly406Ala,fbiC,c.930_931delAA,ethambutol,delamanid;pretomanid,cross_class,1,1,0,1,1,358,0.0,1.0,True,,,1.0,False
embB|p.Gly406Ala,fbiC|c.181_191delAGCGCCGCGCG,embB,p.Gly406Ala,fbiC,c.181_191delAGCGCCGCGCG,ethambutol,delamanid;pretomanid,cross_class,1,1,0,1,1,358,0.0,1.0,True,,,1.0,False
embB|p.Gly406Ala,fbiC|c.1481_1511delATGTGCTTGCCGCCCTGCGATCGGCGGAGCG,embB,p.Gly406Ala,fbiC,c.1481_1511delATGTGCTTGCCGCCCTGCGATCGGCGGAGCG,ethambutol,delamanid;pretomanid,cross_class,1,1,0,1,1,358,0.0,1.0,True,,,1.0,False
embB|p.Gly406Ala,fbiA|c.373dupC,embB,p.Gly406Ala,fbiA,c.373dupC,ethambutol,delamanid;pretomanid,cross_class,1,1,0,1,1,358,0.0,1.0,True,,,1.0,False
embB|p.Gly406Ala,ethA|c.871delC,embB,p.Gly406Ala,ethA,c.871delC,ethambutol,ethionamide;prothionamide,cross_class,1,2,0,1,2,357,0.0,1.0,True,,,1.0,False
embB|p.Gly406Ala,ethA|c.65delA,embB,p.Gly406Ala,ethA,c.65delA,ethambutol,ethionamide;prothionamide,cross_class,1,1,0,1,1,358,0.0,1.0,True,,,1.0,False
embB|p.Gly406Ala,ethA|c.1047delT,embB,p.Gly406Ala,ethA,c.1047delT,ethambutol,ethionamide;prothionamide,cross_class,1,1,0,1,1,358,0.0,1.0,True,,,1.0,False
embB|p.Gly406Ala,embB|p.Tyr319Ser,embB,p.Gly406Ala,embB,p.Tyr319Ser,ethambutol,ethambutol,within_class,1,1,0,1,1,358,0.0,1.0,True,,,1.0,False
embB|p.Gly406Ala,embB|p.Met306Val,embB,p.Gly406Ala,embB,p.Met306Val,ethambutol,ethambutol,within_class,1,23,0,1,23,336,0.0,1.0,True,,,1.0,False
embB|p.Gly406Ala,embB|p.Met306Leu,embB,p.Gly406Ala,embB,p.Met306Leu,ethambutol,ethambutol,within_class,1,1,0,1,1,358,0.0,1.0,True,,,1.0,False
embB|p.Gly406Ala,embB|p.Met306Ile,embB,p.Gly406Ala,embB,p.Met306Ile,ethambutol,ethambutol,within_class,1,166,0,1,166,193,0.0,1.0,True,,,1.0,False
embB|p.Gly406Ala,embB|p.Gly406Asp,embB,p.Gly406Ala,embB,p.Gly406Asp,ethambutol,ethambutol,within_class,1,3,0,1,3,356,0.0,1.0,True,,,1.0,False
embB|p.Gly406Ala,katG|c.18delA,embB,p.Gly406Ala,katG,c.18delA,ethambutol,isoniazid,cross_class,1,1,0,1,1,358,0.0,1.0,True,,,1.0,False
embB|p.Gly406Ala,katG|c.117delG,embB,p.Gly406Ala,katG,c.117delG,ethambutol,isoniazid,cross_class,1,1,0,1,1,358,0.0,1.0,True,,,1.0,False
embB|p.Gly406Ala,inhA|c.-779G>T,embB,p.Gly406Ala,inhA,c.-779G>T,ethambutol,ethionamide;isoniazid;prothionamide,cross_class,1,105,0,1,105,254,0.0,1.0,True,,,1.0,False
embB|p.Gly406Ala,inhA|c.-777C>T,embB,p.Gly406Ala,inhA,c.-777C>T,ethambutol,ethionamide;isoniazid;prothionamide,cross_class,1,29,0,1,29,330,0.0,1.0,True,,,1.0,False
embB|p.Gly406Ala,inhA|c.-154G>A,embB,p.Gly406Ala,inhA,c.-154G>A,ethambutol,ethionamide;isoniazid;prothionamide,cross_class,1,8,0,1,8,351,0.0,1.0,True,,,1.0,False
embB|p.Gly406Ala,gyrB|p.Glu501Asp,embB,p.Gly406Ala,gyrB,p.Glu501Asp,ethambutol,levofloxacin;moxifloxacin,cross_class,1,3,0,1,3,356,0.0,1.0,True,,,1.0,False
embB|p.Gly406Ala,gyrB|p.Asp461Asn,embB,p.Gly406Ala,gyrB,p.Asp461Asn,ethambutol,levofloxacin;moxifloxacin,cross_class,1,1,0,1,1,358,0.0,1.0,True,,,1.0,False
embB|p.Gly406Ala,gyrB|p.Asn499Thr,embB,p.Gly406Ala,gyrB,p.Asn499Thr,ethambutol,levofloxacin;moxifloxacin,cross_class,1,2,0,1,2,357,0.0,1.0,True,,,1.0,False
embB|p.Gly406Ala,gyrA|p.Ser91Pro,embB,p.Gly406Ala,gyrA,p.Ser91Pro,ethambutol,levofloxacin;moxifloxacin,cross_class,1,47,0,1,47,312,0.0,1.0,True,,,1.0,False
embB|p.Gly406Ala,gyrA|p.Gly88Cys,embB,p.Gly406Ala,gyrA,p.Gly88Cys,ethambutol,levofloxacin;moxifloxacin,cross_class,1,6,0,1,6,353,0.0,1.0,True,,,1.0,False
embB|p.Gly406Ala,gyrA|p.Asp94Tyr,embB,p.Gly406Ala,gyrA,p.Asp94Tyr,ethambutol,levofloxacin;moxifloxacin,cross_class,1,3,0,1,3,356,0.0,1.0,True,,,1.0,False
embB|p.Gly406Ala,gyrA|p.Asp94His,embB,p.Gly406Ala,gyrA,p.Asp94His,ethambutol,levofloxacin;moxifloxacin,cross_class,1,13,0,1,13,346,0.0,1.0,True,,,1.0,False
embB|p.Gly406Ala,gyrA|p.Asp94Gly,embB,p.Gly406Ala,gyrA,p.Asp94Gly,ethambutol,levofloxacin;moxifloxacin,cross_class,1,59,1,0,58,301,inf,0.1638888888888889,True,lineage2,100.0,1.0,False
embB|p.Gly406Ala,gyrA|p.Asp94Asn,embB,p.Gly406Ala,gyrA,p.Asp94Asn,ethambutol,levofloxacin;moxifloxacin,cross_class,1,13,0,1,13,346,0.0,1.0,True,,,1.0,False
embB|p.Gly406Ala,gyrA|p.Asp94Ala,embB,p.Gly406Ala,gyrA,p.Asp94Ala,ethambutol,levofloxacin;moxifloxacin,cross_class,1,5,0,1,5,354,0.0,1.0,True,,,1.0,False
embB|p.Gly406Ala,gyrA|p.Ala90Val,embB,p.Gly406Ala,gyrA,p.Ala90Val,ethambutol,levofloxacin;moxifloxacin,cross_class,1,46,0,1,46,313,0.0,1.0,True,,,1.0,False
embB|p.Gly406Ala,mmpR5|c.424dupC,embB,p.Gly406Ala,mmpR5,c.424dupC,ethambutol,bedaquiline;clofazimine,cross_class,1,14,0,1,14,345,0.0,1.0,True,,,1.0,False
embB|p.Gly406Ala,mmpR5|c.386delC,embB,p.Gly406Ala,mmpR5,c.386delC,ethambutol,bedaquiline;clofazimine,cross_class,1,1,0,1,1,358,0.0,1.0,True,,,1.0,False
embB|p.Gly406Ala,mmpR5|c.366dupG,embB,p.Gly406Ala,mmpR5,c.366dupG,ethambutol,bedaquiline;clofazimine,cross_class,1,1,0,1,1,358,0.0,1.0,True,,,1.0,False
embB|p.Gly406Ala,mmpR5|c.321dupC,embB,p.Gly406Ala,mmpR5,c.321dupC,ethambutol,bedaquiline;clofazimine,cross_class,1,1,0,1,1,358,0.0,1.0,True,,,1.0,False
embB|p.Gly406Ala,mmpR5|c.291delC,embB,p.Gly406Ala,mmpR5,c.291delC,ethambutol,bedaquiline;clofazimine,cross_class,1,1,0,1,1,358,0.0,1.0,True,,,1.0,False
embB|p.Gly406Ala,mmpR5|c.214delC,embB,p.Gly406Ala,mmpR5,c.214delC,ethambutol,bedaquiline;clofazimine,cross_class,1,1,0,1,1,358,0.0,1.0,True,,,1.0,False
embB|p.Gly406Ala,mmpR5|c.19delG,embB,p.Gly406Ala,mmpR5,c.19delG,ethambutol,bedaquiline;clofazimine,cross_class,1,1,0,1,1,358,0.0,1.0,True,,,1.0,False
embB|p.Gly406Ala,mmpR5|c.198dupG,embB,p.Gly406Ala,mmpR5,c.198dupG,ethambutol,bedaquiline;clofazimine,cross_class,1,13,0,1,13,346,0.0,1.0,True,,,1.0,False
embB|p.Gly406Ala,mmpR5|c.198delG,embB,p.Gly406Ala,mmpR5,c.198delG,ethambutol,bedaquiline;clofazimine,cross_class,1,1,0,1,1,358,0.0,1.0,True,,,1.0,False
embB|p.Gly406Ala,mmpR5|c.144dupC,embB,p.Gly406Ala,mmpR5,c.144dupC,ethambutol,bedaquiline;clofazimine,cross_class,1,20,0,1,20,339,0.0,1.0,True,,,1.0,False
embB|p.Gly406Ala,mmpR5|c.144delC,embB,p.Gly406Ala,mmpR5,c.144delC,ethambutol,bedaquiline;clofazimine,cross_class,1,1,0,1,1,358,0.0,1.0,True,,,1.0,False
embB|p.Gly406Ala,mmpR5|c.141_142dupTC,embB,p.Gly406Ala,mmpR5,c.141_142dupTC,ethambutol,bedaquiline;clofazimine,cross_class,1,2,0,1,2,357,0.0,1.0,True,,,1.0,False
embB|p.Gly406Ala,mmpR5|c.139dupG,embB,p.Gly406Ala,mmpR5,c.139dupG,ethambutol,bedaquiline;clofazimine,cross_class,1,6,0,1,6,353,0.0,1.0,True,,,1.0,False
embB|p.Gly406Ala,mmpR5|c.139_140dupGA,embB,p.Gly406Ala,mmpR5,c.139_140dupGA,ethambutol,bedaquiline;clofazimine,cross_class,1,1,0,1,1,358,0.0,1.0,True,,,1.0,False
embB|p.Gly406Ala,katG|p.Ser315Thr,embB,p.Gly406Ala,katG,p.Ser315Thr,ethambutol,isoniazid,cross_class,1,191,0,1,191,168,0.0,0.46944444444444444,True,,,1.0,False
embB|p.Gly406Ala,katG|p.Ser315Asn,embB,p.Gly406Ala,katG,p.Ser315Asn,ethambutol,isoniazid,cross_class,1,5,0,1,5,354,0.0,1.0,True,,,1.0,False
embB|p.Gly406Ala,pncA|p.Ala146Thr,embB,p.Gly406Ala,pncA,p.Ala146Thr,ethambutol,pyrazinamide,cross_class,1,2,0,1,2,357,0.0,1.0,True,,,1.0,False
embB|p.Gly406Ala,pncA|c.517dupG,embB,p.Gly406Ala,pncA,c.517dupG,ethambutol,pyrazinamide,cross_class,1,70,0,1,70,289,0.0,1.0,True,,,1.0,False
embB|p.Gly406Ala,pncA|c.459_466delCAGGGTGC,embB,p.Gly406Ala,pncA,c.459_466delCAGGGTGC,ethambutol,pyrazinamide,cross_class,1,1,0,1,1,358,0.0,1.0,True,,,1.0,False
embB|p.Gly406Ala,pncA|c.393dupC,embB,p.Gly406Ala,pncA,c.393dupC,ethambutol,pyrazinamide,cross_class,1,1,0,1,1,358,0.0,1.0,True,,,1.0,False
embB|p.Gly406Ala,pncA|c.169delC,embB,p.Gly406Ala,pncA,c.169delC,ethambutol,pyrazinamide,cross_class,1,1,0,1,1,358,0.0,1.0,True,,,1.0,False
embB|p.Gly406Ala,mmpR5|p.Val1?,embB,p.Gly406Ala,mmpR5,p.Val1?,ethambutol,bedaquiline;clofazimine,cross_class,1,1,0,1,1,358,0.0,1.0,True,,,1.0,False
embB|p.Gly406Ala,mmpR5|p.Tyr145*,embB,p.Gly406Ala,mmpR5,p.Tyr145*,ethambutol,bedaquiline;clofazimine,cross_class,1,2,0,1,2,357,0.0,1.0,True,,,1.0,False
embB|p.Gly406Ala,mmpR5|p.Ile67Ser,embB,p.Gly406Ala,mmpR5,p.Ile67Ser,ethambutol,bedaquiline;clofazimine,cross_class,1,2,0,1,2,357,0.0,1.0,True,,,1.0,False
embB|p.Gly406Ala,mmpR5|p.Gly121Arg,embB,p.Gly406Ala,mmpR5,p.Gly121Arg,ethambutol,bedaquiline;clofazimine,cross_class,1,1,0,1,1,358,0.0,1.0,True,,,1.0,False
embB|p.Gly406Ala,mmpR5|p.Gln76*,embB,p.Gly406Ala,mmpR5,p.Gln76*,ethambutol,bedaquiline;clofazimine,cross_class,1,2,0,1,2,357,0.0,1.0,True,,,1.0,False
embB|p.Gly406Ala,mmpR5|p.Asn70Asp,embB,p.Gly406Ala,mmpR5,p.Asn70Asp,ethambutol,bedaquiline;clofazimine,cross_class,1,1,0,1,1,358,0.0,1.0,True,,,1.0,False
embB|p.Gly406Ala,mmpR5|p.Arg156*,embB,p.Gly406Ala,mmpR5,p.Arg156*,ethambutol,bedaquiline;clofazimine,cross_class,1,1,0,1,1,358,0.0,1.0,True,,,1.0,False
embB|p.Gly406Ala,mmpR5|p.Arg134*,embB,p.Gly406Ala,mmpR5,p.Arg134*,ethambutol,bedaquiline;clofazimine,cross_class,1,1,0,1,1,358,0.0,1.0,True,,,1.0,False
embB|p.Gly406Ala,mmpR5|c.466dupC,embB,p.Gly406Ala,mmpR5,c.466dupC,ethambutol,bedaquiline;clofazimine,cross_class,1,1,0,1,1,358,0.0,1.0,True,,,1.0,False
embB|p.Gly406Ala,mmpR5|c.441_442delGA,embB,p.Gly406Ala,mmpR5,c.441_442delGA,ethambutol,bedaquiline;clofazimine,cross_class,1,2,0,1,2,357,0.0,1.0,True,,,1.0,False
embB|p.Gly406Ala,mmpR5|c.430dupG,embB,p.Gly406Ala,mmpR5,c.430dupG,ethambutol,bedaquiline;clofazimine,cross_class,1,1,0,1,1,358,0.0,1.0,True,,,1.0,False
embB|p.Gly406Ala,rpoB|p.Asp435Gly,embB,p.Gly406Ala,rpoB,p.Asp435Gly,ethambutol,rifampicin;rifapentine,cross_class,1,2,0,1,2,357,0.0,1.0,True,,,1.0,False
embB|p.Gly406Ala,rpoB|p.Asp435Ala,embB,p.Gly406Ala,rpoB,p.Asp435Ala,ethambutol,rifampicin;rifapentine,cross_class,1,1,0,1,1,358,0.0,1.0,True,,,1.0,False
embB|p.Gly406Ala,rpoB|p.Asn437Ser,embB,p.Gly406Ala,rpoB,p.Asn437Ser,ethambutol,rifampicin;rifapentine,cross_class,1,2,0,1,2,357,0.0,1.0,True,,,1.0,False
embB|p.Gly406Ala,rpoB|p.Ala451Val,embB,p.Gly406Ala,rpoB,p.Ala451Val,ethambutol,rifampicin;rifapentine,cross_class,1,3,0,1,3,356,0.0,1.0,True,,,1.0,False
embB|p.Gly406Ala,rpoB|c.1296_1304delATTCATGGA,embB,p.Gly406Ala,rpoB,c.1296_1304delATTCATGGA,ethambutol,rifampicin;rifapentine,cross_class,1,2,0,1,2,357,0.0,1.0,True,,,1.0,False
embB|p.Gly406Ala,rpoB|c.1294_1299delCAATTC,embB,p.Gly406Ala,rpoB,c.1294_1299delCAATTC,ethambutol,rifampicin;rifapentine,cross_class,1,1,0,1,1,358,0.0,1.0,True,,,1.0,False
embB|p.Gly406Ala,rplC|p.Cys154Arg,embB,p.Gly406Ala,rplC,p.Cys154Arg,ethambutol,linezolid,cross_class,1,4,0,1,4,355,0.0,1.0,True,,,1.0,False
embB|p.Gly406Ala,pncA|p.Val180Phe,embB,p.Gly406Ala,pncA,p.Val180Phe,ethambutol,pyrazinamide,cross_class,1,1,0,1,1,358,0.0,1.0,True,,,1.0,False
embB|p.Gly406Ala,pncA|p.Val139Gly,embB,p.Gly406Ala,pncA,p.Val139Gly,ethambutol,pyrazinamide,cross_class,1,1,0,1,1,358,0.0,1.0,True,,,1.0,False
embB|p.Gly406Ala,pncA|p.Thr47Ala,embB,p.Gly406Ala,pncA,p.Thr47Ala,ethambutol,pyrazinamide,cross_class,1,1,0,1,1,358,0.0,1.0,True,,,1.0,False
embB|p.Gly406Ala,pncA|p.Ser104Arg,embB,p.Gly406Ala,pncA,p.Ser104Arg,ethambutol,pyrazinamide,cross_class,1,7,0,1,7,352,0.0,1.0,True,,,1.0,False
embB|p.Gly406Ala,pncA|p.Ile31Ser,embB,p.Gly406Ala,pncA,p.Ile31Ser,ethambutol,pyrazinamide,cross_class,1,1,0,1,1,358,0.0,1.0,True,,,1.0,False
embB|p.Gly406Ala,pncA|p.Gln141Pro,embB,p.Gly406Ala,pncA,p.Gln141Pro,ethambutol,pyrazinamide,cross_class,1,1,0,1,1,358,0.0,1.0,True,,,1.0,False
embB|p.Gly406Ala,pncA|p.Cys14Arg,embB,p.Gly406Ala,pncA,p.Cys14Arg,ethambutol,pyrazinamide,cross_class,1,87,0,1,87,272,0.0,1.0,True,,,1.0,False
embB|p.Gly406Ala,pncA|p.Asp8Asn,embB,p.Gly406Ala,pncA,p.Asp8Asn,ethambutol,pyrazinamide,cross_class,1,5,0,1,5,354,0.0,1.0,True,,,1.0,False
embB|p.Gly406Ala,rrs|n.1401A>G,embB,p.Gly406Ala,rrs,n.1401A>G,ethambutol,amikacin;capreomycin;kanamycin,cross_class,1,85,0,1,85,274,0.0,1.0,True,,,1.0,False
embB|p.Gly406Ala,rrl|n.2814G>T,embB,p.Gly406Ala,rrl,n.2814G>T,ethambutol,linezolid,cross_class,1,2,0,1,2,357,0.0,1.0,True,,,1.0,False
embB|p.Gly406Ala,rrl|n.2270G>T,embB,p.Gly406Ala,rrl,n.2270G>T,ethambutol,linezolid,cross_class,1,2,0,1,2,357,0.0,1.0,True,,,1.0,False
embB|p.Gly406Ala,rpsL|p.Lys88Arg,embB,p.Gly406Ala,rpsL,p.Lys88Arg,ethambutol,streptomycin,cross_class,1,8,0,1,8,351,0.0,1.0,True,,,1.0,False
embB|p.Gly406Ala,rpsL|p.Lys43Arg,embB,p.Gly406Ala,rpsL,p.Lys43Arg,ethambutol,streptomycin,cross_class,1,26,0,1,26,333,0.0,1.0,True,,,1.0,False
embB|p.Gly406Ala,rpoB|p.Val170Phe,embB,p.Gly406Ala,rpoB,p.Val170Phe,ethambutol,rifampicin;rifapentine,cross_class,1,2,0,1,2,357,0.0,1.0,True,,,1.0,False
embB|p.Gly406Ala,rpoB|p.Ser450Leu,embB,p.Gly406Ala,rpoB,p.Ser450Leu,ethambutol,rifampicin;rifapentine,cross_class,1,139,0,1,139,220,0.0,1.0,True,,,1.0,False
embB|p.Gly406Ala,rpoB|p.Leu452Pro,embB,p.Gly406Ala,rpoB,p.Leu452Pro,ethambutol,rifampicin;rifapentine,cross_class,1,10,0,1,10,349,0.0,1.0,True,,,1.0,False
embB|p.Gly406Ala,rpoB|p.Leu430Pro,embB,p.Gly406Ala,rpoB,p.Leu430Pro,ethambutol,rifampicin;rifapentine,cross_class,1,22,0,1,22,337,0.0,1.0,True,,,1.0,False
embB|p.Gly406Ala,rpoB|p.Ile491Phe,embB,p.Gly406Ala,rpoB,p.Ile491Phe,ethambutol,rifampicin;rifapentine,cross_class,1,1,0,1,1,358,0.0,1.0,True,,,1.0,False
embB|p.Gly406Ala,rpoB|p.His445Tyr,embB,p.Gly406Ala,rpoB,p.His445Tyr,ethambutol,rifampicin;rifapentine,cross_class,1,5,0,1,5,354,0.0,1.0,True,,,1.0,False
embB|p.Gly406Ala,rpoB|p.His445Leu,embB,p.Gly406Ala,rpoB,p.His445Leu,ethambutol,rifampicin;rifapentine,cross_class,1,1,0,1,1,358,0.0,1.0,True,,,1.0,False
embB|p.Gly406Ala,rpoB|p.His445Asp,embB,p.Gly406Ala,rpoB,p.His445Asp,ethambutol,rifampicin;rifapentine,cross_class,1,11,0,1,11,348,0.0,1.0,True,,,1.0,False
embB|p.Gly406Ala,rpoB|p.His445Asn,embB,p.Gly406Ala,rpoB,p.His445Asn,ethambutol,rifampicin;rifapentine,cross_class,1,6,0,1,6,353,0.0,1.0,True,,,1.0,False
embB|p.Gly406Ala,rpoB|p.Gln432Lys,embB,p.Gly406Ala,rpoB,p.Gln432Lys,ethambutol,rifampicin;rifapentine,cross_class,1,1,0,1,1,358,0.0,1.0,True,,,1.0,False
embB|p.Gly406Ala,rpoB|p.Asp435Val,embB,p.Gly406Ala,rpoB,p.Asp435Val,ethambutol,rifampicin;rifapentine,cross_class,1,73,0,1,73,286,0.0,1.0,True,,,1.0,False
embB|p.Gly406Asp,fbiC|c.930_931delAA,embB,p.Gly406Asp,fbiC,c.930_931delAA,ethambutol,delamanid;pretomanid,cross_class,3,1,0,3,1,356,0.0,1.0,True,,,1.0,False
embB|p.Gly406Asp,fbiC|c.181_191delAGCGCCGCGCG,embB,p.Gly406Asp,fbiC,c.181_191delAGCGCCGCGCG,ethambutol,delamanid;pretomanid,cross_class,3,1,0,3,1,356,0.0,1.0,True,,,1.0,False
embB|p.Gly406Asp,fbiC|c.1481_1511delATGTGCTTGCCGCCCTGCGATCGGCGGAGCG,embB,p.Gly406Asp,fbiC,c.1481_1511delATGTGCTTGCCGCCCTGCGATCGGCGGAGCG,ethambutol,delamanid;pretomanid,cross_class,3,1,0,3,1,356,0.0,1.0,True,,,1.0,False
embB|p.Gly406Asp,fbiA|c.373dupC,embB,p.Gly406Asp,fbiA,c.373dupC,ethambutol,delamanid;pretomanid,cross_class,3,1,0,3,1,356,0.0,1.0,True,,,1.0,False
embB|p.Gly406Asp,ethA|c.871delC,embB,p.Gly406Asp,ethA,c.871delC,ethambutol,ethionamide;prothionamide,cross_class,3,2,0,3,2,355,0.0,1.0,True,,,1.0,False
embB|p.Gly406Asp,ethA|c.65delA,embB,p.Gly406Asp,ethA,c.65delA,ethambutol,ethionamide;prothionamide,cross_class,3,1,0,3,1,356,0.0,1.0,True,,,1.0,False
embB|p.Gly406Asp,ethA|c.1047delT,embB,p.Gly406Asp,ethA,c.1047delT,ethambutol,ethionamide;prothionamide,cross_class,3,1,0,3,1,356,0.0,1.0,True,,,1.0,False
embB|p.Gly406Asp,embB|p.Tyr319Ser,embB,p.Gly406Asp,embB,p.Tyr319Ser,ethambutol,ethambutol,within_class,3,1,0,3,1,356,0.0,1.0,True,,,1.0,False
embB|p.Gly406Asp,embB|p.Met306Val,embB,p.Gly406Asp,embB,p.Met306Val,ethambutol,ethambutol,within_class,3,23,0,3,23,334,0.0,1.0,True,,,1.0,False
embB|p.Gly406Asp,embB|p.Met306Leu,embB,p.Gly406Asp,embB,p.Met306Leu,ethambutol,ethambutol,within_class,3,1,0,3,1,356,0.0,1.0,True,,,1.0,False
embB|p.Gly406Asp,embB|p.Met306Ile,embB,p.Gly406Asp,embB,p.Met306Ile,ethambutol,ethambutol,within_class,3,166,0,3,166,191,0.0,0.2524605385329619,True,,,1.0,False
embB|p.Gly406Ala,tlyA|c.585_588delTGGG,embB,p.Gly406Ala,tlyA,c.585_588delTGGG,ethambutol,capreomycin,cross_class,1,30,0,1,30,329,0.0,1.0,True,,,1.0,False
embB|p.Gly406Ala,tlyA|c.388dupG,embB,p.Gly406Ala,tlyA,c.388dupG,ethambutol,capreomycin,cross_class,1,1,0,1,1,358,0.0,1.0,True,,,1.0,False
embB|p.Gly406Ala,rrs|n.517C>T,embB,p.Gly406Ala,rrs,n.517C>T,ethambutol,streptomycin,cross_class,1,2,0,1,2,357,0.0,1.0,True,,,1.0,False
embB|p.Gly406Ala,rrs|n.514A>C,embB,p.Gly406Ala,rrs,n.514A>C,ethambutol,streptomycin,cross_class,1,164,0,1,164,195,0.0,1.0,True,,,1.0,False
embB|p.Gly406Ala,rrs|n.1402C>T,embB,p.Gly406Ala,rrs,n.1402C>T,ethambutol,amikacin;capreomycin;kanamycin,cross_class,1,2,0,1,2,357,0.0,1.0,True,,,1.0,False
embB|p.Gly406Asp,inhA|c.-777C>T,embB,p.Gly406Asp,inhA,c.-777C>T,ethambutol,ethionamide;isoniazid;prothionamide,cross_class,3,29,0,3,29,328,0.0,1.0,True,,,1.0,False
embB|p.Gly406Asp,inhA|c.-154G>A,embB,p.Gly406Asp,inhA,c.-154G>A,ethambutol,ethionamide;isoniazid;prothionamide,cross_class,3,8,0,3,8,349,0.0,1.0,True,,,1.0,False
embB|p.Gly406Asp,gyrB|p.Glu501Asp,embB,p.Gly406Asp,gyrB,p.Glu501Asp,ethambutol,levofloxacin;moxifloxacin,cross_class,3,3,0,3,3,354,0.0,1.0,True,,,1.0,False
embB|p.Gly406Asp,gyrB|p.Asp461Asn,embB,p.Gly406Asp,gyrB,p.Asp461Asn,ethambutol,levofloxacin;moxifloxacin,cross_class,3,1,0,3,1,356,0.0,1.0,True,,,1.0,False
embB|p.Gly406Asp,gyrB|p.Asn499Thr,embB,p.Gly406Asp,gyrB,p.Asn499Thr,ethambutol,levofloxacin;moxifloxacin,cross_class,3,2,0,3,2,355,0.0,1.0,True,,,1.0,False
embB|p.Gly406Asp,gyrA|p.Ser91Pro,embB,p.Gly406Asp,gyrA,p.Ser91Pro,ethambutol,levofloxacin;moxifloxacin,cross_class,3,47,0,3,47,310,0.0,1.0,True,,,1.0,False
embB|p.Gly406Asp,gyrA|p.Gly88Cys,embB,p.Gly406Asp,gyrA,p.Gly88Cys,ethambutol,levofloxacin;moxifloxacin,cross_class,3,6,0,3,6,351,0.0,1.0,True,,,1.0,False
embB|p.Gly406Asp,gyrA|p.Asp94Tyr,embB,p.Gly406Asp,gyrA,p.Asp94Tyr,ethambutol,levofloxacin;moxifloxacin,cross_class,3,3,0,3,3,354,0.0,1.0,True,,,1.0,False
embB|p.Gly406Asp,gyrA|p.Asp94His,embB,p.Gly406Asp,gyrA,p.Asp94His,ethambutol,levofloxacin;moxifloxacin,cross_class,3,13,0,3,13,344,0.0,1.0,True,,,1.0,False
embB|p.Gly406Asp,gyrA|p.Asp94Gly,embB,p.Gly406Asp,gyrA,p.Asp94Gly,ethambutol,levofloxacin;moxifloxacin,cross_class,3,59,1,2,58,299,2.5775862068965516,0.41644880513323274,True,lineage2,100.0,1.0,False
embB|p.Gly406Asp,gyrA|p.Asp94Asn,embB,p.Gly406Asp,gyrA,p.Asp94Asn,ethambutol,levofloxacin;moxifloxacin,cross_class,3,13,0,3,13,344,0.0,1.0,True,,,1.0,False
embB|p.Gly406Asp,gyrA|p.Ala90Val,embB,p.Gly406Asp,gyrA,p.Ala90Val,ethambutol,levofloxacin;moxifloxacin,cross_class,3,46,0,3,46,311,0.0,1.0,True,,,1.0,False
embB|p.Gly406Asp,fbiC|p.Tyr104*,embB,p.Gly406Asp,fbiC,p.Tyr104*,ethambutol,delamanid;pretomanid,cross_class,3,1,0,3,1,356,0.0,1.0,True,,,1.0,False
embB|p.Gly406Asp,fbiC|p.Trp444*,embB,p.Gly406Asp,fbiC,p.Trp444*,ethambutol,delamanid;pretomanid,cross_class,3,1,0,3,1,356,0.0,1.0,True,,,1.0,False
embB|p.Gly406Asp,fbiC|p.Trp161*,embB,p.Gly406Asp,fbiC,p.Trp161*,ethambutol,delamanid;pretomanid,cross_class,3,1,0,3,1,356,0.0,1.0,True,,,1.0,False
embB|p.Gly406Asp,mmpR5|c.321dupC,embB,p.Gly406Asp,mmpR5,c.321dupC,ethambutol,bedaquiline;clofazimine,cross_class,3,1,0,3,1,356,0.0,1.0,True,,,1.0,False
embB|p.Gly406Asp,mmpR5|c.291delC,embB,p.Gly406Asp,mmpR5,c.291delC,ethambutol,bedaquiline;clofazimine,cross_class,3,1,0,3,1,356,0.0,1.0,True,,,1.0,False
embB|p.Gly406Asp,mmpR5|c.214delC,embB,p.Gly406Asp,mmpR5,c.214delC,ethambutol,bedaquiline;clofazimine,cross_class,3,1,0,3,1,356,0.0,1.0,True,,,1.0,False
embB|p.Gly406Asp,mmpR5|c.19delG,embB,p.Gly406Asp,mmpR5,c.19delG,ethambutol,bedaquiline;clofazimine,cross_class,3,1,0,3,1,356,0.0,1.0,True,,,1.0,False
embB|p.Gly406Asp,mmpR5|c.198dupG,embB,p.Gly406Asp,mmpR5,c.198dupG,ethambutol,bedaquiline;clofazimine,cross_class,3,13,0,3,13,344,0.0,1.0,True,,,1.0,False
embB|p.Gly406Asp,mmpR5|c.198delG,embB,p.Gly406Asp,mmpR5,c.198delG,ethambutol,bedaquiline;clofazimine,cross_class,3,1,0,3,1,356,0.0,1.0,True,,,1.0,False
embB|p.Gly406Asp,mmpR5|c.144dupC,embB,p.Gly406Asp,mmpR5,c.144dupC,ethambutol,bedaquiline;clofazimine,cross_class,3,20,0,3,20,337,0.0,1.0,True,,,1.0,False
embB|p.Gly406Asp,mmpR5|c.144delC,embB,p.Gly406Asp,mmpR5,c.144delC,ethambutol,bedaquiline;clofazimine,cross_class,3,1,0,3,1,356,0.0,1.0,True,,,1.0,False
embB|p.Gly406Asp,mmpR5|c.141_142dupTC,embB,p.Gly406Asp,mmpR5,c.141_142dupTC,ethambutol,bedaquiline;clofazimine,cross_class,3,2,0,3,2,355,0.0,1.0,True,,,1.0,False
embB|p.Gly406Asp,mmpR5|c.139dupG,embB,p.Gly406Asp,mmpR5,c.139dupG,ethambutol,bedaquiline;clofazimine,cross_class,3,6,0,3,6,351,0.0,1.0,True,,,1.0,False
embB|p.Gly406Asp,mmpR5|c.139_140dupGA,embB,p.Gly406Asp,mmpR5,c.139_140dupGA,ethambutol,bedaquiline;clofazimine,cross_class,3,1,0,3,1,356,0.0,1.0,True,,,1.0,False
embB|p.Gly406Asp,katG|p.Ser315Thr,embB,p.Gly406Asp,katG,p.Ser315Thr,ethambutol,isoniazid,cross_class,3,191,1,2,190,167,0.4394736842105263,0.6023372133435002,True,lineage2,100.0,1.0,False
embB|p.Gly406Asp,katG|c.18delA,embB,p.Gly406Asp,katG,c.18delA,ethambutol,isoniazid,cross_class,3,1,0,3,1,356,0.0,1.0,True,,,1.0,False
embB|p.Gly406Asp,katG|c.117delG,embB,p.Gly406Asp,katG,c.117delG,ethambutol,isoniazid,cross_class,3,1,0,3,1,356,0.0,1.0,True,,,1.0,False
embB|p.Gly406Asp,inhA|c.-779G>T,embB,p.Gly406Asp,inhA,c.-779G>T,ethambutol,ethionamide;isoniazid;prothionamide,cross_class,3,105,0,3,105,252,0.0,0.559034639983816,True,,,1.0,False
embB|p.Gly406Asp,pncA|c.393dupC,embB,p.Gly406Asp,pncA,c.393dupC,ethambutol,pyrazinamide,cross_class,3,1,0,3,1,356,0.0,1.0,True,,,1.0,False
embB|p.Gly406Asp,pncA|c.169delC,embB,p.Gly406Asp,pncA,c.169delC,ethambutol,pyrazinamide,cross_class,3,1,0,3,1,356,0.0,1.0,True,,,1.0,False
embB|p.Gly406Asp,mmpR5|p.Val1?,embB,p.Gly406Asp,mmpR5,p.Val1?,ethambutol,bedaquiline;clofazimine,cross_class,3,1,0,3,1,356,0.0,1.0,True,,,1.0,False
embB|p.Gly406Asp,mmpR5|p.Tyr145*,embB,p.Gly406Asp,mmpR5,p.Tyr145*,ethambutol,bedaquiline;clofazimine,cross_class,3,2,0,3,2,355,0.0,1.0,True,,,1.0,False
embB|p.Gly406Asp,mmpR5|p.Ile67Ser,embB,p.Gly406Asp,mmpR5,p.Ile67Ser,ethambutol,bedaquiline;clofazimine,cross_class,3,2,0,3,2,355,0.0,1.0,True,,,1.0,False
embB|p.Gly406Asp,mmpR5|p.Gly121Arg,embB,p.Gly406Asp,mmpR5,p.Gly121Arg,ethambutol,bedaquiline;clofazimine,cross_class,3,1,0,3,1,356,0.0,1.0,True,,,1.0,False
embB|p.Gly406Asp,mmpR5|p.Gln76*,embB,p.Gly406Asp,mmpR5,p.Gln76*,ethambutol,bedaquiline;clofazimine,cross_class,3,2,0,3,2,355,0.0,1.0,True,,,1.0,False
embB|p.Gly406Asp,mmpR5|p.Asn70Asp,embB,p.Gly406Asp,mmpR5,p.Asn70Asp,ethambutol,bedaquiline;clofazimine,cross_class,3,1,0,3,1,356,0.0,1.0,True,,,1.0,False
embB|p.Gly406Asp,mmpR5|p.Arg156*,embB,p.Gly406Asp,mmpR5,p.Arg156*,ethambutol,bedaquiline;clofazimine,cross_class,3,1,0,3,1,356,0.0,1.0,True,,,1.0,False
embB|p.Gly406Asp,mmpR5|p.Arg134*,embB,p.Gly406Asp,mmpR5,p.Arg134*,ethambutol,bedaquiline;clofazimine,cross_class,3,1,0,3,1,356,0.0,1.0,True,,,1.0,False
embB|p.Gly406Asp,mmpR5|c.466dupC,embB,p.Gly406Asp,mmpR5,c.466dupC,ethambutol,bedaquiline;clofazimine,cross_class,3,1,0,3,1,356,0.0,1.0,True,,,1.0,False
embB|p.Gly406Asp,mmpR5|c.441_442delGA,embB,p.Gly406Asp,mmpR5,c.441_442delGA,ethambutol,bedaquiline;clofazimine,cross_class,3,2,0,3,2,355,0.0,1.0,True,,,1.0,False
embB|p.Gly406Asp,mmpR5|c.430dupG,embB,p.Gly406Asp,mmpR5,c.430dupG,ethambutol,bedaquiline;clofazimine,cross_class,3,1,0,3,1,356,0.0,1.0,True,,,1.0,False
embB|p.Gly406Asp,mmpR5|c.424dupC,embB,p.Gly406Asp,mmpR5,c.424dupC,ethambutol,bedaquiline;clofazimine,cross_class,3,14,0,3,14,343,0.0,1.0,True,,,1.0,False
embB|p.Gly406Asp,mmpR5|c.386delC,embB,p.Gly406Asp,mmpR5,c.386delC,ethambutol,bedaquiline;clofazimine,cross_class,3,1,0,3,1,356,0.0,1.0,True,,,1.0,False
embB|p.Gly406Asp,mmpR5|c.366dupG,embB,p.Gly406Asp,mmpR5,c.366dupG,ethambutol,bedaquiline;clofazimine,cross_class,3,1,0,3,1,356,0.0,1.0,True,,,1.0,False
embB|p.Gly406Asp,rpoB|p.Asn437Ser,embB,p.Gly406Asp,rpoB,p.Asn437Ser,ethambutol,rifampicin;rifapentine,cross_class,3,2,0,3,2,355,0.0,1.0,True,,,1.0,False
embB|p.Gly406Asp,rpoB|p.Ala451Val,embB,p.Gly406Asp,rpoB,p.Ala451Val,ethambutol,rifampicin;rifapentine,cross_class,3,3,0,3,3,354,0.0,1.0,True,,,1.0,False
embB|p.Gly406Asp,rpoB|c.1296_1304delATTCATGGA,embB,p.Gly406Asp,rpoB,c.1296_1304delATTCATGGA,ethambutol,rifampicin;rifapentine,cross_class,3,2,0,3,2,355,0.0,1.0,True,,,1.0,False
embB|p.Gly406Asp,rpoB|c.1294_1299delCAATTC,embB,p.Gly406Asp,rpoB,c.1294_1299delCAATTC,ethambutol,rifampicin;rifapentine,cross_class,3,1,0,3,1,356,0.0,1.0,True,,,1.0,False
embB|p.Gly406Asp,rplC|p.Cys154Arg,embB,p.Gly406Asp,rplC,p.Cys154Arg,ethambutol,linezolid,cross_class,3,4,0,3,4,353,0.0,1.0,True,,,1.0,False
embB|p.Gly406Asp,pncA|p.Val180Phe,embB,p.Gly406Asp,pncA,p.Val180Phe,ethambutol,pyrazinamide,cross_class,3,1,0,3,1,356,0.0,1.0,True,,,1.0,False
embB|p.Gly406Asp,pncA|p.Val139Gly,embB,p.Gly406Asp,pncA,p.Val139Gly,ethambutol,pyrazinamide,cross_class,3,1,0,3,1,356,0.0,1.0,True,,,1.0,False
embB|p.Gly406Asp,pncA|p.Thr47Ala,embB,p.Gly406Asp,pncA,p.Thr47Ala,ethambutol,pyrazinamide,cross_class,3,1,0,3,1,356,0.0,1.0,True,,,1.0,False
embB|p.Gly406Asp,pncA|p.Ser104Arg,embB,p.Gly406Asp,pncA,p.Ser104Arg,ethambutol,pyrazinamide,cross_class,3,7,0,3,7,350,0.0,1.0,True,,,1.0,False
embB|p.Gly406Asp,pncA|p.Ile31Ser,embB,p.Gly406Asp,pncA,p.Ile31Ser,ethambutol,pyrazinamide,cross_class,3,1,0,3,1,356,0.0,1.0,True,,,1.0,False
embB|p.Gly406Asp,pncA|p.Gln141Pro,embB,p.Gly406Asp,pncA,p.Gln141Pro,ethambutol,pyrazinamide,cross_class,3,1,0,3,1,356,0.0,1.0,True,,,1.0,False
embB|p.Gly406Asp,pncA|p.Cys14Arg,embB,p.Gly406Asp,pncA,p.Cys14Arg,ethambutol,pyrazinamide,cross_class,3,87,0,3,87,270,0.0,1.0,True,,,1.0,False
embB|p.Gly406Asp,pncA|p.Asp8Asn,embB,p.Gly406Asp,pncA,p.Asp8Asn,ethambutol,pyrazinamide,cross_class,3,5,0,3,5,352,0.0,1.0,True,,,1.0,False
embB|p.Gly406Asp,pncA|p.Ala146Thr,embB,p.Gly406Asp,pncA,p.Ala146Thr,ethambutol,pyrazinamide,cross_class,3,2,0,3,2,355,0.0,1.0,True,,,1.0,False
embB|p.Gly406Asp,pncA|c.517dupG,embB,p.Gly406Asp,pncA,c.517dupG,ethambutol,pyrazinamide,cross_class,3,70,0,3,70,287,0.0,1.0,True,,,1.0,False
embB|p.Gly406Asp,pncA|c.459_466delCAGGGTGC,embB,p.Gly406Asp,pncA,c.459_466delCAGGGTGC,ethambutol,pyrazinamide,cross_class,3,1,0,3,1,356,0.0,1.0,True,,,1.0,False
embB|p.Gly406Asp,rpsL|p.Lys88Arg,embB,p.Gly406Asp,rpsL,p.Lys88Arg,ethambutol,streptomycin,cross_class,3,8,1,2,7,350,25.0,0.06537402156829182,True,lineage2,100.0,1.0,False
embB|p.Gly406Asp,rpsL|p.Lys43Arg,embB,p.Gly406Asp,rpsL,p.Lys43Arg,ethambutol,streptomycin,cross_class,3,26,0,3,26,331,0.0,1.0,True,,,1.0,False
embB|p.Gly406Asp,rpoB|p.Val170Phe,embB,p.Gly406Asp,rpoB,p.Val170Phe,ethambutol,rifampicin;rifapentine,cross_class,3,2,0,3,2,355,0.0,1.0,True,,,1.0,False
embB|p.Gly406Asp,rpoB|p.Ser450Leu,embB,p.Gly406Asp,rpoB,p.Ser450Leu,ethambutol,rifampicin;rifapentine,cross_class,3,139,1,2,138,219,0.7934782608695652,1.0,True,lineage2,100.0,1.0,False
embB|p.Gly406Asp,rpoB|p.Leu452Pro,embB,p.Gly406Asp,rpoB,p.Leu452Pro,ethambutol,rifampicin;rifapentine,cross_class,3,10,0,3,10,347,0.0,1.0,True,,,1.0,False
embB|p.Gly406Asp,rpoB|p.Leu430Pro,embB,p.Gly406Asp,rpoB,p.Leu430Pro,ethambutol,rifampicin;rifapentine,cross_class,3,22,0,3,22,335,0.0,1.0,True,,,1.0,False
embB|p.Gly406Asp,rpoB|p.Ile491Phe,embB,p.Gly406Asp,rpoB,p.Ile491Phe,ethambutol,rifampicin;rifapentine,cross_class,3,1,0,3,1,356,0.0,1.0,True,,,1.0,False
embB|p.Gly406Asp,rpoB|p.His445Tyr,embB,p.Gly406Asp,rpoB,p.His445Tyr,ethambutol,rifampicin;rifapentine,cross_class,3,5,0,3,5,352,0.0,1.0,True,,,1.0,False
embB|p.Gly406Asp,rpoB|p.His445Leu,embB,p.Gly406Asp,rpoB,p.His445Leu,ethambutol,rifampicin;rifapentine,cross_class,3,1,0,3,1,356,0.0,1.0,True,,,1.0,False
embB|p.Gly406Asp,rpoB|p.His445Asp,embB,p.Gly406Asp,rpoB,p.His445Asp,ethambutol,rifampicin;rifapentine,cross_class,3,11,0,3,11,346,0.0,1.0,True,,,1.0,False
embB|p.Gly406Asp,rpoB|p.His445Asn,embB,p.Gly406Asp,rpoB,p.His445Asn,ethambutol,rifampicin;rifapentine,cross_class,3,6,0,3,6,351,0.0,1.0,True,,,1.0,False
embB|p.Gly406Asp,rpoB|p.Gln432Lys,embB,p.Gly406Asp,rpoB,p.Gln432Lys,ethambutol,rifampicin;rifapentine,cross_class,3,1,0,3,1,356,0.0,1.0,True,,,1.0,False
embB|p.Gly406Asp,rpoB|p.Asp435Val,embB,p.Gly406Asp,rpoB,p.Asp435Val,ethambutol,rifampicin;rifapentine,cross_class,3,73,2,1,71,286,8.056338028169014,0.10587448063366585,True,lineage2,100.0,1.0,False
embB|p.Gly406Asp,rpoB|p.Asp435Tyr,embB,p.Gly406Asp,rpoB,p.Asp435Tyr,ethambutol,rifampicin;rifapentine,cross_class,3,9,0,3,9,348,0.0,1.0,True,,,1.0,False
embB|p.Gly406Asp,rpoB|p.Asp435Gly,embB,p.Gly406Asp,rpoB,p.Asp435Gly,ethambutol,rifampicin;rifapentine,cross_class,3,2,0,3,2,355,0.0,1.0,True,,,1.0,False
embB|p.Gly406Asp,rpoB|p.Asp435Ala,embB,p.Gly406Asp,rpoB,p.Asp435Ala,ethambutol,rifampicin;rifapentine,cross_class,3,1,0,3,1,356,0.0,1.0,True,,,1.0,False
eis|c.-10G>A,rpoB|p.Asp435Gly,eis,c.-10G>A,rpoB,p.Asp435Gly,kanamycin,rifampicin;rifapentine,cross_class,1,2,0,1,2,357,0.0,1.0,True,,,1.0,False
eis|c.-10G>A,rpoB|p.Asp435Ala,eis,c.-10G>A,rpoB,p.Asp435Ala,kanamycin,rifampicin;rifapentine,cross_class,1,1,0,1,1,358,0.0,1.0,True,,,1.0,False
eis|c.-10G>A,rpoB|p.Asn437Ser,eis,c.-10G>A,rpoB,p.Asn437Ser,kanamycin,rifampicin;rifapentine,cross_class,1,2,0,1,2,357,0.0,1.0,True,,,1.0,False
eis|c.-10G>A,rpoB|p.Ala451Val,eis,c.-10G>A,rpoB,p.Ala451Val,kanamycin,rifampicin;rifapentine,cross_class,1,3,0,1,3,356,0.0,1.0,True,,,1.0,False
eis|c.-10G>A,rpoB|c.1296_1304delATTCATGGA,eis,c.-10G>A,rpoB,c.1296_1304delATTCATGGA,kanamycin,rifampicin;rifapentine,cross_class,1,2,0,1,2,357,0.0,1.0,True,,,1.0,False
eis|c.-10G>A,rpoB|c.1294_1299delCAATTC,eis,c.-10G>A,rpoB,c.1294_1299delCAATTC,kanamycin,rifampicin;rifapentine,cross_class,1,1,0,1,1,358,0.0,1.0,True,,,1.0,False
eis|c.-10G>A,rplC|p.Cys154Arg,eis,c.-10G>A,rplC,p.Cys154Arg,kanamycin,linezolid,cross_class,1,4,0,1,4,355,0.0,1.0,True,,,1.0,False
eis|c.-10G>A,pncA|p.Val180Phe,eis,c.-10G>A,pncA,p.Val180Phe,kanamycin,pyrazinamide,cross_class,1,1,0,1,1,358,0.0,1.0,True,,,1.0,False
eis|c.-10G>A,pncA|p.Val139Gly,eis,c.-10G>A,pncA,p.Val139Gly,kanamycin,pyrazinamide,cross_class,1,1,0,1,1,358,0.0,1.0,True,,,1.0,False
eis|c.-10G>A,pncA|p.Thr47Ala,eis,c.-10G>A,pncA,p.Thr47Ala,kanamycin,pyrazinamide,cross_class,1,1,0,1,1,358,0.0,1.0,True,,,1.0,False
eis|c.-10G>A,pncA|p.Ser104Arg,eis,c.-10G>A,pncA,p.Ser104Arg,kanamycin,pyrazinamide,cross_class,1,7,0,1,7,352,0.0,1.0,True,,,1.0,False
eis|c.-10G>A,pncA|p.Ile31Ser,eis,c.-10G>A,pncA,p.Ile31Ser,kanamycin,pyrazinamide,cross_class,1,1,0,1,1,358,0.0,1.0,True,,,1.0,False
eis|c.-10G>A,pncA|p.Gln141Pro,eis,c.-10G>A,pncA,p.Gln141Pro,kanamycin,pyrazinamide,cross_class,1,1,0,1,1,358,0.0,1.0,True,,,1.0,False
eis|c.-10G>A,pncA|p.Cys14Arg,eis,c.-10G>A,pncA,p.Cys14Arg,kanamycin,pyrazinamide,cross_class,1,87,0,1,87,272,0.0,1.0,True,,,1.0,False
eis|c.-10G>A,pncA|p.Asp8Asn,eis,c.-10G>A,pncA,p.Asp8Asn,kanamycin,pyrazinamide,cross_class,1,5,0,1,5,354,0.0,1.0,True,,,1.0,False
eis|c.-10G>A,pncA|p.Ala146Thr,eis,c.-10G>A,pncA,p.Ala146Thr,kanamycin,pyrazinamide,cross_class,1,2,0,1,2,357,0.0,1.0,True,,,1.0,False
embB|p.Met306Ile,fbiC|c.1481_1511delATGTGCTTGCCGCCCTGCGATCGGCGGAGCG,embB,p.Met306Ile,fbiC,c.1481_1511delATGTGCTTGCCGCCCTGCGATCGGCGGAGCG,ethambutol,delamanid;pretomanid,cross_class,166,1,1,165,0,194,inf,0.46111111111111114,True,lineage2,100.0,1.0,False
embB|p.Met306Ile,fbiA|c.373dupC,embB,p.Met306Ile,fbiA,c.373dupC,ethambutol,delamanid;pretomanid,cross_class,166,1,1,165,0,194,inf,0.46111111111111114,True,lineage2,100.0,1.0,False
embB|p.Met306Ile,ethA|c.871delC,embB,p.Met306Ile,ethA,c.871delC,ethambutol,ethionamide;prothionamide,cross_class,166,2,0,166,2,192,0.0,0.5016403590219746,True,,,1.0,False
embB|p.Met306Ile,ethA|c.65delA,embB,p.Met306Ile,ethA,c.65delA,ethambutol,ethionamide;prothionamide,cross_class,166,1,0,166,1,193,0.0,1.0,True,,,1.0,False
embB|p.Met306Ile,ethA|c.1047delT,embB,p.Met306Ile,ethA,c.1047delT,ethambutol,ethionamide;prothionamide,cross_class,166,1,0,166,1,193,0.0,1.0,True,,,1.0,False
embB|p.Met306Ile,embB|p.Tyr319Ser,embB,p.Met306Ile,embB,p.Tyr319Ser,ethambutol,ethambutol,within_class,166,1,0,166,1,193,0.0,1.0,True,,,1.0,False
embB|p.Met306Ile,embB|p.Met306Leu,embB,p.Met306Ile,embB,p.Met306Leu,ethambutol,ethambutol,within_class,166,1,0,166,1,193,0.0,1.0,True,,,1.0,False
embB|p.Gly406Asp,tlyA|c.585_588delTGGG,embB,p.Gly406Asp,tlyA,c.585_588delTGGG,ethambutol,capreomycin,cross_class,3,30,0,3,30,327,0.0,1.0,True,,,1.0,False
embB|p.Gly406Asp,tlyA|c.388dupG,embB,p.Gly406Asp,tlyA,c.388dupG,ethambutol,capreomycin,cross_class,3,1,0,3,1,356,0.0,1.0,True,,,1.0,False
embB|p.Gly406Asp,rrs|n.517C>T,embB,p.Gly406Asp,rrs,n.517C>T,ethambutol,streptomycin,cross_class,3,2,0,3,2,355,0.0,1.0,True,,,1.0,False
embB|p.Gly406Asp,rrs|n.514A>C,embB,p.Gly406Asp,rrs,n.514A>C,ethambutol,streptomycin,cross_class,3,164,0,3,164,193,0.0,0.2538532961931291,True,,,1.0,False
embB|p.Gly406Asp,rrs|n.1402C>T,embB,p.Gly406Asp,rrs,n.1402C>T,ethambutol,amikacin;capreomycin;kanamycin,cross_class,3,2,0,3,2,355,0.0,1.0,True,,,1.0,False
embB|p.Gly406Asp,rrs|n.1401A>G,embB,p.Gly406Asp,rrs,n.1401A>G,ethambutol,amikacin;capreomycin;kanamycin,cross_class,3,85,0,3,85,272,0.0,1.0,True,,,1.0,False
embB|p.Gly406Asp,rrl|n.2814G>T,embB,p.Gly406Asp,rrl,n.2814G>T,ethambutol,linezolid,cross_class,3,2,0,3,2,355,0.0,1.0,True,,,1.0,False
embB|p.Gly406Asp,rrl|n.2270G>T,embB,p.Gly406Asp,rrl,n.2270G>T,ethambutol,linezolid,cross_class,3,2,0,3,2,355,0.0,1.0,True,,,1.0,False
embB|p.Met306Ile,gyrB|p.Glu501Asp,embB,p.Met306Ile,gyrB,p.Glu501Asp,ethambutol,levofloxacin;moxifloxacin,cross_class,166,3,1,165,2,192,0.5818181818181818,1.0,True,lineage2,100.0,1.0,False
embB|p.Met306Ile,gyrB|p.Asp461Asn,embB,p.Met306Ile,gyrB,p.Asp461Asn,ethambutol,levofloxacin;moxifloxacin,cross_class,166,1,0,166,1,193,0.0,1.0,True,,,1.0,False
embB|p.Met306Ile,gyrB|p.Asn499Thr,embB,p.Met306Ile,gyrB,p.Asn499Thr,ethambutol,levofloxacin;moxifloxacin,cross_class,166,2,0,166,2,192,0.0,0.5016403590219746,True,,,1.0,False
embB|p.Met306Ile,gyrA|p.Asp94Tyr,embB,p.Met306Ile,gyrA,p.Asp94Tyr,ethambutol,levofloxacin;moxifloxacin,cross_class,166,3,1,165,2,192,0.5818181818181818,1.0,True,lineage2,100.0,1.0,False
embB|p.Met306Ile,gyrA|p.Asp94Asn,embB,p.Met306Ile,gyrA,p.Asp94Asn,ethambutol,levofloxacin;moxifloxacin,cross_class,166,13,9,157,4,190,2.7229299363057327,0.09821397358661144,False,lineage2,100.0,1.0,False
embB|p.Met306Ile,gyrA|p.Asp94Ala,embB,p.Met306Ile,gyrA,p.Asp94Ala,ethambutol,levofloxacin;moxifloxacin,cross_class,166,5,1,165,4,190,0.2878787878787879,0.37912684979792743,False,lineage2,100.0,1.0,False
embB|p.Met306Ile,fbiC|p.Tyr104*,embB,p.Met306Ile,fbiC,p.Tyr104*,ethambutol,delamanid;pretomanid,cross_class,166,1,1,165,0,194,inf,0.46111111111111114,True,lineage2,100.0,1.0,False
embB|p.Met306Ile,fbiC|p.Trp444*,embB,p.Met306Ile,fbiC,p.Trp444*,ethambutol,delamanid;pretomanid,cross_class,166,1,1,165,0,194,inf,0.46111111111111114,True,lineage2,100.0,1.0,False
embB|p.Met306Ile,fbiC|p.Trp161*,embB,p.Met306Ile,fbiC,p.Trp161*,ethambutol,delamanid;pretomanid,cross_class,166,1,1,165,0,194,inf,0.46111111111111114,True,lineage2,100.0,1.0,False
embB|p.Met306Ile,fbiC|c.930_931delAA,embB,p.Met306Ile,fbiC,c.930_931delAA,ethambutol,delamanid;pretomanid,cross_class,166,1,0,166,1,193,0.0,1.0,True,,,1.0,False
embB|p.Met306Ile,fbiC|c.181_191delAGCGCCGCGCG,embB,p.Met306Ile,fbiC,c.181_191delAGCGCCGCGCG,ethambutol,delamanid;pretomanid,cross_class,166,1,1,165,0,194,inf,0.46111111111111114,True,lineage2,100.0,1.0,False
embB|p.Met306Ile,mmpR5|c.214delC,embB,p.Met306Ile,mmpR5,c.214delC,ethambutol,bedaquiline;clofazimine,cross_class,166,1,1,165,0,194,inf,0.46111111111111114,True,lineage2,100.0,1.0,False
embB|p.Met306Ile,mmpR5|c.19delG,embB,p.Met306Ile,mmpR5,c.19delG,ethambutol,bedaquiline;clofazimine,cross_class,166,1,0,166,1,193,0.0,1.0,True,,,1.0,False
embB|p.Met306Ile,mmpR5|c.198dupG,embB,p.Met306Ile,mmpR5,c.198dupG,ethambutol,bedaquiline;clofazimine,cross_class,166,13,5,161,8,186,0.7220496894409938,0.7782714880859771,False,lineage2,100.0,1.0,False
embB|p.Met306Ile,mmpR5|c.198delG,embB,p.Met306Ile,mmpR5,c.198delG,ethambutol,bedaquiline;clofazimine,cross_class,166,1,1,165,0,194,inf,0.46111111111111114,True,lineage2,100.0,1.0,False
embB|p.Met306Ile,mmpR5|c.144dupC,embB,p.Met306Ile,mmpR5,c.144dupC,ethambutol,bedaquiline;clofazimine,cross_class,166,20,10,156,10,184,1.1794871794871795,0.8187947798887312,False,lineage2,100.0,1.0,False
embB|p.Met306Ile,mmpR5|c.144delC,embB,p.Met306Ile,mmpR5,c.144delC,ethambutol,bedaquiline;clofazimine,cross_class,166,1,0,166,1,193,0.0,1.0,True,,,1.0,False
embB|p.Met306Ile,mmpR5|c.141_142dupTC,embB,p.Met306Ile,mmpR5,c.141_142dupTC,ethambutol,bedaquiline;clofazimine,cross_class,166,2,0,166,2,192,0.0,0.5016403590219746,True,,,1.0,False
embB|p.Met306Ile,mmpR5|c.139dupG,embB,p.Met306Ile,mmpR5,c.139dupG,ethambutol,bedaquiline;clofazimine,cross_class,166,6,5,161,1,193,5.9937888198757765,0.0989085011432451,False,lineage2,100.0,1.0,False
embB|p.Met306Ile,mmpR5|c.139_140dupGA,embB,p.Met306Ile,mmpR5,c.139_140dupGA,ethambutol,bedaquiline;clofazimine,cross_class,166,1,0,166,1,193,0.0,1.0,True,,,1.0,False
embB|p.Met306Ile,katG|p.Ser315Asn,embB,p.Met306Ile,katG,p.Ser315Asn,ethambutol,isoniazid,cross_class,166,5,0,166,5,189,0.0,0.06453747265597284,False,,,1.0,False
embB|p.Met306Ile,katG|c.18delA,embB,p.Met306Ile,katG,c.18delA,ethambutol,isoniazid,cross_class,166,1,0,166,1,193,0.0,1.0,True,,,1.0,False
embB|p.Met306Ile,katG|c.117delG,embB,p.Met306Ile,katG,c.117delG,ethambutol,isoniazid,cross_class,166,1,0,166,1,193,0.0,1.0,True,,,1.0,False
embB|p.Met306Ile,mmpR5|p.Val1?,embB,p.Met306Ile,mmpR5,p.Val1?,ethambutol,bedaquiline;clofazimine,cross_class,166,1,0,166,1,193,0.0,1.0,True,,,1.0,False
embB|p.Met306Ile,mmpR5|p.Tyr145*,embB,p.Met306Ile,mmpR5,p.Tyr145*,ethambutol,bedaquiline;clofazimine,cross_class,166,2,2,164,0,194,inf,0.21193129062209842,True,lineage2,100.0,1.0,False
embB|p.Met306Ile,mmpR5|p.Ile67Ser,embB,p.Met306Ile,mmpR5,p.Ile67Ser,ethambutol,bedaquiline;clofazimine,cross_class,166,2,2,164,0,194,inf,0.21193129062209842,True,lineage2,100.0,1.0,False
embB|p.Met306Ile,mmpR5|p.Gly121Arg,embB,p.Met306Ile,mmpR5,p.Gly121Arg,ethambutol,bedaquiline;clofazimine,cross_class,166,1,0,166,1,193,0.0,1.0,True,,,1.0,False
embB|p.Met306Ile,mmpR5|p.Gln76*,embB,p.Met306Ile,mmpR5,p.Gln76*,ethambutol,bedaquiline;clofazimine,cross_class,166,2,2,164,0,194,inf,0.21193129062209842,True,lineage2,100.0,1.0,False
embB|p.Met306Ile,mmpR5|p.Asn70Asp,embB,p.Met306Ile,mmpR5,p.Asn70Asp,ethambutol,bedaquiline;clofazimine,cross_class,166,1,1,165,0,194,inf,0.46111111111111114,True,lineage2,100.0,1.0,False
embB|p.Met306Ile,mmpR5|p.Arg156*,embB,p.Met306Ile,mmpR5,p.Arg156*,ethambutol,bedaquiline;clofazimine,cross_class,166,1,1,165,0,194,inf,0.46111111111111114,True,lineage2,100.0,1.0,False
embB|p.Met306Ile,mmpR5|p.Arg134*,embB,p.Met306Ile,mmpR5,p.Arg134*,ethambutol,bedaquiline;clofazimine,cross_class,166,1,0,166,1,193,0.0,1.0,True,,,1.0,False
embB|p.Met306Ile,mmpR5|c.466dupC,embB,p.Met306Ile,mmpR5,c.466dupC,ethambutol,bedaquiline;clofazimine,cross_class,166,1,1,165,0,194,inf,0.46111111111111114,True,lineage2,100.0,1.0,False
embB|p.Met306Ile,mmpR5|c.441_442delGA,embB,p.Met306Ile,mmpR5,c.441_442delGA,ethambutol,bedaquiline;clofazimine,cross_class,166,2,2,164,0,194,inf,0.21193129062209842,True,lineage2,100.0,1.0,False
embB|p.Met306Ile,mmpR5|c.430dupG,embB,p.Met306Ile,mmpR5,c.430dupG,ethambutol,bedaquiline;clofazimine,cross_class,166,1,0,166,1,193,0.0,1.0,True,,,1.0,False
embB|p.Met306Ile,mmpR5|c.386delC,embB,p.Met306Ile,mmpR5,c.386delC,ethambutol,bedaquiline;clofazimine,cross_class,166,1,0,166,1,193,0.0,1.0,True,,,1.0,False
embB|p.Met306Ile,mmpR5|c.366dupG,embB,p.Met306Ile,mmpR5,c.366dupG,ethambutol,bedaquiline;clofazimine,cross_class,166,1,1,165,0,194,inf,0.46111111111111114,True,lineage2,100.0,1.0,False
embB|p.Met306Ile,mmpR5|c.321dupC,embB,p.Met306Ile,mmpR5,c.321dupC,ethambutol,bedaquiline;clofazimine,cross_class,166,1,0,166,1,193,0.0,1.0,True,,,1.0,False
embB|p.Met306Ile,mmpR5|c.291delC,embB,p.Met306Ile,mmpR5,c.291delC,ethambutol,bedaquiline;clofazimine,cross_class,166,1,1,165,0,194,inf,0.46111111111111114,True,lineage2,100.0,1.0,False
embB|p.Met306Ile,rpoB|c.1296_1304delATTCATGGA,embB,p.Met306Ile,rpoB,c.1296_1304delATTCATGGA,ethambutol,rifampicin;rifapentine,cross_class,166,2,0,166,2,192,0.0,0.5016403590219746,True,,,1.0,False
embB|p.Met306Ile,rpoB|c.1294_1299delCAATTC,embB,p.Met306Ile,rpoB,c.1294_1299delCAATTC,ethambutol,rifampicin;rifapentine,cross_class,166,1,0,166,1,193,0.0,1.0,True,,,1.0,False
embB|p.Met306Ile,rplC|p.Cys154Arg,embB,p.Met306Ile,rplC,p.Cys154Arg,ethambutol,linezolid,cross_class,166,4,2,164,2,192,1.170731707317073,1.0,True,lineage2,100.0,1.0,False
embB|p.Met306Ile,pncA|p.Val180Phe,embB,p.Met306Ile,pncA,p.Val180Phe,ethambutol,pyrazinamide,cross_class,166,1,0,166,1,193,0.0,1.0,True,,,1.0,False
embB|p.Met306Ile,pncA|p.Val139Gly,embB,p.Met306Ile,pncA,p.Val139Gly,ethambutol,pyrazinamide,cross_class,166,1,0,166,1,193,0.0,1.0,True,,,1.0,False
embB|p.Met306Ile,pncA|p.Thr47Ala,embB,p.Met306Ile,pncA,p.Thr47Ala,ethambutol,pyrazinamide,cross_class,166,1,0,166,1,193,0.0,1.0,True,,,1.0,False
embB|p.Met306Ile,pncA|p.Ser104Arg,embB,p.Met306Ile,pncA,p.Ser104Arg,ethambutol,pyrazinamide,cross_class,166,7,6,160,1,193,7.2375,0.051772949084797404,False,lineage2,100.0,1.0,False
embB|p.Met306Ile,pncA|p.Ile31Ser,embB,p.Met306Ile,pncA,p.Ile31Ser,ethambutol,pyrazinamide,cross_class,166,1,0,166,1,193,0.0,1.0,True,,,1.0,False
embB|p.Met306Ile,pncA|p.Gln141Pro,embB,p.Met306Ile,pncA,p.Gln141Pro,ethambutol,pyrazinamide,cross_class,166,1,0,166,1,193,0.0,1.0,True,,,1.0,False
embB|p.Met306Ile,pncA|p.Asp8Asn,embB,p.Met306Ile,pncA,p.Asp8Asn,ethambutol,pyrazinamide,cross_class,166,5,0,166,5,189,0.0,0.06453747265597284,False,,,1.0,False
embB|p.Met306Ile,pncA|p.Ala146Thr,embB,p.Met306Ile,pncA,p.Ala146Thr,ethambutol,pyrazinamide,cross_class,166,2,0,166,2,192,0.0,0.5016403590219746,True,,,1.0,False
embB|p.Met306Ile,pncA|c.459_466delCAGGGTGC,embB,p.Met306Ile,pncA,c.459_466delCAGGGTGC,ethambutol,pyrazinamide,cross_class,166,1,0,166,1,193,0.0,1.0,True,,,1.0,False
embB|p.Met306Ile,pncA|c.393dupC,embB,p.Met306Ile,pncA,c.393dupC,ethambutol,pyrazinamide,cross_class,166,1,0,166,1,193,0.0,1.0,True,,,1.0,False
embB|p.Met306Ile,pncA|c.169delC,embB,p.Met306Ile,pncA,c.169delC,ethambutol,pyrazinamide,cross_class,166,1,0,166,1,193,0.0,1.0,True,,,1.0,False
eis|c.-10G>A,pncA|c.517dupG,eis,c.-10G>A,pncA,c.517dupG,kanamycin,pyrazinamide,cross_class,1,70,0,1,70,289,0.0,1.0,True,,,1.0,False
eis|c.-10G>A,pncA|c.459_466delCAGGGTGC,eis,c.-10G>A,pncA,c.459_466delCAGGGTGC,kanamycin,pyrazinamide,cross_class,1,1,0,1,1,358,0.0,1.0,True,,,1.0,False
eis|c.-10G>A,pncA|c.393dupC,eis,c.-10G>A,pncA,c.393dupC,kanamycin,pyrazinamide,cross_class,1,1,0,1,1,358,0.0,1.0,True,,,1.0,False
eis|c.-10G>A,pncA|c.169delC,eis,c.-10G>A,pncA,c.169delC,kanamycin,pyrazinamide,cross_class,1,1,0,1,1,358,0.0,1.0,True,,,1.0,False
eis|c.-10G>A,mmpR5|p.Val1?,eis,c.-10G>A,mmpR5,p.Val1?,kanamycin,bedaquiline;clofazimine,cross_class,1,1,0,1,1,358,0.0,1.0,True,,,1.0,False
eis|c.-10G>A,mmpR5|p.Tyr145*,eis,c.-10G>A,mmpR5,p.Tyr145*,kanamycin,bedaquiline;clofazimine,cross_class,1,2,0,1,2,357,0.0,1.0,True,,,1.0,False
eis|c.-10G>A,mmpR5|p.Ile67Ser,eis,c.-10G>A,mmpR5,p.Ile67Ser,kanamycin,bedaquiline;clofazimine,cross_class,1,2,0,1,2,357,0.0,1.0,True,,,1.0,False
eis|c.-10G>A,mmpR5|p.Gly121Arg,eis,c.-10G>A,mmpR5,p.Gly121Arg,kanamycin,bedaquiline;clofazimine,cross_class,1,1,0,1,1,358,0.0,1.0,True,,,1.0,False
eis|c.-10G>A,mmpR5|p.Gln76*,eis,c.-10G>A,mmpR5,p.Gln76*,kanamycin,bedaquiline;clofazimine,cross_class,1,2,0,1,2,357,0.0,1.0,True,,,1.0,False
eis|c.-10G>A,mmpR5|p.Asn70Asp,eis,c.-10G>A,mmpR5,p.Asn70Asp,kanamycin,bedaquiline;clofazimine,cross_class,1,1,0,1,1,358,0.0,1.0,True,,,1.0,False
eis|c.-10G>A,mmpR5|p.Arg156*,eis,c.-10G>A,mmpR5,p.Arg156*,kanamycin,bedaquiline;clofazimine,cross_class,1,1,0,1,1,358,0.0,1.0,True,,,1.0,False
eis|c.-10G>A,mmpR5|p.Arg134*,eis,c.-10G>A,mmpR5,p.Arg134*,kanamycin,bedaquiline;clofazimine,cross_class,1,1,0,1,1,358,0.0,1.0,True,,,1.0,False
eis|c.-10G>A,mmpR5|c.466dupC,eis,c.-10G>A,mmpR5,c.466dupC,kanamycin,bedaquiline;clofazimine,cross_class,1,1,0,1,1,358,0.0,1.0,True,,,1.0,False
eis|c.-10G>A,mmpR5|c.441_442delGA,eis,c.-10G>A,mmpR5,c.441_442delGA,kanamycin,bedaquiline;clofazimine,cross_class,1,2,0,1,2,357,0.0,1.0,True,,,1.0,False
eis|c.-10G>A,mmpR5|c.430dupG,eis,c.-10G>A,mmpR5,c.430dupG,kanamycin,bedaquiline;clofazimine,cross_class,1,1,0,1,1,358,0.0,1.0,True,,,1.0,False
eis|c.-10G>A,mmpR5|c.424dupC,eis,c.-10G>A,mmpR5,c.424dupC,kanamycin,bedaquiline;clofazimine,cross_class,1,14,0,1,14,345,0.0,1.0,True,,,1.0,False
embB|p.Met306Ile,rpoB|p.Val170Phe,embB,p.Met306Ile,rpoB,p.Val170Phe,ethambutol,rifampicin;rifapentine,cross_class,166,2,0,166,2,192,0.0,0.5016403590219746,True,,,1.0,False
embB|p.Met306Ile,rpoB|p.Ile491Phe,embB,p.Met306Ile,rpoB,p.Ile491Phe,ethambutol,rifampicin;rifapentine,cross_class,166,1,0,166,1,193,0.0,1.0,True,,,1.0,False
embB|p.Met306Ile,rpoB|p.His445Tyr,embB,p.Met306Ile,rpoB,p.His445Tyr,ethambutol,rifampicin;rifapentine,cross_class,166,5,0,166,5,189,0.0,0.06453747265597284,False,,,1.0,False
embB|p.Met306Ile,rpoB|p.His445Leu,embB,p.Met306Ile,rpoB,p.His445Leu,ethambutol,rifampicin;rifapentine,cross_class,166,1,0,166,1,193,0.0,1.0,True,,,1.0,False
embB|p.Met306Ile,rpoB|p.Gln432Lys,embB,p.Met306Ile,rpoB,p.Gln432Lys,ethambutol,rifampicin;rifapentine,cross_class,166,1,0,166,1,193,0.0,1.0,True,,,1.0,False
embB|p.Met306Ile,rpoB|p.Asp435Gly,embB,p.Met306Ile,rpoB,p.Asp435Gly,ethambutol,rifampicin;rifapentine,cross_class,166,2,0,166,2,192,0.0,0.5016403590219746,True,,,1.0,False
embB|p.Met306Ile,rpoB|p.Asp435Ala,embB,p.Met306Ile,rpoB,p.Asp435Ala,ethambutol,rifampicin;rifapentine,cross_class,166,1,0,166,1,193,0.0,1.0,True,,,1.0,False
embB|p.Met306Ile,rpoB|p.Asn437Ser,embB,p.Met306Ile,rpoB,p.Asn437Ser,ethambutol,rifampicin;rifapentine,cross_class,166,2,0,166,2,192,0.0,0.5016403590219746,True,,,1.0,False
embB|p.Met306Ile,rpoB|p.Ala451Val,embB,p.Met306Ile,rpoB,p.Ala451Val,ethambutol,rifampicin;rifapentine,cross_class,166,3,0,166,3,191,0.0,0.2524605385329619,True,,,1.0,False
embB|p.Met306Leu,fbiA|c.373dupC,embB,p.Met306Leu,fbiA,c.373dupC,ethambutol,delamanid;pretomanid,cross_class,1,1,0,1,1,358,0.0,1.0,True,,,1.0,False
embB|p.Met306Leu,ethA|c.871delC,embB,p.Met306Leu,ethA,c.871delC,ethambutol,ethionamide;prothionamide,cross_class,1,2,0,1,2,357,0.0,1.0,True,,,1.0,False
embB|p.Met306Leu,ethA|c.65delA,embB,p.Met306Leu,ethA,c.65delA,ethambutol,ethionamide;prothionamide,cross_class,1,1,0,1,1,358,0.0,1.0,True,,,1.0,False
embB|p.Met306Leu,ethA|c.1047delT,embB,p.Met306Leu,ethA,c.1047delT,ethambutol,ethionamide;prothionamide,cross_class,1,1,0,1,1,358,0.0,1.0,True,,,1.0,False
embB|p.Met306Leu,embB|p.Tyr319Ser,embB,p.Met306Leu,embB,p.Tyr319Ser,ethambutol,ethambutol,within_class,1,1,0,1,1,358,0.0,1.0,True,,,1.0,False
embB|p.Met306Leu,embB|p.Met306Val,embB,p.Met306Leu,embB,p.Met306Val,ethambutol,ethambutol,within_class,1,23,0,1,23,336,0.0,1.0,True,,,1.0,False
embB|p.Met306Ile,tlyA|c.388dupG,embB,p.Met306Ile,tlyA,c.388dupG,ethambutol,capreomycin,cross_class,166,1,1,165,0,194,inf,0.46111111111111114,True,lineage2,100.0,1.0,False
embB|p.Met306Ile,rrs|n.517C>T,embB,p.Met306Ile,rrs,n.517C>T,ethambutol,streptomycin,cross_class,166,2,0,166,2,192,0.0,0.5016403590219746,True,,,1.0,False
embB|p.Met306Ile,rrs|n.1402C>T,embB,p.Met306Ile,rrs,n.1402C>T,ethambutol,amikacin;capreomycin;kanamycin,cross_class,166,2,2,164,0,194,inf,0.21193129062209842,True,lineage2,100.0,1.0,False
embB|p.Met306Ile,rrl|n.2814G>T,embB,p.Met306Ile,rrl,n.2814G>T,ethambutol,linezolid,cross_class,166,2,1,165,1,193,1.1696969696969697,1.0,True,lineage2,100.0,1.0,False
embB|p.Met306Ile,rrl|n.2270G>T,embB,p.Met306Ile,rrl,n.2270G>T,ethambutol,linezolid,cross_class,166,2,2,164,0,194,inf,0.21193129062209842,True,lineage2,100.0,1.0,False
embB|p.Met306Leu,gyrB|p.Asp461Asn,embB,p.Met306Leu,gyrB,p.Asp461Asn,ethambutol,levofloxacin;moxifloxacin,cross_class,1,1,0,1,1,358,0.0,1.0,True,,,1.0,False
embB|p.Met306Leu,gyrB|p.Asn499Thr,embB,p.Met306Leu,gyrB,p.Asn499Thr,ethambutol,levofloxacin;moxifloxacin,cross_class,1,2,0,1,2,357,0.0,1.0,True,,,1.0,False
embB|p.Met306Leu,gyrA|p.Ser91Pro,embB,p.Met306Leu,gyrA,p.Ser91Pro,ethambutol,levofloxacin;moxifloxacin,cross_class,1,47,0,1,47,312,0.0,1.0,True,,,1.0,False
embB|p.Met306Leu,gyrA|p.Gly88Cys,embB,p.Met306Leu,gyrA,p.Gly88Cys,ethambutol,levofloxacin;moxifloxacin,cross_class,1,6,0,1,6,353,0.0,1.0,True,,,1.0,False
embB|p.Met306Leu,gyrA|p.Asp94Tyr,embB,p.Met306Leu,gyrA,p.Asp94Tyr,ethambutol,levofloxacin;moxifloxacin,cross_class,1,3,0,1,3,356,0.0,1.0,True,,,1.0,False
embB|p.Met306Leu,gyrA|p.Asp94His,embB,p.Met306Leu,gyrA,p.Asp94His,ethambutol,levofloxacin;moxifloxacin,cross_class,1,13,0,1,13,346,0.0,1.0,True,,,1.0,False
embB|p.Met306Leu,gyrA|p.Asp94Gly,embB,p.Met306Leu,gyrA,p.Asp94Gly,ethambutol,levofloxacin;moxifloxacin,cross_class,1,59,0,1,59,300,0.0,1.0,True,,,1.0,False
embB|p.Met306Leu,gyrA|p.Asp94Asn,embB,p.Met306Leu,gyrA,p.Asp94Asn,ethambutol,levofloxacin;moxifloxacin,cross_class,1,13,0,1,13,346,0.0,1.0,True,,,1.0,False
embB|p.Met306Leu,gyrA|p.Asp94Ala,embB,p.Met306Leu,gyrA,p.Asp94Ala,ethambutol,levofloxacin;moxifloxacin,cross_class,1,5,0,1,5,354,0.0,1.0,True,,,1.0,False
embB|p.Met306Leu,gyrA|p.Ala90Val,embB,p.Met306Leu,gyrA,p.Ala90Val,ethambutol,levofloxacin;moxifloxacin,cross_class,1,46,0,1,46,313,0.0,1.0,True,,,1.0,False
embB|p.Met306Leu,fbiC|p.Tyr104*,embB,p.Met306Leu,fbiC,p.Tyr104*,ethambutol,delamanid;pretomanid,cross_class,1,1,0,1,1,358,0.0,1.0,True,,,1.0,False
embB|p.Met306Leu,fbiC|p.Trp444*,embB,p.Met306Leu,fbiC,p.Trp444*,ethambutol,delamanid;pretomanid,cross_class,1,1,0,1,1,358,0.0,1.0,True,,,1.0,False
embB|p.Met306Leu,fbiC|p.Trp161*,embB,p.Met306Leu,fbiC,p.Trp161*,ethambutol,delamanid;pretomanid,cross_class,1,1,0,1,1,358,0.0,1.0,True,,,1.0,False
embB|p.Met306Leu,fbiC|c.930_931delAA,embB,p.Met306Leu,fbiC,c.930_931delAA,ethambutol,delamanid;pretomanid,cross_class,1,1,0,1,1,358,0.0,1.0,True,,,1.0,False
embB|p.Met306Leu,fbiC|c.181_191delAGCGCCGCGCG,embB,p.Met306Leu,fbiC,c.181_191delAGCGCCGCGCG,ethambutol,delamanid;pretomanid,cross_class,1,1,0,1,1,358,0.0,1.0,True,,,1.0,False
embB|p.Met306Leu,fbiC|c.1481_1511delATGTGCTTGCCGCCCTGCGATCGGCGGAGCG,embB,p.Met306Leu,fbiC,c.1481_1511delATGTGCTTGCCGCCCTGCGATCGGCGGAGCG,ethambutol,delamanid;pretomanid,cross_class,1,1,0,1,1,358,0.0,1.0,True,,,1.0,False
embB|p.Met306Leu,mmpR5|c.19delG,embB,p.Met306Leu,mmpR5,c.19delG,ethambutol,bedaquiline;clofazimine,cross_class,1,1,0,1,1,358,0.0,1.0,True,,,1.0,False
embB|p.Met306Leu,mmpR5|c.198dupG,embB,p.Met306Leu,mmpR5,c.198dupG,ethambutol,bedaquiline;clofazimine,cross_class,1,13,0,1,13,346,0.0,1.0,True,,,1.0,False
embB|p.Met306Leu,mmpR5|c.198delG,embB,p.Met306Leu,mmpR5,c.198delG,ethambutol,bedaquiline;clofazimine,cross_class,1,1,0,1,1,358,0.0,1.0,True,,,1.0,False
embB|p.Met306Leu,mmpR5|c.144dupC,embB,p.Met306Leu,mmpR5,c.144dupC,ethambutol,bedaquiline;clofazimine,cross_class,1,20,0,1,20,339,0.0,1.0,True,,,1.0,False
embB|p.Met306Leu,mmpR5|c.144delC,embB,p.Met306Leu,mmpR5,c.144delC,ethambutol,bedaquiline;clofazimine,cross_class,1,1,0,1,1,358,0.0,1.0,True,,,1.0,False
embB|p.Met306Leu,mmpR5|c.141_142dupTC,embB,p.Met306Leu,mmpR5,c.141_142dupTC,ethambutol,bedaquiline;clofazimine,cross_class,1,2,0,1,2,357,0.0,1.0,True,,,1.0,False
embB|p.Met306Leu,mmpR5|c.139dupG,embB,p.Met306Leu,mmpR5,c.139dupG,ethambutol,bedaquiline;clofazimine,cross_class,1,6,0,1,6,353,0.0,1.0,True,,,1.0,False
embB|p.Met306Leu,mmpR5|c.139_140dupGA,embB,p.Met306Leu,mmpR5,c.139_140dupGA,ethambutol,bedaquiline;clofazimine,cross_class,1,1,0,1,1,358,0.0,1.0,True,,,1.0,False
embB|p.Met306Leu,katG|p.Ser315Thr,embB,p.Met306Leu,katG,p.Ser315Thr,ethambutol,isoniazid,cross_class,1,191,1,0,190,169,inf,1.0,True,lineage2,100.0,1.0,False
embB|p.Met306Leu,katG|p.Ser315Asn,embB,p.Met306Leu,katG,p.Ser315Asn,ethambutol,isoniazid,cross_class,1,5,0,1,5,354,0.0,1.0,True,,,1.0,False
embB|p.Met306Leu,katG|c.18delA,embB,p.Met306Leu,katG,c.18delA,ethambutol,isoniazid,cross_class,1,1,0,1,1,358,0.0,1.0,True,,,1.0,False
embB|p.Met306Leu,katG|c.117delG,embB,p.Met306Leu,katG,c.117delG,ethambutol,isoniazid,cross_class,1,1,0,1,1,358,0.0,1.0,True,,,1.0,False
embB|p.Met306Leu,inhA|c.-779G>T,embB,p.Met306Leu,inhA,c.-779G>T,ethambutol,ethionamide;isoniazid;prothionamide,cross_class,1,105,0,1,105,254,0.0,1.0,True,,,1.0,False
embB|p.Met306Leu,inhA|c.-777C>T,embB,p.Met306Leu,inhA,c.-777C>T,ethambutol,ethionamide;isoniazid;prothionamide,cross_class,1,29,0,1,29,330,0.0,1.0,True,,,1.0,False
embB|p.Met306Leu,inhA|c.-154G>A,embB,p.Met306Leu,inhA,c.-154G>A,ethambutol,ethionamide;isoniazid;prothionamide,cross_class,1,8,0,1,8,351,0.0,1.0,True,,,1.0,False
embB|p.Met306Leu,gyrB|p.Glu501Asp,embB,p.Met306Leu,gyrB,p.Glu501Asp,ethambutol,levofloxacin;moxifloxacin,cross_class,1,3,0,1,3,356,0.0,1.0,True,,,1.0,False
embB|p.Met306Leu,mmpR5|p.Tyr145*,embB,p.Met306Leu,mmpR5,p.Tyr145*,ethambutol,bedaquiline;clofazimine,cross_class,1,2,0,1,2,357,0.0,1.0,True,,,1.0,False
embB|p.Met306Leu,mmpR5|p.Ile67Ser,embB,p.Met306Leu,mmpR5,p.Ile67Ser,ethambutol,bedaquiline;clofazimine,cross_class,1,2,0,1,2,357,0.0,1.0,True,,,1.0,False
embB|p.Met306Leu,mmpR5|p.Gly121Arg,embB,p.Met306Leu,mmpR5,p.Gly121Arg,ethambutol,bedaquiline;clofazimine,cross_class,1,1,0,1,1,358,0.0,1.0,True,,,1.0,False
embB|p.Met306Leu,mmpR5|p.Gln76*,embB,p.Met306Leu,mmpR5,p.Gln76*,ethambutol,bedaquiline;clofazimine,cross_class,1,2,0,1,2,357,0.0,1.0,True,,,1.0,False
embB|p.Met306Leu,mmpR5|p.Asn70Asp,embB,p.Met306Leu,mmpR5,p.Asn70Asp,ethambutol,bedaquiline;clofazimine,cross_class,1,1,0,1,1,358,0.0,1.0,True,,,1.0,False
embB|p.Met306Leu,mmpR5|p.Arg156*,embB,p.Met306Leu,mmpR5,p.Arg156*,ethambutol,bedaquiline;clofazimine,cross_class,1,1,0,1,1,358,0.0,1.0,True,,,1.0,False
embB|p.Met306Leu,mmpR5|p.Arg134*,embB,p.Met306Leu,mmpR5,p.Arg134*,ethambutol,bedaquiline;clofazimine,cross_class,1,1,0,1,1,358,0.0,1.0,True,,,1.0,False
embB|p.Met306Leu,mmpR5|c.466dupC,embB,p.Met306Leu,mmpR5,c.466dupC,ethambutol,bedaquiline;clofazimine,cross_class,1,1,0,1,1,358,0.0,1.0,True,,,1.0,False
embB|p.Met306Leu,mmpR5|c.441_442delGA,embB,p.Met306Leu,mmpR5,c.441_442delGA,ethambutol,bedaquiline;clofazimine,cross_class,1,2,0,1,2,357,0.0,1.0,True,,,1.0,False
embB|p.Met306Leu,mmpR5|c.430dupG,embB,p.Met306Leu,mmpR5,c.430dupG,ethambutol,bedaquiline;clofazimine,cross_class,1,1,0,1,1,358,0.0,1.0,True,,,1.0,False
embB|p.Met306Leu,mmpR5|c.424dupC,embB,p.Met306Leu,mmpR5,c.424dupC,ethambutol,bedaquiline;clofazimine,cross_class,1,14,0,1,14,345,0.0,1.0,True,,,1.0,False
embB|p.Met306Leu,mmpR5|c.386delC,embB,p.Met306Leu,mmpR5,c.386delC,ethambutol,bedaquiline;clofazimine,cross_class,1,1,0,1,1,358,0.0,1.0,True,,,1.0,False
embB|p.Met306Leu,mmpR5|c.366dupG,embB,p.Met306Leu,mmpR5,c.366dupG,ethambutol,bedaquiline;clofazimine,cross_class,1,1,0,1,1,358,0.0,1.0,True,,,1.0,False
embB|p.Met306Leu,mmpR5|c.321dupC,embB,p.Met306Leu,mmpR5,c.321dupC,ethambutol,bedaquiline;clofazimine,cross_class,1,1,0,1,1,358,0.0,1.0,True,,,1.0,False
embB|p.Met306Leu,mmpR5|c.291delC,embB,p.Met306Leu,mmpR5,c.291delC,ethambutol,bedaquiline;clofazimine,cross_class,1,1,0,1,1,358,0.0,1.0,True,,,1.0,False
embB|p.Met306Leu,mmpR5|c.214delC,embB,p.Met306Leu,mmpR5,c.214delC,ethambutol,bedaquiline;clofazimine,cross_class,1,1,0,1,1,358,0.0,1.0,True,,,1.0,False
embB|p.Met306Leu,rpoB|c.1294_1299delCAATTC,embB,p.Met306Leu,rpoB,c.1294_1299delCAATTC,ethambutol,rifampicin;rifapentine,cross_class,1,1,0,1,1,358,0.0,1.0,True,,,1.0,False
embB|p.Met306Leu,rplC|p.Cys154Arg,embB,p.Met306Leu,rplC,p.Cys154Arg,ethambutol,linezolid,cross_class,1,4,0,1,4,355,0.0,1.0,True,,,1.0,False
embB|p.Met306Leu,pncA|p.Val139Gly,embB,p.Met306Leu,pncA,p.Val139Gly,ethambutol,pyrazinamide,cross_class,1,1,0,1,1,358,0.0,1.0,True,,,1.0,False
embB|p.Met306Leu,pncA|p.Thr47Ala,embB,p.Met306Leu,pncA,p.Thr47Ala,ethambutol,pyrazinamide,cross_class,1,1,0,1,1,358,0.0,1.0,True,,,1.0,False
embB|p.Met306Leu,pncA|p.Ser104Arg,embB,p.Met306Leu,pncA,p.Ser104Arg,ethambutol,pyrazinamide,cross_class,1,7,0,1,7,352,0.0,1.0,True,,,1.0,False
embB|p.Met306Leu,pncA|p.Ile31Ser,embB,p.Met306Leu,pncA,p.Ile31Ser,ethambutol,pyrazinamide,cross_class,1,1,0,1,1,358,0.0,1.0,True,,,1.0,False
embB|p.Met306Leu,pncA|p.Gln141Pro,embB,p.Met306Leu,pncA,p.Gln141Pro,ethambutol,pyrazinamide,cross_class,1,1,0,1,1,358,0.0,1.0,True,,,1.0,False
embB|p.Met306Leu,pncA|p.Cys14Arg,embB,p.Met306Leu,pncA,p.Cys14Arg,ethambutol,pyrazinamide,cross_class,1,87,0,1,87,272,0.0,1.0,True,,,1.0,False
embB|p.Met306Leu,pncA|p.Asp8Asn,embB,p.Met306Leu,pncA,p.Asp8Asn,ethambutol,pyrazinamide,cross_class,1,5,0,1,5,354,0.0,1.0,True,,,1.0,False
embB|p.Met306Leu,pncA|p.Ala146Thr,embB,p.Met306Leu,pncA,p.Ala146Thr,ethambutol,pyrazinamide,cross_class,1,2,0,1,2,357,0.0,1.0,True,,,1.0,False
embB|p.Met306Leu,pncA|c.517dupG,embB,p.Met306Leu,pncA,c.517dupG,ethambutol,pyrazinamide,cross_class,1,70,0,1,70,289,0.0,1.0,True,,,1.0,False
embB|p.Met306Leu,pncA|c.459_466delCAGGGTGC,embB,p.Met306Leu,pncA,c.459_466delCAGGGTGC,ethambutol,pyrazinamide,cross_class,1,1,0,1,1,358,0.0,1.0,True,,,1.0,False
embB|p.Met306Leu,pncA|c.393dupC,embB,p.Met306Leu,pncA,c.393dupC,ethambutol,pyrazinamide,cross_class,1,1,0,1,1,358,0.0,1.0,True,,,1.0,False
embB|p.Met306Leu,pncA|c.169delC,embB,p.Met306Leu,pncA,c.169delC,ethambutol,pyrazinamide,cross_class,1,1,0,1,1,358,0.0,1.0,True,,,1.0,False
embB|p.Met306Leu,mmpR5|p.Val1?,embB,p.Met306Leu,mmpR5,p.Val1?,ethambutol,bedaquiline;clofazimine,cross_class,1,1,0,1,1,358,0.0,1.0,True,,,1.0,False
embB|p.Met306Leu,rpoB|p.Ser450Leu,embB,p.Met306Leu,rpoB,p.Ser450Leu,ethambutol,rifampicin;rifapentine,cross_class,1,139,1,0,138,221,inf,0.3861111111111111,True,lineage2,100.0,1.0,False
embB|p.Met306Leu,rpoB|p.Leu452Pro,embB,p.Met306Leu,rpoB,p.Leu452Pro,ethambutol,rifampicin;rifapentine,cross_class,1,10,0,1,10,349,0.0,1.0,True,,,1.0,False
embB|p.Met306Leu,rpoB|p.Leu430Pro,embB,p.Met306Leu,rpoB,p.Leu430Pro,ethambutol,rifampicin;rifapentine,cross_class,1,22,0,1,22,337,0.0,1.0,True,,,1.0,False
embB|p.Met306Leu,rpoB|p.Ile491Phe,embB,p.Met306Leu,rpoB,p.Ile491Phe,ethambutol,rifampicin;rifapentine,cross_class,1,1,0,1,1,358,0.0,1.0,True,,,1.0,False
embB|p.Met306Leu,rpoB|p.His445Tyr,embB,p.Met306Leu,rpoB,p.His445Tyr,ethambutol,rifampicin;rifapentine,cross_class,1,5,0,1,5,354,0.0,1.0,True,,,1.0,False
embB|p.Met306Leu,rpoB|p.His445Leu,embB,p.Met306Leu,rpoB,p.His445Leu,ethambutol,rifampicin;rifapentine,cross_class,1,1,0,1,1,358,0.0,1.0,True,,,1.0,False
embB|p.Met306Leu,rpoB|p.His445Asp,embB,p.Met306Leu,rpoB,p.His445Asp,ethambutol,rifampicin;rifapentine,cross_class,1,11,0,1,11,348,0.0,1.0,True,,,1.0,False
embB|p.Met306Leu,rpoB|p.His445Asn,embB,p.Met306Leu,rpoB,p.His445Asn,ethambutol,rifampicin;rifapentine,cross_class,1,6,0,1,6,353,0.0,1.0,True,,,1.0,False
embB|p.Met306Leu,rpoB|p.Gln432Lys,embB,p.Met306Leu,rpoB,p.Gln432Lys,ethambutol,rifampicin;rifapentine,cross_class,1,1,0,1,1,358,0.0,1.0,True,,,1.0,False
embB|p.Met306Leu,rpoB|p.Asp435Val,embB,p.Met306Leu,rpoB,p.Asp435Val,ethambutol,rifampicin;rifapentine,cross_class,1,73,0,1,73,286,0.0,1.0,True,,,1.0,False
embB|p.Met306Leu,rpoB|p.Asp435Tyr,embB,p.Met306Leu,rpoB,p.Asp435Tyr,ethambutol,rifampicin;rifapentine,cross_class,1,9,0,1,9,350,0.0,1.0,True,,,1.0,False
embB|p.Met306Leu,rpoB|p.Asp435Gly,embB,p.Met306Leu,rpoB,p.Asp435Gly,ethambutol,rifampicin;rifapentine,cross_class,1,2,0,1,2,357,0.0,1.0,True,,,1.0,False
embB|p.Met306Leu,rpoB|p.Asp435Ala,embB,p.Met306Leu,rpoB,p.Asp435Ala,ethambutol,rifampicin;rifapentine,cross_class,1,1,0,1,1,358,0.0,1.0,True,,,1.0,False
embB|p.Met306Leu,rpoB|p.Asn437Ser,embB,p.Met306Leu,rpoB,p.Asn437Ser,ethambutol,rifampicin;rifapentine,cross_class,1,2,0,1,2,357,0.0,1.0,True,,,1.0,False
embB|p.Met306Leu,rpoB|p.Ala451Val,embB,p.Met306Leu,rpoB,p.Ala451Val,ethambutol,rifampicin;rifapentine,cross_class,1,3,0,1,3,356,0.0,1.0,True,,,1.0,False
embB|p.Met306Leu,rpoB|c.1296_1304delATTCATGGA,embB,p.Met306Leu,rpoB,c.1296_1304delATTCATGGA,ethambutol,rifampicin;rifapentine,cross_class,1,2,0,1,2,357,0.0,1.0,True,,,1.0,False
embB|p.Met306Val,fbiA|c.373dupC,embB,p.Met306Val,fbiA,c.373dupC,ethambutol,delamanid;pretomanid,cross_class,23,1,0,23,1,336,0.0,1.0,True,,,1.0,False
embB|p.Met306Val,ethA|c.65delA,embB,p.Met306Val,ethA,c.65delA,ethambutol,ethionamide;prothionamide,cross_class,23,1,1,22,0,337,inf,0.0638888888888889,True,lineage2,100.0,1.0,False
embB|p.Met306Val,ethA|c.1047delT,embB,p.Met306Val,ethA,c.1047delT,ethambutol,ethionamide;prothionamide,cross_class,23,1,1,22,0,337,inf,0.0638888888888889,True,lineage2,100.0,1.0,False
embB|p.Met306Val,embB|p.Tyr319Ser,embB,p.Met306Val,embB,p.Tyr319Ser,ethambutol,ethambutol,within_class,23,1,0,23,1,336,0.0,1.0,True,,,1.0,False
embB|p.Met306Leu,tlyA|c.585_588delTGGG,embB,p.Met306Leu,tlyA,c.585_588delTGGG,ethambutol,capreomycin,cross_class,1,30,0,1,30,329,0.0,1.0,True,,,1.0,False
embB|p.Met306Leu,tlyA|c.388dupG,embB,p.Met306Leu,tlyA,c.388dupG,ethambutol,capreomycin,cross_class,1,1,0,1,1,358,0.0,1.0,True,,,1.0,False
embB|p.Met306Leu,rrs|n.517C>T,embB,p.Met306Leu,rrs,n.517C>T,ethambutol,streptomycin,cross_class,1,2,0,1,2,357,0.0,1.0,True,,,1.0,False
embB|p.Met306Leu,rrs|n.514A>C,embB,p.Met306Leu,rrs,n.514A>C,ethambutol,streptomycin,cross_class,1,164,0,1,164,195,0.0,1.0,True,,,1.0,False
embB|p.Met306Leu,rrs|n.1402C>T,embB,p.Met306Leu,rrs,n.1402C>T,ethambutol,amikacin;capreomycin;kanamycin,cross_class,1,2,0,1,2,357,0.0,1.0,True,,,1.0,False
embB|p.Met306Leu,rrs|n.1401A>G,embB,p.Met306Leu,rrs,n.1401A>G,ethambutol,amikacin;capreomycin;kanamycin,cross_class,1,85,0,1,85,274,0.0,1.0,True,,,1.0,False
embB|p.Met306Leu,rrl|n.2814G>T,embB,p.Met306Leu,rrl,n.2814G>T,ethambutol,linezolid,cross_class,1,2,0,1,2,357,0.0,1.0,True,,,1.0,False
embB|p.Met306Leu,rrl|n.2270G>T,embB,p.Met306Leu,rrl,n.2270G>T,ethambutol,linezolid,cross_class,1,2,0,1,2,357,0.0,1.0,True,,,1.0,False
embB|p.Met306Leu,rpsL|p.Lys88Arg,embB,p.Met306Leu,rpsL,p.Lys88Arg,ethambutol,streptomycin,cross_class,1,8,0,1,8,351,0.0,1.0,True,,,1.0,False
embB|p.Met306Leu,rpsL|p.Lys43Arg,embB,p.Met306Leu,rpsL,p.Lys43Arg,ethambutol,streptomycin,cross_class,1,26,1,0,25,334,inf,0.07222222222222223,True,lineage2,100.0,1.0,False
embB|p.Met306Leu,rpoB|p.Val170Phe,embB,p.Met306Leu,rpoB,p.Val170Phe,ethambutol,rifampicin;rifapentine,cross_class,1,2,0,1,2,357,0.0,1.0,True,,,1.0,False
embB|p.Met306Val,gyrB|p.Asp461Asn,embB,p.Met306Val,gyrB,p.Asp461Asn,ethambutol,levofloxacin;moxifloxacin,cross_class,23,1,0,23,1,336,0.0,1.0,True,,,1.0,False
embB|p.Met306Val,gyrB|p.Asn499Thr,embB,p.Met306Val,gyrB,p.Asn499Thr,ethambutol,levofloxacin;moxifloxacin,cross_class,23,2,1,22,1,336,15.272727272727273,0.12386258124419687,True,lineage2,100.0,1.0,False
embB|p.Met306Val,gyrA|p.Ser91Pro,embB,p.Met306Val,gyrA,p.Ser91Pro,ethambutol,levofloxacin;moxifloxacin,cross_class,23,47,1,22,46,291,0.2875494071146245,0.3353434452994964,False,lineage2,100.0,1.0,False
embB|p.Met306Val,gyrA|p.Gly88Cys,embB,p.Met306Val,gyrA,p.Gly88Cys,ethambutol,levofloxacin;moxifloxacin,cross_class,23,6,0,23,6,331,0.0,1.0,False,,,1.0,False
embB|p.Met306Val,gyrA|p.Asp94Tyr,embB,p.Met306Val,gyrA,p.Asp94Tyr,ethambutol,levofloxacin;moxifloxacin,cross_class,23,3,0,23,3,334,0.0,1.0,True,,,1.0,False
embB|p.Met306Val,gyrA|p.Asp94His,embB,p.Met306Val,gyrA,p.Asp94His,ethambutol,levofloxacin;moxifloxacin,cross_class,23,13,0,23,13,324,0.0,1.0,False,,,1.0,False
embB|p.Met306Val,gyrA|p.Asp94Gly,embB,p.Met306Val,gyrA,p.Asp94Gly,ethambutol,levofloxacin;moxifloxacin,cross_class,23,59,5,18,54,283,1.455761316872428,0.5576645318311142,False,lineage2,100.0,1.0,False
embB|p.Met306Val,gyrA|p.Asp94Asn,embB,p.Met306Val,gyrA,p.Asp94Asn,ethambutol,levofloxacin;moxifloxacin,cross_class,23,13,1,22,12,325,1.231060606060606,0.582481087552829,False,lineage2,100.0,1.0,False
embB|p.Met306Val,gyrA|p.Asp94Ala,embB,p.Met306Val,gyrA,p.Asp94Ala,ethambutol,levofloxacin;moxifloxacin,cross_class,23,5,0,23,5,332,0.0,1.0,False,,,1.0,False
embB|p.Met306Val,gyrA|p.Ala90Val,embB,p.Met306Val,gyrA,p.Ala90Val,ethambutol,levofloxacin;moxifloxacin,cross_class,23,46,6,17,40,297,2.6205882352941177,0.09653579205301818,False,lineage2,100.0,1.0,False
embB|p.Met306Val,fbiC|p.Tyr104*,embB,p.Met306Val,fbiC,p.Tyr104*,ethambutol,delamanid;pretomanid,cross_class,23,1,0,23,1,336,0.0,1.0,True,,,1.0,False
embB|p.Met306Val,fbiC|p.Trp444*,embB,p.Met306Val,fbiC,p.Trp444*,ethambutol,delamanid;pretomanid,cross_class,23,1,0,23,1,336,0.0,1.0,True,,,1.0,False
embB|p.Met306Val,fbiC|p.Trp161*,embB,p.Met306Val,fbiC,p.Trp161*,ethambutol,delamanid;pretomanid,cross_class,23,1,0,23,1,336,0.0,1.0,True,,,1.0,False
embB|p.Met306Val,fbiC|c.930_931delAA,embB,p.Met306Val,fbiC,c.930_931delAA,ethambutol,delamanid;pretomanid,cross_class,23,1,0,23,1,336,0.0,1.0,True,,,1.0,False
embB|p.Met306Val,fbiC|c.181_191delAGCGCCGCGCG,embB,p.Met306Val,fbiC,c.181_191delAGCGCCGCGCG,ethambutol,delamanid;pretomanid,cross_class,23,1,0,23,1,336,0.0,1.0,True,,,1.0,False
embB|p.Met306Val,fbiC|c.1481_1511delATGTGCTTGCCGCCCTGCGATCGGCGGAGCG,embB,p.Met306Val,fbiC,c.1481_1511delATGTGCTTGCCGCCCTGCGATCGGCGGAGCG,ethambutol,delamanid;pretomanid,cross_class,23,1,0,23,1,336,0.0,1.0,True,,,1.0,False
embB|p.Met306Val,mmpR5|c.19delG,embB,p.Met306Val,mmpR5,c.19delG,ethambutol,bedaquiline;clofazimine,cross_class,23,1,0,23,1,336,0.0,1.0,True,,,1.0,False
embB|p.Met306Val,mmpR5|c.198dupG,embB,p.Met306Val,mmpR5,c.198dupG,ethambutol,bedaquiline;clofazimine,cross_class,23,13,1,22,12,325,1.231060606060606,0.582481087552829,False,lineage2,100.0,1.0,False
embB|p.Met306Val,mmpR5|c.198delG,embB,p.Met306Val,mmpR5,c.198delG,ethambutol,bedaquiline;clofazimine,cross_class,23,1,0,23,1,336,0.0,1.0,True,,,1.0,False
embB|p.Met306Val,mmpR5|c.144dupC,embB,p.Met306Val,mmpR5,c.144dupC,ethambutol,bedaquiline;clofazimine,cross_class,23,20,1,22,19,318,0.7607655502392344,1.0,False,lineage2,100.0,1.0,False
embB|p.Met306Val,mmpR5|c.144delC,embB,p.Met306Val,mmpR5,c.144delC,ethambutol,bedaquiline;clofazimine,cross_class,23,1,0,23,1,336,0.0,1.0,True,,,1.0,False
embB|p.Met306Val,mmpR5|c.141_142dupTC,embB,p.Met306Val,mmpR5,c.141_142dupTC,ethambutol,bedaquiline;clofazimine,cross_class,23,2,0,23,2,335,0.0,1.0,True,,,1.0,False
embB|p.Met306Val,mmpR5|c.139dupG,embB,p.Met306Val,mmpR5,c.139dupG,ethambutol,bedaquiline;clofazimine,cross_class,23,6,1,22,5,332,3.018181818181818,0.32900972434436165,False,lineage2,100.0,1.0,False
embB|p.Met306Val,mmpR5|c.139_140dupGA,embB,p.Met306Val,mmpR5,c.139_140dupGA,ethambutol,bedaquiline;clofazimine,cross_class,23,1,0,23,1,336,0.0,1.0,True,,,1.0,False
embB|p.Met306Val,katG|p.Ser315Asn,embB,p.Met306Val,katG,p.Ser315Asn,ethambutol,isoniazid,cross_class,23,5,0,23,5,332,0.0,1.0,False,,,1.0,False
embB|p.Met306Val,katG|c.18delA,embB,p.Met306Val,katG,c.18delA,ethambutol,isoniazid,cross_class,23,1,0,23,1,336,0.0,1.0,True,,,1.0,False
embB|p.Met306Val,katG|c.117delG,embB,p.Met306Val,katG,c.117delG,ethambutol,isoniazid,cross_class,23,1,0,23,1,336,0.0,1.0,True,,,1.0,False
embB|p.Met306Val,inhA|c.-154G>A,embB,p.Met306Val,inhA,c.-154G>A,ethambutol,ethionamide;isoniazid;prothionamide,cross_class,23,8,2,21,6,331,5.253968253968254,0.08645620621951956,False,lineage2,100.0,1.0,False
embB|p.Met306Val,gyrB|p.Glu501Asp,embB,p.Met306Val,gyrB,p.Glu501Asp,ethambutol,levofloxacin;moxifloxacin,cross_class,23,3,0,23,3,334,0.0,1.0,True,,,1.0,False
embB|p.Met306Val,mmpR5|p.Tyr145*,embB,p.Met306Val,mmpR5,p.Tyr145*,ethambutol,bedaquiline;clofazimine,cross_class,23,2,0,23,2,335,0.0,1.0,True,,,1.0,False
embB|p.Met306Val,mmpR5|p.Ile67Ser,embB,p.Met306Val,mmpR5,p.Ile67Ser,ethambutol,bedaquiline;clofazimine,cross_class,23,2,0,23,2,335,0.0,1.0,True,,,1.0,False
embB|p.Met306Val,mmpR5|p.Gly121Arg,embB,p.Met306Val,mmpR5,p.Gly121Arg,ethambutol,bedaquiline;clofazimine,cross_class,23,1,1,22,0,337,inf,0.0638888888888889,True,lineage2,100.0,1.0,False
embB|p.Met306Val,mmpR5|p.Gln76*,embB,p.Met306Val,mmpR5,p.Gln76*,ethambutol,bedaquiline;clofazimine,cross_class,23,2,0,23,2,335,0.0,1.0,True,,,1.0,False
embB|p.Met306Val,mmpR5|p.Asn70Asp,embB,p.Met306Val,mmpR5,p.Asn70Asp,ethambutol,bedaquiline;clofazimine,cross_class,23,1,0,23,1,336,0.0,1.0,True,,,1.0,False
embB|p.Met306Val,mmpR5|p.Arg156*,embB,p.Met306Val,mmpR5,p.Arg156*,ethambutol,bedaquiline;clofazimine,cross_class,23,1,0,23,1,336,0.0,1.0,True,,,1.0,False
embB|p.Met306Val,mmpR5|p.Arg134*,embB,p.Met306Val,mmpR5,p.Arg134*,ethambutol,bedaquiline;clofazimine,cross_class,23,1,0,23,1,336,0.0,1.0,True,,,1.0,False
embB|p.Met306Val,mmpR5|c.466dupC,embB,p.Met306Val,mmpR5,c.466dupC,ethambutol,bedaquiline;clofazimine,cross_class,23,1,0,23,1,336,0.0,1.0,True,,,1.0,False
embB|p.Met306Val,mmpR5|c.441_442delGA,embB,p.Met306Val,mmpR5,c.441_442delGA,ethambutol,bedaquiline;clofazimine,cross_class,23,2,0,23,2,335,0.0,1.0,True,,,1.0,False
embB|p.Met306Val,mmpR5|c.430dupG,embB,p.Met306Val,mmpR5,c.430dupG,ethambutol,bedaquiline;clofazimine,cross_class,23,1,0,23,1,336,0.0,1.0,True,,,1.0,False
embB|p.Met306Val,mmpR5|c.424dupC,embB,p.Met306Val,mmpR5,c.424dupC,ethambutol,bedaquiline;clofazimine,cross_class,23,14,0,23,14,323,0.0,1.0,False,,,1.0,False
embB|p.Met306Val,mmpR5|c.386delC,embB,p.Met306Val,mmpR5,c.386delC,ethambutol,bedaquiline;clofazimine,cross_class,23,1,1,22,0,337,inf,0.0638888888888889,True,lineage2,100.0,1.0,False
embB|p.Met306Val,mmpR5|c.366dupG,embB,p.Met306Val,mmpR5,c.366dupG,ethambutol,bedaquiline;clofazimine,cross_class,23,1,0,23,1,336,0.0,1.0,True,,,1.0,False
embB|p.Met306Val,mmpR5|c.321dupC,embB,p.Met306Val,mmpR5,c.321dupC,ethambutol,bedaquiline;clofazimine,cross_class,23,1,0,23,1,336,0.0,1.0,True,,,1.0,False
embB|p.Met306Val,mmpR5|c.291delC,embB,p.Met306Val,mmpR5,c.291delC,ethambutol,bedaquiline;clofazimine,cross_class,23,1,0,23,1,336,0.0,1.0,True,,,1.0,False
embB|p.Met306Val,mmpR5|c.214delC,embB,p.Met306Val,mmpR5,c.214delC,ethambutol,bedaquiline;clofazimine,cross_class,23,1,0,23,1,336,0.0,1.0,True,,,1.0,False
eis|c.-10G>A,mmpR5|c.386delC,eis,c.-10G>A,mmpR5,c.386delC,kanamycin,bedaquiline;clofazimine,cross_class,1,1,0,1,1,358,0.0,1.0,True,,,1.0,False
eis|c.-10G>A,mmpR5|c.366dupG,eis,c.-10G>A,mmpR5,c.366dupG,kanamycin,bedaquiline;clofazimine,cross_class,1,1,0,1,1,358,0.0,1.0,True,,,1.0,False
eis|c.-10G>A,mmpR5|c.321dupC,eis,c.-10G>A,mmpR5,c.321dupC,kanamycin,bedaquiline;clofazimine,cross_class,1,1,0,1,1,358,0.0,1.0,True,,,1.0,False
eis|c.-10G>A,mmpR5|c.291delC,eis,c.-10G>A,mmpR5,c.291delC,kanamycin,bedaquiline;clofazimine,cross_class,1,1,0,1,1,358,0.0,1.0,True,,,1.0,False
eis|c.-10G>A,mmpR5|c.214delC,eis,c.-10G>A,mmpR5,c.214delC,kanamycin,bedaquiline;clofazimine,cross_class,1,1,0,1,1,358,0.0,1.0,True,,,1.0,False
eis|c.-10G>A,mmpR5|c.19delG,eis,c.-10G>A,mmpR5,c.19delG,kanamycin,bedaquiline;clofazimine,cross_class,1,1,0,1,1,358,0.0,1.0,True,,,1.0,False
eis|c.-10G>A,mmpR5|c.198delG,eis,c.-10G>A,mmpR5,c.198delG,kanamycin,bedaquiline;clofazimine,cross_class,1,1,0,1,1,358,0.0,1.0,True,,,1.0,False
eis|c.-10G>A,mmpR5|c.144dupC,eis,c.-10G>A,mmpR5,c.144dupC,kanamycin,bedaquiline;clofazimine,cross_class,1,20,0,1,20,339,0.0,1.0,True,,,1.0,False
eis|c.-10G>A,mmpR5|c.144delC,eis,c.-10G>A,mmpR5,c.144delC,kanamycin,bedaquiline;clofazimine,cross_class,1,1,0,1,1,358,0.0,1.0,True,,,1.0,False
eis|c.-10G>A,mmpR5|c.141_142dupTC,eis,c.-10G>A,mmpR5,c.141_142dupTC,kanamycin,bedaquiline;clofazimine,cross_class,1,2,0,1,2,357,0.0,1.0,True,,,1.0,False
eis|c.-10G>A,mmpR5|c.139dupG,eis,c.-10G>A,mmpR5,c.139dupG,kanamycin,bedaquiline;clofazimine,cross_class,1,6,0,1,6,353,0.0,1.0,True,,,1.0,False
eis|c.-10G>A,mmpR5|c.139_140dupGA,eis,c.-10G>A,mmpR5,c.139_140dupGA,kanamycin,bedaquiline;clofazimine,cross_class,1,1,0,1,1,358,0.0,1.0,True,,,1.0,False
eis|c.-10G>A,katG|p.Ser315Thr,eis,c.-10G>A,katG,p.Ser315Thr,kanamycin,isoniazid,cross_class,1,191,0,1,191,168,0.0,0.46944444444444444,True,,,1.0,False
eis|c.-10G>A,katG|p.Ser315Asn,eis,c.-10G>A,katG,p.Ser315Asn,kanamycin,isoniazid,cross_class,1,5,0,1,5,354,0.0,1.0,True,,,1.0,False
eis|c.-10G>A,katG|c.18delA,eis,c.-10G>A,katG,c.18delA,kanamycin,isoniazid,cross_class,1,1,0,1,1,358,0.0,1.0,True,,,1.0,False
embB|p.Met306Val,rpoB|c.1294_1299delCAATTC,embB,p.Met306Val,rpoB,c.1294_1299delCAATTC,ethambutol,rifampicin;rifapentine,cross_class,23,1,0,23,1,336,0.0,1.0,True,,,1.0,False
embB|p.Met306Val,rplC|p.Cys154Arg,embB,p.Met306Val,rplC,p.Cys154Arg,ethambutol,linezolid,cross_class,23,4,1,22,3,334,5.0606060606060606,0.2329701595810305,True,lineage2,100.0,1.0,False
embB|p.Met306Val,pncA|p.Val180Phe,embB,p.Met306Val,pncA,p.Val180Phe,ethambutol,pyrazinamide,cross_class,23,1,0,23,1,336,0.0,1.0,True,,,1.0,False
embB|p.Met306Val,pncA|p.Val139Gly,embB,p.Met306Val,pncA,p.Val139Gly,ethambutol,pyrazinamide,cross_class,23,1,0,23,1,336,0.0,1.0,True,,,1.0,False
embB|p.Met306Val,pncA|p.Thr47Ala,embB,p.Met306Val,pncA,p.Thr47Ala,ethambutol,pyrazinamide,cross_class,23,1,0,23,1,336,0.0,1.0,True,,,1.0,False
embB|p.Met306Val,pncA|p.Ser104Arg,embB,p.Met306Val,pncA,p.Ser104Arg,ethambutol,pyrazinamide,cross_class,23,7,0,23,7,330,0.0,1.0,False,,,1.0,False
embB|p.Met306Val,pncA|p.Ile31Ser,embB,p.Met306Val,pncA,p.Ile31Ser,ethambutol,pyrazinamide,cross_class,23,1,1,22,0,337,inf,0.0638888888888889,True,lineage2,100.0,1.0,False
embB|p.Met306Val,pncA|p.Gln141Pro,embB,p.Met306Val,pncA,p.Gln141Pro,ethambutol,pyrazinamide,cross_class,23,1,0,23,1,336,0.0,1.0,True,,,1.0,False
embB|p.Met306Val,pncA|p.Ala146Thr,embB,p.Met306Val,pncA,p.Ala146Thr,ethambutol,pyrazinamide,cross_class,23,2,0,23,2,335,0.0,1.0,True,,,1.0,False
embB|p.Met306Val,pncA|c.459_466delCAGGGTGC,embB,p.Met306Val,pncA,c.459_466delCAGGGTGC,ethambutol,pyrazinamide,cross_class,23,1,1,22,0,337,inf,0.0638888888888889,True,lineage2,100.0,1.0,False
embB|p.Met306Val,pncA|c.393dupC,embB,p.Met306Val,pncA,c.393dupC,ethambutol,pyrazinamide,cross_class,23,1,0,23,1,336,0.0,1.0,True,,,1.0,False
embB|p.Met306Val,pncA|c.169delC,embB,p.Met306Val,pncA,c.169delC,ethambutol,pyrazinamide,cross_class,23,1,0,23,1,336,0.0,1.0,True,,,1.0,False
embB|p.Met306Val,mmpR5|p.Val1?,embB,p.Met306Val,mmpR5,p.Val1?,ethambutol,bedaquiline;clofazimine,cross_class,23,1,0,23,1,336,0.0,1.0,True,,,1.0,False
embB|p.Met306Val,rpoB|p.Leu452Pro,embB,p.Met306Val,rpoB,p.Leu452Pro,ethambutol,rifampicin;rifapentine,cross_class,23,10,1,22,9,328,1.6565656565656566,0.48772854791043513,False,lineage2,100.0,1.0,False
embB|p.Met306Val,rpoB|p.Leu430Pro,embB,p.Met306Val,rpoB,p.Leu430Pro,ethambutol,rifampicin;rifapentine,cross_class,23,22,1,22,21,316,0.683982683982684,1.0,False,lineage2,100.0,1.0,False
embB|p.Met306Val,rpoB|p.Ile491Phe,embB,p.Met306Val,rpoB,p.Ile491Phe,ethambutol,rifampicin;rifapentine,cross_class,23,1,0,23,1,336,0.0,1.0,True,,,1.0,False
embB|p.Met306Val,rpoB|p.His445Tyr,embB,p.Met306Val,rpoB,p.His445Tyr,ethambutol,rifampicin;rifapentine,cross_class,23,5,0,23,5,332,0.0,1.0,False,,,1.0,False
embB|p.Met306Val,rpoB|p.His445Leu,embB,p.Met306Val,rpoB,p.His445Leu,ethambutol,rifampicin;rifapentine,cross_class,23,1,0,23,1,336,0.0,1.0,True,,,1.0,False
embB|p.Met306Val,rpoB|p.His445Asp,embB,p.Met306Val,rpoB,p.His445Asp,ethambutol,rifampicin;rifapentine,cross_class,23,11,0,23,11,326,0.0,1.0,False,,,1.0,False
embB|p.Met306Val,rpoB|p.His445Asn,embB,p.Met306Val,rpoB,p.His445Asn,ethambutol,rifampicin;rifapentine,cross_class,23,6,1,22,5,332,3.018181818181818,0.32900972434436165,False,lineage2,100.0,1.0,False
embB|p.Met306Val,rpoB|p.Gln432Lys,embB,p.Met306Val,rpoB,p.Gln432Lys,ethambutol,rifampicin;rifapentine,cross_class,23,1,0,23,1,336,0.0,1.0,True,,,1.0,False
embB|p.Met306Val,rpoB|p.Asp435Tyr,embB,p.Met306Val,rpoB,p.Asp435Tyr,ethambutol,rifampicin;rifapentine,cross_class,23,9,0,23,9,328,0.0,1.0,False,,,1.0,False
embB|p.Met306Val,rpoB|p.Asp435Gly,embB,p.Met306Val,rpoB,p.Asp435Gly,ethambutol,rifampicin;rifapentine,cross_class,23,2,0,23,2,335,0.0,1.0,True,,,1.0,False
embB|p.Met306Val,rpoB|p.Asp435Ala,embB,p.Met306Val,rpoB,p.Asp435Ala,ethambutol,rifampicin;rifapentine,cross_class,23,1,0,23,1,336,0.0,1.0,True,,,1.0,False
embB|p.Met306Val,rpoB|p.Asn437Ser,embB,p.Met306Val,rpoB,p.Asn437Ser,ethambutol,rifampicin;rifapentine,cross_class,23,2,0,23,2,335,0.0,1.0,True,,,1.0,False
embB|p.Met306Val,rpoB|p.Ala451Val,embB,p.Met306Val,rpoB,p.Ala451Val,ethambutol,rifampicin;rifapentine,cross_class,23,3,0,23,3,334,0.0,1.0,True,,,1.0,False
embB|p.Met306Val,rpoB|c.1296_1304delATTCATGGA,embB,p.Met306Val,rpoB,c.1296_1304delATTCATGGA,ethambutol,rifampicin;rifapentine,cross_class,23,2,0,23,2,335,0.0,1.0,True,,,1.0,False
embB|p.Tyr319Ser,fbiC|c.1481_1511delATGTGCTTGCCGCCCTGCGATCGGCGGAGCG,embB,p.Tyr319Ser,fbiC,c.1481_1511delATGTGCTTGCCGCCCTGCGATCGGCGGAGCG,ethambutol,delamanid;pretomanid,cross_class,1,1,0,1,1,358,0.0,1.0,True,,,1.0,False
embB|p.Tyr319Ser,fbiA|c.373dupC,embB,p.Tyr319Ser,fbiA,c.373dupC,ethambutol,delamanid;pretomanid,cross_class,1,1,0,1,1,358,0.0,1.0,True,,,1.0,False
embB|p.Tyr319Ser,ethA|c.871delC,embB,p.Tyr319Ser,ethA,c.871delC,ethambutol,ethionamide;prothionamide,cross_class,1,2,0,1,2,357,0.0,1.0,True,,,1.0,False
embB|p.Tyr319Ser,ethA|c.65delA,embB,p.Tyr319Ser,ethA,c.65delA,ethambutol,ethionamide;prothionamide,cross_class,1,1,0,1,1,358,0.0,1.0,True,,,1.0,False
embB|p.Tyr319Ser,ethA|c.1047delT,embB,p.Tyr319Ser,ethA,c.1047delT,ethambutol,ethionamide;prothionamide,cross_class,1,1,0,1,1,358,0.0,1.0,True,,,1.0,False
embB|p.Met306Val,tlyA|c.585_588delTGGG,embB,p.Met306Val,tlyA,c.585_588delTGGG,ethambutol,capreomycin,cross_class,23,30,0,23,30,307,0.0,0.23949643876447357,False,,,1.0,False
embB|p.Met306Val,tlyA|c.388dupG,embB,p.Met306Val,tlyA,c.388dupG,ethambutol,capreomycin,cross_class,23,1,0,23,1,336,0.0,1.0,True,,,1.0,False
embB|p.Met306Val,rrs|n.517C>T,embB,p.Met306Val,rrs,n.517C>T,ethambutol,streptomycin,cross_class,23,2,1,22,1,336,15.272727272727273,0.12386258124419687,True,lineage2,100.0,1.0,False
embB|p.Met306Val,rrs|n.1402C>T,embB,p.Met306Val,rrs,n.1402C>T,ethambutol,amikacin;capreomycin;kanamycin,cross_class,23,2,0,23,2,335,0.0,1.0,True,,,1.0,False
embB|p.Met306Val,rrs|n.1401A>G,embB,p.Met306Val,rrs,n.1401A>G,ethambutol,amikacin;capreomycin;kanamycin,cross_class,23,85,7,16,78,259,1.452724358974359,0.44835418337393473,False,lineage2,100.0,1.0,False
embB|p.Met306Val,rrl|n.2814G>T,embB,p.Met306Val,rrl,n.2814G>T,ethambutol,linezolid,cross_class,23,2,0,23,2,335,0.0,1.0,True,,,1.0,False
embB|p.Met306Val,rrl|n.2270G>T,embB,p.Met306Val,rrl,n.2270G>T,ethambutol,linezolid,cross_class,23,2,0,23,2,335,0.0,1.0,True,,,1.0,False
embB|p.Met306Val,rpsL|p.Lys88Arg,embB,p.Met306Val,rpsL,p.Lys88Arg,ethambutol,streptomycin,cross_class,23,8,0,23,8,329,0.0,1.0,False,,,1.0,False
embB|p.Met306Val,rpoB|p.Val170Phe,embB,p.Met306Val,rpoB,p.Val170Phe,ethambutol,rifampicin;rifapentine,cross_class,23,2,0,23,2,335,0.0,1.0,True,,,1.0,False
embB|p.Tyr319Ser,gyrB|p.Glu501Asp,embB,p.Tyr319Ser,gyrB,p.Glu501Asp,ethambutol,levofloxacin;moxifloxacin,cross_class,1,3,0,1,3,356,0.0,1.0,True,,,1.0,False
embB|p.Tyr319Ser,gyrB|p.Asp461Asn,embB,p.Tyr319Ser,gyrB,p.Asp461Asn,ethambutol,levofloxacin;moxifloxacin,cross_class,1,1,0,1,1,358,0.0,1.0,True,,,1.0,False
embB|p.Tyr319Ser,gyrB|p.Asn499Thr,embB,p.Tyr319Ser,gyrB,p.Asn499Thr,ethambutol,levofloxacin;moxifloxacin,cross_class,1,2,0,1,2,357,0.0,1.0,True,,,1.0,False
embB|p.Tyr319Ser,gyrA|p.Ser91Pro,embB,p.Tyr319Ser,gyrA,p.Ser91Pro,ethambutol,levofloxacin;moxifloxacin,cross_class,1,47,0,1,47,312,0.0,1.0,True,,,1.0,False
embB|p.Tyr319Ser,gyrA|p.Gly88Cys,embB,p.Tyr319Ser,gyrA,p.Gly88Cys,ethambutol,levofloxacin;moxifloxacin,cross_class,1,6,0,1,6,353,0.0,1.0,True,,,1.0,False
embB|p.Tyr319Ser,gyrA|p.Asp94Tyr,embB,p.Tyr319Ser,gyrA,p.Asp94Tyr,ethambutol,levofloxacin;moxifloxacin,cross_class,1,3,0,1,3,356,0.0,1.0,True,,,1.0,False
embB|p.Tyr319Ser,gyrA|p.Asp94His,embB,p.Tyr319Ser,gyrA,p.Asp94His,ethambutol,levofloxacin;moxifloxacin,cross_class,1,13,0,1,13,346,0.0,1.0,True,,,1.0,False
embB|p.Tyr319Ser,gyrA|p.Asp94Gly,embB,p.Tyr319Ser,gyrA,p.Asp94Gly,ethambutol,levofloxacin;moxifloxacin,cross_class,1,59,1,0,58,301,inf,0.1638888888888889,True,lineage2,100.0,1.0,False
embB|p.Tyr319Ser,gyrA|p.Asp94Asn,embB,p.Tyr319Ser,gyrA,p.Asp94Asn,ethambutol,levofloxacin;moxifloxacin,cross_class,1,13,0,1,13,346,0.0,1.0,True,,,1.0,False
embB|p.Tyr319Ser,gyrA|p.Asp94Ala,embB,p.Tyr319Ser,gyrA,p.Asp94Ala,ethambutol,levofloxacin;moxifloxacin,cross_class,1,5,0,1,5,354,0.0,1.0,True,,,1.0,False
embB|p.Tyr319Ser,gyrA|p.Ala90Val,embB,p.Tyr319Ser,gyrA,p.Ala90Val,ethambutol,levofloxacin;moxifloxacin,cross_class,1,46,0,1,46,313,0.0,1.0,True,,,1.0,False
embB|p.Tyr319Ser,fbiC|p.Tyr104*,embB,p.Tyr319Ser,fbiC,p.Tyr104*,ethambutol,delamanid;pretomanid,cross_class,1,1,0,1,1,358,0.0,1.0,True,,,1.0,False
embB|p.Tyr319Ser,fbiC|p.Trp444*,embB,p.Tyr319Ser,fbiC,p.Trp444*,ethambutol,delamanid;pretomanid,cross_class,1,1,0,1,1,358,0.0,1.0,True,,,1.0,False
embB|p.Tyr319Ser,fbiC|p.Trp161*,embB,p.Tyr319Ser,fbiC,p.Trp161*,ethambutol,delamanid;pretomanid,cross_class,1,1,0,1,1,358,0.0,1.0,True,,,1.0,False
embB|p.Tyr319Ser,fbiC|c.930_931delAA,embB,p.Tyr319Ser,fbiC,c.930_931delAA,ethambutol,delamanid;pretomanid,cross_class,1,1,0,1,1,358,0.0,1.0,True,,,1.0,False
embB|p.Tyr319Ser,fbiC|c.181_191delAGCGCCGCGCG,embB,p.Tyr319Ser,fbiC,c.181_191delAGCGCCGCGCG,ethambutol,delamanid;pretomanid,cross_class,1,1,0,1,1,358,0.0,1.0,True,,,1.0,False
embB|p.Tyr319Ser,mmpR5|c.214delC,embB,p.Tyr319Ser,mmpR5,c.214delC,ethambutol,bedaquiline;clofazimine,cross_class,1,1,0,1,1,358,0.0,1.0,True,,,1.0,False
embB|p.Tyr319Ser,mmpR5|c.19delG,embB,p.Tyr319Ser,mmpR5,c.19delG,ethambutol,bedaquiline;clofazimine,cross_class,1,1,0,1,1,358,0.0,1.0,True,,,1.0,False
embB|p.Tyr319Ser,mmpR5|c.198dupG,embB,p.Tyr319Ser,mmpR5,c.198dupG,ethambutol,bedaquiline;clofazimine,cross_class,1,13,0,1,13,346,0.0,1.0,True,,,1.0,False
embB|p.Tyr319Ser,mmpR5|c.198delG,embB,p.Tyr319Ser,mmpR5,c.198delG,ethambutol,bedaquiline;clofazimine,cross_class,1,1,0,1,1,358,0.0,1.0,True,,,1.0,False
embB|p.Tyr319Ser,mmpR5|c.144dupC,embB,p.Tyr319Ser,mmpR5,c.144dupC,ethambutol,bedaquiline;clofazimine,cross_class,1,20,0,1,20,339,0.0,1.0,True,,,1.0,False
embB|p.Tyr319Ser,mmpR5|c.144delC,embB,p.Tyr319Ser,mmpR5,c.144delC,ethambutol,bedaquiline;clofazimine,cross_class,1,1,0,1,1,358,0.0,1.0,True,,,1.0,False
embB|p.Tyr319Ser,mmpR5|c.141_142dupTC,embB,p.Tyr319Ser,mmpR5,c.141_142dupTC,ethambutol,bedaquiline;clofazimine,cross_class,1,2,0,1,2,357,0.0,1.0,True,,,1.0,False
embB|p.Tyr319Ser,mmpR5|c.139dupG,embB,p.Tyr319Ser,mmpR5,c.139dupG,ethambutol,bedaquiline;clofazimine,cross_class,1,6,0,1,6,353,0.0,1.0,True,,,1.0,False
embB|p.Tyr319Ser,mmpR5|c.139_140dupGA,embB,p.Tyr319Ser,mmpR5,c.139_140dupGA,ethambutol,bedaquiline;clofazimine,cross_class,1,1,0,1,1,358,0.0,1.0,True,,,1.0,False
embB|p.Tyr319Ser,katG|p.Ser315Thr,embB,p.Tyr319Ser,katG,p.Ser315Thr,ethambutol,isoniazid,cross_class,1,191,0,1,191,168,0.0,0.46944444444444444,True,,,1.0,False
embB|p.Tyr319Ser,katG|p.Ser315Asn,embB,p.Tyr319Ser,katG,p.Ser315Asn,ethambutol,isoniazid,cross_class,1,5,0,1,5,354,0.0,1.0,True,,,1.0,False
embB|p.Tyr319Ser,katG|c.117delG,embB,p.Tyr319Ser,katG,c.117delG,ethambutol,isoniazid,cross_class,1,1,0,1,1,358,0.0,1.0,True,,,1.0,False
embB|p.Tyr319Ser,inhA|c.-779G>T,embB,p.Tyr319Ser,inhA,c.-779G>T,ethambutol,ethionamide;isoniazid;prothionamide,cross_class,1,105,0,1,105,254,0.0,1.0,True,,,1.0,False
embB|p.Tyr319Ser,inhA|c.-777C>T,embB,p.Tyr319Ser,inhA,c.-777C>T,ethambutol,ethionamide;isoniazid;prothionamide,cross_class,1,29,0,1,29,330,0.0,1.0,True,,,1.0,False
embB|p.Tyr319Ser,inhA|c.-154G>A,embB,p.Tyr319Ser,inhA,c.-154G>A,ethambutol,ethionamide;isoniazid;prothionamide,cross_class,1,8,0,1,8,351,0.0,1.0,True,,,1.0,False
embB|p.Tyr319Ser,mmpR5|p.Val1?,embB,p.Tyr319Ser,mmpR5,p.Val1?,ethambutol,bedaquiline;clofazimine,cross_class,1,1,0,1,1,358,0.0,1.0,True,,,1.0,False
embB|p.Tyr319Ser,mmpR5|p.Tyr145*,embB,p.Tyr319Ser,mmpR5,p.Tyr145*,ethambutol,bedaquiline;clofazimine,cross_class,1,2,0,1,2,357,0.0,1.0,True,,,1.0,False
embB|p.Tyr319Ser,mmpR5|p.Ile67Ser,embB,p.Tyr319Ser,mmpR5,p.Ile67Ser,ethambutol,bedaquiline;clofazimine,cross_class,1,2,0,1,2,357,0.0,1.0,True,,,1.0,False
embB|p.Tyr319Ser,mmpR5|p.Gly121Arg,embB,p.Tyr319Ser,mmpR5,p.Gly121Arg,ethambutol,bedaquiline;clofazimine,cross_class,1,1,0,1,1,358,0.0,1.0,True,,,1.0,False
embB|p.Tyr319Ser,mmpR5|p.Gln76*,embB,p.Tyr319Ser,mmpR5,p.Gln76*,ethambutol,bedaquiline;clofazimine,cross_class,1,2,0,1,2,357,0.0,1.0,True,,,1.0,False
embB|p.Tyr319Ser,mmpR5|p.Asn70Asp,embB,p.Tyr319Ser,mmpR5,p.Asn70Asp,ethambutol,bedaquiline;clofazimine,cross_class,1,1,0,1,1,358,0.0,1.0,True,,,1.0,False
embB|p.Tyr319Ser,mmpR5|p.Arg156*,embB,p.Tyr319Ser,mmpR5,p.Arg156*,ethambutol,bedaquiline;clofazimine,cross_class,1,1,0,1,1,358,0.0,1.0,True,,,1.0,False
embB|p.Tyr319Ser,mmpR5|p.Arg134*,embB,p.Tyr319Ser,mmpR5,p.Arg134*,ethambutol,bedaquiline;clofazimine,cross_class,1,1,0,1,1,358,0.0,1.0,True,,,1.0,False
embB|p.Tyr319Ser,mmpR5|c.466dupC,embB,p.Tyr319Ser,mmpR5,c.466dupC,ethambutol,bedaquiline;clofazimine,cross_class,1,1,0,1,1,358,0.0,1.0,True,,,1.0,False
embB|p.Tyr319Ser,mmpR5|c.441_442delGA,embB,p.Tyr319Ser,mmpR5,c.441_442delGA,ethambutol,bedaquiline;clofazimine,cross_class,1,2,0,1,2,357,0.0,1.0,True,,,1.0,False
embB|p.Tyr319Ser,mmpR5|c.430dupG,embB,p.Tyr319Ser,mmpR5,c.430dupG,ethambutol,bedaquiline;clofazimine,cross_class,1,1,0,1,1,358,0.0,1.0,True,,,1.0,False
embB|p.Tyr319Ser,mmpR5|c.424dupC,embB,p.Tyr319Ser,mmpR5,c.424dupC,ethambutol,bedaquiline;clofazimine,cross_class,1,14,0,1,14,345,0.0,1.0,True,,,1.0,False
embB|p.Tyr319Ser,mmpR5|c.386delC,embB,p.Tyr319Ser,mmpR5,c.386delC,ethambutol,bedaquiline;clofazimine,cross_class,1,1,0,1,1,358,0.0,1.0,True,,,1.0,False
embB|p.Tyr319Ser,mmpR5|c.366dupG,embB,p.Tyr319Ser,mmpR5,c.366dupG,ethambutol,bedaquiline;clofazimine,cross_class,1,1,0,1,1,358,0.0,1.0,True,,,1.0,False
embB|p.Tyr319Ser,mmpR5|c.321dupC,embB,p.Tyr319Ser,mmpR5,c.321dupC,ethambutol,bedaquiline;clofazimine,cross_class,1,1,0,1,1,358,0.0,1.0,True,,,1.0,False
embB|p.Tyr319Ser,mmpR5|c.291delC,embB,p.Tyr319Ser,mmpR5,c.291delC,ethambutol,bedaquiline;clofazimine,cross_class,1,1,0,1,1,358,0.0,1.0,True,,,1.0,False
embB|p.Tyr319Ser,rpoB|c.1296_1304delATTCATGGA,embB,p.Tyr319Ser,rpoB,c.1296_1304delATTCATGGA,ethambutol,rifampicin;rifapentine,cross_class,1,2,0,1,2,357,0.0,1.0,True,,,1.0,False
embB|p.Tyr319Ser,rpoB|c.1294_1299delCAATTC,embB,p.Tyr319Ser,rpoB,c.1294_1299delCAATTC,ethambutol,rifampicin;rifapentine,cross_class,1,1,0,1,1,358,0.0,1.0,True,,,1.0,False
embB|p.Tyr319Ser,rplC|p.Cys154Arg,embB,p.Tyr319Ser,rplC,p.Cys154Arg,ethambutol,linezolid,cross_class,1,4,0,1,4,355,0.0,1.0,True,,,1.0,False
embB|p.Tyr319Ser,pncA|p.Val180Phe,embB,p.Tyr319Ser,pncA,p.Val180Phe,ethambutol,pyrazinamide,cross_class,1,1,0,1,1,358,0.0,1.0,True,,,1.0,False
embB|p.Tyr319Ser,pncA|p.Val139Gly,embB,p.Tyr319Ser,pncA,p.Val139Gly,ethambutol,pyrazinamide,cross_class,1,1,0,1,1,358,0.0,1.0,True,,,1.0,False
embB|p.Tyr319Ser,pncA|p.Thr47Ala,embB,p.Tyr319Ser,pncA,p.Thr47Ala,ethambutol,pyrazinamide,cross_class,1,1,0,1,1,358,0.0,1.0,True,,,1.0,False
embB|p.Tyr319Ser,pncA|p.Ser104Arg,embB,p.Tyr319Ser,pncA,p.Ser104Arg,ethambutol,pyrazinamide,cross_class,1,7,0,1,7,352,0.0,1.0,True,,,1.0,False
embB|p.Tyr319Ser,pncA|p.Ile31Ser,embB,p.Tyr319Ser,pncA,p.Ile31Ser,ethambutol,pyrazinamide,cross_class,1,1,0,1,1,358,0.0,1.0,True,,,1.0,False
embB|p.Tyr319Ser,pncA|p.Gln141Pro,embB,p.Tyr319Ser,pncA,p.Gln141Pro,ethambutol,pyrazinamide,cross_class,1,1,0,1,1,358,0.0,1.0,True,,,1.0,False
embB|p.Tyr319Ser,pncA|p.Cys14Arg,embB,p.Tyr319Ser,pncA,p.Cys14Arg,ethambutol,pyrazinamide,cross_class,1,87,0,1,87,272,0.0,1.0,True,,,1.0,False
embB|p.Tyr319Ser,pncA|p.Asp8Asn,embB,p.Tyr319Ser,pncA,p.Asp8Asn,ethambutol,pyrazinamide,cross_class,1,5,0,1,5,354,0.0,1.0,True,,,1.0,False
embB|p.Tyr319Ser,pncA|p.Ala146Thr,embB,p.Tyr319Ser,pncA,p.Ala146Thr,ethambutol,pyrazinamide,cross_class,1,2,0,1,2,357,0.0,1.0,True,,,1.0,False
embB|p.Tyr319Ser,pncA|c.517dupG,embB,p.Tyr319Ser,pncA,c.517dupG,ethambutol,pyrazinamide,cross_class,1,70,0,1,70,289,0.0,1.0,True,,,1.0,False
embB|p.Tyr319Ser,pncA|c.459_466delCAGGGTGC,embB,p.Tyr319Ser,pncA,c.459_466delCAGGGTGC,ethambutol,pyrazinamide,cross_class,1,1,0,1,1,358,0.0,1.0,True,,,1.0,False
embB|p.Tyr319Ser,pncA|c.169delC,embB,p.Tyr319Ser,pncA,c.169delC,ethambutol,pyrazinamide,cross_class,1,1,0,1,1,358,0.0,1.0,True,,,1.0,False
embB|p.Tyr319Ser,rpoB|p.Val170Phe,embB,p.Tyr319Ser,rpoB,p.Val170Phe,ethambutol,rifampicin;rifapentine,cross_class,1,2,0,1,2,357,0.0,1.0,True,,,1.0,False
embB|p.Tyr319Ser,rpoB|p.Ser450Leu,embB,p.Tyr319Ser,rpoB,p.Ser450Leu,ethambutol,rifampicin;rifapentine,cross_class,1,139,1,0,138,221,inf,0.3861111111111111,True,lineage2,100.0,1.0,False
embB|p.Tyr319Ser,rpoB|p.Leu452Pro,embB,p.Tyr319Ser,rpoB,p.Leu452Pro,ethambutol,rifampicin;rifapentine,cross_class,1,10,0,1,10,349,0.0,1.0,True,,,1.0,False
embB|p.Tyr319Ser,rpoB|p.Leu430Pro,embB,p.Tyr319Ser,rpoB,p.Leu430Pro,ethambutol,rifampicin;rifapentine,cross_class,1,22,0,1,22,337,0.0,1.0,True,,,1.0,False
embB|p.Tyr319Ser,rpoB|p.Ile491Phe,embB,p.Tyr319Ser,rpoB,p.Ile491Phe,ethambutol,rifampicin;rifapentine,cross_class,1,1,0,1,1,358,0.0,1.0,True,,,1.0,False
embB|p.Tyr319Ser,rpoB|p.His445Tyr,embB,p.Tyr319Ser,rpoB,p.His445Tyr,ethambutol,rifampicin;rifapentine,cross_class,1,5,0,1,5,354,0.0,1.0,True,,,1.0,False
embB|p.Tyr319Ser,rpoB|p.His445Leu,embB,p.Tyr319Ser,rpoB,p.His445Leu,ethambutol,rifampicin;rifapentine,cross_class,1,1,0,1,1,358,0.0,1.0,True,,,1.0,False
embB|p.Tyr319Ser,rpoB|p.His445Asp,embB,p.Tyr319Ser,rpoB,p.His445Asp,ethambutol,rifampicin;rifapentine,cross_class,1,11,0,1,11,348,0.0,1.0,True,,,1.0,False
embB|p.Tyr319Ser,rpoB|p.His445Asn,embB,p.Tyr319Ser,rpoB,p.His445Asn,ethambutol,rifampicin;rifapentine,cross_class,1,6,0,1,6,353,0.0,1.0,True,,,1.0,False
embB|p.Tyr319Ser,rpoB|p.Gln432Lys,embB,p.Tyr319Ser,rpoB,p.Gln432Lys,ethambutol,rifampicin;rifapentine,cross_class,1,1,0,1,1,358,0.0,1.0,True,,,1.0,False
embB|p.Tyr319Ser,rpoB|p.Asp435Val,embB,p.Tyr319Ser,rpoB,p.Asp435Val,ethambutol,rifampicin;rifapentine,cross_class,1,73,0,1,73,286,0.0,1.0,True,,,1.0,False
embB|p.Tyr319Ser,rpoB|p.Asp435Tyr,embB,p.Tyr319Ser,rpoB,p.Asp435Tyr,ethambutol,rifampicin;rifapentine,cross_class,1,9,0,1,9,350,0.0,1.0,True,,,1.0,False
embB|p.Tyr319Ser,rpoB|p.Asp435Gly,embB,p.Tyr319Ser,rpoB,p.Asp435Gly,ethambutol,rifampicin;rifapentine,cross_class,1,2,0,1,2,357,0.0,1.0,True,,,1.0,False
embB|p.Tyr319Ser,rpoB|p.Asp435Ala,embB,p.Tyr319Ser,rpoB,p.Asp435Ala,ethambutol,rifampicin;rifapentine,cross_class,1,1,0,1,1,358,0.0,1.0,True,,,1.0,False
embB|p.Tyr319Ser,rpoB|p.Asn437Ser,embB,p.Tyr319Ser,rpoB,p.Asn437Ser,ethambutol,rifampicin;rifapentine,cross_class,1,2,0,1,2,357,0.0,1.0,True,,,1.0,False
embB|p.Tyr319Ser,rpoB|p.Ala451Val,embB,p.Tyr319Ser,rpoB,p.Ala451Val,ethambutol,rifampicin;rifapentine,cross_class,1,3,0,1,3,356,0.0,1.0,True,,,1.0,False
ethA|c.1047delT,fbiC|c.930_931delAA,ethA,c.1047delT,fbiC,c.930_931delAA,ethionamide;prothionamide,delamanid;pretomanid,cross_class,1,1,0,1,1,358,0.0,1.0,True,,,1.0,False
ethA|c.1047delT,fbiC|c.181_191delAGCGCCGCGCG,ethA,c.1047delT,fbiC,c.181_191delAGCGCCGCGCG,ethionamide;prothionamide,delamanid;pretomanid,cross_class,1,1,0,1,1,358,0.0,1.0,True,,,1.0,False
ethA|c.1047delT,fbiC|c.1481_1511delATGTGCTTGCCGCCCTGCGATCGGCGGAGCG,ethA,c.1047delT,fbiC,c.1481_1511delATGTGCTTGCCGCCCTGCGATCGGCGGAGCG,ethionamide;prothionamide,delamanid;pretomanid,cross_class,1,1,0,1,1,358,0.0,1.0,True,,,1.0,False
ethA|c.1047delT,fbiA|c.373dupC,ethA,c.1047delT,fbiA,c.373dupC,ethionamide;prothionamide,delamanid;pretomanid,cross_class,1,1,0,1,1,358,0.0,1.0,True,,,1.0,False
ethA|c.1047delT,ethA|c.871delC,ethA,c.1047delT,ethA,c.871delC,ethionamide;prothionamide,ethionamide;prothionamide,within_class,1,2,0,1,2,357,0.0,1.0,True,,,1.0,False
ethA|c.1047delT,ethA|c.65delA,ethA,c.1047delT,ethA,c.65delA,ethionamide;prothionamide,ethionamide;prothionamide,within_class,1,1,0,1,1,358,0.0,1.0,True,,,1.0,False
embB|p.Tyr319Ser,tlyA|c.585_588delTGGG,embB,p.Tyr319Ser,tlyA,c.585_588delTGGG,ethambutol,capreomycin,cross_class,1,30,0,1,30,329,0.0,1.0,True,,,1.0,False
embB|p.Tyr319Ser,tlyA|c.388dupG,embB,p.Tyr319Ser,tlyA,c.388dupG,ethambutol,capreomycin,cross_class,1,1,0,1,1,358,0.0,1.0,True,,,1.0,False
embB|p.Tyr319Ser,rrs|n.517C>T,embB,p.Tyr319Ser,rrs,n.517C>T,ethambutol,streptomycin,cross_class,1,2,0,1,2,357,0.0,1.0,True,,,1.0,False
embB|p.Tyr319Ser,rrs|n.514A>C,embB,p.Tyr319Ser,rrs,n.514A>C,ethambutol,streptomycin,cross_class,1,164,0,1,164,195,0.0,1.0,True,,,1.0,False
embB|p.Tyr319Ser,rrs|n.1402C>T,embB,p.Tyr319Ser,rrs,n.1402C>T,ethambutol,amikacin;capreomycin;kanamycin,cross_class,1,2,0,1,2,357,0.0,1.0,True,,,1.0,False
embB|p.Tyr319Ser,rrs|n.1401A>G,embB,p.Tyr319Ser,rrs,n.1401A>G,ethambutol,amikacin;capreomycin;kanamycin,cross_class,1,85,0,1,85,274,0.0,1.0,True,,,1.0,False
embB|p.Tyr319Ser,rrl|n.2814G>T,embB,p.Tyr319Ser,rrl,n.2814G>T,ethambutol,linezolid,cross_class,1,2,0,1,2,357,0.0,1.0,True,,,1.0,False
embB|p.Tyr319Ser,rrl|n.2270G>T,embB,p.Tyr319Ser,rrl,n.2270G>T,ethambutol,linezolid,cross_class,1,2,0,1,2,357,0.0,1.0,True,,,1.0,False
embB|p.Tyr319Ser,rpsL|p.Lys88Arg,embB,p.Tyr319Ser,rpsL,p.Lys88Arg,ethambutol,streptomycin,cross_class,1,8,0,1,8,351,0.0,1.0,True,,,1.0,False
embB|p.Tyr319Ser,rpsL|p.Lys43Arg,embB,p.Tyr319Ser,rpsL,p.Lys43Arg,ethambutol,streptomycin,cross_class,1,26,0,1,26,333,0.0,1.0,True,,,1.0,False
ethA|c.1047delT,inhA|c.-777C>T,ethA,c.1047delT,inhA,c.-777C>T,ethionamide;prothionamide,ethionamide;isoniazid;prothionamide,within_class,1,29,0,1,29,330,0.0,1.0,True,,,1.0,False
ethA|c.1047delT,inhA|c.-154G>A,ethA,c.1047delT,inhA,c.-154G>A,ethionamide;prothionamide,ethionamide;isoniazid;prothionamide,within_class,1,8,0,1,8,351,0.0,1.0,True,,,1.0,False
ethA|c.1047delT,gyrB|p.Glu501Asp,ethA,c.1047delT,gyrB,p.Glu501Asp,ethionamide;prothionamide,levofloxacin;moxifloxacin,cross_class,1,3,0,1,3,356,0.0,1.0,True,,,1.0,False
ethA|c.1047delT,gyrB|p.Asp461Asn,ethA,c.1047delT,gyrB,p.Asp461Asn,ethionamide;prothionamide,levofloxacin;moxifloxacin,cross_class,1,1,0,1,1,358,0.0,1.0,True,,,1.0,False
ethA|c.1047delT,gyrB|p.Asn499Thr,ethA,c.1047delT,gyrB,p.Asn499Thr,ethionamide;prothionamide,levofloxacin;moxifloxacin,cross_class,1,2,0,1,2,357,0.0,1.0,True,,,1.0,False
ethA|c.1047delT,gyrA|p.Ser91Pro,ethA,c.1047delT,gyrA,p.Ser91Pro,ethionamide;prothionamide,levofloxacin;moxifloxacin,cross_class,1,47,0,1,47,312,0.0,1.0,True,,,1.0,False
ethA|c.1047delT,gyrA|p.Gly88Cys,ethA,c.1047delT,gyrA,p.Gly88Cys,ethionamide;prothionamide,levofloxacin;moxifloxacin,cross_class,1,6,0,1,6,353,0.0,1.0,True,,,1.0,False
ethA|c.1047delT,gyrA|p.Asp94Tyr,ethA,c.1047delT,gyrA,p.Asp94Tyr,ethionamide;prothionamide,levofloxacin;moxifloxacin,cross_class,1,3,0,1,3,356,0.0,1.0,True,,,1.0,False
ethA|c.1047delT,gyrA|p.Asp94His,ethA,c.1047delT,gyrA,p.Asp94His,ethionamide;prothionamide,levofloxacin;moxifloxacin,cross_class,1,13,0,1,13,346,0.0,1.0,True,,,1.0,False
ethA|c.1047delT,gyrA|p.Asp94Gly,ethA,c.1047delT,gyrA,p.Asp94Gly,ethionamide;prothionamide,levofloxacin;moxifloxacin,cross_class,1,59,0,1,59,300,0.0,1.0,True,,,1.0,False
ethA|c.1047delT,gyrA|p.Asp94Asn,ethA,c.1047delT,gyrA,p.Asp94Asn,ethionamide;prothionamide,levofloxacin;moxifloxacin,cross_class,1,13,0,1,13,346,0.0,1.0,True,,,1.0,False
ethA|c.1047delT,gyrA|p.Asp94Ala,ethA,c.1047delT,gyrA,p.Asp94Ala,ethionamide;prothionamide,levofloxacin;moxifloxacin,cross_class,1,5,0,1,5,354,0.0,1.0,True,,,1.0,False
ethA|c.1047delT,gyrA|p.Ala90Val,ethA,c.1047delT,gyrA,p.Ala90Val,ethionamide;prothionamide,levofloxacin;moxifloxacin,cross_class,1,46,0,1,46,313,0.0,1.0,True,,,1.0,False
ethA|c.1047delT,fbiC|p.Tyr104*,ethA,c.1047delT,fbiC,p.Tyr104*,ethionamide;prothionamide,delamanid;pretomanid,cross_class,1,1,0,1,1,358,0.0,1.0,True,,,1.0,False
ethA|c.1047delT,fbiC|p.Trp444*,ethA,c.1047delT,fbiC,p.Trp444*,ethionamide;prothionamide,delamanid;pretomanid,cross_class,1,1,0,1,1,358,0.0,1.0,True,,,1.0,False
ethA|c.1047delT,fbiC|p.Trp161*,ethA,c.1047delT,fbiC,p.Trp161*,ethionamide;prothionamide,delamanid;pretomanid,cross_class,1,1,0,1,1,358,0.0,1.0,True,,,1.0,False
ethA|c.1047delT,mmpR5|c.321dupC,ethA,c.1047delT,mmpR5,c.321dupC,ethionamide;prothionamide,bedaquiline;clofazimine,cross_class,1,1,0,1,1,358,0.0,1.0,True,,,1.0,False
ethA|c.1047delT,mmpR5|c.291delC,ethA,c.1047delT,mmpR5,c.291delC,ethionamide;prothionamide,bedaquiline;clofazimine,cross_class,1,1,0,1,1,358,0.0,1.0,True,,,1.0,False
ethA|c.1047delT,mmpR5|c.214delC,ethA,c.1047delT,mmpR5,c.214delC,ethionamide;prothionamide,bedaquiline;clofazimine,cross_class,1,1,0,1,1,358,0.0,1.0,True,,,1.0,False
ethA|c.1047delT,mmpR5|c.19delG,ethA,c.1047delT,mmpR5,c.19delG,ethionamide;prothionamide,bedaquiline;clofazimine,cross_class,1,1,0,1,1,358,0.0,1.0,True,,,1.0,False
ethA|c.1047delT,mmpR5|c.198dupG,ethA,c.1047delT,mmpR5,c.198dupG,ethionamide;prothionamide,bedaquiline;clofazimine,cross_class,1,13,0,1,13,346,0.0,1.0,True,,,1.0,False
ethA|c.1047delT,mmpR5|c.198delG,ethA,c.1047delT,mmpR5,c.198delG,ethionamide;prothionamide,bedaquiline;clofazimine,cross_class,1,1,0,1,1,358,0.0,1.0,True,,,1.0,False
ethA|c.1047delT,mmpR5|c.144dupC,ethA,c.1047delT,mmpR5,c.144dupC,ethionamide;prothionamide,bedaquiline;clofazimine,cross_class,1,20,0,1,20,339,0.0,1.0,True,,,1.0,False
ethA|c.1047delT,mmpR5|c.144delC,ethA,c.1047delT,mmpR5,c.144delC,ethionamide;prothionamide,bedaquiline;clofazimine,cross_class,1,1,0,1,1,358,0.0,1.0,True,,,1.0,False
ethA|c.1047delT,mmpR5|c.141_142dupTC,ethA,c.1047delT,mmpR5,c.141_142dupTC,ethionamide;prothionamide,bedaquiline;clofazimine,cross_class,1,2,0,1,2,357,0.0,1.0,True,,,1.0,False
ethA|c.1047delT,mmpR5|c.139dupG,ethA,c.1047delT,mmpR5,c.139dupG,ethionamide;prothionamide,bedaquiline;clofazimine,cross_class,1,6,0,1,6,353,0.0,1.0,True,,,1.0,False
ethA|c.1047delT,mmpR5|c.139_140dupGA,ethA,c.1047delT,mmpR5,c.139_140dupGA,ethionamide;prothionamide,bedaquiline;clofazimine,cross_class,1,1,0,1,1,358,0.0,1.0,True,,,1.0,False
ethA|c.1047delT,katG|p.Ser315Thr,ethA,c.1047delT,katG,p.Ser315Thr,ethionamide;prothionamide,isoniazid,cross_class,1,191,1,0,190,169,inf,1.0,True,lineage2,100.0,1.0,False
ethA|c.1047delT,katG|p.Ser315Asn,ethA,c.1047delT,katG,p.Ser315Asn,ethionamide;prothionamide,isoniazid,cross_class,1,5,0,1,5,354,0.0,1.0,True,,,1.0,False
ethA|c.1047delT,katG|c.18delA,ethA,c.1047delT,katG,c.18delA,ethionamide;prothionamide,isoniazid,cross_class,1,1,0,1,1,358,0.0,1.0,True,,,1.0,False
ethA|c.1047delT,katG|c.117delG,ethA,c.1047delT,katG,c.117delG,ethionamide;prothionamide,isoniazid,cross_class,1,1,0,1,1,358,0.0,1.0,True,,,1.0,False
ethA|c.1047delT,inhA|c.-779G>T,ethA,c.1047delT,inhA,c.-779G>T,ethionamide;prothionamide,ethionamide;isoniazid;prothionamide,within_class,1,105,0,1,105,254,0.0,1.0,True,,,1.0,False
ethA|c.1047delT,pncA|c.393dupC,ethA,c.1047delT,pncA,c.393dupC,ethionamide;prothionamide,pyrazinamide,cross_class,1,1,0,1,1,358,0.0,1.0,True,,,1.0,False
ethA|c.1047delT,pncA|c.169delC,ethA,c.1047delT,pncA,c.169delC,ethionamide;prothionamide,pyrazinamide,cross_class,1,1,0,1,1,358,0.0,1.0,True,,,1.0,False
ethA|c.1047delT,mmpR5|p.Val1?,ethA,c.1047delT,mmpR5,p.Val1?,ethionamide;prothionamide,bedaquiline;clofazimine,cross_class,1,1,0,1,1,358,0.0,1.0,True,,,1.0,False
ethA|c.1047delT,mmpR5|p.Tyr145*,ethA,c.1047delT,mmpR5,p.Tyr145*,ethionamide;prothionamide,bedaquiline;clofazimine,cross_class,1,2,0,1,2,357,0.0,1.0,True,,,1.0,False
ethA|c.1047delT,mmpR5|p.Ile67Ser,ethA,c.1047delT,mmpR5,p.Ile67Ser,ethionamide;prothionamide,bedaquiline;clofazimine,cross_class,1,2,0,1,2,357,0.0,1.0,True,,,1.0,False
ethA|c.1047delT,mmpR5|p.Gly121Arg,ethA,c.1047delT,mmpR5,p.Gly121Arg,ethionamide;prothionamide,bedaquiline;clofazimine,cross_class,1,1,0,1,1,358,0.0,1.0,True,,,1.0,False
ethA|c.1047delT,mmpR5|p.Gln76*,ethA,c.1047delT,mmpR5,p.Gln76*,ethionamide;prothionamide,bedaquiline;clofazimine,cross_class,1,2,0,1,2,357,0.0,1.0,True,,,1.0,False
ethA|c.1047delT,mmpR5|p.Asn70Asp,ethA,c.1047delT,mmpR5,p.Asn70Asp,ethionamide;prothionamide,bedaquiline;clofazimine,cross_class,1,1,0,1,1,358,0.0,1.0,True,,,1.0,False
ethA|c.1047delT,mmpR5|p.Arg156*,ethA,c.1047delT,mmpR5,p.Arg156*,ethionamide;prothionamide,bedaquiline;clofazimine,cross_class,1,1,0,1,1,358,0.0,1.0,True,,,1.0,False
ethA|c.1047delT,mmpR5|p.Arg134*,ethA,c.1047delT,mmpR5,p.Arg134*,ethionamide;prothionamide,bedaquiline;clofazimine,cross_class,1,1,0,1,1,358,0.0,1.0,True,,,1.0,False
ethA|c.1047delT,mmpR5|c.466dupC,ethA,c.1047delT,mmpR5,c.466dupC,ethionamide;prothionamide,bedaquiline;clofazimine,cross_class,1,1,0,1,1,358,0.0,1.0,True,,,1.0,False
ethA|c.1047delT,mmpR5|c.441_442delGA,ethA,c.1047delT,mmpR5,c.441_442delGA,ethionamide;prothionamide,bedaquiline;clofazimine,cross_class,1,2,0,1,2,357,0.0,1.0,True,,,1.0,False
ethA|c.1047delT,mmpR5|c.430dupG,ethA,c.1047delT,mmpR5,c.430dupG,ethionamide;prothionamide,bedaquiline;clofazimine,cross_class,1,1,0,1,1,358,0.0,1.0,True,,,1.0,False
ethA|c.1047delT,mmpR5|c.424dupC,ethA,c.1047delT,mmpR5,c.424dupC,ethionamide;prothionamide,bedaquiline;clofazimine,cross_class,1,14,0,1,14,345,0.0,1.0,True,,,1.0,False
ethA|c.1047delT,mmpR5|c.386delC,ethA,c.1047delT,mmpR5,c.386delC,ethionamide;prothionamide,bedaquiline;clofazimine,cross_class,1,1,0,1,1,358,0.0,1.0,True,,,1.0,False
ethA|c.1047delT,mmpR5|c.366dupG,ethA,c.1047delT,mmpR5,c.366dupG,ethionamide;prothionamide,bedaquiline;clofazimine,cross_class,1,1,0,1,1,358,0.0,1.0,True,,,1.0,False
ethA|c.1047delT,rpoB|p.Asn437Ser,ethA,c.1047delT,rpoB,p.Asn437Ser,ethionamide;prothionamide,rifampicin;rifapentine,cross_class,1,2,0,1,2,357,0.0,1.0,True,,,1.0,False
ethA|c.1047delT,rpoB|p.Ala451Val,ethA,c.1047delT,rpoB,p.Ala451Val,ethionamide;prothionamide,rifampicin;rifapentine,cross_class,1,3,0,1,3,356,0.0,1.0,True,,,1.0,False
ethA|c.1047delT,rpoB|c.1296_1304delATTCATGGA,ethA,c.1047delT,rpoB,c.1296_1304delATTCATGGA,ethionamide;prothionamide,rifampicin;rifapentine,cross_class,1,2,0,1,2,357,0.0,1.0,True,,,1.0,False
ethA|c.1047delT,rpoB|c.1294_1299delCAATTC,ethA,c.1047delT,rpoB,c.1294_1299delCAATTC,ethionamide;prothionamide,rifampicin;rifapentine,cross_class,1,1,0,1,1,358,0.0,1.0,True,,,1.0,False
ethA|c.1047delT,rplC|p.Cys154Arg,ethA,c.1047delT,rplC,p.Cys154Arg,ethionamide;prothionamide,linezolid,cross_class,1,4,0,1,4,355,0.0,1.0,True,,,1.0,False
ethA|c.1047delT,pncA|p.Val180Phe,ethA,c.1047delT,pncA,p.Val180Phe,ethionamide;prothionamide,pyrazinamide,cross_class,1,1,0,1,1,358,0.0,1.0,True,,,1.0,False
ethA|c.1047delT,pncA|p.Val139Gly,ethA,c.1047delT,pncA,p.Val139Gly,ethionamide;prothionamide,pyrazinamide,cross_class,1,1,0,1,1,358,0.0,1.0,True,,,1.0,False
ethA|c.1047delT,pncA|p.Thr47Ala,ethA,c.1047delT,pncA,p.Thr47Ala,ethionamide;prothionamide,pyrazinamide,cross_class,1,1,0,1,1,358,0.0,1.0,True,,,1.0,False
ethA|c.1047delT,pncA|p.Ser104Arg,ethA,c.1047delT,pncA,p.Ser104Arg,ethionamide;prothionamide,pyrazinamide,cross_class,1,7,0,1,7,352,0.0,1.0,True,,,1.0,False
ethA|c.1047delT,pncA|p.Ile31Ser,ethA,c.1047delT,pncA,p.Ile31Ser,ethionamide;prothionamide,pyrazinamide,cross_class,1,1,0,1,1,358,0.0,1.0,True,,,1.0,False
ethA|c.1047delT,pncA|p.Gln141Pro,ethA,c.1047delT,pncA,p.Gln141Pro,ethionamide;prothionamide,pyrazinamide,cross_class,1,1,0,1,1,358,0.0,1.0,True,,,1.0,False
ethA|c.1047delT,pncA|p.Cys14Arg,ethA,c.1047delT,pncA,p.Cys14Arg,ethionamide;prothionamide,pyrazinamide,cross_class,1,87,0,1,87,272,0.0,1.0,True,,,1.0,False
ethA|c.1047delT,pncA|p.Asp8Asn,ethA,c.1047delT,pncA,p.Asp8Asn,ethionamide;prothionamide,pyrazinamide,cross_class,1,5,0,1,5,354,0.0,1.0,True,,,1.0,False
ethA|c.1047delT,pncA|p.Ala146Thr,ethA,c.1047delT,pncA,p.Ala146Thr,ethionamide;prothionamide,pyrazinamide,cross_class,1,2,0,1,2,357,0.0,1.0,True,,,1.0,False
ethA|c.1047delT,pncA|c.517dupG,ethA,c.1047delT,pncA,c.517dupG,ethionamide;prothionamide,pyrazinamide,cross_class,1,70,0,1,70,289,0.0,1.0,True,,,1.0,False
ethA|c.1047delT,pncA|c.459_466delCAGGGTGC,ethA,c.1047delT,pncA,c.459_466delCAGGGTGC,ethionamide;prothionamide,pyrazinamide,cross_class,1,1,0,1,1,358,0.0,1.0,True,,,1.0,False
ethA|c.1047delT,rpsL|p.Lys88Arg,ethA,c.1047delT,rpsL,p.Lys88Arg,ethionamide;prothionamide,streptomycin,cross_class,1,8,0,1,8,351,0.0,1.0,True,,,1.0,False
ethA|c.1047delT,rpsL|p.Lys43Arg,ethA,c.1047delT,rpsL,p.Lys43Arg,ethionamide;prothionamide,streptomycin,cross_class,1,26,1,0,25,334,inf,0.07222222222222223,True,lineage2,100.0,1.0,False
ethA|c.1047delT,rpoB|p.Val170Phe,ethA,c.1047delT,rpoB,p.Val170Phe,ethionamide;prothionamide,rifampicin;rifapentine,cross_class,1,2,0,1,2,357,0.0,1.0,True,,,1.0,False
ethA|c.1047delT,rpoB|p.Ser450Leu,ethA,c.1047delT,rpoB,p.Ser450Leu,ethionamide;prothionamide,rifampicin;rifapentine,cross_class,1,139,1,0,138,221,inf,0.3861111111111111,True,lineage2,100.0,1.0,False
ethA|c.1047delT,rpoB|p.Leu452Pro,ethA,c.1047delT,rpoB,p.Leu452Pro,ethionamide;prothionamide,rifampicin;rifapentine,cross_class,1,10,0,1,10,349,0.0,1.0,True,,,1.0,False
ethA|c.1047delT,rpoB|p.Leu430Pro,ethA,c.1047delT,rpoB,p.Leu430Pro,ethionamide;prothionamide,rifampicin;rifapentine,cross_class,1,22,0,1,22,337,0.0,1.0,True,,,1.0,False
ethA|c.1047delT,rpoB|p.Ile491Phe,ethA,c.1047delT,rpoB,p.Ile491Phe,ethionamide;prothionamide,rifampicin;rifapentine,cross_class,1,1,0,1,1,358,0.0,1.0,True,,,1.0,False
ethA|c.1047delT,rpoB|p.His445Tyr,ethA,c.1047delT,rpoB,p.His445Tyr,ethionamide;prothionamide,rifampicin;rifapentine,cross_class,1,5,0,1,5,354,0.0,1.0,True,,,1.0,False
ethA|c.1047delT,rpoB|p.His445Leu,ethA,c.1047delT,rpoB,p.His445Leu,ethionamide;prothionamide,rifampicin;rifapentine,cross_class,1,1,0,1,1,358,0.0,1.0,True,,,1.0,False
ethA|c.1047delT,rpoB|p.His445Asp,ethA,c.1047delT,rpoB,p.His445Asp,ethionamide;prothionamide,rifampicin;rifapentine,cross_class,1,11,0,1,11,348,0.0,1.0,True,,,1.0,False
ethA|c.1047delT,rpoB|p.His445Asn,ethA,c.1047delT,rpoB,p.His445Asn,ethionamide;prothionamide,rifampicin;rifapentine,cross_class,1,6,0,1,6,353,0.0,1.0,True,,,1.0,False
ethA|c.1047delT,rpoB|p.Gln432Lys,ethA,c.1047delT,rpoB,p.Gln432Lys,ethionamide;prothionamide,rifampicin;rifapentine,cross_class,1,1,0,1,1,358,0.0,1.0,True,,,1.0,False
ethA|c.1047delT,rpoB|p.Asp435Val,ethA,c.1047delT,rpoB,p.Asp435Val,ethionamide;prothionamide,rifampicin;rifapentine,cross_class,1,73,0,1,73,286,0.0,1.0,True,,,1.0,False
ethA|c.1047delT,rpoB|p.Asp435Tyr,ethA,c.1047delT,rpoB,p.Asp435Tyr,ethionamide;prothionamide,rifampicin;rifapentine,cross_class,1,9,0,1,9,350,0.0,1.0,True,,,1.0,False
ethA|c.1047delT,rpoB|p.Asp435Gly,ethA,c.1047delT,rpoB,p.Asp435Gly,ethionamide;prothionamide,rifampicin;rifapentine,cross_class,1,2,0,1,2,357,0.0,1.0,True,,,1.0,False
ethA|c.1047delT,rpoB|p.Asp435Ala,ethA,c.1047delT,rpoB,p.Asp435Ala,ethionamide;prothionamide,rifampicin;rifapentine,cross_class,1,1,0,1,1,358,0.0,1.0,True,,,1.0,False
ethA|c.65delA,fbiC|p.Tyr104*,ethA,c.65delA,fbiC,p.Tyr104*,ethionamide;prothionamide,delamanid;pretomanid,cross_class,1,1,0,1,1,358,0.0,1.0,True,,,1.0,False
ethA|c.65delA,fbiC|p.Trp444*,ethA,c.65delA,fbiC,p.Trp444*,ethionamide;prothionamide,delamanid;pretomanid,cross_class,1,1,0,1,1,358,0.0,1.0,True,,,1.0,False
ethA|c.65delA,fbiC|p.Trp161*,ethA,c.65delA,fbiC,p.Trp161*,ethionamide;prothionamide,delamanid;pretomanid,cross_class,1,1,0,1,1,358,0.0,1.0,True,,,1.0,False
ethA|c.65delA,fbiC|c.930_931delAA,ethA,c.65delA,fbiC,c.930_931delAA,ethionamide;prothionamide,delamanid;pretomanid,cross_class,1,1,0,1,1,358,0.0,1.0,True,,,1.0,False
ethA|c.65delA,fbiC|c.181_191delAGCGCCGCGCG,ethA,c.65delA,fbiC,c.181_191delAGCGCCGCGCG,ethionamide;prothionamide,delamanid;pretomanid,cross_class,1,1,0,1,1,358,0.0,1.0,True,,,1.0,False
ethA|c.65delA,fbiC|c.1481_1511delATGTGCTTGCCGCCCTGCGATCGGCGGAGCG,ethA,c.65delA,fbiC,c.1481_1511delATGTGCTTGCCGCCCTGCGATCGGCGGAGCG,ethionamide;prothionamide,delamanid;pretomanid,cross_class,1,1,0,1,1,358,0.0,1.0,True,,,1.0,False
ethA|c.65delA,fbiA|c.373dupC,ethA,c.65delA,fbiA,c.373dupC,ethionamide;prothionamide,delamanid;pretomanid,cross_class,1,1,0,1,1,358,0.0,1.0,True,,,1.0,False
ethA|c.65delA,ethA|c.871delC,ethA,c.65delA,ethA,c.871delC,ethionamide;prothionamide,ethionamide;prothionamide,within_class,1,2,0,1,2,357,0.0,1.0,True,,,1.0,False
ethA|c.1047delT,tlyA|c.585_588delTGGG,ethA,c.1047delT,tlyA,c.585_588delTGGG,ethionamide;prothionamide,capreomycin,cross_class,1,30,0,1,30,329,0.0,1.0,True,,,1.0,False
ethA|c.1047delT,tlyA|c.388dupG,ethA,c.1047delT,tlyA,c.388dupG,ethionamide;prothionamide,capreomycin,cross_class,1,1,0,1,1,358,0.0,1.0,True,,,1.0,False
ethA|c.1047delT,rrs|n.517C>T,ethA,c.1047delT,rrs,n.517C>T,ethionamide;prothionamide,streptomycin,cross_class,1,2,0,1,2,357,0.0,1.0,True,,,1.0,False
ethA|c.1047delT,rrs|n.514A>C,ethA,c.1047delT,rrs,n.514A>C,ethionamide;prothionamide,streptomycin,cross_class,1,164,0,1,164,195,0.0,1.0,True,,,1.0,False
ethA|c.1047delT,rrs|n.1402C>T,ethA,c.1047delT,rrs,n.1402C>T,ethionamide;prothionamide,amikacin;capreomycin;kanamycin,cross_class,1,2,0,1,2,357,0.0,1.0,True,,,1.0,False
ethA|c.1047delT,rrs|n.1401A>G,ethA,c.1047delT,rrs,n.1401A>G,ethionamide;prothionamide,amikacin;capreomycin;kanamycin,cross_class,1,85,0,1,85,274,0.0,1.0,True,,,1.0,False
ethA|c.1047delT,rrl|n.2814G>T,ethA,c.1047delT,rrl,n.2814G>T,ethionamide;prothionamide,linezolid,cross_class,1,2,0,1,2,357,0.0,1.0,True,,,1.0,False
ethA|c.1047delT,rrl|n.2270G>T,ethA,c.1047delT,rrl,n.2270G>T,ethionamide;prothionamide,linezolid,cross_class,1,2,0,1,2,357,0.0,1.0,True,,,1.0,False
ethA|c.65delA,katG|c.18delA,ethA,c.65delA,katG,c.18delA,ethionamide;prothionamide,isoniazid,cross_class,1,1,0,1,1,358,0.0,1.0,True,,,1.0,False
ethA|c.65delA,katG|c.117delG,ethA,c.65delA,katG,c.117delG,ethionamide;prothionamide,isoniazid,cross_class,1,1,0,1,1,358,0.0,1.0,True,,,1.0,False
ethA|c.65delA,inhA|c.-779G>T,ethA,c.65delA,inhA,c.-779G>T,ethionamide;prothionamide,ethionamide;isoniazid;prothionamide,within_class,1,105,0,1,105,254,0.0,1.0,True,,,1.0,False
ethA|c.65delA,inhA|c.-777C>T,ethA,c.65delA,inhA,c.-777C>T,ethionamide;prothionamide,ethionamide;isoniazid;prothionamide,within_class,1,29,1,0,28,331,inf,0.08055555555555556,True,lineage2,100.0,1.0,False
ethA|c.65delA,inhA|c.-154G>A,ethA,c.65delA,inhA,c.-154G>A,ethionamide;prothionamide,ethionamide;isoniazid;prothionamide,within_class,1,8,0,1,8,351,0.0,1.0,True,,,1.0,False
ethA|c.65delA,gyrB|p.Glu501Asp,ethA,c.65delA,gyrB,p.Glu501Asp,ethionamide;prothionamide,levofloxacin;moxifloxacin,cross_class,1,3,0,1,3,356,0.0,1.0,True,,,1.0,False
ethA|c.65delA,gyrB|p.Asp461Asn,ethA,c.65delA,gyrB,p.Asp461Asn,ethionamide;prothionamide,levofloxacin;moxifloxacin,cross_class,1,1,0,1,1,358,0.0,1.0,True,,,1.0,False
ethA|c.65delA,gyrB|p.Asn499Thr,ethA,c.65delA,gyrB,p.Asn499Thr,ethionamide;prothionamide,levofloxacin;moxifloxacin,cross_class,1,2,0,1,2,357,0.0,1.0,True,,,1.0,False
ethA|c.65delA,gyrA|p.Ser91Pro,ethA,c.65delA,gyrA,p.Ser91Pro,ethionamide;prothionamide,levofloxacin;moxifloxacin,cross_class,1,47,0,1,47,312,0.0,1.0,True,,,1.0,False
ethA|c.65delA,gyrA|p.Gly88Cys,ethA,c.65delA,gyrA,p.Gly88Cys,ethionamide;prothionamide,levofloxacin;moxifloxacin,cross_class,1,6,0,1,6,353,0.0,1.0,True,,,1.0,False
ethA|c.65delA,gyrA|p.Asp94Tyr,ethA,c.65delA,gyrA,p.Asp94Tyr,ethionamide;prothionamide,levofloxacin;moxifloxacin,cross_class,1,3,0,1,3,356,0.0,1.0,True,,,1.0,False
ethA|c.65delA,gyrA|p.Asp94His,ethA,c.65delA,gyrA,p.Asp94His,ethionamide;prothionamide,levofloxacin;moxifloxacin,cross_class,1,13,0,1,13,346,0.0,1.0,True,,,1.0,False
ethA|c.65delA,gyrA|p.Asp94Gly,ethA,c.65delA,gyrA,p.Asp94Gly,ethionamide;prothionamide,levofloxacin;moxifloxacin,cross_class,1,59,0,1,59,300,0.0,1.0,True,,,1.0,False
ethA|c.65delA,gyrA|p.Asp94Asn,ethA,c.65delA,gyrA,p.Asp94Asn,ethionamide;prothionamide,levofloxacin;moxifloxacin,cross_class,1,13,0,1,13,346,0.0,1.0,True,,,1.0,False
ethA|c.65delA,gyrA|p.Asp94Ala,ethA,c.65delA,gyrA,p.Asp94Ala,ethionamide;prothionamide,levofloxacin;moxifloxacin,cross_class,1,5,0,1,5,354,0.0,1.0,True,,,1.0,False
ethA|c.65delA,gyrA|p.Ala90Val,ethA,c.65delA,gyrA,p.Ala90Val,ethionamide;prothionamide,levofloxacin;moxifloxacin,cross_class,1,46,0,1,46,313,0.0,1.0,True,,,1.0,False
ethA|c.65delA,mmpR5|c.424dupC,ethA,c.65delA,mmpR5,c.424dupC,ethionamide;prothionamide,bedaquiline;clofazimine,cross_class,1,14,0,1,14,345,0.0,1.0,True,,,1.0,False
ethA|c.65delA,mmpR5|c.386delC,ethA,c.65delA,mmpR5,c.386delC,ethionamide;prothionamide,bedaquiline;clofazimine,cross_class,1,1,0,1,1,358,0.0,1.0,True,,,1.0,False
ethA|c.65delA,mmpR5|c.366dupG,ethA,c.65delA,mmpR5,c.366dupG,ethionamide;prothionamide,bedaquiline;clofazimine,cross_class,1,1,0,1,1,358,0.0,1.0,True,,,1.0,False
ethA|c.65delA,mmpR5|c.321dupC,ethA,c.65delA,mmpR5,c.321dupC,ethionamide;prothionamide,bedaquiline;clofazimine,cross_class,1,1,0,1,1,358,0.0,1.0,True,,,1.0,False
ethA|c.65delA,mmpR5|c.291delC,ethA,c.65delA,mmpR5,c.291delC,ethionamide;prothionamide,bedaquiline;clofazimine,cross_class,1,1,0,1,1,358,0.0,1.0,True,,,1.0,False
ethA|c.65delA,mmpR5|c.214delC,ethA,c.65delA,mmpR5,c.214delC,ethionamide;prothionamide,bedaquiline;clofazimine,cross_class,1,1,0,1,1,358,0.0,1.0,True,,,1.0,False
ethA|c.65delA,mmpR5|c.19delG,ethA,c.65delA,mmpR5,c.19delG,ethionamide;prothionamide,bedaquiline;clofazimine,cross_class,1,1,0,1,1,358,0.0,1.0,True,,,1.0,False
ethA|c.65delA,mmpR5|c.198dupG,ethA,c.65delA,mmpR5,c.198dupG,ethionamide;prothionamide,bedaquiline;clofazimine,cross_class,1,13,0,1,13,346,0.0,1.0,True,,,1.0,False
ethA|c.65delA,mmpR5|c.198delG,ethA,c.65delA,mmpR5,c.198delG,ethionamide;prothionamide,bedaquiline;clofazimine,cross_class,1,1,0,1,1,358,0.0,1.0,True,,,1.0,False
ethA|c.65delA,mmpR5|c.144dupC,ethA,c.65delA,mmpR5,c.144dupC,ethionamide;prothionamide,bedaquiline;clofazimine,cross_class,1,20,0,1,20,339,0.0,1.0,True,,,1.0,False
ethA|c.65delA,mmpR5|c.144delC,ethA,c.65delA,mmpR5,c.144delC,ethionamide;prothionamide,bedaquiline;clofazimine,cross_class,1,1,0,1,1,358,0.0,1.0,True,,,1.0,False
ethA|c.65delA,mmpR5|c.141_142dupTC,ethA,c.65delA,mmpR5,c.141_142dupTC,ethionamide;prothionamide,bedaquiline;clofazimine,cross_class,1,2,0,1,2,357,0.0,1.0,True,,,1.0,False
ethA|c.65delA,mmpR5|c.139dupG,ethA,c.65delA,mmpR5,c.139dupG,ethionamide;prothionamide,bedaquiline;clofazimine,cross_class,1,6,0,1,6,353,0.0,1.0,True,,,1.0,False
ethA|c.65delA,mmpR5|c.139_140dupGA,ethA,c.65delA,mmpR5,c.139_140dupGA,ethionamide;prothionamide,bedaquiline;clofazimine,cross_class,1,1,0,1,1,358,0.0,1.0,True,,,1.0,False
ethA|c.65delA,katG|p.Ser315Thr,ethA,c.65delA,katG,p.Ser315Thr,ethionamide;prothionamide,isoniazid,cross_class,1,191,0,1,191,168,0.0,0.46944444444444444,True,,,1.0,False
ethA|c.65delA,katG|p.Ser315Asn,ethA,c.65delA,katG,p.Ser315Asn,ethionamide;prothionamide,isoniazid,cross_class,1,5,0,1,5,354,0.0,1.0,True,,,1.0,False
ethA|c.65delA,pncA|p.Ala146Thr,ethA,c.65delA,pncA,p.Ala146Thr,ethionamide;prothionamide,pyrazinamide,cross_class,1,2,0,1,2,357,0.0,1.0,True,,,1.0,False
ethA|c.65delA,pncA|c.517dupG,ethA,c.65delA,pncA,c.517dupG,ethionamide;prothionamide,pyrazinamide,cross_class,1,70,0,1,70,289,0.0,1.0,True,,,1.0,False
ethA|c.65delA,pncA|c.393dupC,ethA,c.65delA,pncA,c.393dupC,ethionamide;prothionamide,pyrazinamide,cross_class,1,1,0,1,1,358,0.0,1.0,True,,,1.0,False
ethA|c.65delA,pncA|c.169delC,ethA,c.65delA,pncA,c.169delC,ethionamide;prothionamide,pyrazinamide,cross_class,1,1,0,1,1,358,0.0,1.0,True,,,1.0,False
ethA|c.65delA,mmpR5|p.Val1?,ethA,c.65delA,mmpR5,p.Val1?,ethionamide;prothionamide,bedaquiline;clofazimine,cross_class,1,1,0,1,1,358,0.0,1.0,True,,,1.0,False
ethA|c.65delA,mmpR5|p.Tyr145*,ethA,c.65delA,mmpR5,p.Tyr145*,ethionamide;prothionamide,bedaquiline;clofazimine,cross_class,1,2,0,1,2,357,0.0,1.0,True,,,1.0,False
ethA|c.65delA,mmpR5|p.Ile67Ser,ethA,c.65delA,mmpR5,p.Ile67Ser,ethionamide;prothionamide,bedaquiline;clofazimine,cross_class,1,2,0,1,2,357,0.0,1.0,True,,,1.0,False
ethA|c.65delA,mmpR5|p.Gly121Arg,ethA,c.65delA,mmpR5,p.Gly121Arg,ethionamide;prothionamide,bedaquiline;clofazimine,cross_class,1,1,0,1,1,358,0.0,1.0,True,,,1.0,False
ethA|c.65delA,mmpR5|p.Gln76*,ethA,c.65delA,mmpR5,p.Gln76*,ethionamide;prothionamide,bedaquiline;clofazimine,cross_class,1,2,0,1,2,357,0.0,1.0,True,,,1.0,False
ethA|c.65delA,mmpR5|p.Asn70Asp,ethA,c.65delA,mmpR5,p.Asn70Asp,ethionamide;prothionamide,bedaquiline;clofazimine,cross_class,1,1,0,1,1,358,0.0,1.0,True,,,1.0,False
ethA|c.65delA,mmpR5|p.Arg156*,ethA,c.65delA,mmpR5,p.Arg156*,ethionamide;prothionamide,bedaquiline;clofazimine,cross_class,1,1,0,1,1,358,0.0,1.0,True,,,1.0,False
ethA|c.65delA,mmpR5|p.Arg134*,ethA,c.65delA,mmpR5,p.Arg134*,ethionamide;prothionamide,bedaquiline;clofazimine,cross_class,1,1,0,1,1,358,0.0,1.0,True,,,1.0,False
ethA|c.65delA,mmpR5|c.466dupC,ethA,c.65delA,mmpR5,c.466dupC,ethionamide;prothionamide,bedaquiline;clofazimine,cross_class,1,1,0,1,1,358,0.0,1.0,True,,,1.0,False
ethA|c.65delA,mmpR5|c.441_442delGA,ethA,c.65delA,mmpR5,c.441_442delGA,ethionamide;prothionamide,bedaquiline;clofazimine,cross_class,1,2,0,1,2,357,0.0,1.0,True,,,1.0,False
ethA|c.65delA,mmpR5|c.430dupG,ethA,c.65delA,mmpR5,c.430dupG,ethionamide;prothionamide,bedaquiline;clofazimine,cross_class,1,1,0,1,1,358,0.0,1.0,True,,,1.0,False
ethA|c.65delA,rpoB|p.Asp435Tyr,ethA,c.65delA,rpoB,p.Asp435Tyr,ethionamide;prothionamide,rifampicin;rifapentine,cross_class,1,9,0,1,9,350,0.0,1.0,True,,,1.0,False
ethA|c.65delA,rpoB|p.Asp435Gly,ethA,c.65delA,rpoB,p.Asp435Gly,ethionamide;prothionamide,rifampicin;rifapentine,cross_class,1,2,0,1,2,357,0.0,1.0,True,,,1.0,False
ethA|c.65delA,rpoB|p.Asp435Ala,ethA,c.65delA,rpoB,p.Asp435Ala,ethionamide;prothionamide,rifampicin;rifapentine,cross_class,1,1,0,1,1,358,0.0,1.0,True,,,1.0,False
ethA|c.65delA,rpoB|p.Asn437Ser,ethA,c.65delA,rpoB,p.Asn437Ser,ethionamide;prothionamide,rifampicin;rifapentine,cross_class,1,2,0,1,2,357,0.0,1.0,True,,,1.0,False
ethA|c.65delA,rpoB|p.Ala451Val,ethA,c.65delA,rpoB,p.Ala451Val,ethionamide;prothionamide,rifampicin;rifapentine,cross_class,1,3,0,1,3,356,0.0,1.0,True,,,1.0,False
ethA|c.65delA,rpoB|c.1296_1304delATTCATGGA,ethA,c.65delA,rpoB,c.1296_1304delATTCATGGA,ethionamide;prothionamide,rifampicin;rifapentine,cross_class,1,2,0,1,2,357,0.0,1.0,True,,,1.0,False
ethA|c.65delA,rpoB|c.1294_1299delCAATTC,ethA,c.65delA,rpoB,c.1294_1299delCAATTC,ethionamide;prothionamide,rifampicin;rifapentine,cross_class,1,1,0,1,1,358,0.0,1.0,True,,,1.0,False
ethA|c.65delA,rplC|p.Cys154Arg,ethA,c.65delA,rplC,p.Cys154Arg,ethionamide;prothionamide,linezolid,cross_class,1,4,0,1,4,355,0.0,1.0,True,,,1.0,False
ethA|c.65delA,pncA|p.Val180Phe,ethA,c.65delA,pncA,p.Val180Phe,ethionamide;prothionamide,pyrazinamide,cross_class,1,1,0,1,1,358,0.0,1.0,True,,,1.0,False
ethA|c.65delA,pncA|p.Val139Gly,ethA,c.65delA,pncA,p.Val139Gly,ethionamide;prothionamide,pyrazinamide,cross_class,1,1,0,1,1,358,0.0,1.0,True,,,1.0,False
ethA|c.65delA,pncA|p.Thr47Ala,ethA,c.65delA,pncA,p.Thr47Ala,ethionamide;prothionamide,pyrazinamide,cross_class,1,1,0,1,1,358,0.0,1.0,True,,,1.0,False
ethA|c.65delA,pncA|p.Ser104Arg,ethA,c.65delA,pncA,p.Ser104Arg,ethionamide;prothionamide,pyrazinamide,cross_class,1,7,0,1,7,352,0.0,1.0,True,,,1.0,False
ethA|c.65delA,pncA|p.Ile31Ser,ethA,c.65delA,pncA,p.Ile31Ser,ethionamide;prothionamide,pyrazinamide,cross_class,1,1,0,1,1,358,0.0,1.0,True,,,1.0,False
ethA|c.65delA,pncA|p.Gln141Pro,ethA,c.65delA,pncA,p.Gln141Pro,ethionamide;prothionamide,pyrazinamide,cross_class,1,1,0,1,1,358,0.0,1.0,True,,,1.0,False
ethA|c.65delA,pncA|p.Cys14Arg,ethA,c.65delA,pncA,p.Cys14Arg,ethionamide;prothionamide,pyrazinamide,cross_class,1,87,0,1,87,272,0.0,1.0,True,,,1.0,False
ethA|c.65delA,pncA|p.Asp8Asn,ethA,c.65delA,pncA,p.Asp8Asn,ethionamide;prothionamide,pyrazinamide,cross_class,1,5,0,1,5,354,0.0,1.0,True,,,1.0,False
ethA|c.65delA,rrs|n.1401A>G,ethA,c.65delA,rrs,n.1401A>G,ethionamide;prothionamide,amikacin;capreomycin;kanamycin,cross_class,1,85,0,1,85,274,0.0,1.0,True,,,1.0,False
ethA|c.65delA,rrl|n.2814G>T,ethA,c.65delA,rrl,n.2814G>T,ethionamide;prothionamide,linezolid,cross_class,1,2,0,1,2,357,0.0,1.0,True,,,1.0,False
ethA|c.65delA,rrl|n.2270G>T,ethA,c.65delA,rrl,n.2270G>T,ethionamide;prothionamide,linezolid,cross_class,1,2,0,1,2,357,0.0,1.0,True,,,1.0,False
ethA|c.65delA,rpsL|p.Lys88Arg,ethA,c.65delA,rpsL,p.Lys88Arg,ethionamide;prothionamide,streptomycin,cross_class,1,8,0,1,8,351,0.0,1.0,True,,,1.0,False
ethA|c.65delA,rpsL|p.Lys43Arg,ethA,c.65delA,rpsL,p.Lys43Arg,ethionamide;prothionamide,streptomycin,cross_class,1,26,0,1,26,333,0.0,1.0,True,,,1.0,False
ethA|c.65delA,rpoB|p.Val170Phe,ethA,c.65delA,rpoB,p.Val170Phe,ethionamide;prothionamide,rifampicin;rifapentine,cross_class,1,2,0,1,2,357,0.0,1.0,True,,,1.0,False
ethA|c.65delA,rpoB|p.Ser450Leu,ethA,c.65delA,rpoB,p.Ser450Leu,ethionamide;prothionamide,rifampicin;rifapentine,cross_class,1,139,1,0,138,221,inf,0.3861111111111111,True,lineage2,100.0,1.0,False
ethA|c.65delA,rpoB|p.Leu452Pro,ethA,c.65delA,rpoB,p.Leu452Pro,ethionamide;prothionamide,rifampicin;rifapentine,cross_class,1,10,0,1,10,349,0.0,1.0,True,,,1.0,False
ethA|c.65delA,rpoB|p.Leu430Pro,ethA,c.65delA,rpoB,p.Leu430Pro,ethionamide;prothionamide,rifampicin;rifapentine,cross_class,1,22,0,1,22,337,0.0,1.0,True,,,1.0,False
ethA|c.65delA,rpoB|p.Ile491Phe,ethA,c.65delA,rpoB,p.Ile491Phe,ethionamide;prothionamide,rifampicin;rifapentine,cross_class,1,1,0,1,1,358,0.0,1.0,True,,,1.0,False
ethA|c.65delA,rpoB|p.His445Tyr,ethA,c.65delA,rpoB,p.His445Tyr,ethionamide;prothionamide,rifampicin;rifapentine,cross_class,1,5,0,1,5,354,0.0,1.0,True,,,1.0,False
ethA|c.65delA,rpoB|p.His445Leu,ethA,c.65delA,rpoB,p.His445Leu,ethionamide;prothionamide,rifampicin;rifapentine,cross_class,1,1,0,1,1,358,0.0,1.0,True,,,1.0,False
ethA|c.65delA,rpoB|p.His445Asp,ethA,c.65delA,rpoB,p.His445Asp,ethionamide;prothionamide,rifampicin;rifapentine,cross_class,1,11,0,1,11,348,0.0,1.0,True,,,1.0,False
ethA|c.65delA,rpoB|p.His445Asn,ethA,c.65delA,rpoB,p.His445Asn,ethionamide;prothionamide,rifampicin;rifapentine,cross_class,1,6,0,1,6,353,0.0,1.0,True,,,1.0,False
ethA|c.65delA,rpoB|p.Gln432Lys,ethA,c.65delA,rpoB,p.Gln432Lys,ethionamide;prothionamide,rifampicin;rifapentine,cross_class,1,1,0,1,1,358,0.0,1.0,True,,,1.0,False
ethA|c.65delA,rpoB|p.Asp435Val,ethA,c.65delA,rpoB,p.Asp435Val,ethionamide;prothionamide,rifampicin;rifapentine,cross_class,1,73,0,1,73,286,0.0,1.0,True,,,1.0,False
ethA|c.871delC,gyrA|p.Asp94Asn,ethA,c.871delC,gyrA,p.Asp94Asn,ethionamide;prothionamide,levofloxacin;moxifloxacin,cross_class,2,13,0,2,13,345,0.0,1.0,True,,,1.0,False
ethA|c.871delC,gyrA|p.Asp94Ala,ethA,c.871delC,gyrA,p.Asp94Ala,ethionamide;prothionamide,levofloxacin;moxifloxacin,cross_class,2,5,0,2,5,353,0.0,1.0,True,,,1.0,False
ethA|c.871delC,gyrA|p.Ala90Val,ethA,c.871delC,gyrA,p.Ala90Val,ethionamide;prothionamide,levofloxacin;moxifloxacin,cross_class,2,46,0,2,46,312,0.0,1.0,True,,,1.0,False
ethA|c.871delC,fbiC|p.Tyr104*,ethA,c.871delC,fbiC,p.Tyr104*,ethionamide;prothionamide,delamanid;pretomanid,cross_class,2,1,0,2,1,357,0.0,1.0,True,,,1.0,False
ethA|c.871delC,fbiC|p.Trp444*,ethA,c.871delC,fbiC,p.Trp444*,ethionamide;prothionamide,delamanid;pretomanid,cross_class,2,1,0,2,1,357,0.0,1.0,True,,,1.0,False
ethA|c.871delC,fbiC|p.Trp161*,ethA,c.871delC,fbiC,p.Trp161*,ethionamide;prothionamide,delamanid;pretomanid,cross_class,2,1,0,2,1,357,0.0,1.0,True,,,1.0,False
ethA|c.871delC,fbiC|c.930_931delAA,ethA,c.871delC,fbiC,c.930_931delAA,ethionamide;prothionamide,delamanid;pretomanid,cross_class,2,1,0,2,1,357,0.0,1.0,True,,,1.0,False
ethA|c.871delC,fbiC|c.181_191delAGCGCCGCGCG,ethA,c.871delC,fbiC,c.181_191delAGCGCCGCGCG,ethionamide;prothionamide,delamanid;pretomanid,cross_class,2,1,0,2,1,357,0.0,1.0,True,,,1.0,False
ethA|c.871delC,fbiC|c.1481_1511delATGTGCTTGCCGCCCTGCGATCGGCGGAGCG,ethA,c.871delC,fbiC,c.1481_1511delATGTGCTTGCCGCCCTGCGATCGGCGGAGCG,ethionamide;prothionamide,delamanid;pretomanid,cross_class,2,1,0,2,1,357,0.0,1.0,True,,,1.0,False
ethA|c.871delC,fbiA|c.373dupC,ethA,c.871delC,fbiA,c.373dupC,ethionamide;prothionamide,delamanid;pretomanid,cross_class,2,1,0,2,1,357,0.0,1.0,True,,,1.0,False
ethA|c.65delA,tlyA|c.585_588delTGGG,ethA,c.65delA,tlyA,c.585_588delTGGG,ethionamide;prothionamide,capreomycin,cross_class,1,30,0,1,30,329,0.0,1.0,True,,,1.0,False
ethA|c.65delA,tlyA|c.388dupG,ethA,c.65delA,tlyA,c.388dupG,ethionamide;prothionamide,capreomycin,cross_class,1,1,0,1,1,358,0.0,1.0,True,,,1.0,False
ethA|c.65delA,rrs|n.517C>T,ethA,c.65delA,rrs,n.517C>T,ethionamide;prothionamide,streptomycin,cross_class,1,2,0,1,2,357,0.0,1.0,True,,,1.0,False
ethA|c.65delA,rrs|n.514A>C,ethA,c.65delA,rrs,n.514A>C,ethionamide;prothionamide,streptomycin,cross_class,1,164,1,0,163,196,inf,0.45555555555555555,True,lineage2,100.0,1.0,False
ethA|c.65delA,rrs|n.1402C>T,ethA,c.65delA,rrs,n.1402C>T,ethionamide;prothionamide,amikacin;capreomycin;kanamycin,cross_class,1,2,0,1,2,357,0.0,1.0,True,,,1.0,False
ethA|c.871delC,mmpR5|c.139_140dupGA,ethA,c.871delC,mmpR5,c.139_140dupGA,ethionamide;prothionamide,bedaquiline;clofazimine,cross_class,2,1,0,2,1,357,0.0,1.0,True,,,1.0,False
ethA|c.871delC,katG|p.Ser315Thr,ethA,c.871delC,katG,p.Ser315Thr,ethionamide;prothionamide,isoniazid,cross_class,2,191,2,0,189,169,inf,0.500479727638502,True,lineage2,100.0,1.0,False
ethA|c.871delC,katG|p.Ser315Asn,ethA,c.871delC,katG,p.Ser315Asn,ethionamide;prothionamide,isoniazid,cross_class,2,5,0,2,5,353,0.0,1.0,True,,,1.0,False
ethA|c.871delC,katG|c.18delA,ethA,c.871delC,katG,c.18delA,ethionamide;prothionamide,isoniazid,cross_class,2,1,0,2,1,357,0.0,1.0,True,,,1.0,False
ethA|c.871delC,katG|c.117delG,ethA,c.871delC,katG,c.117delG,ethionamide;prothionamide,isoniazid,cross_class,2,1,0,2,1,357,0.0,1.0,True,,,1.0,False
ethA|c.871delC,inhA|c.-779G>T,ethA,c.871delC,inhA,c.-779G>T,ethionamide;prothionamide,ethionamide;isoniazid;prothionamide,within_class,2,105,0,2,105,253,0.0,1.0,True,,,1.0,False
ethA|c.871delC,inhA|c.-777C>T,ethA,c.871delC,inhA,c.-777C>T,ethionamide;prothionamide,ethionamide;isoniazid;prothionamide,within_class,2,29,0,2,29,329,0.0,1.0,True,,,1.0,False
ethA|c.871delC,inhA|c.-154G>A,ethA,c.871delC,inhA,c.-154G>A,ethionamide;prothionamide,ethionamide;isoniazid;prothionamide,within_class,2,8,0,2,8,350,0.0,1.0,True,,,1.0,False
ethA|c.871delC,gyrB|p.Glu501Asp,ethA,c.871delC,gyrB,p.Glu501Asp,ethionamide;prothionamide,levofloxacin;moxifloxacin,cross_class,2,3,0,2,3,355,0.0,1.0,True,,,1.0,False
ethA|c.871delC,gyrB|p.Asp461Asn,ethA,c.871delC,gyrB,p.Asp461Asn,ethionamide;prothionamide,levofloxacin;moxifloxacin,cross_class,2,1,0,2,1,357,0.0,1.0,True,,,1.0,False
ethA|c.871delC,gyrB|p.Asn499Thr,ethA,c.871delC,gyrB,p.Asn499Thr,ethionamide;prothionamide,levofloxacin;moxifloxacin,cross_class,2,2,0,2,2,356,0.0,1.0,True,,,1.0,False
ethA|c.871delC,gyrA|p.Ser91Pro,ethA,c.871delC,gyrA,p.Ser91Pro,ethionamide;prothionamide,levofloxacin;moxifloxacin,cross_class,2,47,0,2,47,311,0.0,1.0,True,,,1.0,False
ethA|c.871delC,gyrA|p.Gly88Cys,ethA,c.871delC,gyrA,p.Gly88Cys,ethionamide;prothionamide,levofloxacin;moxifloxacin,cross_class,2,6,0,2,6,352,0.0,1.0,True,,,1.0,False
ethA|c.871delC,gyrA|p.Asp94Tyr,ethA,c.871delC,gyrA,p.Asp94Tyr,ethionamide;prothionamide,levofloxacin;moxifloxacin,cross_class,2,3,0,2,3,355,0.0,1.0,True,,,1.0,False
ethA|c.871delC,gyrA|p.Asp94His,ethA,c.871delC,gyrA,p.Asp94His,ethionamide;prothionamide,levofloxacin;moxifloxacin,cross_class,2,13,0,2,13,345,0.0,1.0,True,,,1.0,False
ethA|c.871delC,mmpR5|p.Arg134*,ethA,c.871delC,mmpR5,p.Arg134*,ethionamide;prothionamide,bedaquiline;clofazimine,cross_class,2,1,0,2,1,357,0.0,1.0,True,,,1.0,False
ethA|c.871delC,mmpR5|c.466dupC,ethA,c.871delC,mmpR5,c.466dupC,ethionamide;prothionamide,bedaquiline;clofazimine,cross_class,2,1,0,2,1,357,0.0,1.0,True,,,1.0,False
ethA|c.871delC,mmpR5|c.441_442delGA,ethA,c.871delC,mmpR5,c.441_442delGA,ethionamide;prothionamide,bedaquiline;clofazimine,cross_class,2,2,0,2,2,356,0.0,1.0,True,,,1.0,False
ethA|c.871delC,mmpR5|c.430dupG,ethA,c.871delC,mmpR5,c.430dupG,ethionamide;prothionamide,bedaquiline;clofazimine,cross_class,2,1,0,2,1,357,0.0,1.0,True,,,1.0,False
ethA|c.871delC,mmpR5|c.424dupC,ethA,c.871delC,mmpR5,c.424dupC,ethionamide;prothionamide,bedaquiline;clofazimine,cross_class,2,14,0,2,14,344,0.0,1.0,True,,,1.0,False
ethA|c.871delC,mmpR5|c.386delC,ethA,c.871delC,mmpR5,c.386delC,ethionamide;prothionamide,bedaquiline;clofazimine,cross_class,2,1,0,2,1,357,0.0,1.0,True,,,1.0,False
ethA|c.871delC,mmpR5|c.366dupG,ethA,c.871delC,mmpR5,c.366dupG,ethionamide;prothionamide,bedaquiline;clofazimine,cross_class,2,1,0,2,1,357,0.0,1.0,True,,,1.0,False
ethA|c.871delC,mmpR5|c.321dupC,ethA,c.871delC,mmpR5,c.321dupC,ethionamide;prothionamide,bedaquiline;clofazimine,cross_class,2,1,0,2,1,357,0.0,1.0,True,,,1.0,False
ethA|c.871delC,mmpR5|c.291delC,ethA,c.871delC,mmpR5,c.291delC,ethionamide;prothionamide,bedaquiline;clofazimine,cross_class,2,1,0,2,1,357,0.0,1.0,True,,,1.0,False
ethA|c.871delC,mmpR5|c.214delC,ethA,c.871delC,mmpR5,c.214delC,ethionamide;prothionamide,bedaquiline;clofazimine,cross_class,2,1,0,2,1,357,0.0,1.0,True,,,1.0,False
ethA|c.871delC,mmpR5|c.19delG,ethA,c.871delC,mmpR5,c.19delG,ethionamide;prothionamide,bedaquiline;clofazimine,cross_class,2,1,0,2,1,357,0.0,1.0,True,,,1.0,False
ethA|c.871delC,mmpR5|c.198dupG,ethA,c.871delC,mmpR5,c.198dupG,ethionamide;prothionamide,bedaquiline;clofazimine,cross_class,2,13,0,2,13,345,0.0,1.0,True,,,1.0,False
ethA|c.871delC,mmpR5|c.198delG,ethA,c.871delC,mmpR5,c.198delG,ethionamide;prothionamide,bedaquiline;clofazimine,cross_class,2,1,0,2,1,357,0.0,1.0,True,,,1.0,False
ethA|c.871delC,mmpR5|c.144dupC,ethA,c.871delC,mmpR5,c.144dupC,ethionamide;prothionamide,bedaquiline;clofazimine,cross_class,2,20,0,2,20,338,0.0,1.0,True,,,1.0,False
ethA|c.871delC,mmpR5|c.144delC,ethA,c.871delC,mmpR5,c.144delC,ethionamide;prothionamide,bedaquiline;clofazimine,cross_class,2,1,0,2,1,357,0.0,1.0,True,,,1.0,False
ethA|c.871delC,mmpR5|c.141_142dupTC,ethA,c.871delC,mmpR5,c.141_142dupTC,ethionamide;prothionamide,bedaquiline;clofazimine,cross_class,2,2,0,2,2,356,0.0,1.0,True,,,1.0,False
ethA|c.871delC,pncA|p.Ile31Ser,ethA,c.871delC,pncA,p.Ile31Ser,ethionamide;prothionamide,pyrazinamide,cross_class,2,1,0,2,1,357,0.0,1.0,True,,,1.0,False
ethA|c.871delC,pncA|p.Gln141Pro,ethA,c.871delC,pncA,p.Gln141Pro,ethionamide;prothionamide,pyrazinamide,cross_class,2,1,0,2,1,357,0.0,1.0,True,,,1.0,False
ethA|c.871delC,pncA|p.Cys14Arg,ethA,c.871delC,pncA,p.Cys14Arg,ethionamide;prothionamide,pyrazinamide,cross_class,2,87,0,2,87,271,0.0,1.0,True,,,1.0,False
ethA|c.871delC,pncA|p.Asp8Asn,ethA,c.871delC,pncA,p.Asp8Asn,ethionamide;prothionamide,pyrazinamide,cross_class,2,5,0,2,5,353,0.0,1.0,True,,,1.0,False
ethA|c.871delC,pncA|p.Ala146Thr,ethA,c.871delC,pncA,p.Ala146Thr,ethionamide;prothionamide,pyrazinamide,cross_class,2,2,0,2,2,356,0.0,1.0,True,,,1.0,False
ethA|c.871delC,pncA|c.517dupG,ethA,c.871delC,pncA,c.517dupG,ethionamide;prothionamide,pyrazinamide,cross_class,2,70,0,2,70,288,0.0,1.0,True,,,1.0,False
ethA|c.871delC,pncA|c.459_466delCAGGGTGC,ethA,c.871delC,pncA,c.459_466delCAGGGTGC,ethionamide;prothionamide,pyrazinamide,cross_class,2,1,0,2,1,357,0.0,1.0,True,,,1.0,False
ethA|c.871delC,pncA|c.393dupC,ethA,c.871delC,pncA,c.393dupC,ethionamide;prothionamide,pyrazinamide,cross_class,2,1,0,2,1,357,0.0,1.0,True,,,1.0,False
ethA|c.871delC,pncA|c.169delC,ethA,c.871delC,pncA,c.169delC,ethionamide;prothionamide,pyrazinamide,cross_class,2,1,0,2,1,357,0.0,1.0,True,,,1.0,False
ethA|c.871delC,mmpR5|p.Val1?,ethA,c.871delC,mmpR5,p.Val1?,ethionamide;prothionamide,bedaquiline;clofazimine,cross_class,2,1,0,2,1,357,0.0,1.0,True,,,1.0,False
ethA|c.871delC,mmpR5|p.Tyr145*,ethA,c.871delC,mmpR5,p.Tyr145*,ethionamide;prothionamide,bedaquiline;clofazimine,cross_class,2,2,0,2,2,356,0.0,1.0,True,,,1.0,False
ethA|c.871delC,mmpR5|p.Ile67Ser,ethA,c.871delC,mmpR5,p.Ile67Ser,ethionamide;prothionamide,bedaquiline;clofazimine,cross_class,2,2,0,2,2,356,0.0,1.0,True,,,1.0,False
ethA|c.871delC,mmpR5|p.Gly121Arg,ethA,c.871delC,mmpR5,p.Gly121Arg,ethionamide;prothionamide,bedaquiline;clofazimine,cross_class,2,1,0,2,1,357,0.0,1.0,True,,,1.0,False
ethA|c.871delC,mmpR5|p.Gln76*,ethA,c.871delC,mmpR5,p.Gln76*,ethionamide;prothionamide,bedaquiline;clofazimine,cross_class,2,2,0,2,2,356,0.0,1.0,True,,,1.0,False
ethA|c.871delC,mmpR5|p.Asn70Asp,ethA,c.871delC,mmpR5,p.Asn70Asp,ethionamide;prothionamide,bedaquiline;clofazimine,cross_class,2,1,0,2,1,357,0.0,1.0,True,,,1.0,False
ethA|c.871delC,mmpR5|p.Arg156*,ethA,c.871delC,mmpR5,p.Arg156*,ethionamide;prothionamide,bedaquiline;clofazimine,cross_class,2,1,0,2,1,357,0.0,1.0,True,,,1.0,False
ethA|c.871delC,rpoB|p.His445Asp,ethA,c.871delC,rpoB,p.His445Asp,ethionamide;prothionamide,rifampicin;rifapentine,cross_class,2,11,0,2,11,347,0.0,1.0,True,,,1.0,False
ethA|c.871delC,rpoB|p.His445Asn,ethA,c.871delC,rpoB,p.His445Asn,ethionamide;prothionamide,rifampicin;rifapentine,cross_class,2,6,0,2,6,352,0.0,1.0,True,,,1.0,False
ethA|c.871delC,rpoB|p.Gln432Lys,ethA,c.871delC,rpoB,p.Gln432Lys,ethionamide;prothionamide,rifampicin;rifapentine,cross_class,2,1,0,2,1,357,0.0,1.0,True,,,1.0,False
ethA|c.871delC,rpoB|p.Asp435Val,ethA,c.871delC,rpoB,p.Asp435Val,ethionamide;prothionamide,rifampicin;rifapentine,cross_class,2,73,0,2,73,285,0.0,1.0,True,,,1.0,False
ethA|c.871delC,rpoB|p.Asp435Tyr,ethA,c.871delC,rpoB,p.Asp435Tyr,ethionamide;prothionamide,rifampicin;rifapentine,cross_class,2,9,0,2,9,349,0.0,1.0,True,,,1.0,False
ethA|c.871delC,rpoB|p.Asp435Gly,ethA,c.871delC,rpoB,p.Asp435Gly,ethionamide;prothionamide,rifampicin;rifapentine,cross_class,2,2,0,2,2,356,0.0,1.0,True,,,1.0,False
ethA|c.871delC,rpoB|p.Asp435Ala,ethA,c.871delC,rpoB,p.Asp435Ala,ethionamide;prothionamide,rifampicin;rifapentine,cross_class,2,1,0,2,1,357,0.0,1.0,True,,,1.0,False
ethA|c.871delC,rpoB|p.Asn437Ser,ethA,c.871delC,rpoB,p.Asn437Ser,ethionamide;prothionamide,rifampicin;rifapentine,cross_class,2,2,0,2,2,356,0.0,1.0,True,,,1.0,False
ethA|c.871delC,rpoB|p.Ala451Val,ethA,c.871delC,rpoB,p.Ala451Val,ethionamide;prothionamide,rifampicin;rifapentine,cross_class,2,3,0,2,3,355,0.0,1.0,True,,,1.0,False
ethA|c.871delC,rpoB|c.1296_1304delATTCATGGA,ethA,c.871delC,rpoB,c.1296_1304delATTCATGGA,ethionamide;prothionamide,rifampicin;rifapentine,cross_class,2,2,0,2,2,356,0.0,1.0,True,,,1.0,False
ethA|c.871delC,rpoB|c.1294_1299delCAATTC,ethA,c.871delC,rpoB,c.1294_1299delCAATTC,ethionamide;prothionamide,rifampicin;rifapentine,cross_class,2,1,0,2,1,357,0.0,1.0,True,,,1.0,False
ethA|c.871delC,rplC|p.Cys154Arg,ethA,c.871delC,rplC,p.Cys154Arg,ethionamide;prothionamide,linezolid,cross_class,2,4,0,2,4,354,0.0,1.0,True,,,1.0,False
ethA|c.871delC,pncA|p.Val180Phe,ethA,c.871delC,pncA,p.Val180Phe,ethionamide;prothionamide,pyrazinamide,cross_class,2,1,0,2,1,357,0.0,1.0,True,,,1.0,False
ethA|c.871delC,pncA|p.Val139Gly,ethA,c.871delC,pncA,p.Val139Gly,ethionamide;prothionamide,pyrazinamide,cross_class,2,1,0,2,1,357,0.0,1.0,True,,,1.0,False
ethA|c.871delC,pncA|p.Thr47Ala,ethA,c.871delC,pncA,p.Thr47Ala,ethionamide;prothionamide,pyrazinamide,cross_class,2,1,0,2,1,357,0.0,1.0,True,,,1.0,False
ethA|c.871delC,pncA|p.Ser104Arg,ethA,c.871delC,pncA,p.Ser104Arg,ethionamide;prothionamide,pyrazinamide,cross_class,2,7,0,2,7,351,0.0,1.0,True,,,1.0,False
ethA|c.871delC,tlyA|c.388dupG,ethA,c.871delC,tlyA,c.388dupG,ethionamide;prothionamide,capreomycin,cross_class,2,1,0,2,1,357,0.0,1.0,True,,,1.0,False
ethA|c.871delC,rrs|n.517C>T,ethA,c.871delC,rrs,n.517C>T,ethionamide;prothionamide,streptomycin,cross_class,2,2,0,2,2,356,0.0,1.0,True,,,1.0,False
ethA|c.871delC,rrs|n.514A>C,ethA,c.871delC,rrs,n.514A>C,ethionamide;prothionamide,streptomycin,cross_class,2,164,0,2,164,194,0.0,0.5025688641287527,True,,,1.0,False
ethA|c.871delC,rrs|n.1402C>T,ethA,c.871delC,rrs,n.1402C>T,ethionamide;prothionamide,amikacin;capreomycin;kanamycin,cross_class,2,2,0,2,2,356,0.0,1.0,True,,,1.0,False
ethA|c.871delC,rrs|n.1401A>G,ethA,c.871delC,rrs,n.1401A>G,ethionamide;prothionamide,amikacin;capreomycin;kanamycin,cross_class,2,85,0,2,85,273,0.0,1.0,True,,,1.0,False
ethA|c.871delC,rrl|n.2814G>T,ethA,c.871delC,rrl,n.2814G>T,ethionamide;prothionamide,linezolid,cross_class,2,2,0,2,2,356,0.0,1.0,True,,,1.0,False
ethA|c.871delC,rrl|n.2270G>T,ethA,c.871delC,rrl,n.2270G>T,ethionamide;prothionamide,linezolid,cross_class,2,2,0,2,2,356,0.0,1.0,True,,,1.0,False
ethA|c.871delC,rpsL|p.Lys88Arg,ethA,c.871delC,rpsL,p.Lys88Arg,ethionamide;prothionamide,streptomycin,cross_class,2,8,0,2,8,350,0.0,1.0,True,,,1.0,False
ethA|c.871delC,rpoB|p.Val170Phe,ethA,c.871delC,rpoB,p.Val170Phe,ethionamide;prothionamide,rifampicin;rifapentine,cross_class,2,2,0,2,2,356,0.0,1.0,True,,,1.0,False
ethA|c.871delC,rpoB|p.Ser450Leu,ethA,c.871delC,rpoB,p.Ser450Leu,ethionamide;prothionamide,rifampicin;rifapentine,cross_class,2,139,2,0,137,221,inf,0.14842154131847723,True,lineage2,100.0,1.0,False
ethA|c.871delC,rpoB|p.Leu452Pro,ethA,c.871delC,rpoB,p.Leu452Pro,ethionamide;prothionamide,rifampicin;rifapentine,cross_class,2,10,0,2,10,348,0.0,1.0,True,,,1.0,False
ethA|c.871delC,rpoB|p.Leu430Pro,ethA,c.871delC,rpoB,p.Leu430Pro,ethionamide;prothionamide,rifampicin;rifapentine,cross_class,2,22,0,2,22,336,0.0,1.0,True,,,1.0,False
ethA|c.871delC,rpoB|p.Ile491Phe,ethA,c.871delC,rpoB,p.Ile491Phe,ethionamide;prothionamide,rifampicin;rifapentine,cross_class,2,1,0,2,1,357,0.0,1.0,True,,,1.0,False
ethA|c.871delC,rpoB|p.His445Tyr,ethA,c.871delC,rpoB,p.His445Tyr,ethionamide;prothionamide,rifampicin;rifapentine,cross_class,2,5,0,2,5,353,0.0,1.0,True,,,1.0,False
ethA|c.871delC,rpoB|p.His445Leu,ethA,c.871delC,rpoB,p.His445Leu,ethionamide;prothionamide,rifampicin;rifapentine,cross_class,2,1,0,2,1,357,0.0,1.0,True,,,1.0,False
fbiA|c.373dupC,gyrB|p.Asn499Thr,fbiA,c.373dupC,gyrB,p.Asn499Thr,delamanid;pretomanid,levofloxacin;moxifloxacin,cross_class,1,2,0,1,2,357,0.0,1.0,True,,,1.0,False
fbiA|c.373dupC,gyrA|p.Ser91Pro,fbiA,c.373dupC,gyrA,p.Ser91Pro,delamanid;pretomanid,levofloxacin;moxifloxacin,cross_class,1,47,1,0,46,313,inf,0.13055555555555556,True,lineage2,100.0,1.0,False
fbiA|c.373dupC,gyrA|p.Gly88Cys,fbiA,c.373dupC,gyrA,p.Gly88Cys,delamanid;pretomanid,levofloxacin;moxifloxacin,cross_class,1,6,0,1,6,353,0.0,1.0,True,,,1.0,False
fbiA|c.373dupC,gyrA|p.Asp94Tyr,fbiA,c.373dupC,gyrA,p.Asp94Tyr,delamanid;pretomanid,levofloxacin;moxifloxacin,cross_class,1,3,0,1,3,356,0.0,1.0,True,,,1.0,False
fbiA|c.373dupC,gyrA|p.Asp94His,fbiA,c.373dupC,gyrA,p.Asp94His,delamanid;pretomanid,levofloxacin;moxifloxacin,cross_class,1,13,0,1,13,346,0.0,1.0,True,,,1.0,False
fbiA|c.373dupC,gyrA|p.Asp94Gly,fbiA,c.373dupC,gyrA,p.Asp94Gly,delamanid;pretomanid,levofloxacin;moxifloxacin,cross_class,1,59,0,1,59,300,0.0,1.0,True,,,1.0,False
fbiA|c.373dupC,gyrA|p.Asp94Asn,fbiA,c.373dupC,gyrA,p.Asp94Asn,delamanid;pretomanid,levofloxacin;moxifloxacin,cross_class,1,13,0,1,13,346,0.0,1.0,True,,,1.0,False
fbiA|c.373dupC,gyrA|p.Asp94Ala,fbiA,c.373dupC,gyrA,p.Asp94Ala,delamanid;pretomanid,levofloxacin;moxifloxacin,cross_class,1,5,0,1,5,354,0.0,1.0,True,,,1.0,False
fbiA|c.373dupC,gyrA|p.Ala90Val,fbiA,c.373dupC,gyrA,p.Ala90Val,delamanid;pretomanid,levofloxacin;moxifloxacin,cross_class,1,46,0,1,46,313,0.0,1.0,True,,,1.0,False
fbiA|c.373dupC,fbiC|p.Tyr104*,fbiA,c.373dupC,fbiC,p.Tyr104*,delamanid;pretomanid,delamanid;pretomanid,within_class,1,1,0,1,1,358,0.0,1.0,True,,,1.0,False
fbiA|c.373dupC,fbiC|p.Trp161*,fbiA,c.373dupC,fbiC,p.Trp161*,delamanid;pretomanid,delamanid;pretomanid,within_class,1,1,0,1,1,358,0.0,1.0,True,,,1.0,False
fbiA|c.373dupC,fbiC|c.930_931delAA,fbiA,c.373dupC,fbiC,c.930_931delAA,delamanid;pretomanid,delamanid;pretomanid,within_class,1,1,0,1,1,358,0.0,1.0,True,,,1.0,False
fbiA|c.373dupC,fbiC|c.181_191delAGCGCCGCGCG,fbiA,c.373dupC,fbiC,c.181_191delAGCGCCGCGCG,delamanid;pretomanid,delamanid;pretomanid,within_class,1,1,0,1,1,358,0.0,1.0,True,,,1.0,False
fbiA|c.373dupC,fbiC|c.1481_1511delATGTGCTTGCCGCCCTGCGATCGGCGGAGCG,fbiA,c.373dupC,fbiC,c.1481_1511delATGTGCTTGCCGCCCTGCGATCGGCGGAGCG,delamanid;pretomanid,delamanid;pretomanid,within_class,1,1,0,1,1,358,0.0,1.0,True,,,1.0,False
ethA|c.871delC,tlyA|c.585_588delTGGG,ethA,c.871delC,tlyA,c.585_588delTGGG,ethionamide;prothionamide,capreomycin,cross_class,2,30,0,2,30,328,0.0,1.0,True,,,1.0,False
fbiA|c.373dupC,mmpR5|c.198dupG,fbiA,c.373dupC,mmpR5,c.198dupG,delamanid;pretomanid,bedaquiline;clofazimine,cross_class,1,13,0,1,13,346,0.0,1.0,True,,,1.0,False
fbiA|c.373dupC,mmpR5|c.198delG,fbiA,c.373dupC,mmpR5,c.198delG,delamanid;pretomanid,bedaquiline;clofazimine,cross_class,1,1,0,1,1,358,0.0,1.0,True,,,1.0,False
fbiA|c.373dupC,mmpR5|c.144dupC,fbiA,c.373dupC,mmpR5,c.144dupC,delamanid;pretomanid,bedaquiline;clofazimine,cross_class,1,20,0,1,20,339,0.0,1.0,True,,,1.0,False
fbiA|c.373dupC,mmpR5|c.144delC,fbiA,c.373dupC,mmpR5,c.144delC,delamanid;pretomanid,bedaquiline;clofazimine,cross_class,1,1,0,1,1,358,0.0,1.0,True,,,1.0,False
fbiA|c.373dupC,mmpR5|c.141_142dupTC,fbiA,c.373dupC,mmpR5,c.141_142dupTC,delamanid;pretomanid,bedaquiline;clofazimine,cross_class,1,2,0,1,2,357,0.0,1.0,True,,,1.0,False
fbiA|c.373dupC,mmpR5|c.139dupG,fbiA,c.373dupC,mmpR5,c.139dupG,delamanid;pretomanid,bedaquiline;clofazimine,cross_class,1,6,0,1,6,353,0.0,1.0,True,,,1.0,False
fbiA|c.373dupC,mmpR5|c.139_140dupGA,fbiA,c.373dupC,mmpR5,c.139_140dupGA,delamanid;pretomanid,bedaquiline;clofazimine,cross_class,1,1,0,1,1,358,0.0,1.0,True,,,1.0,False
fbiA|c.373dupC,katG|p.Ser315Thr,fbiA,c.373dupC,katG,p.Ser315Thr,delamanid;pretomanid,isoniazid,cross_class,1,191,1,0,190,169,inf,1.0,True,lineage2,100.0,1.0,False
fbiA|c.373dupC,katG|p.Ser315Asn,fbiA,c.373dupC,katG,p.Ser315Asn,delamanid;pretomanid,isoniazid,cross_class,1,5,0,1,5,354,0.0,1.0,True,,,1.0,False
fbiA|c.373dupC,katG|c.18delA,fbiA,c.373dupC,katG,c.18delA,delamanid;pretomanid,isoniazid,cross_class,1,1,0,1,1,358,0.0,1.0,True,,,1.0,False
fbiA|c.373dupC,katG|c.117delG,fbiA,c.373dupC,katG,c.117delG,delamanid;pretomanid,isoniazid,cross_class,1,1,0,1,1,358,0.0,1.0,True,,,1.0,False
fbiA|c.373dupC,inhA|c.-779G>T,fbiA,c.373dupC,inhA,c.-779G>T,delamanid;pretomanid,ethionamide;isoniazid;prothionamide,cross_class,1,105,0,1,105,254,0.0,1.0,True,,,1.0,False
fbiA|c.373dupC,inhA|c.-777C>T,fbiA,c.373dupC,inhA,c.-777C>T,delamanid;pretomanid,ethionamide;isoniazid;prothionamide,cross_class,1,29,0,1,29,330,0.0,1.0,True,,,1.0,False
fbiA|c.373dupC,inhA|c.-154G>A,fbiA,c.373dupC,inhA,c.-154G>A,delamanid;pretomanid,ethionamide;isoniazid;prothionamide,cross_class,1,8,0,1,8,351,0.0,1.0,True,,,1.0,False
fbiA|c.373dupC,gyrB|p.Glu501Asp,fbiA,c.373dupC,gyrB,p.Glu501Asp,delamanid;pretomanid,levofloxacin;moxifloxacin,cross_class,1,3,0,1,3,356,0.0,1.0,True,,,1.0,False
fbiA|c.373dupC,gyrB|p.Asp461Asn,fbiA,c.373dupC,gyrB,p.Asp461Asn,delamanid;pretomanid,levofloxacin;moxifloxacin,cross_class,1,1,0,1,1,358,0.0,1.0,True,,,1.0,False
fbiA|c.373dupC,mmpR5|p.Gly121Arg,fbiA,c.373dupC,mmpR5,p.Gly121Arg,delamanid;pretomanid,bedaquiline;clofazimine,cross_class,1,1,0,1,1,358,0.0,1.0,True,,,1.0,False
fbiA|c.373dupC,mmpR5|p.Gln76*,fbiA,c.373dupC,mmpR5,p.Gln76*,delamanid;pretomanid,bedaquiline;clofazimine,cross_class,1,2,0,1,2,357,0.0,1.0,True,,,1.0,False
fbiA|c.373dupC,mmpR5|p.Asn70Asp,fbiA,c.373dupC,mmpR5,p.Asn70Asp,delamanid;pretomanid,bedaquiline;clofazimine,cross_class,1,1,0,1,1,358,0.0,1.0,True,,,1.0,False
fbiA|c.373dupC,mmpR5|p.Arg156*,fbiA,c.373dupC,mmpR5,p.Arg156*,delamanid;pretomanid,bedaquiline;clofazimine,cross_class,1,1,0,1,1,358,0.0,1.0,True,,,1.0,False
fbiA|c.373dupC,mmpR5|p.Arg134*,fbiA,c.373dupC,mmpR5,p.Arg134*,delamanid;pretomanid,bedaquiline;clofazimine,cross_class,1,1,0,1,1,358,0.0,1.0,True,,,1.0,False
fbiA|c.373dupC,mmpR5|c.466dupC,fbiA,c.373dupC,mmpR5,c.466dupC,delamanid;pretomanid,bedaquiline;clofazimine,cross_class,1,1,0,1,1,358,0.0,1.0,True,,,1.0,False
fbiA|c.373dupC,mmpR5|c.441_442delGA,fbiA,c.373dupC,mmpR5,c.441_442delGA,delamanid;pretomanid,bedaquiline;clofazimine,cross_class,1,2,0,1,2,357,0.0,1.0,True,,,1.0,False
fbiA|c.373dupC,mmpR5|c.430dupG,fbiA,c.373dupC,mmpR5,c.430dupG,delamanid;pretomanid,bedaquiline;clofazimine,cross_class,1,1,0,1,1,358,0.0,1.0,True,,,1.0,False
fbiA|c.373dupC,mmpR5|c.424dupC,fbiA,c.373dupC,mmpR5,c.424dupC,delamanid;pretomanid,bedaquiline;clofazimine,cross_class,1,14,0,1,14,345,0.0,1.0,True,,,1.0,False
fbiA|c.373dupC,mmpR5|c.386delC,fbiA,c.373dupC,mmpR5,c.386delC,delamanid;pretomanid,bedaquiline;clofazimine,cross_class,1,1,0,1,1,358,0.0,1.0,True,,,1.0,False
fbiA|c.373dupC,mmpR5|c.366dupG,fbiA,c.373dupC,mmpR5,c.366dupG,delamanid;pretomanid,bedaquiline;clofazimine,cross_class,1,1,0,1,1,358,0.0,1.0,True,,,1.0,False
fbiA|c.373dupC,mmpR5|c.321dupC,fbiA,c.373dupC,mmpR5,c.321dupC,delamanid;pretomanid,bedaquiline;clofazimine,cross_class,1,1,0,1,1,358,0.0,1.0,True,,,1.0,False
fbiA|c.373dupC,mmpR5|c.291delC,fbiA,c.373dupC,mmpR5,c.291delC,delamanid;pretomanid,bedaquiline;clofazimine,cross_class,1,1,0,1,1,358,0.0,1.0,True,,,1.0,False
fbiA|c.373dupC,mmpR5|c.214delC,fbiA,c.373dupC,mmpR5,c.214delC,delamanid;pretomanid,bedaquiline;clofazimine,cross_class,1,1,0,1,1,358,0.0,1.0,True,,,1.0,False
fbiA|c.373dupC,mmpR5|c.19delG,fbiA,c.373dupC,mmpR5,c.19delG,delamanid;pretomanid,bedaquiline;clofazimine,cross_class,1,1,0,1,1,358,0.0,1.0,True,,,1.0,False
fbiA|c.373dupC,rplC|p.Cys154Arg,fbiA,c.373dupC,rplC,p.Cys154Arg,delamanid;pretomanid,linezolid,cross_class,1,4,0,1,4,355,0.0,1.0,True,,,1.0,False
fbiA|c.373dupC,pncA|p.Val180Phe,fbiA,c.373dupC,pncA,p.Val180Phe,delamanid;pretomanid,pyrazinamide,cross_class,1,1,0,1,1,358,0.0,1.0,True,,,1.0,False
fbiA|c.373dupC,pncA|p.Val139Gly,fbiA,c.373dupC,pncA,p.Val139Gly,delamanid;pretomanid,pyrazinamide,cross_class,1,1,0,1,1,358,0.0,1.0,True,,,1.0,False
fbiA|c.373dupC,pncA|p.Thr47Ala,fbiA,c.373dupC,pncA,p.Thr47Ala,delamanid;pretomanid,pyrazinamide,cross_class,1,1,0,1,1,358,0.0,1.0,True,,,1.0,False
fbiA|c.373dupC,pncA|p.Ser104Arg,fbiA,c.373dupC,pncA,p.Ser104Arg,delamanid;pretomanid,pyrazinamide,cross_class,1,7,0,1,7,352,0.0,1.0,True,,,1.0,False
fbiA|c.373dupC,pncA|p.Ile31Ser,fbiA,c.373dupC,pncA,p.Ile31Ser,delamanid;pretomanid,pyrazinamide,cross_class,1,1,0,1,1,358,0.0,1.0,True,,,1.0,False
fbiA|c.373dupC,pncA|p.Gln141Pro,fbiA,c.373dupC,pncA,p.Gln141Pro,delamanid;pretomanid,pyrazinamide,cross_class,1,1,0,1,1,358,0.0,1.0,True,,,1.0,False
fbiA|c.373dupC,pncA|p.Cys14Arg,fbiA,c.373dupC,pncA,p.Cys14Arg,delamanid;pretomanid,pyrazinamide,cross_class,1,87,1,0,86,273,inf,0.24166666666666667,True,lineage2,100.0,1.0,False
fbiA|c.373dupC,pncA|p.Asp8Asn,fbiA,c.373dupC,pncA,p.Asp8Asn,delamanid;pretomanid,pyrazinamide,cross_class,1,5,0,1,5,354,0.0,1.0,True,,,1.0,False
fbiA|c.373dupC,pncA|p.Ala146Thr,fbiA,c.373dupC,pncA,p.Ala146Thr,delamanid;pretomanid,pyrazinamide,cross_class,1,2,0,1,2,357,0.0,1.0,True,,,1.0,False
fbiA|c.373dupC,pncA|c.517dupG,fbiA,c.373dupC,pncA,c.517dupG,delamanid;pretomanid,pyrazinamide,cross_class,1,70,0,1,70,289,0.0,1.0,True,,,1.0,False
fbiA|c.373dupC,pncA|c.459_466delCAGGGTGC,fbiA,c.373dupC,pncA,c.459_466delCAGGGTGC,delamanid;pretomanid,pyrazinamide,cross_class,1,1,0,1,1,358,0.0,1.0,True,,,1.0,False
fbiA|c.373dupC,pncA|c.393dupC,fbiA,c.373dupC,pncA,c.393dupC,delamanid;pretomanid,pyrazinamide,cross_class,1,1,0,1,1,358,0.0,1.0,True,,,1.0,False
fbiA|c.373dupC,pncA|c.169delC,fbiA,c.373dupC,pncA,c.169delC,delamanid;pretomanid,pyrazinamide,cross_class,1,1,0,1,1,358,0.0,1.0,True,,,1.0,False
fbiA|c.373dupC,mmpR5|p.Val1?,fbiA,c.373dupC,mmpR5,p.Val1?,delamanid;pretomanid,bedaquiline;clofazimine,cross_class,1,1,0,1,1,358,0.0,1.0,True,,,1.0,False
fbiA|c.373dupC,mmpR5|p.Tyr145*,fbiA,c.373dupC,mmpR5,p.Tyr145*,delamanid;pretomanid,bedaquiline;clofazimine,cross_class,1,2,0,1,2,357,0.0,1.0,True,,,1.0,False
fbiA|c.373dupC,rpoB|p.Leu452Pro,fbiA,c.373dupC,rpoB,p.Leu452Pro,delamanid;pretomanid,rifampicin;rifapentine,cross_class,1,10,0,1,10,349,0.0,1.0,True,,,1.0,False
fbiA|c.373dupC,rpoB|p.Leu430Pro,fbiA,c.373dupC,rpoB,p.Leu430Pro,delamanid;pretomanid,rifampicin;rifapentine,cross_class,1,22,0,1,22,337,0.0,1.0,True,,,1.0,False
fbiA|c.373dupC,rpoB|p.Ile491Phe,fbiA,c.373dupC,rpoB,p.Ile491Phe,delamanid;pretomanid,rifampicin;rifapentine,cross_class,1,1,0,1,1,358,0.0,1.0,True,,,1.0,False
fbiA|c.373dupC,rpoB|p.His445Tyr,fbiA,c.373dupC,rpoB,p.His445Tyr,delamanid;pretomanid,rifampicin;rifapentine,cross_class,1,5,0,1,5,354,0.0,1.0,True,,,1.0,False
fbiA|c.373dupC,rpoB|p.His445Leu,fbiA,c.373dupC,rpoB,p.His445Leu,delamanid;pretomanid,rifampicin;rifapentine,cross_class,1,1,0,1,1,358,0.0,1.0,True,,,1.0,False
fbiA|c.373dupC,rpoB|p.His445Asp,fbiA,c.373dupC,rpoB,p.His445Asp,delamanid;pretomanid,rifampicin;rifapentine,cross_class,1,11,0,1,11,348,0.0,1.0,True,,,1.0,False
fbiA|c.373dupC,rpoB|p.His445Asn,fbiA,c.373dupC,rpoB,p.His445Asn,delamanid;pretomanid,rifampicin;rifapentine,cross_class,1,6,0,1,6,353,0.0,1.0,True,,,1.0,False
fbiA|c.373dupC,rpoB|p.Gln432Lys,fbiA,c.373dupC,rpoB,p.Gln432Lys,delamanid;pretomanid,rifampicin;rifapentine,cross_class,1,1,0,1,1,358,0.0,1.0,True,,,1.0,False
fbiA|c.373dupC,rpoB|p.Asp435Val,fbiA,c.373dupC,rpoB,p.Asp435Val,delamanid;pretomanid,rifampicin;rifapentine,cross_class,1,73,0,1,73,286,0.0,1.0,True,,,1.0,False
fbiA|c.373dupC,rpoB|p.Asp435Tyr,fbiA,c.373dupC,rpoB,p.Asp435Tyr,delamanid;pretomanid,rifampicin;rifapentine,cross_class,1,9,0,1,9,350,0.0,1.0,True,,,1.0,False
fbiA|c.373dupC,rpoB|p.Asp435Gly,fbiA,c.373dupC,rpoB,p.Asp435Gly,delamanid;pretomanid,rifampicin;rifapentine,cross_class,1,2,0,1,2,357,0.0,1.0,True,,,1.0,False
fbiA|c.373dupC,rpoB|p.Asp435Ala,fbiA,c.373dupC,rpoB,p.Asp435Ala,delamanid;pretomanid,rifampicin;rifapentine,cross_class,1,1,0,1,1,358,0.0,1.0,True,,,1.0,False
fbiA|c.373dupC,rpoB|p.Asn437Ser,fbiA,c.373dupC,rpoB,p.Asn437Ser,delamanid;pretomanid,rifampicin;rifapentine,cross_class,1,2,0,1,2,357,0.0,1.0,True,,,1.0,False
fbiA|c.373dupC,rpoB|p.Ala451Val,fbiA,c.373dupC,rpoB,p.Ala451Val,delamanid;pretomanid,rifampicin;rifapentine,cross_class,1,3,0,1,3,356,0.0,1.0,True,,,1.0,False
fbiA|c.373dupC,rpoB|c.1296_1304delATTCATGGA,fbiA,c.373dupC,rpoB,c.1296_1304delATTCATGGA,delamanid;pretomanid,rifampicin;rifapentine,cross_class,1,2,0,1,2,357,0.0,1.0,True,,,1.0,False
fbiA|c.373dupC,rpoB|c.1294_1299delCAATTC,fbiA,c.373dupC,rpoB,c.1294_1299delCAATTC,delamanid;pretomanid,rifampicin;rifapentine,cross_class,1,1,0,1,1,358,0.0,1.0,True,,,1.0,False
fbiC|c.1481_1511delATGTGCTTGCCGCCCTGCGATCGGCGGAGCG,fbiC|p.Trp444*,fbiC,c.1481_1511delATGTGCTTGCCGCCCTGCGATCGGCGGAGCG,fbiC,p.Trp444*,delamanid;pretomanid,delamanid;pretomanid,within_class,1,1,0,1,1,358,0.0,1.0,True,,,1.0,False
fbiC|c.1481_1511delATGTGCTTGCCGCCCTGCGATCGGCGGAGCG,fbiC|p.Trp161*,fbiC,c.1481_1511delATGTGCTTGCCGCCCTGCGATCGGCGGAGCG,fbiC,p.Trp161*,delamanid;pretomanid,delamanid;pretomanid,within_class,1,1,0,1,1,358,0.0,1.0,True,,,1.0,False
fbiC|c.1481_1511delATGTGCTTGCCGCCCTGCGATCGGCGGAGCG,fbiC|c.930_931delAA,fbiC,c.1481_1511delATGTGCTTGCCGCCCTGCGATCGGCGGAGCG,fbiC,c.930_931delAA,delamanid;pretomanid,delamanid;pretomanid,within_class,1,1,0,1,1,358,0.0,1.0,True,,,1.0,False
fbiC|c.1481_1511delATGTGCTTGCCGCCCTGCGATCGGCGGAGCG,fbiC|c.181_191delAGCGCCGCGCG,fbiC,c.1481_1511delATGTGCTTGCCGCCCTGCGATCGGCGGAGCG,fbiC,c.181_191delAGCGCCGCGCG,delamanid;pretomanid,delamanid;pretomanid,within_class,1,1,0,1,1,358,0.0,1.0,True,,,1.0,False
fbiA|c.373dupC,tlyA|c.585_588delTGGG,fbiA,c.373dupC,tlyA,c.585_588delTGGG,delamanid;pretomanid,capreomycin,cross_class,1,30,0,1,30,329,0.0,1.0,True,,,1.0,False
fbiA|c.373dupC,tlyA|c.388dupG,fbiA,c.373dupC,tlyA,c.388dupG,delamanid;pretomanid,capreomycin,cross_class,1,1,0,1,1,358,0.0,1.0,True,,,1.0,False
fbiA|c.373dupC,rrs|n.517C>T,fbiA,c.373dupC,rrs,n.517C>T,delamanid;pretomanid,streptomycin,cross_class,1,2,0,1,2,357,0.0,1.0,True,,,1.0,False
fbiA|c.373dupC,rrs|n.514A>C,fbiA,c.373dupC,rrs,n.514A>C,delamanid;pretomanid,streptomycin,cross_class,1,164,1,0,163,196,inf,0.45555555555555555,True,lineage2,100.0,1.0,False
fbiA|c.373dupC,rrs|n.1402C>T,fbiA,c.373dupC,rrs,n.1402C>T,delamanid;pretomanid,amikacin;capreomycin;kanamycin,cross_class,1,2,0,1,2,357,0.0,1.0,True,,,1.0,False
fbiA|c.373dupC,rrs|n.1401A>G,fbiA,c.373dupC,rrs,n.1401A>G,delamanid;pretomanid,amikacin;capreomycin;kanamycin,cross_class,1,85,0,1,85,274,0.0,1.0,True,,,1.0,False
fbiA|c.373dupC,rrl|n.2814G>T,fbiA,c.373dupC,rrl,n.2814G>T,delamanid;pretomanid,linezolid,cross_class,1,2,0,1,2,357,0.0,1.0,True,,,1.0,False
fbiA|c.373dupC,rrl|n.2270G>T,fbiA,c.373dupC,rrl,n.2270G>T,delamanid;pretomanid,linezolid,cross_class,1,2,0,1,2,357,0.0,1.0,True,,,1.0,False
fbiA|c.373dupC,rpsL|p.Lys88Arg,fbiA,c.373dupC,rpsL,p.Lys88Arg,delamanid;pretomanid,streptomycin,cross_class,1,8,0,1,8,351,0.0,1.0,True,,,1.0,False
fbiA|c.373dupC,rpsL|p.Lys43Arg,fbiA,c.373dupC,rpsL,p.Lys43Arg,delamanid;pretomanid,streptomycin,cross_class,1,26,0,1,26,333,0.0,1.0,True,,,1.0,False
fbiA|c.373dupC,rpoB|p.Val170Phe,fbiA,c.373dupC,rpoB,p.Val170Phe,delamanid;pretomanid,rifampicin;rifapentine,cross_class,1,2,0,1,2,357,0.0,1.0,True,,,1.0,False
fbiA|c.373dupC,rpoB|p.Ser450Leu,fbiA,c.373dupC,rpoB,p.Ser450Leu,delamanid;pretomanid,rifampicin;rifapentine,cross_class,1,139,1,0,138,221,inf,0.3861111111111111,True,lineage2,100.0,1.0,False
fbiC|c.1481_1511delATGTGCTTGCCGCCCTGCGATCGGCGGAGCG,katG|c.117delG,fbiC,c.1481_1511delATGTGCTTGCCGCCCTGCGATCGGCGGAGCG,katG,c.117delG,delamanid;pretomanid,isoniazid,cross_class,1,1,0,1,1,358,0.0,1.0,True,,,1.0,False
fbiC|c.1481_1511delATGTGCTTGCCGCCCTGCGATCGGCGGAGCG,inhA|c.-779G>T,fbiC,c.1481_1511delATGTGCTTGCCGCCCTGCGATCGGCGGAGCG,inhA,c.-779G>T,delamanid;pretomanid,ethionamide;isoniazid;prothionamide,cross_class,1,105,1,0,104,255,inf,0.29166666666666663,True,lineage2,100.0,1.0,False
fbiC|c.1481_1511delATGTGCTTGCCGCCCTGCGATCGGCGGAGCG,inhA|c.-777C>T,fbiC,c.1481_1511delATGTGCTTGCCGCCCTGCGATCGGCGGAGCG,inhA,c.-777C>T,delamanid;pretomanid,ethionamide;isoniazid;prothionamide,cross_class,1,29,0,1,29,330,0.0,1.0,True,,,1.0,False
fbiC|c.1481_1511delATGTGCTTGCCGCCCTGCGATCGGCGGAGCG,inhA|c.-154G>A,fbiC,c.1481_1511delATGTGCTTGCCGCCCTGCGATCGGCGGAGCG,inhA,c.-154G>A,delamanid;pretomanid,ethionamide;isoniazid;prothionamide,cross_class,1,8,0,1,8,351,0.0,1.0,True,,,1.0,False
fbiC|c.1481_1511delATGTGCTTGCCGCCCTGCGATCGGCGGAGCG,gyrB|p.Glu501Asp,fbiC,c.1481_1511delATGTGCTTGCCGCCCTGCGATCGGCGGAGCG,gyrB,p.Glu501Asp,delamanid;pretomanid,levofloxacin;moxifloxacin,cross_class,1,3,0,1,3,356,0.0,1.0,True,,,1.0,False
fbiC|c.1481_1511delATGTGCTTGCCGCCCTGCGATCGGCGGAGCG,gyrB|p.Asp461Asn,fbiC,c.1481_1511delATGTGCTTGCCGCCCTGCGATCGGCGGAGCG,gyrB,p.Asp461Asn,delamanid;pretomanid,levofloxacin;moxifloxacin,cross_class,1,1,0,1,1,358,0.0,1.0,True,,,1.0,False
fbiC|c.1481_1511delATGTGCTTGCCGCCCTGCGATCGGCGGAGCG,gyrB|p.Asn499Thr,fbiC,c.1481_1511delATGTGCTTGCCGCCCTGCGATCGGCGGAGCG,gyrB,p.Asn499Thr,delamanid;pretomanid,levofloxacin;moxifloxacin,cross_class,1,2,0,1,2,357,0.0,1.0,True,,,1.0,False
fbiC|c.1481_1511delATGTGCTTGCCGCCCTGCGATCGGCGGAGCG,gyrA|p.Ser91Pro,fbiC,c.1481_1511delATGTGCTTGCCGCCCTGCGATCGGCGGAGCG,gyrA,p.Ser91Pro,delamanid;pretomanid,levofloxacin;moxifloxacin,cross_class,1,47,0,1,47,312,0.0,1.0,True,,,1.0,False
fbiC|c.1481_1511delATGTGCTTGCCGCCCTGCGATCGGCGGAGCG,gyrA|p.Gly88Cys,fbiC,c.1481_1511delATGTGCTTGCCGCCCTGCGATCGGCGGAGCG,gyrA,p.Gly88Cys,delamanid;pretomanid,levofloxacin;moxifloxacin,cross_class,1,6,0,1,6,353,0.0,1.0,True,,,1.0,False
fbiC|c.1481_1511delATGTGCTTGCCGCCCTGCGATCGGCGGAGCG,gyrA|p.Asp94Tyr,fbiC,c.1481_1511delATGTGCTTGCCGCCCTGCGATCGGCGGAGCG,gyrA,p.Asp94Tyr,delamanid;pretomanid,levofloxacin;moxifloxacin,cross_class,1,3,0,1,3,356,0.0,1.0,True,,,1.0,False
fbiC|c.1481_1511delATGTGCTTGCCGCCCTGCGATCGGCGGAGCG,gyrA|p.Asp94His,fbiC,c.1481_1511delATGTGCTTGCCGCCCTGCGATCGGCGGAGCG,gyrA,p.Asp94His,delamanid;pretomanid,levofloxacin;moxifloxacin,cross_class,1,13,0,1,13,346,0.0,1.0,True,,,1.0,False
fbiC|c.1481_1511delATGTGCTTGCCGCCCTGCGATCGGCGGAGCG,gyrA|p.Asp94Gly,fbiC,c.1481_1511delATGTGCTTGCCGCCCTGCGATCGGCGGAGCG,gyrA,p.Asp94Gly,delamanid;pretomanid,levofloxacin;moxifloxacin,cross_class,1,59,1,0,58,301,inf,0.1638888888888889,True,lineage2,100.0,1.0,False
fbiC|c.1481_1511delATGTGCTTGCCGCCCTGCGATCGGCGGAGCG,gyrA|p.Asp94Asn,fbiC,c.1481_1511delATGTGCTTGCCGCCCTGCGATCGGCGGAGCG,gyrA,p.Asp94Asn,delamanid;pretomanid,levofloxacin;moxifloxacin,cross_class,1,13,0,1,13,346,0.0,1.0,True,,,1.0,False
fbiC|c.1481_1511delATGTGCTTGCCGCCCTGCGATCGGCGGAGCG,gyrA|p.Asp94Ala,fbiC,c.1481_1511delATGTGCTTGCCGCCCTGCGATCGGCGGAGCG,gyrA,p.Asp94Ala,delamanid;pretomanid,levofloxacin;moxifloxacin,cross_class,1,5,0,1,5,354,0.0,1.0,True,,,1.0,False
fbiC|c.1481_1511delATGTGCTTGCCGCCCTGCGATCGGCGGAGCG,gyrA|p.Ala90Val,fbiC,c.1481_1511delATGTGCTTGCCGCCCTGCGATCGGCGGAGCG,gyrA,p.Ala90Val,delamanid;pretomanid,levofloxacin;moxifloxacin,cross_class,1,46,0,1,46,313,0.0,1.0,True,,,1.0,False
fbiC|c.1481_1511delATGTGCTTGCCGCCCTGCGATCGGCGGAGCG,mmpR5|c.386delC,fbiC,c.1481_1511delATGTGCTTGCCGCCCTGCGATCGGCGGAGCG,mmpR5,c.386delC,delamanid;pretomanid,bedaquiline;clofazimine,cross_class,1,1,0,1,1,358,0.0,1.0,True,,,1.0,False
fbiC|c.1481_1511delATGTGCTTGCCGCCCTGCGATCGGCGGAGCG,mmpR5|c.366dupG,fbiC,c.1481_1511delATGTGCTTGCCGCCCTGCGATCGGCGGAGCG,mmpR5,c.366dupG,delamanid;pretomanid,bedaquiline;clofazimine,cross_class,1,1,0,1,1,358,0.0,1.0,True,,,1.0,False
fbiC|c.1481_1511delATGTGCTTGCCGCCCTGCGATCGGCGGAGCG,mmpR5|c.321dupC,fbiC,c.1481_1511delATGTGCTTGCCGCCCTGCGATCGGCGGAGCG,mmpR5,c.321dupC,delamanid;pretomanid,bedaquiline;clofazimine,cross_class,1,1,0,1,1,358,0.0,1.0,True,,,1.0,False
fbiC|c.1481_1511delATGTGCTTGCCGCCCTGCGATCGGCGGAGCG,mmpR5|c.291delC,fbiC,c.1481_1511delATGTGCTTGCCGCCCTGCGATCGGCGGAGCG,mmpR5,c.291delC,delamanid;pretomanid,bedaquiline;clofazimine,cross_class,1,1,0,1,1,358,0.0,1.0,True,,,1.0,False
fbiC|c.1481_1511delATGTGCTTGCCGCCCTGCGATCGGCGGAGCG,mmpR5|c.214delC,fbiC,c.1481_1511delATGTGCTTGCCGCCCTGCGATCGGCGGAGCG,mmpR5,c.214delC,delamanid;pretomanid,bedaquiline;clofazimine,cross_class,1,1,0,1,1,358,0.0,1.0,True,,,1.0,False
fbiC|c.1481_1511delATGTGCTTGCCGCCCTGCGATCGGCGGAGCG,mmpR5|c.19delG,fbiC,c.1481_1511delATGTGCTTGCCGCCCTGCGATCGGCGGAGCG,mmpR5,c.19delG,delamanid;pretomanid,bedaquiline;clofazimine,cross_class,1,1,0,1,1,358,0.0,1.0,True,,,1.0,False
fbiC|c.1481_1511delATGTGCTTGCCGCCCTGCGATCGGCGGAGCG,mmpR5|c.198dupG,fbiC,c.1481_1511delATGTGCTTGCCGCCCTGCGATCGGCGGAGCG,mmpR5,c.198dupG,delamanid;pretomanid,bedaquiline;clofazimine,cross_class,1,13,0,1,13,346,0.0,1.0,True,,,1.0,False
fbiC|c.1481_1511delATGTGCTTGCCGCCCTGCGATCGGCGGAGCG,mmpR5|c.198delG,fbiC,c.1481_1511delATGTGCTTGCCGCCCTGCGATCGGCGGAGCG,mmpR5,c.198delG,delamanid;pretomanid,bedaquiline;clofazimine,cross_class,1,1,0,1,1,358,0.0,1.0,True,,,1.0,False
fbiC|c.1481_1511delATGTGCTTGCCGCCCTGCGATCGGCGGAGCG,mmpR5|c.144dupC,fbiC,c.1481_1511delATGTGCTTGCCGCCCTGCGATCGGCGGAGCG,mmpR5,c.144dupC,delamanid;pretomanid,bedaquiline;clofazimine,cross_class,1,20,0,1,20,339,0.0,1.0,True,,,1.0,False
fbiC|c.1481_1511delATGTGCTTGCCGCCCTGCGATCGGCGGAGCG,mmpR5|c.144delC,fbiC,c.1481_1511delATGTGCTTGCCGCCCTGCGATCGGCGGAGCG,mmpR5,c.144delC,delamanid;pretomanid,bedaquiline;clofazimine,cross_class,1,1,0,1,1,358,0.0,1.0,True,,,1.0,False
fbiC|c.1481_1511delATGTGCTTGCCGCCCTGCGATCGGCGGAGCG,mmpR5|c.141_142dupTC,fbiC,c.1481_1511delATGTGCTTGCCGCCCTGCGATCGGCGGAGCG,mmpR5,c.141_142dupTC,delamanid;pretomanid,bedaquiline;clofazimine,cross_class,1,2,0,1,2,357,0.0,1.0,True,,,1.0,False
fbiC|c.1481_1511delATGTGCTTGCCGCCCTGCGATCGGCGGAGCG,mmpR5|c.139dupG,fbiC,c.1481_1511delATGTGCTTGCCGCCCTGCGATCGGCGGAGCG,mmpR5,c.139dupG,delamanid;pretomanid,bedaquiline;clofazimine,cross_class,1,6,0,1,6,353,0.0,1.0,True,,,1.0,False
fbiC|c.1481_1511delATGTGCTTGCCGCCCTGCGATCGGCGGAGCG,mmpR5|c.139_140dupGA,fbiC,c.1481_1511delATGTGCTTGCCGCCCTGCGATCGGCGGAGCG,mmpR5,c.139_140dupGA,delamanid;pretomanid,bedaquiline;clofazimine,cross_class,1,1,0,1,1,358,0.0,1.0,True,,,1.0,False
fbiC|c.1481_1511delATGTGCTTGCCGCCCTGCGATCGGCGGAGCG,katG|p.Ser315Thr,fbiC,c.1481_1511delATGTGCTTGCCGCCCTGCGATCGGCGGAGCG,katG,p.Ser315Thr,delamanid;pretomanid,isoniazid,cross_class,1,191,1,0,190,169,inf,1.0,True,lineage2,100.0,1.0,False
fbiC|c.1481_1511delATGTGCTTGCCGCCCTGCGATCGGCGGAGCG,katG|p.Ser315Asn,fbiC,c.1481_1511delATGTGCTTGCCGCCCTGCGATCGGCGGAGCG,katG,p.Ser315Asn,delamanid;pretomanid,isoniazid,cross_class,1,5,0,1,5,354,0.0,1.0,True,,,1.0,False
fbiC|c.1481_1511delATGTGCTTGCCGCCCTGCGATCGGCGGAGCG,katG|c.18delA,fbiC,c.1481_1511delATGTGCTTGCCGCCCTGCGATCGGCGGAGCG,katG,c.18delA,delamanid;pretomanid,isoniazid,cross_class,1,1,0,1,1,358,0.0,1.0,True,,,1.0,False
fbiC|c.1481_1511delATGTGCTTGCCGCCCTGCGATCGGCGGAGCG,pncA|c.517dupG,fbiC,c.1481_1511delATGTGCTTGCCGCCCTGCGATCGGCGGAGCG,pncA,c.517dupG,delamanid;pretomanid,pyrazinamide,cross_class,1,70,1,0,69,290,inf,0.19444444444444442,True,lineage2,100.0,1.0,False
fbiC|c.1481_1511delATGTGCTTGCCGCCCTGCGATCGGCGGAGCG,pncA|c.459_466delCAGGGTGC,fbiC,c.1481_1511delATGTGCTTGCCGCCCTGCGATCGGCGGAGCG,pncA,c.459_466delCAGGGTGC,delamanid;pretomanid,pyrazinamide,cross_class,1,1,0,1,1,358,0.0,1.0,True,,,1.0,False
fbiC|c.1481_1511delATGTGCTTGCCGCCCTGCGATCGGCGGAGCG,pncA|c.393dupC,fbiC,c.1481_1511delATGTGCTTGCCGCCCTGCGATCGGCGGAGCG,pncA,c.393dupC,delamanid;pretomanid,pyrazinamide,cross_class,1,1,0,1,1,358,0.0,1.0,True,,,1.0,False
fbiC|c.1481_1511delATGTGCTTGCCGCCCTGCGATCGGCGGAGCG,pncA|c.169delC,fbiC,c.1481_1511delATGTGCTTGCCGCCCTGCGATCGGCGGAGCG,pncA,c.169delC,delamanid;pretomanid,pyrazinamide,cross_class,1,1,0,1,1,358,0.0,1.0,True,,,1.0,False
fbiC|c.1481_1511delATGTGCTTGCCGCCCTGCGATCGGCGGAGCG,mmpR5|p.Val1?,fbiC,c.1481_1511delATGTGCTTGCCGCCCTGCGATCGGCGGAGCG,mmpR5,p.Val1?,delamanid;pretomanid,bedaquiline;clofazimine,cross_class,1,1,0,1,1,358,0.0,1.0,True,,,1.0,False
fbiC|c.1481_1511delATGTGCTTGCCGCCCTGCGATCGGCGGAGCG,mmpR5|p.Tyr145*,fbiC,c.1481_1511delATGTGCTTGCCGCCCTGCGATCGGCGGAGCG,mmpR5,p.Tyr145*,delamanid;pretomanid,bedaquiline;clofazimine,cross_class,1,2,0,1,2,357,0.0,1.0,True,,,1.0,False
fbiC|c.1481_1511delATGTGCTTGCCGCCCTGCGATCGGCGGAGCG,mmpR5|p.Ile67Ser,fbiC,c.1481_1511delATGTGCTTGCCGCCCTGCGATCGGCGGAGCG,mmpR5,p.Ile67Ser,delamanid;pretomanid,bedaquiline;clofazimine,cross_class,1,2,0,1,2,357,0.0,1.0,True,,,1.0,False
fbiC|c.1481_1511delATGTGCTTGCCGCCCTGCGATCGGCGGAGCG,mmpR5|p.Gly121Arg,fbiC,c.1481_1511delATGTGCTTGCCGCCCTGCGATCGGCGGAGCG,mmpR5,p.Gly121Arg,delamanid;pretomanid,bedaquiline;clofazimine,cross_class,1,1,0,1,1,358,0.0,1.0,True,,,1.0,False
fbiC|c.1481_1511delATGTGCTTGCCGCCCTGCGATCGGCGGAGCG,mmpR5|p.Gln76*,fbiC,c.1481_1511delATGTGCTTGCCGCCCTGCGATCGGCGGAGCG,mmpR5,p.Gln76*,delamanid;pretomanid,bedaquiline;clofazimine,cross_class,1,2,0,1,2,357,0.0,1.0,True,,,1.0,False
fbiC|c.1481_1511delATGTGCTTGCCGCCCTGCGATCGGCGGAGCG,mmpR5|p.Asn70Asp,fbiC,c.1481_1511delATGTGCTTGCCGCCCTGCGATCGGCGGAGCG,mmpR5,p.Asn70Asp,delamanid;pretomanid,bedaquiline;clofazimine,cross_class,1,1,0,1,1,358,0.0,1.0,True,,,1.0,False
fbiC|c.1481_1511delATGTGCTTGCCGCCCTGCGATCGGCGGAGCG,mmpR5|p.Arg156*,fbiC,c.1481_1511delATGTGCTTGCCGCCCTGCGATCGGCGGAGCG,mmpR5,p.Arg156*,delamanid;pretomanid,bedaquiline;clofazimine,cross_class,1,1,0,1,1,358,0.0,1.0,True,,,1.0,False
fbiC|c.1481_1511delATGTGCTTGCCGCCCTGCGATCGGCGGAGCG,mmpR5|p.Arg134*,fbiC,c.1481_1511delATGTGCTTGCCGCCCTGCGATCGGCGGAGCG,mmpR5,p.Arg134*,delamanid;pretomanid,bedaquiline;clofazimine,cross_class,1,1,0,1,1,358,0.0,1.0,True,,,1.0,False
fbiC|c.1481_1511delATGTGCTTGCCGCCCTGCGATCGGCGGAGCG,mmpR5|c.466dupC,fbiC,c.1481_1511delATGTGCTTGCCGCCCTGCGATCGGCGGAGCG,mmpR5,c.466dupC,delamanid;pretomanid,bedaquiline;clofazimine,cross_class,1,1,0,1,1,358,0.0,1.0,True,,,1.0,False
fbiC|c.1481_1511delATGTGCTTGCCGCCCTGCGATCGGCGGAGCG,mmpR5|c.441_442delGA,fbiC,c.1481_1511delATGTGCTTGCCGCCCTGCGATCGGCGGAGCG,mmpR5,c.441_442delGA,delamanid;pretomanid,bedaquiline;clofazimine,cross_class,1,2,0,1,2,357,0.0,1.0,True,,,1.0,False
fbiC|c.1481_1511delATGTGCTTGCCGCCCTGCGATCGGCGGAGCG,mmpR5|c.430dupG,fbiC,c.1481_1511delATGTGCTTGCCGCCCTGCGATCGGCGGAGCG,mmpR5,c.430dupG,delamanid;pretomanid,bedaquiline;clofazimine,cross_class,1,1,0,1,1,358,0.0,1.0,True,,,1.0,False
fbiC|c.1481_1511delATGTGCTTGCCGCCCTGCGATCGGCGGAGCG,mmpR5|c.424dupC,fbiC,c.1481_1511delATGTGCTTGCCGCCCTGCGATCGGCGGAGCG,mmpR5,c.424dupC,delamanid;pretomanid,bedaquiline;clofazimine,cross_class,1,14,0,1,14,345,0.0,1.0,True,,,1.0,False
fbiC|c.1481_1511delATGTGCTTGCCGCCCTGCGATCGGCGGAGCG,rpoB|p.Asp435Gly,fbiC,c.1481_1511delATGTGCTTGCCGCCCTGCGATCGGCGGAGCG,rpoB,p.Asp435Gly,delamanid;pretomanid,rifampicin;rifapentine,cross_class,1,2,0,1,2,357,0.0,1.0,True,,,1.0,False
fbiC|c.1481_1511delATGTGCTTGCCGCCCTGCGATCGGCGGAGCG,rpoB|p.Asp435Ala,fbiC,c.1481_1511delATGTGCTTGCCGCCCTGCGATCGGCGGAGCG,rpoB,p.Asp435Ala,delamanid;pretomanid,rifampicin;rifapentine,cross_class,1,1,0,1,1,358,0.0,1.0,True,,,1.0,False
fbiC|c.1481_1511delATGTGCTTGCCGCCCTGCGATCGGCGGAGCG,rpoB|p.Asn437Ser,fbiC,c.1481_1511delATGTGCTTGCCGCCCTGCGATCGGCGGAGCG,rpoB,p.Asn437Ser,delamanid;pretomanid,rifampicin;rifapentine,cross_class,1,2,0,1,2,357,0.0,1.0,True,,,1.0,False
fbiC|c.1481_1511delATGTGCTTGCCGCCCTGCGATCGGCGGAGCG,rpoB|p.Ala451Val,fbiC,c.1481_1511delATGTGCTTGCCGCCCTGCGATCGGCGGAGCG,rpoB,p.Ala451Val,delamanid;pretomanid,rifampicin;rifapentine,cross_class,1,3,0,1,3,356,0.0,1.0,True,,,1.0,False
fbiC|c.1481_1511delATGTGCTTGCCGCCCTGCGATCGGCGGAGCG,rpoB|c.1296_1304delATTCATGGA,fbiC,c.1481_1511delATGTGCTTGCCGCCCTGCGATCGGCGGAGCG,rpoB,c.1296_1304delATTCATGGA,delamanid;pretomanid,rifampicin;rifapentine,cross_class,1,2,0,1,2,357,0.0,1.0,True,,,1.0,False
fbiC|c.1481_1511delATGTGCTTGCCGCCCTGCGATCGGCGGAGCG,rpoB|c.1294_1299delCAATTC,fbiC,c.1481_1511delATGTGCTTGCCGCCCTGCGATCGGCGGAGCG,rpoB,c.1294_1299delCAATTC,delamanid;pretomanid,rifampicin;rifapentine,cross_class,1,1,0,1,1,358,0.0,1.0,True,,,1.0,False
fbiC|c.1481_1511delATGTGCTTGCCGCCCTGCGATCGGCGGAGCG,rplC|p.Cys154Arg,fbiC,c.1481_1511delATGTGCTTGCCGCCCTGCGATCGGCGGAGCG,rplC,p.Cys154Arg,delamanid;pretomanid,linezolid,cross_class,1,4,0,1,4,355,0.0,1.0,True,,,1.0,False
fbiC|c.1481_1511delATGTGCTTGCCGCCCTGCGATCGGCGGAGCG,pncA|p.Val180Phe,fbiC,c.1481_1511delATGTGCTTGCCGCCCTGCGATCGGCGGAGCG,pncA,p.Val180Phe,delamanid;pretomanid,pyrazinamide,cross_class,1,1,0,1,1,358,0.0,1.0,True,,,1.0,False
fbiC|c.1481_1511delATGTGCTTGCCGCCCTGCGATCGGCGGAGCG,pncA|p.Val139Gly,fbiC,c.1481_1511delATGTGCTTGCCGCCCTGCGATCGGCGGAGCG,pncA,p.Val139Gly,delamanid;pretomanid,pyrazinamide,cross_class,1,1,0,1,1,358,0.0,1.0,True,,,1.0,False
fbiC|c.1481_1511delATGTGCTTGCCGCCCTGCGATCGGCGGAGCG,pncA|p.Thr47Ala,fbiC,c.1481_1511delATGTGCTTGCCGCCCTGCGATCGGCGGAGCG,pncA,p.Thr47Ala,delamanid;pretomanid,pyrazinamide,cross_class,1,1,0,1,1,358,0.0,1.0,True,,,1.0,False
fbiC|c.1481_1511delATGTGCTTGCCGCCCTGCGATCGGCGGAGCG,pncA|p.Ser104Arg,fbiC,c.1481_1511delATGTGCTTGCCGCCCTGCGATCGGCGGAGCG,pncA,p.Ser104Arg,delamanid;pretomanid,pyrazinamide,cross_class,1,7,0,1,7,352,0.0,1.0,True,,,1.0,False
fbiC|c.1481_1511delATGTGCTTGCCGCCCTGCGATCGGCGGAGCG,pncA|p.Ile31Ser,fbiC,c.1481_1511delATGTGCTTGCCGCCCTGCGATCGGCGGAGCG,pncA,p.Ile31Ser,delamanid;pretomanid,pyrazinamide,cross_class,1,1,0,1,1,358,0.0,1.0,True,,,1.0,False
fbiC|c.1481_1511delATGTGCTTGCCGCCCTGCGATCGGCGGAGCG,pncA|p.Gln141Pro,fbiC,c.1481_1511delATGTGCTTGCCGCCCTGCGATCGGCGGAGCG,pncA,p.Gln141Pro,delamanid;pretomanid,pyrazinamide,cross_class,1,1,0,1,1,358,0.0,1.0,True,,,1.0,False
fbiC|c.1481_1511delATGTGCTTGCCGCCCTGCGATCGGCGGAGCG,pncA|p.Cys14Arg,fbiC,c.1481_1511delATGTGCTTGCCGCCCTGCGATCGGCGGAGCG,pncA,p.Cys14Arg,delamanid;pretomanid,pyrazinamide,cross_class,1,87,0,1,87,272,0.0,1.0,True,,,1.0,False
fbiC|c.1481_1511delATGTGCTTGCCGCCCTGCGATCGGCGGAGCG,pncA|p.Asp8Asn,fbiC,c.1481_1511delATGTGCTTGCCGCCCTGCGATCGGCGGAGCG,pncA,p.Asp8Asn,delamanid;pretomanid,pyrazinamide,cross_class,1,5,0,1,5,354,0.0,1.0,True,,,1.0,False
fbiC|c.1481_1511delATGTGCTTGCCGCCCTGCGATCGGCGGAGCG,pncA|p.Ala146Thr,fbiC,c.1481_1511delATGTGCTTGCCGCCCTGCGATCGGCGGAGCG,pncA,p.Ala146Thr,delamanid;pretomanid,pyrazinamide,cross_class,1,2,0,1,2,357,0.0,1.0,True,,,1.0,False
fbiC|c.1481_1511delATGTGCTTGCCGCCCTGCGATCGGCGGAGCG,rrl|n.2814G>T,fbiC,c.1481_1511delATGTGCTTGCCGCCCTGCGATCGGCGGAGCG,rrl,n.2814G>T,delamanid;pretomanid,linezolid,cross_class,1,2,0,1,2,357,0.0,1.0,True,,,1.0,False
fbiC|c.1481_1511delATGTGCTTGCCGCCCTGCGATCGGCGGAGCG,rrl|n.2270G>T,fbiC,c.1481_1511delATGTGCTTGCCGCCCTGCGATCGGCGGAGCG,rrl,n.2270G>T,delamanid;pretomanid,linezolid,cross_class,1,2,0,1,2,357,0.0,1.0,True,,,1.0,False
fbiC|c.1481_1511delATGTGCTTGCCGCCCTGCGATCGGCGGAGCG,rpsL|p.Lys88Arg,fbiC,c.1481_1511delATGTGCTTGCCGCCCTGCGATCGGCGGAGCG,rpsL,p.Lys88Arg,delamanid;pretomanid,streptomycin,cross_class,1,8,0,1,8,351,0.0,1.0,True,,,1.0,False
fbiC|c.1481_1511delATGTGCTTGCCGCCCTGCGATCGGCGGAGCG,rpsL|p.Lys43Arg,fbiC,c.1481_1511delATGTGCTTGCCGCCCTGCGATCGGCGGAGCG,rpsL,p.Lys43Arg,delamanid;pretomanid,streptomycin,cross_class,1,26,0,1,26,333,0.0,1.0,True,,,1.0,False
fbiC|c.1481_1511delATGTGCTTGCCGCCCTGCGATCGGCGGAGCG,rpoB|p.Val170Phe,fbiC,c.1481_1511delATGTGCTTGCCGCCCTGCGATCGGCGGAGCG,rpoB,p.Val170Phe,delamanid;pretomanid,rifampicin;rifapentine,cross_class,1,2,0,1,2,357,0.0,1.0,True,,,1.0,False
fbiC|c.1481_1511delATGTGCTTGCCGCCCTGCGATCGGCGGAGCG,rpoB|p.Ser450Leu,fbiC,c.1481_1511delATGTGCTTGCCGCCCTGCGATCGGCGGAGCG,rpoB,p.Ser450Leu,delamanid;pretomanid,rifampicin;rifapentine,cross_class,1,139,0,1,139,220,0.0,1.0,True,,,1.0,False
fbiC|c.1481_1511delATGTGCTTGCCGCCCTGCGATCGGCGGAGCG,rpoB|p.Leu452Pro,fbiC,c.1481_1511delATGTGCTTGCCGCCCTGCGATCGGCGGAGCG,rpoB,p.Leu452Pro,delamanid;pretomanid,rifampicin;rifapentine,cross_class,1,10,0,1,10,349,0.0,1.0,True,,,1.0,False
fbiC|c.1481_1511delATGTGCTTGCCGCCCTGCGATCGGCGGAGCG,rpoB|p.Leu430Pro,fbiC,c.1481_1511delATGTGCTTGCCGCCCTGCGATCGGCGGAGCG,rpoB,p.Leu430Pro,delamanid;pretomanid,rifampicin;rifapentine,cross_class,1,22,0,1,22,337,0.0,1.0,True,,,1.0,False
fbiC|c.1481_1511delATGTGCTTGCCGCCCTGCGATCGGCGGAGCG,rpoB|p.Ile491Phe,fbiC,c.1481_1511delATGTGCTTGCCGCCCTGCGATCGGCGGAGCG,rpoB,p.Ile491Phe,delamanid;pretomanid,rifampicin;rifapentine,cross_class,1,1,0,1,1,358,0.0,1.0,True,,,1.0,False
fbiC|c.1481_1511delATGTGCTTGCCGCCCTGCGATCGGCGGAGCG,rpoB|p.His445Tyr,fbiC,c.1481_1511delATGTGCTTGCCGCCCTGCGATCGGCGGAGCG,rpoB,p.His445Tyr,delamanid;pretomanid,rifampicin;rifapentine,cross_class,1,5,0,1,5,354,0.0,1.0,True,,,1.0,False
fbiC|c.1481_1511delATGTGCTTGCCGCCCTGCGATCGGCGGAGCG,rpoB|p.His445Leu,fbiC,c.1481_1511delATGTGCTTGCCGCCCTGCGATCGGCGGAGCG,rpoB,p.His445Leu,delamanid;pretomanid,rifampicin;rifapentine,cross_class,1,1,0,1,1,358,0.0,1.0,True,,,1.0,False
fbiC|c.1481_1511delATGTGCTTGCCGCCCTGCGATCGGCGGAGCG,rpoB|p.His445Asp,fbiC,c.1481_1511delATGTGCTTGCCGCCCTGCGATCGGCGGAGCG,rpoB,p.His445Asp,delamanid;pretomanid,rifampicin;rifapentine,cross_class,1,11,0,1,11,348,0.0,1.0,True,,,1.0,False
fbiC|c.1481_1511delATGTGCTTGCCGCCCTGCGATCGGCGGAGCG,rpoB|p.His445Asn,fbiC,c.1481_1511delATGTGCTTGCCGCCCTGCGATCGGCGGAGCG,rpoB,p.His445Asn,delamanid;pretomanid,rifampicin;rifapentine,cross_class,1,6,0,1,6,353,0.0,1.0,True,,,1.0,False
fbiC|c.1481_1511delATGTGCTTGCCGCCCTGCGATCGGCGGAGCG,rpoB|p.Gln432Lys,fbiC,c.1481_1511delATGTGCTTGCCGCCCTGCGATCGGCGGAGCG,rpoB,p.Gln432Lys,delamanid;pretomanid,rifampicin;rifapentine,cross_class,1,1,0,1,1,358,0.0,1.0,True,,,1.0,False
fbiC|c.1481_1511delATGTGCTTGCCGCCCTGCGATCGGCGGAGCG,rpoB|p.Asp435Val,fbiC,c.1481_1511delATGTGCTTGCCGCCCTGCGATCGGCGGAGCG,rpoB,p.Asp435Val,delamanid;pretomanid,rifampicin;rifapentine,cross_class,1,73,1,0,72,287,inf,0.20277777777777778,True,lineage2,100.0,1.0,False
fbiC|c.1481_1511delATGTGCTTGCCGCCCTGCGATCGGCGGAGCG,rpoB|p.Asp435Tyr,fbiC,c.1481_1511delATGTGCTTGCCGCCCTGCGATCGGCGGAGCG,rpoB,p.Asp435Tyr,delamanid;pretomanid,rifampicin;rifapentine,cross_class,1,9,0,1,9,350,0.0,1.0,True,,,1.0,False
fbiC|c.181_191delAGCGCCGCGCG,gyrA|p.Asp94His,fbiC,c.181_191delAGCGCCGCGCG,gyrA,p.Asp94His,delamanid;pretomanid,levofloxacin;moxifloxacin,cross_class,1,13,0,1,13,346,0.0,1.0,True,,,1.0,False
fbiC|c.181_191delAGCGCCGCGCG,gyrA|p.Asp94Gly,fbiC,c.181_191delAGCGCCGCGCG,gyrA,p.Asp94Gly,delamanid;pretomanid,levofloxacin;moxifloxacin,cross_class,1,59,0,1,59,300,0.0,1.0,True,,,1.0,False
fbiC|c.181_191delAGCGCCGCGCG,gyrA|p.Asp94Asn,fbiC,c.181_191delAGCGCCGCGCG,gyrA,p.Asp94Asn,delamanid;pretomanid,levofloxacin;moxifloxacin,cross_class,1,13,0,1,13,346,0.0,1.0,True,,,1.0,False
fbiC|c.181_191delAGCGCCGCGCG,gyrA|p.Asp94Ala,fbiC,c.181_191delAGCGCCGCGCG,gyrA,p.Asp94Ala,delamanid;pretomanid,levofloxacin;moxifloxacin,cross_class,1,5,0,1,5,354,0.0,1.0,True,,,1.0,False
fbiC|c.181_191delAGCGCCGCGCG,gyrA|p.Ala90Val,fbiC,c.181_191delAGCGCCGCGCG,gyrA,p.Ala90Val,delamanid;pretomanid,levofloxacin;moxifloxacin,cross_class,1,46,0,1,46,313,0.0,1.0,True,,,1.0,False
fbiC|c.181_191delAGCGCCGCGCG,fbiC|p.Tyr104*,fbiC,c.181_191delAGCGCCGCGCG,fbiC,p.Tyr104*,delamanid;pretomanid,delamanid;pretomanid,within_class,1,1,0,1,1,358,0.0,1.0,True,,,1.0,False
fbiC|c.181_191delAGCGCCGCGCG,fbiC|p.Trp444*,fbiC,c.181_191delAGCGCCGCGCG,fbiC,p.Trp444*,delamanid;pretomanid,delamanid;pretomanid,within_class,1,1,0,1,1,358,0.0,1.0,True,,,1.0,False
fbiC|c.181_191delAGCGCCGCGCG,fbiC|p.Trp161*,fbiC,c.181_191delAGCGCCGCGCG,fbiC,p.Trp161*,delamanid;pretomanid,delamanid;pretomanid,within_class,1,1,0,1,1,358,0.0,1.0,True,,,1.0,False
fbiC|c.181_191delAGCGCCGCGCG,fbiC|c.930_931delAA,fbiC,c.181_191delAGCGCCGCGCG,fbiC,c.930_931delAA,delamanid;pretomanid,delamanid;pretomanid,within_class,1,1,0,1,1,358,0.0,1.0,True,,,1.0,False
fbiC|c.1481_1511delATGTGCTTGCCGCCCTGCGATCGGCGGAGCG,tlyA|c.585_588delTGGG,fbiC,c.1481_1511delATGTGCTTGCCGCCCTGCGATCGGCGGAGCG,tlyA,c.585_588delTGGG,delamanid;pretomanid,capreomycin,cross_class,1,30,0,1,30,329,0.0,1.0,True,,,1.0,False
fbiC|c.1481_1511delATGTGCTTGCCGCCCTGCGATCGGCGGAGCG,tlyA|c.388dupG,fbiC,c.1481_1511delATGTGCTTGCCGCCCTGCGATCGGCGGAGCG,tlyA,c.388dupG,delamanid;pretomanid,capreomycin,cross_class,1,1,0,1,1,358,0.0,1.0,True,,,1.0,False
fbiC|c.1481_1511delATGTGCTTGCCGCCCTGCGATCGGCGGAGCG,rrs|n.517C>T,fbiC,c.1481_1511delATGTGCTTGCCGCCCTGCGATCGGCGGAGCG,rrs,n.517C>T,delamanid;pretomanid,streptomycin,cross_class,1,2,0,1,2,357,0.0,1.0,True,,,1.0,False
fbiC|c.1481_1511delATGTGCTTGCCGCCCTGCGATCGGCGGAGCG,rrs|n.514A>C,fbiC,c.1481_1511delATGTGCTTGCCGCCCTGCGATCGGCGGAGCG,rrs,n.514A>C,delamanid;pretomanid,streptomycin,cross_class,1,164,1,0,163,196,inf,0.45555555555555555,True,lineage2,100.0,1.0,False
fbiC|c.1481_1511delATGTGCTTGCCGCCCTGCGATCGGCGGAGCG,rrs|n.1402C>T,fbiC,c.1481_1511delATGTGCTTGCCGCCCTGCGATCGGCGGAGCG,rrs,n.1402C>T,delamanid;pretomanid,amikacin;capreomycin;kanamycin,cross_class,1,2,0,1,2,357,0.0,1.0,True,,,1.0,False
fbiC|c.1481_1511delATGTGCTTGCCGCCCTGCGATCGGCGGAGCG,rrs|n.1401A>G,fbiC,c.1481_1511delATGTGCTTGCCGCCCTGCGATCGGCGGAGCG,rrs,n.1401A>G,delamanid;pretomanid,amikacin;capreomycin;kanamycin,cross_class,1,85,1,0,84,275,inf,0.2361111111111111,True,lineage2,100.0,1.0,False
fbiC|c.181_191delAGCGCCGCGCG,mmpR5|c.144delC,fbiC,c.181_191delAGCGCCGCGCG,mmpR5,c.144delC,delamanid;pretomanid,bedaquiline;clofazimine,cross_class,1,1,0,1,1,358,0.0,1.0,True,,,1.0,False
fbiC|c.181_191delAGCGCCGCGCG,mmpR5|c.141_142dupTC,fbiC,c.181_191delAGCGCCGCGCG,mmpR5,c.141_142dupTC,delamanid;pretomanid,bedaquiline;clofazimine,cross_class,1,2,0,1,2,357,0.0,1.0,True,,,1.0,False
fbiC|c.181_191delAGCGCCGCGCG,mmpR5|c.139dupG,fbiC,c.181_191delAGCGCCGCGCG,mmpR5,c.139dupG,delamanid;pretomanid,bedaquiline;clofazimine,cross_class,1,6,0,1,6,353,0.0,1.0,True,,,1.0,False
fbiC|c.181_191delAGCGCCGCGCG,mmpR5|c.139_140dupGA,fbiC,c.181_191delAGCGCCGCGCG,mmpR5,c.139_140dupGA,delamanid;pretomanid,bedaquiline;clofazimine,cross_class,1,1,0,1,1,358,0.0,1.0,True,,,1.0,False
fbiC|c.181_191delAGCGCCGCGCG,katG|p.Ser315Thr,fbiC,c.181_191delAGCGCCGCGCG,katG,p.Ser315Thr,delamanid;pretomanid,isoniazid,cross_class,1,191,1,0,190,169,inf,1.0,True,lineage2,100.0,1.0,False
fbiC|c.181_191delAGCGCCGCGCG,katG|p.Ser315Asn,fbiC,c.181_191delAGCGCCGCGCG,katG,p.Ser315Asn,delamanid;pretomanid,isoniazid,cross_class,1,5,0,1,5,354,0.0,1.0,True,,,1.0,False
fbiC|c.181_191delAGCGCCGCGCG,katG|c.18delA,fbiC,c.181_191delAGCGCCGCGCG,katG,c.18delA,delamanid;pretomanid,isoniazid,cross_class,1,1,0,1,1,358,0.0,1.0,True,,,1.0,False
fbiC|c.181_191delAGCGCCGCGCG,katG|c.117delG,fbiC,c.181_191delAGCGCCGCGCG,katG,c.117delG,delamanid;pretomanid,isoniazid,cross_class,1,1,0,1,1,358,0.0,1.0,True,,,1.0,False
fbiC|c.181_191delAGCGCCGCGCG,inhA|c.-779G>T,fbiC,c.181_191delAGCGCCGCGCG,inhA,c.-779G>T,delamanid;pretomanid,ethionamide;isoniazid;prothionamide,cross_class,1,105,0,1,105,254,0.0,1.0,True,,,1.0,False
fbiC|c.181_191delAGCGCCGCGCG,inhA|c.-777C>T,fbiC,c.181_191delAGCGCCGCGCG,inhA,c.-777C>T,delamanid;pretomanid,ethionamide;isoniazid;prothionamide,cross_class,1,29,0,1,29,330,0.0,1.0,True,,,1.0,False
fbiC|c.181_191delAGCGCCGCGCG,inhA|c.-154G>A,fbiC,c.181_191delAGCGCCGCGCG,inhA,c.-154G>A,delamanid;pretomanid,ethionamide;isoniazid;prothionamide,cross_class,1,8,0,1,8,351,0.0,1.0,True,,,1.0,False
fbiC|c.181_191delAGCGCCGCGCG,gyrB|p.Glu501Asp,fbiC,c.181_191delAGCGCCGCGCG,gyrB,p.Glu501Asp,delamanid;pretomanid,levofloxacin;moxifloxacin,cross_class,1,3,0,1,3,356,0.0,1.0,True,,,1.0,False
fbiC|c.181_191delAGCGCCGCGCG,gyrB|p.Asp461Asn,fbiC,c.181_191delAGCGCCGCGCG,gyrB,p.Asp461Asn,delamanid;pretomanid,levofloxacin;moxifloxacin,cross_class,1,1,0,1,1,358,0.0,1.0,True,,,1.0,False
fbiC|c.181_191delAGCGCCGCGCG,gyrB|p.Asn499Thr,fbiC,c.181_191delAGCGCCGCGCG,gyrB,p.Asn499Thr,delamanid;pretomanid,levofloxacin;moxifloxacin,cross_class,1,2,0,1,2,357,0.0,1.0,True,,,1.0,False
fbiC|c.181_191delAGCGCCGCGCG,gyrA|p.Ser91Pro,fbiC,c.181_191delAGCGCCGCGCG,gyrA,p.Ser91Pro,delamanid;pretomanid,levofloxacin;moxifloxacin,cross_class,1,47,0,1,47,312,0.0,1.0,True,,,1.0,False
fbiC|c.181_191delAGCGCCGCGCG,gyrA|p.Gly88Cys,fbiC,c.181_191delAGCGCCGCGCG,gyrA,p.Gly88Cys,delamanid;pretomanid,levofloxacin;moxifloxacin,cross_class,1,6,0,1,6,353,0.0,1.0,True,,,1.0,False
fbiC|c.181_191delAGCGCCGCGCG,mmpR5|p.Asn70Asp,fbiC,c.181_191delAGCGCCGCGCG,mmpR5,p.Asn70Asp,delamanid;pretomanid,bedaquiline;clofazimine,cross_class,1,1,0,1,1,358,0.0,1.0,True,,,1.0,False
fbiC|c.181_191delAGCGCCGCGCG,mmpR5|p.Arg156*,fbiC,c.181_191delAGCGCCGCGCG,mmpR5,p.Arg156*,delamanid;pretomanid,bedaquiline;clofazimine,cross_class,1,1,0,1,1,358,0.0,1.0,True,,,1.0,False
fbiC|c.181_191delAGCGCCGCGCG,mmpR5|p.Arg134*,fbiC,c.181_191delAGCGCCGCGCG,mmpR5,p.Arg134*,delamanid;pretomanid,bedaquiline;clofazimine,cross_class,1,1,0,1,1,358,0.0,1.0,True,,,1.0,False
fbiC|c.181_191delAGCGCCGCGCG,mmpR5|c.466dupC,fbiC,c.181_191delAGCGCCGCGCG,mmpR5,c.466dupC,delamanid;pretomanid,bedaquiline;clofazimine,cross_class,1,1,0,1,1,358,0.0,1.0,True,,,1.0,False
fbiC|c.181_191delAGCGCCGCGCG,mmpR5|c.441_442delGA,fbiC,c.181_191delAGCGCCGCGCG,mmpR5,c.441_442delGA,delamanid;pretomanid,bedaquiline;clofazimine,cross_class,1,2,0,1,2,357,0.0,1.0,True,,,1.0,False
fbiC|c.181_191delAGCGCCGCGCG,mmpR5|c.430dupG,fbiC,c.181_191delAGCGCCGCGCG,mmpR5,c.430dupG,delamanid;pretomanid,bedaquiline;clofazimine,cross_class,1,1,0,1,1,358,0.0,1.0,True,,,1.0,False
fbiC|c.181_191delAGCGCCGCGCG,mmpR5|c.424dupC,fbiC,c.181_191delAGCGCCGCGCG,mmpR5,c.424dupC,delamanid;pretomanid,bedaquiline;clofazimine,cross_class,1,14,0,1,14,345,0.0,1.0,True,,,1.0,False
fbiC|c.181_191delAGCGCCGCGCG,mmpR5|c.386delC,fbiC,c.181_191delAGCGCCGCGCG,mmpR5,c.386delC,delamanid;pretomanid,bedaquiline;clofazimine,cross_class,1,1,0,1,1,358,0.0,1.0,True,,,1.0,False
fbiC|c.181_191delAGCGCCGCGCG,mmpR5|c.366dupG,fbiC,c.181_191delAGCGCCGCGCG,mmpR5,c.366dupG,delamanid;pretomanid,bedaquiline;clofazimine,cross_class,1,1,0,1,1,358,0.0,1.0,True,,,1.0,False
fbiC|c.181_191delAGCGCCGCGCG,mmpR5|c.321dupC,fbiC,c.181_191delAGCGCCGCGCG,mmpR5,c.321dupC,delamanid;pretomanid,bedaquiline;clofazimine,cross_class,1,1,0,1,1,358,0.0,1.0,True,,,1.0,False
fbiC|c.181_191delAGCGCCGCGCG,mmpR5|c.291delC,fbiC,c.181_191delAGCGCCGCGCG,mmpR5,c.291delC,delamanid;pretomanid,bedaquiline;clofazimine,cross_class,1,1,0,1,1,358,0.0,1.0,True,,,1.0,False
fbiC|c.181_191delAGCGCCGCGCG,mmpR5|c.214delC,fbiC,c.181_191delAGCGCCGCGCG,mmpR5,c.214delC,delamanid;pretomanid,bedaquiline;clofazimine,cross_class,1,1,0,1,1,358,0.0,1.0,True,,,1.0,False
fbiC|c.181_191delAGCGCCGCGCG,mmpR5|c.19delG,fbiC,c.181_191delAGCGCCGCGCG,mmpR5,c.19delG,delamanid;pretomanid,bedaquiline;clofazimine,cross_class,1,1,0,1,1,358,0.0,1.0,True,,,1.0,False
fbiC|c.181_191delAGCGCCGCGCG,mmpR5|c.198dupG,fbiC,c.181_191delAGCGCCGCGCG,mmpR5,c.198dupG,delamanid;pretomanid,bedaquiline;clofazimine,cross_class,1,13,0,1,13,346,0.0,1.0,True,,,1.0,False
fbiC|c.181_191delAGCGCCGCGCG,mmpR5|c.198delG,fbiC,c.181_191delAGCGCCGCGCG,mmpR5,c.198delG,delamanid;pretomanid,bedaquiline;clofazimine,cross_class,1,1,0,1,1,358,0.0,1.0,True,,,1.0,False
fbiC|c.181_191delAGCGCCGCGCG,mmpR5|c.144dupC,fbiC,c.181_191delAGCGCCGCGCG,mmpR5,c.144dupC,delamanid;pretomanid,bedaquiline;clofazimine,cross_class,1,20,1,0,19,340,inf,0.05555555555555555,True,lineage2,100.0,1.0,False
fbiC|c.181_191delAGCGCCGCGCG,pncA|p.Thr47Ala,fbiC,c.181_191delAGCGCCGCGCG,pncA,p.Thr47Ala,delamanid;pretomanid,pyrazinamide,cross_class,1,1,0,1,1,358,0.0,1.0,True,,,1.0,False
fbiC|c.181_191delAGCGCCGCGCG,pncA|p.Ser104Arg,fbiC,c.181_191delAGCGCCGCGCG,pncA,p.Ser104Arg,delamanid;pretomanid,pyrazinamide,cross_class,1,7,0,1,7,352,0.0,1.0,True,,,1.0,False
fbiC|c.181_191delAGCGCCGCGCG,pncA|p.Ile31Ser,fbiC,c.181_191delAGCGCCGCGCG,pncA,p.Ile31Ser,delamanid;pretomanid,pyrazinamide,cross_class,1,1,0,1,1,358,0.0,1.0,True,,,1.0,False
fbiC|c.181_191delAGCGCCGCGCG,pncA|p.Gln141Pro,fbiC,c.181_191delAGCGCCGCGCG,pncA,p.Gln141Pro,delamanid;pretomanid,pyrazinamide,cross_class,1,1,0,1,1,358,0.0,1.0,True,,,1.0,False
fbiC|c.181_191delAGCGCCGCGCG,pncA|p.Cys14Arg,fbiC,c.181_191delAGCGCCGCGCG,pncA,p.Cys14Arg,delamanid;pretomanid,pyrazinamide,cross_class,1,87,0,1,87,272,0.0,1.0,True,,,1.0,False
fbiC|c.181_191delAGCGCCGCGCG,pncA|p.Asp8Asn,fbiC,c.181_191delAGCGCCGCGCG,pncA,p.Asp8Asn,delamanid;pretomanid,pyrazinamide,cross_class,1,5,0,1,5,354,0.0,1.0,True,,,1.0,False
fbiC|c.181_191delAGCGCCGCGCG,pncA|p.Ala146Thr,fbiC,c.181_191delAGCGCCGCGCG,pncA,p.Ala146Thr,delamanid;pretomanid,pyrazinamide,cross_class,1,2,0,1,2,357,0.0,1.0,True,,,1.0,False
fbiC|c.181_191delAGCGCCGCGCG,pncA|c.517dupG,fbiC,c.181_191delAGCGCCGCGCG,pncA,c.517dupG,delamanid;pretomanid,pyrazinamide,cross_class,1,70,0,1,70,289,0.0,1.0,True,,,1.0,False
fbiC|c.181_191delAGCGCCGCGCG,pncA|c.459_466delCAGGGTGC,fbiC,c.181_191delAGCGCCGCGCG,pncA,c.459_466delCAGGGTGC,delamanid;pretomanid,pyrazinamide,cross_class,1,1,0,1,1,358,0.0,1.0,True,,,1.0,False
fbiC|c.181_191delAGCGCCGCGCG,pncA|c.393dupC,fbiC,c.181_191delAGCGCCGCGCG,pncA,c.393dupC,delamanid;pretomanid,pyrazinamide,cross_class,1,1,0,1,1,358,0.0,1.0,True,,,1.0,False
fbiC|c.181_191delAGCGCCGCGCG,pncA|c.169delC,fbiC,c.181_191delAGCGCCGCGCG,pncA,c.169delC,delamanid;pretomanid,pyrazinamide,cross_class,1,1,0,1,1,358,0.0,1.0,True,,,1.0,False
fbiC|c.181_191delAGCGCCGCGCG,mmpR5|p.Val1?,fbiC,c.181_191delAGCGCCGCGCG,mmpR5,p.Val1?,delamanid;pretomanid,bedaquiline;clofazimine,cross_class,1,1,0,1,1,358,0.0,1.0,True,,,1.0,False
fbiC|c.181_191delAGCGCCGCGCG,mmpR5|p.Tyr145*,fbiC,c.181_191delAGCGCCGCGCG,mmpR5,p.Tyr145*,delamanid;pretomanid,bedaquiline;clofazimine,cross_class,1,2,0,1,2,357,0.0,1.0,True,,,1.0,False
fbiC|c.181_191delAGCGCCGCGCG,mmpR5|p.Ile67Ser,fbiC,c.181_191delAGCGCCGCGCG,mmpR5,p.Ile67Ser,delamanid;pretomanid,bedaquiline;clofazimine,cross_class,1,2,0,1,2,357,0.0,1.0,True,,,1.0,False
fbiC|c.181_191delAGCGCCGCGCG,mmpR5|p.Gly121Arg,fbiC,c.181_191delAGCGCCGCGCG,mmpR5,p.Gly121Arg,delamanid;pretomanid,bedaquiline;clofazimine,cross_class,1,1,0,1,1,358,0.0,1.0,True,,,1.0,False
fbiC|c.181_191delAGCGCCGCGCG,mmpR5|p.Gln76*,fbiC,c.181_191delAGCGCCGCGCG,mmpR5,p.Gln76*,delamanid;pretomanid,bedaquiline;clofazimine,cross_class,1,2,0,1,2,357,0.0,1.0,True,,,1.0,False
eis|c.-10G>A,katG|c.117delG,eis,c.-10G>A,katG,c.117delG,kanamycin,isoniazid,cross_class,1,1,0,1,1,358,0.0,1.0,True,,,1.0,False
eis|c.-10G>A,inhA|c.-779G>T,eis,c.-10G>A,inhA,c.-779G>T,kanamycin,ethionamide;isoniazid;prothionamide,cross_class,1,105,0,1,105,254,0.0,1.0,True,,,1.0,False
eis|c.-10G>A,inhA|c.-777C>T,eis,c.-10G>A,inhA,c.-777C>T,kanamycin,ethionamide;isoniazid;prothionamide,cross_class,1,29,1,0,28,331,inf,0.08055555555555556,True,lineage2,100.0,1.0,False
eis|c.-10G>A,inhA|c.-154G>A,eis,c.-10G>A,inhA,c.-154G>A,kanamycin,ethionamide;isoniazid;prothionamide,cross_class,1,8,0,1,8,351,0.0,1.0,True,,,1.0,False
eis|c.-10G>A,gyrB|p.Glu501Asp,eis,c.-10G>A,gyrB,p.Glu501Asp,kanamycin,levofloxacin;moxifloxacin,cross_class,1,3,0,1,3,356,0.0,1.0,True,,,1.0,False
eis|c.-10G>A,gyrB|p.Asp461Asn,eis,c.-10G>A,gyrB,p.Asp461Asn,kanamycin,levofloxacin;moxifloxacin,cross_class,1,1,0,1,1,358,0.0,1.0,True,,,1.0,False
eis|c.-10G>A,gyrB|p.Asn499Thr,eis,c.-10G>A,gyrB,p.Asn499Thr,kanamycin,levofloxacin;moxifloxacin,cross_class,1,2,0,1,2,357,0.0,1.0,True,,,1.0,False
eis|c.-10G>A,gyrA|p.Ser91Pro,eis,c.-10G>A,gyrA,p.Ser91Pro,kanamycin,levofloxacin;moxifloxacin,cross_class,1,47,0,1,47,312,0.0,1.0,True,,,1.0,False
eis|c.-10G>A,gyrA|p.Gly88Cys,eis,c.-10G>A,gyrA,p.Gly88Cys,kanamycin,levofloxacin;moxifloxacin,cross_class,1,6,0,1,6,353,0.0,1.0,True,,,1.0,False
eis|c.-10G>A,gyrA|p.Asp94Tyr,eis,c.-10G>A,gyrA,p.Asp94Tyr,kanamycin,levofloxacin;moxifloxacin,cross_class,1,3,0,1,3,356,0.0,1.0,True,,,1.0,False
eis|c.-10G>A,gyrA|p.Asp94His,eis,c.-10G>A,gyrA,p.Asp94His,kanamycin,levofloxacin;moxifloxacin,cross_class,1,13,0,1,13,346,0.0,1.0,True,,,1.0,False
eis|c.-10G>A,gyrA|p.Asp94Gly,eis,c.-10G>A,gyrA,p.Asp94Gly,kanamycin,levofloxacin;moxifloxacin,cross_class,1,59,0,1,59,300,0.0,1.0,True,,,1.0,False
eis|c.-10G>A,gyrA|p.Asp94Asn,eis,c.-10G>A,gyrA,p.Asp94Asn,kanamycin,levofloxacin;moxifloxacin,cross_class,1,13,0,1,13,346,0.0,1.0,True,,,1.0,False
eis|c.-10G>A,gyrA|p.Asp94Ala,eis,c.-10G>A,gyrA,p.Asp94Ala,kanamycin,levofloxacin;moxifloxacin,cross_class,1,5,0,1,5,354,0.0,1.0,True,,,1.0,False
eis|c.-10G>A,gyrA|p.Ala90Val,eis,c.-10G>A,gyrA,p.Ala90Val,kanamycin,levofloxacin;moxifloxacin,cross_class,1,46,1,0,45,314,inf,0.1277777777777778,True,lineage2,100.0,1.0,False
eis|c.-10G>A,fbiC|p.Tyr104*,eis,c.-10G>A,fbiC,p.Tyr104*,kanamycin,delamanid;pretomanid,cross_class,1,1,0,1,1,358,0.0,1.0,True,,,1.0,False
fbiC|c.181_191delAGCGCCGCGCG,rpoB|p.His445Tyr,fbiC,c.181_191delAGCGCCGCGCG,rpoB,p.His445Tyr,delamanid;pretomanid,rifampicin;rifapentine,cross_class,1,5,0,1,5,354,0.0,1.0,True,,,1.0,False
fbiC|c.181_191delAGCGCCGCGCG,rpoB|p.His445Leu,fbiC,c.181_191delAGCGCCGCGCG,rpoB,p.His445Leu,delamanid;pretomanid,rifampicin;rifapentine,cross_class,1,1,0,1,1,358,0.0,1.0,True,,,1.0,False
fbiC|c.181_191delAGCGCCGCGCG,rpoB|p.His445Asp,fbiC,c.181_191delAGCGCCGCGCG,rpoB,p.His445Asp,delamanid;pretomanid,rifampicin;rifapentine,cross_class,1,11,0,1,11,348,0.0,1.0,True,,,1.0,False
fbiC|c.181_191delAGCGCCGCGCG,rpoB|p.His445Asn,fbiC,c.181_191delAGCGCCGCGCG,rpoB,p.His445Asn,delamanid;pretomanid,rifampicin;rifapentine,cross_class,1,6,0,1,6,353,0.0,1.0,True,,,1.0,False
fbiC|c.181_191delAGCGCCGCGCG,rpoB|p.Gln432Lys,fbiC,c.181_191delAGCGCCGCGCG,rpoB,p.Gln432Lys,delamanid;pretomanid,rifampicin;rifapentine,cross_class,1,1,0,1,1,358,0.0,1.0,True,,,1.0,False
fbiC|c.181_191delAGCGCCGCGCG,rpoB|p.Asp435Val,fbiC,c.181_191delAGCGCCGCGCG,rpoB,p.Asp435Val,delamanid;pretomanid,rifampicin;rifapentine,cross_class,1,73,0,1,73,286,0.0,1.0,True,,,1.0,False
fbiC|c.181_191delAGCGCCGCGCG,rpoB|p.Asp435Gly,fbiC,c.181_191delAGCGCCGCGCG,rpoB,p.Asp435Gly,delamanid;pretomanid,rifampicin;rifapentine,cross_class,1,2,0,1,2,357,0.0,1.0,True,,,1.0,False
fbiC|c.181_191delAGCGCCGCGCG,rpoB|p.Asp435Ala,fbiC,c.181_191delAGCGCCGCGCG,rpoB,p.Asp435Ala,delamanid;pretomanid,rifampicin;rifapentine,cross_class,1,1,0,1,1,358,0.0,1.0,True,,,1.0,False
fbiC|c.181_191delAGCGCCGCGCG,rpoB|p.Asn437Ser,fbiC,c.181_191delAGCGCCGCGCG,rpoB,p.Asn437Ser,delamanid;pretomanid,rifampicin;rifapentine,cross_class,1,2,0,1,2,357,0.0,1.0,True,,,1.0,False
fbiC|c.181_191delAGCGCCGCGCG,rpoB|p.Ala451Val,fbiC,c.181_191delAGCGCCGCGCG,rpoB,p.Ala451Val,delamanid;pretomanid,rifampicin;rifapentine,cross_class,1,3,0,1,3,356,0.0,1.0,True,,,1.0,False
fbiC|c.181_191delAGCGCCGCGCG,rpoB|c.1296_1304delATTCATGGA,fbiC,c.181_191delAGCGCCGCGCG,rpoB,c.1296_1304delATTCATGGA,delamanid;pretomanid,rifampicin;rifapentine,cross_class,1,2,0,1,2,357,0.0,1.0,True,,,1.0,False
fbiC|c.181_191delAGCGCCGCGCG,rpoB|c.1294_1299delCAATTC,fbiC,c.181_191delAGCGCCGCGCG,rpoB,c.1294_1299delCAATTC,delamanid;pretomanid,rifampicin;rifapentine,cross_class,1,1,0,1,1,358,0.0,1.0,True,,,1.0,False
fbiC|c.181_191delAGCGCCGCGCG,rplC|p.Cys154Arg,fbiC,c.181_191delAGCGCCGCGCG,rplC,p.Cys154Arg,delamanid;pretomanid,linezolid,cross_class,1,4,0,1,4,355,0.0,1.0,True,,,1.0,False
fbiC|c.181_191delAGCGCCGCGCG,pncA|p.Val180Phe,fbiC,c.181_191delAGCGCCGCGCG,pncA,p.Val180Phe,delamanid;pretomanid,pyrazinamide,cross_class,1,1,0,1,1,358,0.0,1.0,True,,,1.0,False
fbiC|c.181_191delAGCGCCGCGCG,pncA|p.Val139Gly,fbiC,c.181_191delAGCGCCGCGCG,pncA,p.Val139Gly,delamanid;pretomanid,pyrazinamide,cross_class,1,1,0,1,1,358,0.0,1.0,True,,,1.0,False
fbiC|c.930_931delAA,fbiC|p.Trp161*,fbiC,c.930_931delAA,fbiC,p.Trp161*,delamanid;pretomanid,delamanid;pretomanid,within_class,1,1,0,1,1,358,0.0,1.0,True,,,1.0,False
fbiC|c.181_191delAGCGCCGCGCG,tlyA|c.585_588delTGGG,fbiC,c.181_191delAGCGCCGCGCG,tlyA,c.585_588delTGGG,delamanid;pretomanid,capreomycin,cross_class,1,30,0,1,30,329,0.0,1.0,True,,,1.0,False
fbiC|c.181_191delAGCGCCGCGCG,tlyA|c.388dupG,fbiC,c.181_191delAGCGCCGCGCG,tlyA,c.388dupG,delamanid;pretomanid,capreomycin,cross_class,1,1,0,1,1,358,0.0,1.0,True,,,1.0,False
fbiC|c.181_191delAGCGCCGCGCG,rrs|n.517C>T,fbiC,c.181_191delAGCGCCGCGCG,rrs,n.517C>T,delamanid;pretomanid,streptomycin,cross_class,1,2,0,1,2,357,0.0,1.0,True,,,1.0,False
fbiC|c.181_191delAGCGCCGCGCG,rrs|n.514A>C,fbiC,c.181_191delAGCGCCGCGCG,rrs,n.514A>C,delamanid;pretomanid,streptomycin,cross_class,1,164,0,1,164,195,0.0,1.0,True,,,1.0,False
fbiC|c.181_191delAGCGCCGCGCG,rrs|n.1402C>T,fbiC,c.181_191delAGCGCCGCGCG,rrs,n.1402C>T,delamanid;pretomanid,amikacin;capreomycin;kanamycin,cross_class,1,2,0,1,2,357,0.0,1.0,True,,,1.0,False
fbiC|c.181_191delAGCGCCGCGCG,rrs|n.1401A>G,fbiC,c.181_191delAGCGCCGCGCG,rrs,n.1401A>G,delamanid;pretomanid,amikacin;capreomycin;kanamycin,cross_class,1,85,0,1,85,274,0.0,1.0,True,,,1.0,False
fbiC|c.181_191delAGCGCCGCGCG,rrl|n.2814G>T,fbiC,c.181_191delAGCGCCGCGCG,rrl,n.2814G>T,delamanid;pretomanid,linezolid,cross_class,1,2,0,1,2,357,0.0,1.0,True,,,1.0,False
fbiC|c.181_191delAGCGCCGCGCG,rrl|n.2270G>T,fbiC,c.181_191delAGCGCCGCGCG,rrl,n.2270G>T,delamanid;pretomanid,linezolid,cross_class,1,2,0,1,2,357,0.0,1.0,True,,,1.0,False
fbiC|c.181_191delAGCGCCGCGCG,rpsL|p.Lys88Arg,fbiC,c.181_191delAGCGCCGCGCG,rpsL,p.Lys88Arg,delamanid;pretomanid,streptomycin,cross_class,1,8,0,1,8,351,0.0,1.0,True,,,1.0,False
fbiC|c.181_191delAGCGCCGCGCG,rpsL|p.Lys43Arg,fbiC,c.181_191delAGCGCCGCGCG,rpsL,p.Lys43Arg,delamanid;pretomanid,streptomycin,cross_class,1,26,0,1,26,333,0.0,1.0,True,,,1.0,False
fbiC|c.181_191delAGCGCCGCGCG,rpoB|p.Val170Phe,fbiC,c.181_191delAGCGCCGCGCG,rpoB,p.Val170Phe,delamanid;pretomanid,rifampicin;rifapentine,cross_class,1,2,0,1,2,357,0.0,1.0,True,,,1.0,False
fbiC|c.181_191delAGCGCCGCGCG,rpoB|p.Ser450Leu,fbiC,c.181_191delAGCGCCGCGCG,rpoB,p.Ser450Leu,delamanid;pretomanid,rifampicin;rifapentine,cross_class,1,139,0,1,139,220,0.0,1.0,True,,,1.0,False
fbiC|c.181_191delAGCGCCGCGCG,rpoB|p.Leu452Pro,fbiC,c.181_191delAGCGCCGCGCG,rpoB,p.Leu452Pro,delamanid;pretomanid,rifampicin;rifapentine,cross_class,1,10,0,1,10,349,0.0,1.0,True,,,1.0,False
fbiC|c.181_191delAGCGCCGCGCG,rpoB|p.Leu430Pro,fbiC,c.181_191delAGCGCCGCGCG,rpoB,p.Leu430Pro,delamanid;pretomanid,rifampicin;rifapentine,cross_class,1,22,0,1,22,337,0.0,1.0,True,,,1.0,False
fbiC|c.181_191delAGCGCCGCGCG,rpoB|p.Ile491Phe,fbiC,c.181_191delAGCGCCGCGCG,rpoB,p.Ile491Phe,delamanid;pretomanid,rifampicin;rifapentine,cross_class,1,1,0,1,1,358,0.0,1.0,True,,,1.0,False
fbiC|c.930_931delAA,inhA|c.-779G>T,fbiC,c.930_931delAA,inhA,c.-779G>T,delamanid;pretomanid,ethionamide;isoniazid;prothionamide,cross_class,1,105,0,1,105,254,0.0,1.0,True,,,1.0,False
fbiC|c.930_931delAA,inhA|c.-777C>T,fbiC,c.930_931delAA,inhA,c.-777C>T,delamanid;pretomanid,ethionamide;isoniazid;prothionamide,cross_class,1,29,1,0,28,331,inf,0.08055555555555556,True,lineage2,100.0,1.0,False
fbiC|c.930_931delAA,inhA|c.-154G>A,fbiC,c.930_931delAA,inhA,c.-154G>A,delamanid;pretomanid,ethionamide;isoniazid;prothionamide,cross_class,1,8,0,1,8,351,0.0,1.0,True,,,1.0,False
fbiC|c.930_931delAA,gyrB|p.Glu501Asp,fbiC,c.930_931delAA,gyrB,p.Glu501Asp,delamanid;pretomanid,levofloxacin;moxifloxacin,cross_class,1,3,0,1,3,356,0.0,1.0,True,,,1.0,False
fbiC|c.930_931delAA,gyrB|p.Asp461Asn,fbiC,c.930_931delAA,gyrB,p.Asp461Asn,delamanid;pretomanid,levofloxacin;moxifloxacin,cross_class,1,1,0,1,1,358,0.0,1.0,True,,,1.0,False
fbiC|c.930_931delAA,gyrB|p.Asn499Thr,fbiC,c.930_931delAA,gyrB,p.Asn499Thr,delamanid;pretomanid,levofloxacin;moxifloxacin,cross_class,1,2,0,1,2,357,0.0,1.0,True,,,1.0,False
fbiC|c.930_931delAA,gyrA|p.Ser91Pro,fbiC,c.930_931delAA,gyrA,p.Ser91Pro,delamanid;pretomanid,levofloxacin;moxifloxacin,cross_class,1,47,0,1,47,312,0.0,1.0,True,,,1.0,False
fbiC|c.930_931delAA,gyrA|p.Gly88Cys,fbiC,c.930_931delAA,gyrA,p.Gly88Cys,delamanid;pretomanid,levofloxacin;moxifloxacin,cross_class,1,6,0,1,6,353,0.0,1.0,True,,,1.0,False
fbiC|c.930_931delAA,gyrA|p.Asp94Tyr,fbiC,c.930_931delAA,gyrA,p.Asp94Tyr,delamanid;pretomanid,levofloxacin;moxifloxacin,cross_class,1,3,0,1,3,356,0.0,1.0,True,,,1.0,False
fbiC|c.930_931delAA,gyrA|p.Asp94His,fbiC,c.930_931delAA,gyrA,p.Asp94His,delamanid;pretomanid,levofloxacin;moxifloxacin,cross_class,1,13,0,1,13,346,0.0,1.0,True,,,1.0,False
fbiC|c.930_931delAA,gyrA|p.Asp94Gly,fbiC,c.930_931delAA,gyrA,p.Asp94Gly,delamanid;pretomanid,levofloxacin;moxifloxacin,cross_class,1,59,1,0,58,301,inf,0.1638888888888889,True,lineage2,100.0,1.0,False
fbiC|c.930_931delAA,gyrA|p.Asp94Asn,fbiC,c.930_931delAA,gyrA,p.Asp94Asn,delamanid;pretomanid,levofloxacin;moxifloxacin,cross_class,1,13,0,1,13,346,0.0,1.0,True,,,1.0,False
fbiC|c.930_931delAA,gyrA|p.Asp94Ala,fbiC,c.930_931delAA,gyrA,p.Asp94Ala,delamanid;pretomanid,levofloxacin;moxifloxacin,cross_class,1,5,0,1,5,354,0.0,1.0,True,,,1.0,False
fbiC|c.930_931delAA,gyrA|p.Ala90Val,fbiC,c.930_931delAA,gyrA,p.Ala90Val,delamanid;pretomanid,levofloxacin;moxifloxacin,cross_class,1,46,0,1,46,313,0.0,1.0,True,,,1.0,False
fbiC|c.930_931delAA,fbiC|p.Tyr104*,fbiC,c.930_931delAA,fbiC,p.Tyr104*,delamanid;pretomanid,delamanid;pretomanid,within_class,1,1,0,1,1,358,0.0,1.0,True,,,1.0,False
fbiC|c.930_931delAA,fbiC|p.Trp444*,fbiC,c.930_931delAA,fbiC,p.Trp444*,delamanid;pretomanid,delamanid;pretomanid,within_class,1,1,0,1,1,358,0.0,1.0,True,,,1.0,False
fbiC|c.930_931delAA,mmpR5|c.366dupG,fbiC,c.930_931delAA,mmpR5,c.366dupG,delamanid;pretomanid,bedaquiline;clofazimine,cross_class,1,1,0,1,1,358,0.0,1.0,True,,,1.0,False
fbiC|c.930_931delAA,mmpR5|c.321dupC,fbiC,c.930_931delAA,mmpR5,c.321dupC,delamanid;pretomanid,bedaquiline;clofazimine,cross_class,1,1,0,1,1,358,0.0,1.0,True,,,1.0,False
fbiC|c.930_931delAA,mmpR5|c.291delC,fbiC,c.930_931delAA,mmpR5,c.291delC,delamanid;pretomanid,bedaquiline;clofazimine,cross_class,1,1,0,1,1,358,0.0,1.0,True,,,1.0,False
fbiC|c.930_931delAA,mmpR5|c.214delC,fbiC,c.930_931delAA,mmpR5,c.214delC,delamanid;pretomanid,bedaquiline;clofazimine,cross_class,1,1,0,1,1,358,0.0,1.0,True,,,1.0,False
fbiC|c.930_931delAA,mmpR5|c.19delG,fbiC,c.930_931delAA,mmpR5,c.19delG,delamanid;pretomanid,bedaquiline;clofazimine,cross_class,1,1,0,1,1,358,0.0,1.0,True,,,1.0,False
fbiC|c.930_931delAA,mmpR5|c.198dupG,fbiC,c.930_931delAA,mmpR5,c.198dupG,delamanid;pretomanid,bedaquiline;clofazimine,cross_class,1,13,0,1,13,346,0.0,1.0,True,,,1.0,False
fbiC|c.930_931delAA,mmpR5|c.198delG,fbiC,c.930_931delAA,mmpR5,c.198delG,delamanid;pretomanid,bedaquiline;clofazimine,cross_class,1,1,0,1,1,358,0.0,1.0,True,,,1.0,False
fbiC|c.930_931delAA,mmpR5|c.144dupC,fbiC,c.930_931delAA,mmpR5,c.144dupC,delamanid;pretomanid,bedaquiline;clofazimine,cross_class,1,20,0,1,20,339,0.0,1.0,True,,,1.0,False
fbiC|c.930_931delAA,mmpR5|c.144delC,fbiC,c.930_931delAA,mmpR5,c.144delC,delamanid;pretomanid,bedaquiline;clofazimine,cross_class,1,1,0,1,1,358,0.0,1.0,True,,,1.0,False
fbiC|c.930_931delAA,mmpR5|c.141_142dupTC,fbiC,c.930_931delAA,mmpR5,c.141_142dupTC,delamanid;pretomanid,bedaquiline;clofazimine,cross_class,1,2,0,1,2,357,0.0,1.0,True,,,1.0,False
fbiC|c.930_931delAA,mmpR5|c.139dupG,fbiC,c.930_931delAA,mmpR5,c.139dupG,delamanid;pretomanid,bedaquiline;clofazimine,cross_class,1,6,0,1,6,353,0.0,1.0,True,,,1.0,False
fbiC|c.930_931delAA,mmpR5|c.139_140dupGA,fbiC,c.930_931delAA,mmpR5,c.139_140dupGA,delamanid;pretomanid,bedaquiline;clofazimine,cross_class,1,1,0,1,1,358,0.0,1.0,True,,,1.0,False
fbiC|c.930_931delAA,katG|p.Ser315Thr,fbiC,c.930_931delAA,katG,p.Ser315Thr,delamanid;pretomanid,isoniazid,cross_class,1,191,0,1,191,168,0.0,0.46944444444444444,True,,,1.0,False
fbiC|c.930_931delAA,katG|p.Ser315Asn,fbiC,c.930_931delAA,katG,p.Ser315Asn,delamanid;pretomanid,isoniazid,cross_class,1,5,0,1,5,354,0.0,1.0,True,,,1.0,False
fbiC|c.930_931delAA,katG|c.18delA,fbiC,c.930_931delAA,katG,c.18delA,delamanid;pretomanid,isoniazid,cross_class,1,1,0,1,1,358,0.0,1.0,True,,,1.0,False
fbiC|c.930_931delAA,katG|c.117delG,fbiC,c.930_931delAA,katG,c.117delG,delamanid;pretomanid,isoniazid,cross_class,1,1,0,1,1,358,0.0,1.0,True,,,1.0,False
fbiC|c.930_931delAA,pncA|c.459_466delCAGGGTGC,fbiC,c.930_931delAA,pncA,c.459_466delCAGGGTGC,delamanid;pretomanid,pyrazinamide,cross_class,1,1,0,1,1,358,0.0,1.0,True,,,1.0,False
fbiC|c.930_931delAA,pncA|c.393dupC,fbiC,c.930_931delAA,pncA,c.393dupC,delamanid;pretomanid,pyrazinamide,cross_class,1,1,0,1,1,358,0.0,1.0,True,,,1.0,False
fbiC|c.930_931delAA,pncA|c.169delC,fbiC,c.930_931delAA,pncA,c.169delC,delamanid;pretomanid,pyrazinamide,cross_class,1,1,0,1,1,358,0.0,1.0,True,,,1.0,False
fbiC|c.930_931delAA,mmpR5|p.Tyr145*,fbiC,c.930_931delAA,mmpR5,p.Tyr145*,delamanid;pretomanid,bedaquiline;clofazimine,cross_class,1,2,0,1,2,357,0.0,1.0,True,,,1.0,False
fbiC|c.930_931delAA,mmpR5|p.Ile67Ser,fbiC,c.930_931delAA,mmpR5,p.Ile67Ser,delamanid;pretomanid,bedaquiline;clofazimine,cross_class,1,2,0,1,2,357,0.0,1.0,True,,,1.0,False
fbiC|c.930_931delAA,mmpR5|p.Gly121Arg,fbiC,c.930_931delAA,mmpR5,p.Gly121Arg,delamanid;pretomanid,bedaquiline;clofazimine,cross_class,1,1,0,1,1,358,0.0,1.0,True,,,1.0,False
fbiC|c.930_931delAA,mmpR5|p.Gln76*,fbiC,c.930_931delAA,mmpR5,p.Gln76*,delamanid;pretomanid,bedaquiline;clofazimine,cross_class,1,2,0,1,2,357,0.0,1.0,True,,,1.0,False
fbiC|c.930_931delAA,mmpR5|p.Asn70Asp,fbiC,c.930_931delAA,mmpR5,p.Asn70Asp,delamanid;pretomanid,bedaquiline;clofazimine,cross_class,1,1,0,1,1,358,0.0,1.0,True,,,1.0,False
fbiC|c.930_931delAA,mmpR5|p.Arg156*,fbiC,c.930_931delAA,mmpR5,p.Arg156*,delamanid;pretomanid,bedaquiline;clofazimine,cross_class,1,1,0,1,1,358,0.0,1.0,True,,,1.0,False
fbiC|c.930_931delAA,mmpR5|p.Arg134*,fbiC,c.930_931delAA,mmpR5,p.Arg134*,delamanid;pretomanid,bedaquiline;clofazimine,cross_class,1,1,0,1,1,358,0.0,1.0,True,,,1.0,False
fbiC|c.930_931delAA,mmpR5|c.466dupC,fbiC,c.930_931delAA,mmpR5,c.466dupC,delamanid;pretomanid,bedaquiline;clofazimine,cross_class,1,1,0,1,1,358,0.0,1.0,True,,,1.0,False
fbiC|c.930_931delAA,mmpR5|c.441_442delGA,fbiC,c.930_931delAA,mmpR5,c.441_442delGA,delamanid;pretomanid,bedaquiline;clofazimine,cross_class,1,2,0,1,2,357,0.0,1.0,True,,,1.0,False
fbiC|c.930_931delAA,mmpR5|c.430dupG,fbiC,c.930_931delAA,mmpR5,c.430dupG,delamanid;pretomanid,bedaquiline;clofazimine,cross_class,1,1,0,1,1,358,0.0,1.0,True,,,1.0,False
fbiC|c.930_931delAA,mmpR5|c.424dupC,fbiC,c.930_931delAA,mmpR5,c.424dupC,delamanid;pretomanid,bedaquiline;clofazimine,cross_class,1,14,0,1,14,345,0.0,1.0,True,,,1.0,False
fbiC|c.930_931delAA,mmpR5|c.386delC,fbiC,c.930_931delAA,mmpR5,c.386delC,delamanid;pretomanid,bedaquiline;clofazimine,cross_class,1,1,0,1,1,358,0.0,1.0,True,,,1.0,False
fbiC|c.930_931delAA,rpoB|p.Asp435Ala,fbiC,c.930_931delAA,rpoB,p.Asp435Ala,delamanid;pretomanid,rifampicin;rifapentine,cross_class,1,1,0,1,1,358,0.0,1.0,True,,,1.0,False
fbiC|c.930_931delAA,rpoB|p.Asn437Ser,fbiC,c.930_931delAA,rpoB,p.Asn437Ser,delamanid;pretomanid,rifampicin;rifapentine,cross_class,1,2,0,1,2,357,0.0,1.0,True,,,1.0,False
fbiC|c.930_931delAA,rpoB|p.Ala451Val,fbiC,c.930_931delAA,rpoB,p.Ala451Val,delamanid;pretomanid,rifampicin;rifapentine,cross_class,1,3,0,1,3,356,0.0,1.0,True,,,1.0,False
fbiC|c.930_931delAA,rpoB|c.1296_1304delATTCATGGA,fbiC,c.930_931delAA,rpoB,c.1296_1304delATTCATGGA,delamanid;pretomanid,rifampicin;rifapentine,cross_class,1,2,0,1,2,357,0.0,1.0,True,,,1.0,False
fbiC|c.930_931delAA,rpoB|c.1294_1299delCAATTC,fbiC,c.930_931delAA,rpoB,c.1294_1299delCAATTC,delamanid;pretomanid,rifampicin;rifapentine,cross_class,1,1,0,1,1,358,0.0,1.0,True,,,1.0,False
fbiC|c.930_931delAA,rplC|p.Cys154Arg,fbiC,c.930_931delAA,rplC,p.Cys154Arg,delamanid;pretomanid,linezolid,cross_class,1,4,0,1,4,355,0.0,1.0,True,,,1.0,False
fbiC|c.930_931delAA,pncA|p.Val180Phe,fbiC,c.930_931delAA,pncA,p.Val180Phe,delamanid;pretomanid,pyrazinamide,cross_class,1,1,0,1,1,358,0.0,1.0,True,,,1.0,False
fbiC|c.930_931delAA,pncA|p.Thr47Ala,fbiC,c.930_931delAA,pncA,p.Thr47Ala,delamanid;pretomanid,pyrazinamide,cross_class,1,1,0,1,1,358,0.0,1.0,True,,,1.0,False
fbiC|c.930_931delAA,pncA|p.Ser104Arg,fbiC,c.930_931delAA,pncA,p.Ser104Arg,delamanid;pretomanid,pyrazinamide,cross_class,1,7,0,1,7,352,0.0,1.0,True,,,1.0,False
fbiC|c.930_931delAA,pncA|p.Ile31Ser,fbiC,c.930_931delAA,pncA,p.Ile31Ser,delamanid;pretomanid,pyrazinamide,cross_class,1,1,0,1,1,358,0.0,1.0,True,,,1.0,False
fbiC|c.930_931delAA,pncA|p.Gln141Pro,fbiC,c.930_931delAA,pncA,p.Gln141Pro,delamanid;pretomanid,pyrazinamide,cross_class,1,1,0,1,1,358,0.0,1.0,True,,,1.0,False
fbiC|c.930_931delAA,pncA|p.Cys14Arg,fbiC,c.930_931delAA,pncA,p.Cys14Arg,delamanid;pretomanid,pyrazinamide,cross_class,1,87,0,1,87,272,0.0,1.0,True,,,1.0,False
fbiC|c.930_931delAA,pncA|p.Asp8Asn,fbiC,c.930_931delAA,pncA,p.Asp8Asn,delamanid;pretomanid,pyrazinamide,cross_class,1,5,0,1,5,354,0.0,1.0,True,,,1.0,False
fbiC|c.930_931delAA,pncA|p.Ala146Thr,fbiC,c.930_931delAA,pncA,p.Ala146Thr,delamanid;pretomanid,pyrazinamide,cross_class,1,2,0,1,2,357,0.0,1.0,True,,,1.0,False
fbiC|c.930_931delAA,pncA|c.517dupG,fbiC,c.930_931delAA,pncA,c.517dupG,delamanid;pretomanid,pyrazinamide,cross_class,1,70,0,1,70,289,0.0,1.0,True,,,1.0,False
fbiC|c.930_931delAA,rrl|n.2270G>T,fbiC,c.930_931delAA,rrl,n.2270G>T,delamanid;pretomanid,linezolid,cross_class,1,2,0,1,2,357,0.0,1.0,True,,,1.0,False
fbiC|c.930_931delAA,rpsL|p.Lys43Arg,fbiC,c.930_931delAA,rpsL,p.Lys43Arg,delamanid;pretomanid,streptomycin,cross_class,1,26,0,1,26,333,0.0,1.0,True,,,1.0,False
fbiC|c.930_931delAA,rpoB|p.Val170Phe,fbiC,c.930_931delAA,rpoB,p.Val170Phe,delamanid;pretomanid,rifampicin;rifapentine,cross_class,1,2,0,1,2,357,0.0,1.0,True,,,1.0,False
fbiC|c.930_931delAA,rpoB|p.Ser450Leu,fbiC,c.930_931delAA,rpoB,p.Ser450Leu,delamanid;pretomanid,rifampicin;rifapentine,cross_class,1,139,1,0,138,221,inf,0.3861111111111111,True,lineage2,100.0,1.0,False
fbiC|c.930_931delAA,rpoB|p.Leu452Pro,fbiC,c.930_931delAA,rpoB,p.Leu452Pro,delamanid;pretomanid,rifampicin;rifapentine,cross_class,1,10,0,1,10,349,0.0,1.0,True,,,1.0,False
fbiC|c.930_931delAA,rpoB|p.Leu430Pro,fbiC,c.930_931delAA,rpoB,p.Leu430Pro,delamanid;pretomanid,rifampicin;rifapentine,cross_class,1,22,0,1,22,337,0.0,1.0,True,,,1.0,False
fbiC|c.930_931delAA,rpoB|p.Ile491Phe,fbiC,c.930_931delAA,rpoB,p.Ile491Phe,delamanid;pretomanid,rifampicin;rifapentine,cross_class,1,1,0,1,1,358,0.0,1.0,True,,,1.0,False
fbiC|c.930_931delAA,rpoB|p.His445Tyr,fbiC,c.930_931delAA,rpoB,p.His445Tyr,delamanid;pretomanid,rifampicin;rifapentine,cross_class,1,5,0,1,5,354,0.0,1.0,True,,,1.0,False
fbiC|c.930_931delAA,rpoB|p.His445Leu,fbiC,c.930_931delAA,rpoB,p.His445Leu,delamanid;pretomanid,rifampicin;rifapentine,cross_class,1,1,0,1,1,358,0.0,1.0,True,,,1.0,False
fbiC|c.930_931delAA,rpoB|p.His445Asp,fbiC,c.930_931delAA,rpoB,p.His445Asp,delamanid;pretomanid,rifampicin;rifapentine,cross_class,1,11,0,1,11,348,0.0,1.0,True,,,1.0,False
fbiC|c.930_931delAA,rpoB|p.His445Asn,fbiC,c.930_931delAA,rpoB,p.His445Asn,delamanid;pretomanid,rifampicin;rifapentine,cross_class,1,6,0,1,6,353,0.0,1.0,True,,,1.0,False
fbiC|c.930_931delAA,rpoB|p.Gln432Lys,fbiC,c.930_931delAA,rpoB,p.Gln432Lys,delamanid;pretomanid,rifampicin;rifapentine,cross_class,1,1,0,1,1,358,0.0,1.0,True,,,1.0,False
fbiC|c.930_931delAA,rpoB|p.Asp435Val,fbiC,c.930_931delAA,rpoB,p.Asp435Val,delamanid;pretomanid,rifampicin;rifapentine,cross_class,1,73,0,1,73,286,0.0,1.0,True,,,1.0,False
fbiC|c.930_931delAA,rpoB|p.Asp435Tyr,fbiC,c.930_931delAA,rpoB,p.Asp435Tyr,delamanid;pretomanid,rifampicin;rifapentine,cross_class,1,9,0,1,9,350,0.0,1.0,True,,,1.0,False
fbiC|c.930_931delAA,rpoB|p.Asp435Gly,fbiC,c.930_931delAA,rpoB,p.Asp435Gly,delamanid;pretomanid,rifampicin;rifapentine,cross_class,1,2,0,1,2,357,0.0,1.0,True,,,1.0,False
fbiC|p.Trp161*,gyrA|p.Gly88Cys,fbiC,p.Trp161*,gyrA,p.Gly88Cys,delamanid;pretomanid,levofloxacin;moxifloxacin,cross_class,1,6,0,1,6,353,0.0,1.0,True,,,1.0,False
fbiC|p.Trp161*,gyrA|p.Asp94Tyr,fbiC,p.Trp161*,gyrA,p.Asp94Tyr,delamanid;pretomanid,levofloxacin;moxifloxacin,cross_class,1,3,0,1,3,356,0.0,1.0,True,,,1.0,False
fbiC|p.Trp161*,gyrA|p.Asp94His,fbiC,p.Trp161*,gyrA,p.Asp94His,delamanid;pretomanid,levofloxacin;moxifloxacin,cross_class,1,13,0,1,13,346,0.0,1.0,True,,,1.0,False
fbiC|p.Trp161*,gyrA|p.Asp94Gly,fbiC,p.Trp161*,gyrA,p.Asp94Gly,delamanid;pretomanid,levofloxacin;moxifloxacin,cross_class,1,59,0,1,59,300,0.0,1.0,True,,,1.0,False
fbiC|p.Trp161*,gyrA|p.Asp94Ala,fbiC,p.Trp161*,gyrA,p.Asp94Ala,delamanid;pretomanid,levofloxacin;moxifloxacin,cross_class,1,5,0,1,5,354,0.0,1.0,True,,,1.0,False
fbiC|p.Trp161*,gyrA|p.Ala90Val,fbiC,p.Trp161*,gyrA,p.Ala90Val,delamanid;pretomanid,levofloxacin;moxifloxacin,cross_class,1,46,0,1,46,313,0.0,1.0,True,,,1.0,False
fbiC|p.Trp161*,fbiC|p.Tyr104*,fbiC,p.Trp161*,fbiC,p.Tyr104*,delamanid;pretomanid,delamanid;pretomanid,within_class,1,1,0,1,1,358,0.0,1.0,True,,,1.0,False
fbiC|p.Trp161*,fbiC|p.Trp444*,fbiC,p.Trp161*,fbiC,p.Trp444*,delamanid;pretomanid,delamanid;pretomanid,within_class,1,1,0,1,1,358,0.0,1.0,True,,,1.0,False
fbiC|c.930_931delAA,tlyA|c.585_588delTGGG,fbiC,c.930_931delAA,tlyA,c.585_588delTGGG,delamanid;pretomanid,capreomycin,cross_class,1,30,0,1,30,329,0.0,1.0,True,,,1.0,False
fbiC|c.930_931delAA,tlyA|c.388dupG,fbiC,c.930_931delAA,tlyA,c.388dupG,delamanid;pretomanid,capreomycin,cross_class,1,1,0,1,1,358,0.0,1.0,True,,,1.0,False
fbiC|c.930_931delAA,rrs|n.517C>T,fbiC,c.930_931delAA,rrs,n.517C>T,delamanid;pretomanid,streptomycin,cross_class,1,2,0,1,2,357,0.0,1.0,True,,,1.0,False
fbiC|c.930_931delAA,rrs|n.514A>C,fbiC,c.930_931delAA,rrs,n.514A>C,delamanid;pretomanid,streptomycin,cross_class,1,164,0,1,164,195,0.0,1.0,True,,,1.0,False
fbiC|c.930_931delAA,rrs|n.1402C>T,fbiC,c.930_931delAA,rrs,n.1402C>T,delamanid;pretomanid,amikacin;capreomycin;kanamycin,cross_class,1,2,0,1,2,357,0.0,1.0,True,,,1.0,False
fbiC|c.930_931delAA,rrs|n.1401A>G,fbiC,c.930_931delAA,rrs,n.1401A>G,delamanid;pretomanid,amikacin;capreomycin;kanamycin,cross_class,1,85,0,1,85,274,0.0,1.0,True,,,1.0,False
fbiC|c.930_931delAA,rrl|n.2814G>T,fbiC,c.930_931delAA,rrl,n.2814G>T,delamanid;pretomanid,linezolid,cross_class,1,2,0,1,2,357,0.0,1.0,True,,,1.0,False
fbiC|p.Trp161*,mmpR5|c.144dupC,fbiC,p.Trp161*,mmpR5,c.144dupC,delamanid;pretomanid,bedaquiline;clofazimine,cross_class,1,20,0,1,20,339,0.0,1.0,True,,,1.0,False
fbiC|p.Trp161*,mmpR5|c.144delC,fbiC,p.Trp161*,mmpR5,c.144delC,delamanid;pretomanid,bedaquiline;clofazimine,cross_class,1,1,0,1,1,358,0.0,1.0,True,,,1.0,False
fbiC|p.Trp161*,mmpR5|c.141_142dupTC,fbiC,p.Trp161*,mmpR5,c.141_142dupTC,delamanid;pretomanid,bedaquiline;clofazimine,cross_class,1,2,0,1,2,357,0.0,1.0,True,,,1.0,False
fbiC|p.Trp161*,mmpR5|c.139dupG,fbiC,p.Trp161*,mmpR5,c.139dupG,delamanid;pretomanid,bedaquiline;clofazimine,cross_class,1,6,0,1,6,353,0.0,1.0,True,,,1.0,False
fbiC|p.Trp161*,mmpR5|c.139_140dupGA,fbiC,p.Trp161*,mmpR5,c.139_140dupGA,delamanid;pretomanid,bedaquiline;clofazimine,cross_class,1,1,0,1,1,358,0.0,1.0,True,,,1.0,False
fbiC|p.Trp161*,katG|p.Ser315Thr,fbiC,p.Trp161*,katG,p.Ser315Thr,delamanid;pretomanid,isoniazid,cross_class,1,191,1,0,190,169,inf,1.0,True,lineage2,100.0,1.0,False
fbiC|p.Trp161*,katG|p.Ser315Asn,fbiC,p.Trp161*,katG,p.Ser315Asn,delamanid;pretomanid,isoniazid,cross_class,1,5,0,1,5,354,0.0,1.0,True,,,1.0,False
fbiC|p.Trp161*,katG|c.18delA,fbiC,p.Trp161*,katG,c.18delA,delamanid;pretomanid,isoniazid,cross_class,1,1,0,1,1,358,0.0,1.0,True,,,1.0,False
fbiC|p.Trp161*,katG|c.117delG,fbiC,p.Trp161*,katG,c.117delG,delamanid;pretomanid,isoniazid,cross_class,1,1,0,1,1,358,0.0,1.0,True,,,1.0,False
fbiC|p.Trp161*,inhA|c.-779G>T,fbiC,p.Trp161*,inhA,c.-779G>T,delamanid;pretomanid,ethionamide;isoniazid;prothionamide,cross_class,1,105,1,0,104,255,inf,0.29166666666666663,True,lineage2,100.0,1.0,False
fbiC|p.Trp161*,inhA|c.-777C>T,fbiC,p.Trp161*,inhA,c.-777C>T,delamanid;pretomanid,ethionamide;isoniazid;prothionamide,cross_class,1,29,0,1,29,330,0.0,1.0,True,,,1.0,False
fbiC|p.Trp161*,inhA|c.-154G>A,fbiC,p.Trp161*,inhA,c.-154G>A,delamanid;pretomanid,ethionamide;isoniazid;prothionamide,cross_class,1,8,0,1,8,351,0.0,1.0,True,,,1.0,False
fbiC|p.Trp161*,gyrB|p.Glu501Asp,fbiC,p.Trp161*,gyrB,p.Glu501Asp,delamanid;pretomanid,levofloxacin;moxifloxacin,cross_class,1,3,0,1,3,356,0.0,1.0,True,,,1.0,False
fbiC|p.Trp161*,gyrB|p.Asp461Asn,fbiC,p.Trp161*,gyrB,p.Asp461Asn,delamanid;pretomanid,levofloxacin;moxifloxacin,cross_class,1,1,0,1,1,358,0.0,1.0,True,,,1.0,False
fbiC|p.Trp161*,gyrB|p.Asn499Thr,fbiC,p.Trp161*,gyrB,p.Asn499Thr,delamanid;pretomanid,levofloxacin;moxifloxacin,cross_class,1,2,0,1,2,357,0.0,1.0,True,,,1.0,False
fbiC|p.Trp161*,gyrA|p.Ser91Pro,fbiC,p.Trp161*,gyrA,p.Ser91Pro,delamanid;pretomanid,levofloxacin;moxifloxacin,cross_class,1,47,0,1,47,312,0.0,1.0,True,,,1.0,False
fbiC|p.Trp161*,mmpR5|p.Gln76*,fbiC,p.Trp161*,mmpR5,p.Gln76*,delamanid;pretomanid,bedaquiline;clofazimine,cross_class,1,2,0,1,2,357,0.0,1.0,True,,,1.0,False
fbiC|p.Trp161*,mmpR5|p.Asn70Asp,fbiC,p.Trp161*,mmpR5,p.Asn70Asp,delamanid;pretomanid,bedaquiline;clofazimine,cross_class,1,1,0,1,1,358,0.0,1.0,True,,,1.0,False
fbiC|p.Trp161*,mmpR5|p.Arg156*,fbiC,p.Trp161*,mmpR5,p.Arg156*,delamanid;pretomanid,bedaquiline;clofazimine,cross_class,1,1,0,1,1,358,0.0,1.0,True,,,1.0,False
fbiC|p.Trp161*,mmpR5|p.Arg134*,fbiC,p.Trp161*,mmpR5,p.Arg134*,delamanid;pretomanid,bedaquiline;clofazimine,cross_class,1,1,0,1,1,358,0.0,1.0,True,,,1.0,False
fbiC|p.Trp161*,mmpR5|c.466dupC,fbiC,p.Trp161*,mmpR5,c.466dupC,delamanid;pretomanid,bedaquiline;clofazimine,cross_class,1,1,0,1,1,358,0.0,1.0,True,,,1.0,False
fbiC|p.Trp161*,mmpR5|c.441_442delGA,fbiC,p.Trp161*,mmpR5,c.441_442delGA,delamanid;pretomanid,bedaquiline;clofazimine,cross_class,1,2,0,1,2,357,0.0,1.0,True,,,1.0,False
fbiC|p.Trp161*,mmpR5|c.430dupG,fbiC,p.Trp161*,mmpR5,c.430dupG,delamanid;pretomanid,bedaquiline;clofazimine,cross_class,1,1,0,1,1,358,0.0,1.0,True,,,1.0,False
fbiC|p.Trp161*,mmpR5|c.424dupC,fbiC,p.Trp161*,mmpR5,c.424dupC,delamanid;pretomanid,bedaquiline;clofazimine,cross_class,1,14,0,1,14,345,0.0,1.0,True,,,1.0,False
fbiC|p.Trp161*,mmpR5|c.386delC,fbiC,p.Trp161*,mmpR5,c.386delC,delamanid;pretomanid,bedaquiline;clofazimine,cross_class,1,1,0,1,1,358,0.0,1.0,True,,,1.0,False
fbiC|p.Trp161*,mmpR5|c.366dupG,fbiC,p.Trp161*,mmpR5,c.366dupG,delamanid;pretomanid,bedaquiline;clofazimine,cross_class,1,1,0,1,1,358,0.0,1.0,True,,,1.0,False
fbiC|p.Trp161*,mmpR5|c.321dupC,fbiC,p.Trp161*,mmpR5,c.321dupC,delamanid;pretomanid,bedaquiline;clofazimine,cross_class,1,1,0,1,1,358,0.0,1.0,True,,,1.0,False
fbiC|p.Trp161*,mmpR5|c.291delC,fbiC,p.Trp161*,mmpR5,c.291delC,delamanid;pretomanid,bedaquiline;clofazimine,cross_class,1,1,0,1,1,358,0.0,1.0,True,,,1.0,False
fbiC|p.Trp161*,mmpR5|c.214delC,fbiC,p.Trp161*,mmpR5,c.214delC,delamanid;pretomanid,bedaquiline;clofazimine,cross_class,1,1,0,1,1,358,0.0,1.0,True,,,1.0,False
fbiC|p.Trp161*,mmpR5|c.19delG,fbiC,p.Trp161*,mmpR5,c.19delG,delamanid;pretomanid,bedaquiline;clofazimine,cross_class,1,1,0,1,1,358,0.0,1.0,True,,,1.0,False
fbiC|p.Trp161*,mmpR5|c.198dupG,fbiC,p.Trp161*,mmpR5,c.198dupG,delamanid;pretomanid,bedaquiline;clofazimine,cross_class,1,13,0,1,13,346,0.0,1.0,True,,,1.0,False
fbiC|p.Trp161*,mmpR5|c.198delG,fbiC,p.Trp161*,mmpR5,c.198delG,delamanid;pretomanid,bedaquiline;clofazimine,cross_class,1,1,0,1,1,358,0.0,1.0,True,,,1.0,False
fbiC|p.Trp161*,pncA|p.Val139Gly,fbiC,p.Trp161*,pncA,p.Val139Gly,delamanid;pretomanid,pyrazinamide,cross_class,1,1,0,1,1,358,0.0,1.0,True,,,1.0,False
fbiC|p.Trp161*,pncA|p.Thr47Ala,fbiC,p.Trp161*,pncA,p.Thr47Ala,delamanid;pretomanid,pyrazinamide,cross_class,1,1,0,1,1,358,0.0,1.0,True,,,1.0,False
fbiC|p.Trp161*,pncA|p.Ser104Arg,fbiC,p.Trp161*,pncA,p.Ser104Arg,delamanid;pretomanid,pyrazinamide,cross_class,1,7,0,1,7,352,0.0,1.0,True,,,1.0,False
fbiC|p.Trp161*,pncA|p.Ile31Ser,fbiC,p.Trp161*,pncA,p.Ile31Ser,delamanid;pretomanid,pyrazinamide,cross_class,1,1,0,1,1,358,0.0,1.0,True,,,1.0,False
fbiC|p.Trp161*,pncA|p.Gln141Pro,fbiC,p.Trp161*,pncA,p.Gln141Pro,delamanid;pretomanid,pyrazinamide,cross_class,1,1,0,1,1,358,0.0,1.0,True,,,1.0,False
fbiC|p.Trp161*,pncA|p.Cys14Arg,fbiC,p.Trp161*,pncA,p.Cys14Arg,delamanid;pretomanid,pyrazinamide,cross_class,1,87,0,1,87,272,0.0,1.0,True,,,1.0,False
fbiC|p.Trp161*,pncA|p.Asp8Asn,fbiC,p.Trp161*,pncA,p.Asp8Asn,delamanid;pretomanid,pyrazinamide,cross_class,1,5,0,1,5,354,0.0,1.0,True,,,1.0,False
fbiC|p.Trp161*,pncA|p.Ala146Thr,fbiC,p.Trp161*,pncA,p.Ala146Thr,delamanid;pretomanid,pyrazinamide,cross_class,1,2,0,1,2,357,0.0,1.0,True,,,1.0,False
fbiC|p.Trp161*,pncA|c.517dupG,fbiC,p.Trp161*,pncA,c.517dupG,delamanid;pretomanid,pyrazinamide,cross_class,1,70,1,0,69,290,inf,0.19444444444444442,True,lineage2,100.0,1.0,False
fbiC|p.Trp161*,pncA|c.459_466delCAGGGTGC,fbiC,p.Trp161*,pncA,c.459_466delCAGGGTGC,delamanid;pretomanid,pyrazinamide,cross_class,1,1,0,1,1,358,0.0,1.0,True,,,1.0,False
fbiC|p.Trp161*,pncA|c.393dupC,fbiC,p.Trp161*,pncA,c.393dupC,delamanid;pretomanid,pyrazinamide,cross_class,1,1,0,1,1,358,0.0,1.0,True,,,1.0,False
fbiC|p.Trp161*,pncA|c.169delC,fbiC,p.Trp161*,pncA,c.169delC,delamanid;pretomanid,pyrazinamide,cross_class,1,1,0,1,1,358,0.0,1.0,True,,,1.0,False
fbiC|p.Trp161*,mmpR5|p.Val1?,fbiC,p.Trp161*,mmpR5,p.Val1?,delamanid;pretomanid,bedaquiline;clofazimine,cross_class,1,1,0,1,1,358,0.0,1.0,True,,,1.0,False
fbiC|p.Trp161*,mmpR5|p.Tyr145*,fbiC,p.Trp161*,mmpR5,p.Tyr145*,delamanid;pretomanid,bedaquiline;clofazimine,cross_class,1,2,0,1,2,357,0.0,1.0,True,,,1.0,False
fbiC|p.Trp161*,mmpR5|p.Ile67Ser,fbiC,p.Trp161*,mmpR5,p.Ile67Ser,delamanid;pretomanid,bedaquiline;clofazimine,cross_class,1,2,0,1,2,357,0.0,1.0,True,,,1.0,False
fbiC|p.Trp161*,mmpR5|p.Gly121Arg,fbiC,p.Trp161*,mmpR5,p.Gly121Arg,delamanid;pretomanid,bedaquiline;clofazimine,cross_class,1,1,0,1,1,358,0.0,1.0,True,,,1.0,False
fbiC|p.Trp161*,rpoB|p.Ile491Phe,fbiC,p.Trp161*,rpoB,p.Ile491Phe,delamanid;pretomanid,rifampicin;rifapentine,cross_class,1,1,0,1,1,358,0.0,1.0,True,,,1.0,False
fbiC|p.Trp161*,rpoB|p.His445Tyr,fbiC,p.Trp161*,rpoB,p.His445Tyr,delamanid;pretomanid,rifampicin;rifapentine,cross_class,1,5,0,1,5,354,0.0,1.0,True,,,1.0,False
fbiC|p.Trp161*,rpoB|p.His445Leu,fbiC,p.Trp161*,rpoB,p.His445Leu,delamanid;pretomanid,rifampicin;rifapentine,cross_class,1,1,0,1,1,358,0.0,1.0,True,,,1.0,False
fbiC|p.Trp161*,rpoB|p.His445Asp,fbiC,p.Trp161*,rpoB,p.His445Asp,delamanid;pretomanid,rifampicin;rifapentine,cross_class,1,11,0,1,11,348,0.0,1.0,True,,,1.0,False
fbiC|p.Trp161*,rpoB|p.His445Asn,fbiC,p.Trp161*,rpoB,p.His445Asn,delamanid;pretomanid,rifampicin;rifapentine,cross_class,1,6,0,1,6,353,0.0,1.0,True,,,1.0,False
fbiC|p.Trp161*,rpoB|p.Gln432Lys,fbiC,p.Trp161*,rpoB,p.Gln432Lys,delamanid;pretomanid,rifampicin;rifapentine,cross_class,1,1,0,1,1,358,0.0,1.0,True,,,1.0,False
fbiC|p.Trp161*,rpoB|p.Asp435Val,fbiC,p.Trp161*,rpoB,p.Asp435Val,delamanid;pretomanid,rifampicin;rifapentine,cross_class,1,73,1,0,72,287,inf,0.20277777777777778,True,lineage2,100.0,1.0,False
fbiC|p.Trp161*,rpoB|p.Asp435Tyr,fbiC,p.Trp161*,rpoB,p.Asp435Tyr,delamanid;pretomanid,rifampicin;rifapentine,cross_class,1,9,0,1,9,350,0.0,1.0,True,,,1.0,False
fbiC|p.Trp161*,rpoB|p.Asp435Gly,fbiC,p.Trp161*,rpoB,p.Asp435Gly,delamanid;pretomanid,rifampicin;rifapentine,cross_class,1,2,0,1,2,357,0.0,1.0,True,,,1.0,False
fbiC|p.Trp161*,rpoB|p.Asp435Ala,fbiC,p.Trp161*,rpoB,p.Asp435Ala,delamanid;pretomanid,rifampicin;rifapentine,cross_class,1,1,0,1,1,358,0.0,1.0,True,,,1.0,False
fbiC|p.Trp161*,rpoB|p.Asn437Ser,fbiC,p.Trp161*,rpoB,p.Asn437Ser,delamanid;pretomanid,rifampicin;rifapentine,cross_class,1,2,0,1,2,357,0.0,1.0,True,,,1.0,False
fbiC|p.Trp161*,rpoB|p.Ala451Val,fbiC,p.Trp161*,rpoB,p.Ala451Val,delamanid;pretomanid,rifampicin;rifapentine,cross_class,1,3,0,1,3,356,0.0,1.0,True,,,1.0,False
fbiC|p.Trp161*,rpoB|c.1296_1304delATTCATGGA,fbiC,p.Trp161*,rpoB,c.1296_1304delATTCATGGA,delamanid;pretomanid,rifampicin;rifapentine,cross_class,1,2,0,1,2,357,0.0,1.0,True,,,1.0,False
fbiC|p.Trp161*,rpoB|c.1294_1299delCAATTC,fbiC,p.Trp161*,rpoB,c.1294_1299delCAATTC,delamanid;pretomanid,rifampicin;rifapentine,cross_class,1,1,0,1,1,358,0.0,1.0,True,,,1.0,False
fbiC|p.Trp161*,rplC|p.Cys154Arg,fbiC,p.Trp161*,rplC,p.Cys154Arg,delamanid;pretomanid,linezolid,cross_class,1,4,0,1,4,355,0.0,1.0,True,,,1.0,False
fbiC|p.Trp161*,pncA|p.Val180Phe,fbiC,p.Trp161*,pncA,p.Val180Phe,delamanid;pretomanid,pyrazinamide,cross_class,1,1,0,1,1,358,0.0,1.0,True,,,1.0,False
fbiC|p.Trp444*,gyrA|p.Ala90Val,fbiC,p.Trp444*,gyrA,p.Ala90Val,delamanid;pretomanid,levofloxacin;moxifloxacin,cross_class,1,46,0,1,46,313,0.0,1.0,True,,,1.0,False
fbiC|p.Trp444*,fbiC|p.Tyr104*,fbiC,p.Trp444*,fbiC,p.Tyr104*,delamanid;pretomanid,delamanid;pretomanid,within_class,1,1,0,1,1,358,0.0,1.0,True,,,1.0,False
fbiC|p.Trp161*,tlyA|c.585_588delTGGG,fbiC,p.Trp161*,tlyA,c.585_588delTGGG,delamanid;pretomanid,capreomycin,cross_class,1,30,0,1,30,329,0.0,1.0,True,,,1.0,False
fbiC|p.Trp161*,tlyA|c.388dupG,fbiC,p.Trp161*,tlyA,c.388dupG,delamanid;pretomanid,capreomycin,cross_class,1,1,0,1,1,358,0.0,1.0,True,,,1.0,False
fbiC|p.Trp161*,rrs|n.517C>T,fbiC,p.Trp161*,rrs,n.517C>T,delamanid;pretomanid,streptomycin,cross_class,1,2,0,1,2,357,0.0,1.0,True,,,1.0,False
fbiC|p.Trp161*,rrs|n.514A>C,fbiC,p.Trp161*,rrs,n.514A>C,delamanid;pretomanid,streptomycin,cross_class,1,164,1,0,163,196,inf,0.45555555555555555,True,lineage2,100.0,1.0,False
fbiC|p.Trp161*,rrs|n.1402C>T,fbiC,p.Trp161*,rrs,n.1402C>T,delamanid;pretomanid,amikacin;capreomycin;kanamycin,cross_class,1,2,0,1,2,357,0.0,1.0,True,,,1.0,False
fbiC|p.Trp161*,rrs|n.1401A>G,fbiC,p.Trp161*,rrs,n.1401A>G,delamanid;pretomanid,amikacin;capreomycin;kanamycin,cross_class,1,85,1,0,84,275,inf,0.2361111111111111,True,lineage2,100.0,1.0,False
fbiC|p.Trp161*,rrl|n.2814G>T,fbiC,p.Trp161*,rrl,n.2814G>T,delamanid;pretomanid,linezolid,cross_class,1,2,0,1,2,357,0.0,1.0,True,,,1.0,False
fbiC|p.Trp161*,rrl|n.2270G>T,fbiC,p.Trp161*,rrl,n.2270G>T,delamanid;pretomanid,linezolid,cross_class,1,2,0,1,2,357,0.0,1.0,True,,,1.0,False
fbiC|p.Trp161*,rpsL|p.Lys88Arg,fbiC,p.Trp161*,rpsL,p.Lys88Arg,delamanid;pretomanid,streptomycin,cross_class,1,8,0,1,8,351,0.0,1.0,True,,,1.0,False
fbiC|p.Trp161*,rpsL|p.Lys43Arg,fbiC,p.Trp161*,rpsL,p.Lys43Arg,delamanid;pretomanid,streptomycin,cross_class,1,26,0,1,26,333,0.0,1.0,True,,,1.0,False
fbiC|p.Trp161*,rpoB|p.Val170Phe,fbiC,p.Trp161*,rpoB,p.Val170Phe,delamanid;pretomanid,rifampicin;rifapentine,cross_class,1,2,0,1,2,357,0.0,1.0,True,,,1.0,False
fbiC|p.Trp161*,rpoB|p.Ser450Leu,fbiC,p.Trp161*,rpoB,p.Ser450Leu,delamanid;pretomanid,rifampicin;rifapentine,cross_class,1,139,0,1,139,220,0.0,1.0,True,,,1.0,False
fbiC|p.Trp161*,rpoB|p.Leu452Pro,fbiC,p.Trp161*,rpoB,p.Leu452Pro,delamanid;pretomanid,rifampicin;rifapentine,cross_class,1,10,0,1,10,349,0.0,1.0,True,,,1.0,False
fbiC|p.Trp161*,rpoB|p.Leu430Pro,fbiC,p.Trp161*,rpoB,p.Leu430Pro,delamanid;pretomanid,rifampicin;rifapentine,cross_class,1,22,0,1,22,337,0.0,1.0,True,,,1.0,False
fbiC|p.Trp444*,katG|p.Ser315Asn,fbiC,p.Trp444*,katG,p.Ser315Asn,delamanid;pretomanid,isoniazid,cross_class,1,5,0,1,5,354,0.0,1.0,True,,,1.0,False
fbiC|p.Trp444*,katG|c.18delA,fbiC,p.Trp444*,katG,c.18delA,delamanid;pretomanid,isoniazid,cross_class,1,1,0,1,1,358,0.0,1.0,True,,,1.0,False
fbiC|p.Trp444*,katG|c.117delG,fbiC,p.Trp444*,katG,c.117delG,delamanid;pretomanid,isoniazid,cross_class,1,1,0,1,1,358,0.0,1.0,True,,,1.0,False
fbiC|p.Trp444*,inhA|c.-779G>T,fbiC,p.Trp444*,inhA,c.-779G>T,delamanid;pretomanid,ethionamide;isoniazid;prothionamide,cross_class,1,105,0,1,105,254,0.0,1.0,True,,,1.0,False
fbiC|p.Trp444*,inhA|c.-777C>T,fbiC,p.Trp444*,inhA,c.-777C>T,delamanid;pretomanid,ethionamide;isoniazid;prothionamide,cross_class,1,29,0,1,29,330,0.0,1.0,True,,,1.0,False
fbiC|p.Trp444*,inhA|c.-154G>A,fbiC,p.Trp444*,inhA,c.-154G>A,delamanid;pretomanid,ethionamide;isoniazid;prothionamide,cross_class,1,8,0,1,8,351,0.0,1.0,True,,,1.0,False
fbiC|p.Trp444*,gyrB|p.Glu501Asp,fbiC,p.Trp444*,gyrB,p.Glu501Asp,delamanid;pretomanid,levofloxacin;moxifloxacin,cross_class,1,3,0,1,3,356,0.0,1.0,True,,,1.0,False
fbiC|p.Trp444*,gyrB|p.Asp461Asn,fbiC,p.Trp444*,gyrB,p.Asp461Asn,delamanid;pretomanid,levofloxacin;moxifloxacin,cross_class,1,1,0,1,1,358,0.0,1.0,True,,,1.0,False
fbiC|p.Trp444*,gyrB|p.Asn499Thr,fbiC,p.Trp444*,gyrB,p.Asn499Thr,delamanid;pretomanid,levofloxacin;moxifloxacin,cross_class,1,2,0,1,2,357,0.0,1.0,True,,,1.0,False
fbiC|p.Trp444*,gyrA|p.Ser91Pro,fbiC,p.Trp444*,gyrA,p.Ser91Pro,delamanid;pretomanid,levofloxacin;moxifloxacin,cross_class,1,47,1,0,46,313,inf,0.13055555555555556,True,lineage2,100.0,1.0,False
fbiC|p.Trp444*,gyrA|p.Gly88Cys,fbiC,p.Trp444*,gyrA,p.Gly88Cys,delamanid;pretomanid,levofloxacin;moxifloxacin,cross_class,1,6,0,1,6,353,0.0,1.0,True,,,1.0,False
fbiC|p.Trp444*,gyrA|p.Asp94Tyr,fbiC,p.Trp444*,gyrA,p.Asp94Tyr,delamanid;pretomanid,levofloxacin;moxifloxacin,cross_class,1,3,0,1,3,356,0.0,1.0,True,,,1.0,False
fbiC|p.Trp444*,gyrA|p.Asp94His,fbiC,p.Trp444*,gyrA,p.Asp94His,delamanid;pretomanid,levofloxacin;moxifloxacin,cross_class,1,13,0,1,13,346,0.0,1.0,True,,,1.0,False
fbiC|p.Trp444*,gyrA|p.Asp94Gly,fbiC,p.Trp444*,gyrA,p.Asp94Gly,delamanid;pretomanid,levofloxacin;moxifloxacin,cross_class,1,59,0,1,59,300,0.0,1.0,True,,,1.0,False
fbiC|p.Trp444*,gyrA|p.Asp94Asn,fbiC,p.Trp444*,gyrA,p.Asp94Asn,delamanid;pretomanid,levofloxacin;moxifloxacin,cross_class,1,13,0,1,13,346,0.0,1.0,True,,,1.0,False
fbiC|p.Trp444*,gyrA|p.Asp94Ala,fbiC,p.Trp444*,gyrA,p.Asp94Ala,delamanid;pretomanid,levofloxacin;moxifloxacin,cross_class,1,5,0,1,5,354,0.0,1.0,True,,,1.0,False
fbiC|p.Trp444*,mmpR5|c.430dupG,fbiC,p.Trp444*,mmpR5,c.430dupG,delamanid;pretomanid,bedaquiline;clofazimine,cross_class,1,1,0,1,1,358,0.0,1.0,True,,,1.0,False
fbiC|p.Trp444*,mmpR5|c.424dupC,fbiC,p.Trp444*,mmpR5,c.424dupC,delamanid;pretomanid,bedaquiline;clofazimine,cross_class,1,14,0,1,14,345,0.0,1.0,True,,,1.0,False
fbiC|p.Trp444*,mmpR5|c.386delC,fbiC,p.Trp444*,mmpR5,c.386delC,delamanid;pretomanid,bedaquiline;clofazimine,cross_class,1,1,0,1,1,358,0.0,1.0,True,,,1.0,False
fbiC|p.Trp444*,mmpR5|c.366dupG,fbiC,p.Trp444*,mmpR5,c.366dupG,delamanid;pretomanid,bedaquiline;clofazimine,cross_class,1,1,0,1,1,358,0.0,1.0,True,,,1.0,False
fbiC|p.Trp444*,mmpR5|c.321dupC,fbiC,p.Trp444*,mmpR5,c.321dupC,delamanid;pretomanid,bedaquiline;clofazimine,cross_class,1,1,0,1,1,358,0.0,1.0,True,,,1.0,False
fbiC|p.Trp444*,mmpR5|c.291delC,fbiC,p.Trp444*,mmpR5,c.291delC,delamanid;pretomanid,bedaquiline;clofazimine,cross_class,1,1,0,1,1,358,0.0,1.0,True,,,1.0,False
fbiC|p.Trp444*,mmpR5|c.214delC,fbiC,p.Trp444*,mmpR5,c.214delC,delamanid;pretomanid,bedaquiline;clofazimine,cross_class,1,1,0,1,1,358,0.0,1.0,True,,,1.0,False
fbiC|p.Trp444*,mmpR5|c.19delG,fbiC,p.Trp444*,mmpR5,c.19delG,delamanid;pretomanid,bedaquiline;clofazimine,cross_class,1,1,0,1,1,358,0.0,1.0,True,,,1.0,False
fbiC|p.Trp444*,mmpR5|c.198dupG,fbiC,p.Trp444*,mmpR5,c.198dupG,delamanid;pretomanid,bedaquiline;clofazimine,cross_class,1,13,0,1,13,346,0.0,1.0,True,,,1.0,False
fbiC|p.Trp444*,mmpR5|c.198delG,fbiC,p.Trp444*,mmpR5,c.198delG,delamanid;pretomanid,bedaquiline;clofazimine,cross_class,1,1,0,1,1,358,0.0,1.0,True,,,1.0,False
fbiC|p.Trp444*,mmpR5|c.144dupC,fbiC,p.Trp444*,mmpR5,c.144dupC,delamanid;pretomanid,bedaquiline;clofazimine,cross_class,1,20,0,1,20,339,0.0,1.0,True,,,1.0,False
fbiC|p.Trp444*,mmpR5|c.144delC,fbiC,p.Trp444*,mmpR5,c.144delC,delamanid;pretomanid,bedaquiline;clofazimine,cross_class,1,1,0,1,1,358,0.0,1.0,True,,,1.0,False
fbiC|p.Trp444*,mmpR5|c.141_142dupTC,fbiC,p.Trp444*,mmpR5,c.141_142dupTC,delamanid;pretomanid,bedaquiline;clofazimine,cross_class,1,2,0,1,2,357,0.0,1.0,True,,,1.0,False
fbiC|p.Trp444*,mmpR5|c.139dupG,fbiC,p.Trp444*,mmpR5,c.139dupG,delamanid;pretomanid,bedaquiline;clofazimine,cross_class,1,6,0,1,6,353,0.0,1.0,True,,,1.0,False
fbiC|p.Trp444*,mmpR5|c.139_140dupGA,fbiC,p.Trp444*,mmpR5,c.139_140dupGA,delamanid;pretomanid,bedaquiline;clofazimine,cross_class,1,1,0,1,1,358,0.0,1.0,True,,,1.0,False
fbiC|p.Trp444*,katG|p.Ser315Thr,fbiC,p.Trp444*,katG,p.Ser315Thr,delamanid;pretomanid,isoniazid,cross_class,1,191,1,0,190,169,inf,1.0,True,lineage2,100.0,1.0,False
fbiC|p.Trp444*,pncA|p.Asp8Asn,fbiC,p.Trp444*,pncA,p.Asp8Asn,delamanid;pretomanid,pyrazinamide,cross_class,1,5,0,1,5,354,0.0,1.0,True,,,1.0,False
fbiC|p.Trp444*,pncA|p.Ala146Thr,fbiC,p.Trp444*,pncA,p.Ala146Thr,delamanid;pretomanid,pyrazinamide,cross_class,1,2,0,1,2,357,0.0,1.0,True,,,1.0,False
fbiC|p.Trp444*,pncA|c.517dupG,fbiC,p.Trp444*,pncA,c.517dupG,delamanid;pretomanid,pyrazinamide,cross_class,1,70,0,1,70,289,0.0,1.0,True,,,1.0,False
fbiC|p.Trp444*,pncA|c.459_466delCAGGGTGC,fbiC,p.Trp444*,pncA,c.459_466delCAGGGTGC,delamanid;pretomanid,pyrazinamide,cross_class,1,1,0,1,1,358,0.0,1.0,True,,,1.0,False
fbiC|p.Trp444*,pncA|c.393dupC,fbiC,p.Trp444*,pncA,c.393dupC,delamanid;pretomanid,pyrazinamide,cross_class,1,1,0,1,1,358,0.0,1.0,True,,,1.0,False
fbiC|p.Trp444*,pncA|c.169delC,fbiC,p.Trp444*,pncA,c.169delC,delamanid;pretomanid,pyrazinamide,cross_class,1,1,0,1,1,358,0.0,1.0,True,,,1.0,False
fbiC|p.Trp444*,mmpR5|p.Val1?,fbiC,p.Trp444*,mmpR5,p.Val1?,delamanid;pretomanid,bedaquiline;clofazimine,cross_class,1,1,0,1,1,358,0.0,1.0,True,,,1.0,False
fbiC|p.Trp444*,mmpR5|p.Tyr145*,fbiC,p.Trp444*,mmpR5,p.Tyr145*,delamanid;pretomanid,bedaquiline;clofazimine,cross_class,1,2,0,1,2,357,0.0,1.0,True,,,1.0,False
fbiC|p.Trp444*,mmpR5|p.Gly121Arg,fbiC,p.Trp444*,mmpR5,p.Gly121Arg,delamanid;pretomanid,bedaquiline;clofazimine,cross_class,1,1,0,1,1,358,0.0,1.0,True,,,1.0,False
fbiC|p.Trp444*,mmpR5|p.Gln76*,fbiC,p.Trp444*,mmpR5,p.Gln76*,delamanid;pretomanid,bedaquiline;clofazimine,cross_class,1,2,0,1,2,357,0.0,1.0,True,,,1.0,False
fbiC|p.Trp444*,mmpR5|p.Asn70Asp,fbiC,p.Trp444*,mmpR5,p.Asn70Asp,delamanid;pretomanid,bedaquiline;clofazimine,cross_class,1,1,0,1,1,358,0.0,1.0,True,,,1.0,False
fbiC|p.Trp444*,mmpR5|p.Arg156*,fbiC,p.Trp444*,mmpR5,p.Arg156*,delamanid;pretomanid,bedaquiline;clofazimine,cross_class,1,1,0,1,1,358,0.0,1.0,True,,,1.0,False
fbiC|p.Trp444*,mmpR5|p.Arg134*,fbiC,p.Trp444*,mmpR5,p.Arg134*,delamanid;pretomanid,bedaquiline;clofazimine,cross_class,1,1,0,1,1,358,0.0,1.0,True,,,1.0,False
fbiC|p.Trp444*,mmpR5|c.466dupC,fbiC,p.Trp444*,mmpR5,c.466dupC,delamanid;pretomanid,bedaquiline;clofazimine,cross_class,1,1,0,1,1,358,0.0,1.0,True,,,1.0,False
fbiC|p.Trp444*,mmpR5|c.441_442delGA,fbiC,p.Trp444*,mmpR5,c.441_442delGA,delamanid;pretomanid,bedaquiline;clofazimine,cross_class,1,2,0,1,2,357,0.0,1.0,True,,,1.0,False
fbiC|p.Trp444*,rpoB|p.Asp435Val,fbiC,p.Trp444*,rpoB,p.Asp435Val,delamanid;pretomanid,rifampicin;rifapentine,cross_class,1,73,0,1,73,286,0.0,1.0,True,,,1.0,False
fbiC|p.Trp444*,rpoB|p.Asp435Tyr,fbiC,p.Trp444*,rpoB,p.Asp435Tyr,delamanid;pretomanid,rifampicin;rifapentine,cross_class,1,9,0,1,9,350,0.0,1.0,True,,,1.0,False
fbiC|p.Trp444*,rpoB|p.Asp435Gly,fbiC,p.Trp444*,rpoB,p.Asp435Gly,delamanid;pretomanid,rifampicin;rifapentine,cross_class,1,2,0,1,2,357,0.0,1.0,True,,,1.0,False
fbiC|p.Trp444*,rpoB|p.Asp435Ala,fbiC,p.Trp444*,rpoB,p.Asp435Ala,delamanid;pretomanid,rifampicin;rifapentine,cross_class,1,1,0,1,1,358,0.0,1.0,True,,,1.0,False
fbiC|p.Trp444*,rpoB|p.Asn437Ser,fbiC,p.Trp444*,rpoB,p.Asn437Ser,delamanid;pretomanid,rifampicin;rifapentine,cross_class,1,2,0,1,2,357,0.0,1.0,True,,,1.0,False
fbiC|p.Trp444*,rpoB|p.Ala451Val,fbiC,p.Trp444*,rpoB,p.Ala451Val,delamanid;pretomanid,rifampicin;rifapentine,cross_class,1,3,0,1,3,356,0.0,1.0,True,,,1.0,False
fbiC|p.Trp444*,rpoB|c.1296_1304delATTCATGGA,fbiC,p.Trp444*,rpoB,c.1296_1304delATTCATGGA,delamanid;pretomanid,rifampicin;rifapentine,cross_class,1,2,0,1,2,357,0.0,1.0,True,,,1.0,False
fbiC|p.Trp444*,rpoB|c.1294_1299delCAATTC,fbiC,p.Trp444*,rpoB,c.1294_1299delCAATTC,delamanid;pretomanid,rifampicin;rifapentine,cross_class,1,1,0,1,1,358,0.0,1.0,True,,,1.0,False
fbiC|p.Trp444*,rplC|p.Cys154Arg,fbiC,p.Trp444*,rplC,p.Cys154Arg,delamanid;pretomanid,linezolid,cross_class,1,4,0,1,4,355,0.0,1.0,True,,,1.0,False
fbiC|p.Trp444*,pncA|p.Val180Phe,fbiC,p.Trp444*,pncA,p.Val180Phe,delamanid;pretomanid,pyrazinamide,cross_class,1,1,0,1,1,358,0.0,1.0,True,,,1.0,False
fbiC|p.Trp444*,pncA|p.Val139Gly,fbiC,p.Trp444*,pncA,p.Val139Gly,delamanid;pretomanid,pyrazinamide,cross_class,1,1,0,1,1,358,0.0,1.0,True,,,1.0,False
fbiC|p.Trp444*,pncA|p.Thr47Ala,fbiC,p.Trp444*,pncA,p.Thr47Ala,delamanid;pretomanid,pyrazinamide,cross_class,1,1,0,1,1,358,0.0,1.0,True,,,1.0,False
fbiC|p.Trp444*,pncA|p.Ser104Arg,fbiC,p.Trp444*,pncA,p.Ser104Arg,delamanid;pretomanid,pyrazinamide,cross_class,1,7,0,1,7,352,0.0,1.0,True,,,1.0,False
fbiC|p.Trp444*,pncA|p.Ile31Ser,fbiC,p.Trp444*,pncA,p.Ile31Ser,delamanid;pretomanid,pyrazinamide,cross_class,1,1,0,1,1,358,0.0,1.0,True,,,1.0,False
fbiC|p.Trp444*,pncA|p.Gln141Pro,fbiC,p.Trp444*,pncA,p.Gln141Pro,delamanid;pretomanid,pyrazinamide,cross_class,1,1,0,1,1,358,0.0,1.0,True,,,1.0,False
fbiC|p.Trp444*,pncA|p.Cys14Arg,fbiC,p.Trp444*,pncA,p.Cys14Arg,delamanid;pretomanid,pyrazinamide,cross_class,1,87,1,0,86,273,inf,0.24166666666666667,True,lineage2,100.0,1.0,False
fbiC|p.Trp444*,rrs|n.1402C>T,fbiC,p.Trp444*,rrs,n.1402C>T,delamanid;pretomanid,amikacin;capreomycin;kanamycin,cross_class,1,2,0,1,2,357,0.0,1.0,True,,,1.0,False
fbiC|p.Trp444*,rrs|n.1401A>G,fbiC,p.Trp444*,rrs,n.1401A>G,delamanid;pretomanid,amikacin;capreomycin;kanamycin,cross_class,1,85,0,1,85,274,0.0,1.0,True,,,1.0,False
fbiC|p.Trp444*,rrl|n.2814G>T,fbiC,p.Trp444*,rrl,n.2814G>T,delamanid;pretomanid,linezolid,cross_class,1,2,0,1,2,357,0.0,1.0,True,,,1.0,False
fbiC|p.Trp444*,rrl|n.2270G>T,fbiC,p.Trp444*,rrl,n.2270G>T,delamanid;pretomanid,linezolid,cross_class,1,2,0,1,2,357,0.0,1.0,True,,,1.0,False
fbiC|p.Trp444*,rpsL|p.Lys88Arg,fbiC,p.Trp444*,rpsL,p.Lys88Arg,delamanid;pretomanid,streptomycin,cross_class,1,8,0,1,8,351,0.0,1.0,True,,,1.0,False
fbiC|p.Trp444*,rpsL|p.Lys43Arg,fbiC,p.Trp444*,rpsL,p.Lys43Arg,delamanid;pretomanid,streptomycin,cross_class,1,26,0,1,26,333,0.0,1.0,True,,,1.0,False
fbiC|p.Trp444*,rpoB|p.Val170Phe,fbiC,p.Trp444*,rpoB,p.Val170Phe,delamanid;pretomanid,rifampicin;rifapentine,cross_class,1,2,0,1,2,357,0.0,1.0,True,,,1.0,False
fbiC|p.Trp444*,rpoB|p.Ser450Leu,fbiC,p.Trp444*,rpoB,p.Ser450Leu,delamanid;pretomanid,rifampicin;rifapentine,cross_class,1,139,1,0,138,221,inf,0.3861111111111111,True,lineage2,100.0,1.0,False
fbiC|p.Trp444*,rpoB|p.Leu452Pro,fbiC,p.Trp444*,rpoB,p.Leu452Pro,delamanid;pretomanid,rifampicin;rifapentine,cross_class,1,10,0,1,10,349,0.0,1.0,True,,,1.0,False
fbiC|p.Trp444*,rpoB|p.Leu430Pro,fbiC,p.Trp444*,rpoB,p.Leu430Pro,delamanid;pretomanid,rifampicin;rifapentine,cross_class,1,22,0,1,22,337,0.0,1.0,True,,,1.0,False
fbiC|p.Trp444*,rpoB|p.Ile491Phe,fbiC,p.Trp444*,rpoB,p.Ile491Phe,delamanid;pretomanid,rifampicin;rifapentine,cross_class,1,1,0,1,1,358,0.0,1.0,True,,,1.0,False
fbiC|p.Trp444*,rpoB|p.His445Tyr,fbiC,p.Trp444*,rpoB,p.His445Tyr,delamanid;pretomanid,rifampicin;rifapentine,cross_class,1,5,0,1,5,354,0.0,1.0,True,,,1.0,False
fbiC|p.Trp444*,rpoB|p.His445Leu,fbiC,p.Trp444*,rpoB,p.His445Leu,delamanid;pretomanid,rifampicin;rifapentine,cross_class,1,1,0,1,1,358,0.0,1.0,True,,,1.0,False
fbiC|p.Trp444*,rpoB|p.His445Asp,fbiC,p.Trp444*,rpoB,p.His445Asp,delamanid;pretomanid,rifampicin;rifapentine,cross_class,1,11,0,1,11,348,0.0,1.0,True,,,1.0,False
fbiC|p.Trp444*,rpoB|p.His445Asn,fbiC,p.Trp444*,rpoB,p.His445Asn,delamanid;pretomanid,rifampicin;rifapentine,cross_class,1,6,0,1,6,353,0.0,1.0,True,,,1.0,False
fbiC|p.Trp444*,rpoB|p.Gln432Lys,fbiC,p.Trp444*,rpoB,p.Gln432Lys,delamanid;pretomanid,rifampicin;rifapentine,cross_class,1,1,0,1,1,358,0.0,1.0,True,,,1.0,False
fbiC|p.Tyr104*,inhA|c.-154G>A,fbiC,p.Tyr104*,inhA,c.-154G>A,delamanid;pretomanid,ethionamide;isoniazid;prothionamide,cross_class,1,8,0,1,8,351,0.0,1.0,True,,,1.0,False
fbiC|p.Tyr104*,gyrB|p.Glu501Asp,fbiC,p.Tyr104*,gyrB,p.Glu501Asp,delamanid;pretomanid,levofloxacin;moxifloxacin,cross_class,1,3,0,1,3,356,0.0,1.0,True,,,1.0,False
fbiC|p.Tyr104*,gyrB|p.Asp461Asn,fbiC,p.Tyr104*,gyrB,p.Asp461Asn,delamanid;pretomanid,levofloxacin;moxifloxacin,cross_class,1,1,0,1,1,358,0.0,1.0,True,,,1.0,False
fbiC|p.Tyr104*,gyrB|p.Asn499Thr,fbiC,p.Tyr104*,gyrB,p.Asn499Thr,delamanid;pretomanid,levofloxacin;moxifloxacin,cross_class,1,2,0,1,2,357,0.0,1.0,True,,,1.0,False
fbiC|p.Tyr104*,gyrA|p.Ser91Pro,fbiC,p.Tyr104*,gyrA,p.Ser91Pro,delamanid;pretomanid,levofloxacin;moxifloxacin,cross_class,1,47,0,1,47,312,0.0,1.0,True,,,1.0,False
fbiC|p.Tyr104*,gyrA|p.Gly88Cys,fbiC,p.Tyr104*,gyrA,p.Gly88Cys,delamanid;pretomanid,levofloxacin;moxifloxacin,cross_class,1,6,0,1,6,353,0.0,1.0,True,,,1.0,False
fbiC|p.Tyr104*,gyrA|p.Asp94Tyr,fbiC,p.Tyr104*,gyrA,p.Asp94Tyr,delamanid;pretomanid,levofloxacin;moxifloxacin,cross_class,1,3,0,1,3,356,0.0,1.0,True,,,1.0,False
fbiC|p.Tyr104*,gyrA|p.Asp94His,fbiC,p.Tyr104*,gyrA,p.Asp94His,delamanid;pretomanid,levofloxacin;moxifloxacin,cross_class,1,13,0,1,13,346,0.0,1.0,True,,,1.0,False
fbiC|p.Tyr104*,gyrA|p.Asp94Gly,fbiC,p.Tyr104*,gyrA,p.Asp94Gly,delamanid;pretomanid,levofloxacin;moxifloxacin,cross_class,1,59,1,0,58,301,inf,0.1638888888888889,True,lineage2,100.0,1.0,False
fbiC|p.Tyr104*,gyrA|p.Asp94Asn,fbiC,p.Tyr104*,gyrA,p.Asp94Asn,delamanid;pretomanid,levofloxacin;moxifloxacin,cross_class,1,13,0,1,13,346,0.0,1.0,True,,,1.0,False
fbiC|p.Tyr104*,gyrA|p.Asp94Ala,fbiC,p.Tyr104*,gyrA,p.Asp94Ala,delamanid;pretomanid,levofloxacin;moxifloxacin,cross_class,1,5,0,1,5,354,0.0,1.0,True,,,1.0,False
fbiC|p.Tyr104*,gyrA|p.Ala90Val,fbiC,p.Tyr104*,gyrA,p.Ala90Val,delamanid;pretomanid,levofloxacin;moxifloxacin,cross_class,1,46,0,1,46,313,0.0,1.0,True,,,1.0,False
fbiC|p.Trp444*,tlyA|c.585_588delTGGG,fbiC,p.Trp444*,tlyA,c.585_588delTGGG,delamanid;pretomanid,capreomycin,cross_class,1,30,0,1,30,329,0.0,1.0,True,,,1.0,False
fbiC|p.Trp444*,tlyA|c.388dupG,fbiC,p.Trp444*,tlyA,c.388dupG,delamanid;pretomanid,capreomycin,cross_class,1,1,0,1,1,358,0.0,1.0,True,,,1.0,False
fbiC|p.Trp444*,rrs|n.517C>T,fbiC,p.Trp444*,rrs,n.517C>T,delamanid;pretomanid,streptomycin,cross_class,1,2,0,1,2,357,0.0,1.0,True,,,1.0,False
fbiC|p.Trp444*,rrs|n.514A>C,fbiC,p.Trp444*,rrs,n.514A>C,delamanid;pretomanid,streptomycin,cross_class,1,164,1,0,163,196,inf,0.45555555555555555,True,lineage2,100.0,1.0,False
fbiC|p.Tyr104*,mmpR5|c.291delC,fbiC,p.Tyr104*,mmpR5,c.291delC,delamanid;pretomanid,bedaquiline;clofazimine,cross_class,1,1,0,1,1,358,0.0,1.0,True,,,1.0,False
fbiC|p.Tyr104*,mmpR5|c.214delC,fbiC,p.Tyr104*,mmpR5,c.214delC,delamanid;pretomanid,bedaquiline;clofazimine,cross_class,1,1,0,1,1,358,0.0,1.0,True,,,1.0,False
fbiC|p.Tyr104*,mmpR5|c.19delG,fbiC,p.Tyr104*,mmpR5,c.19delG,delamanid;pretomanid,bedaquiline;clofazimine,cross_class,1,1,0,1,1,358,0.0,1.0,True,,,1.0,False
fbiC|p.Tyr104*,mmpR5|c.198dupG,fbiC,p.Tyr104*,mmpR5,c.198dupG,delamanid;pretomanid,bedaquiline;clofazimine,cross_class,1,13,0,1,13,346,0.0,1.0,True,,,1.0,False
fbiC|p.Tyr104*,mmpR5|c.198delG,fbiC,p.Tyr104*,mmpR5,c.198delG,delamanid;pretomanid,bedaquiline;clofazimine,cross_class,1,1,0,1,1,358,0.0,1.0,True,,,1.0,False
fbiC|p.Tyr104*,mmpR5|c.144dupC,fbiC,p.Tyr104*,mmpR5,c.144dupC,delamanid;pretomanid,bedaquiline;clofazimine,cross_class,1,20,0,1,20,339,0.0,1.0,True,,,1.0,False
fbiC|p.Tyr104*,mmpR5|c.144delC,fbiC,p.Tyr104*,mmpR5,c.144delC,delamanid;pretomanid,bedaquiline;clofazimine,cross_class,1,1,0,1,1,358,0.0,1.0,True,,,1.0,False
fbiC|p.Tyr104*,mmpR5|c.141_142dupTC,fbiC,p.Tyr104*,mmpR5,c.141_142dupTC,delamanid;pretomanid,bedaquiline;clofazimine,cross_class,1,2,0,1,2,357,0.0,1.0,True,,,1.0,False
fbiC|p.Tyr104*,mmpR5|c.139dupG,fbiC,p.Tyr104*,mmpR5,c.139dupG,delamanid;pretomanid,bedaquiline;clofazimine,cross_class,1,6,0,1,6,353,0.0,1.0,True,,,1.0,False
fbiC|p.Tyr104*,mmpR5|c.139_140dupGA,fbiC,p.Tyr104*,mmpR5,c.139_140dupGA,delamanid;pretomanid,bedaquiline;clofazimine,cross_class,1,1,0,1,1,358,0.0,1.0,True,,,1.0,False
fbiC|p.Tyr104*,katG|p.Ser315Thr,fbiC,p.Tyr104*,katG,p.Ser315Thr,delamanid;pretomanid,isoniazid,cross_class,1,191,1,0,190,169,inf,1.0,True,lineage2,100.0,1.0,False
fbiC|p.Tyr104*,katG|p.Ser315Asn,fbiC,p.Tyr104*,katG,p.Ser315Asn,delamanid;pretomanid,isoniazid,cross_class,1,5,0,1,5,354,0.0,1.0,True,,,1.0,False
fbiC|p.Tyr104*,katG|c.18delA,fbiC,p.Tyr104*,katG,c.18delA,delamanid;pretomanid,isoniazid,cross_class,1,1,0,1,1,358,0.0,1.0,True,,,1.0,False
fbiC|p.Tyr104*,katG|c.117delG,fbiC,p.Tyr104*,katG,c.117delG,delamanid;pretomanid,isoniazid,cross_class,1,1,0,1,1,358,0.0,1.0,True,,,1.0,False
fbiC|p.Tyr104*,inhA|c.-779G>T,fbiC,p.Tyr104*,inhA,c.-779G>T,delamanid;pretomanid,ethionamide;isoniazid;prothionamide,cross_class,1,105,1,0,104,255,inf,0.29166666666666663,True,lineage2,100.0,1.0,False
fbiC|p.Tyr104*,inhA|c.-777C>T,fbiC,p.Tyr104*,inhA,c.-777C>T,delamanid;pretomanid,ethionamide;isoniazid;prothionamide,cross_class,1,29,0,1,29,330,0.0,1.0,True,,,1.0,False
fbiC|p.Tyr104*,pncA|c.169delC,fbiC,p.Tyr104*,pncA,c.169delC,delamanid;pretomanid,pyrazinamide,cross_class,1,1,0,1,1,358,0.0,1.0,True,,,1.0,False
fbiC|p.Tyr104*,mmpR5|p.Val1?,fbiC,p.Tyr104*,mmpR5,p.Val1?,delamanid;pretomanid,bedaquiline;clofazimine,cross_class,1,1,0,1,1,358,0.0,1.0,True,,,1.0,False
fbiC|p.Tyr104*,mmpR5|p.Tyr145*,fbiC,p.Tyr104*,mmpR5,p.Tyr145*,delamanid;pretomanid,bedaquiline;clofazimine,cross_class,1,2,0,1,2,357,0.0,1.0,True,,,1.0,False
fbiC|p.Tyr104*,mmpR5|p.Ile67Ser,fbiC,p.Tyr104*,mmpR5,p.Ile67Ser,delamanid;pretomanid,bedaquiline;clofazimine,cross_class,1,2,0,1,2,357,0.0,1.0,True,,,1.0,False
fbiC|p.Tyr104*,mmpR5|p.Gly121Arg,fbiC,p.Tyr104*,mmpR5,p.Gly121Arg,delamanid;pretomanid,bedaquiline;clofazimine,cross_class,1,1,0,1,1,358,0.0,1.0,True,,,1.0,False
fbiC|p.Tyr104*,mmpR5|p.Gln76*,fbiC,p.Tyr104*,mmpR5,p.Gln76*,delamanid;pretomanid,bedaquiline;clofazimine,cross_class,1,2,0,1,2,357,0.0,1.0,True,,,1.0,False
fbiC|p.Tyr104*,mmpR5|p.Asn70Asp,fbiC,p.Tyr104*,mmpR5,p.Asn70Asp,delamanid;pretomanid,bedaquiline;clofazimine,cross_class,1,1,0,1,1,358,0.0,1.0,True,,,1.0,False
fbiC|p.Tyr104*,mmpR5|p.Arg156*,fbiC,p.Tyr104*,mmpR5,p.Arg156*,delamanid;pretomanid,bedaquiline;clofazimine,cross_class,1,1,0,1,1,358,0.0,1.0,True,,,1.0,False
fbiC|p.Tyr104*,mmpR5|p.Arg134*,fbiC,p.Tyr104*,mmpR5,p.Arg134*,delamanid;pretomanid,bedaquiline;clofazimine,cross_class,1,1,0,1,1,358,0.0,1.0,True,,,1.0,False
fbiC|p.Tyr104*,mmpR5|c.466dupC,fbiC,p.Tyr104*,mmpR5,c.466dupC,delamanid;pretomanid,bedaquiline;clofazimine,cross_class,1,1,0,1,1,358,0.0,1.0,True,,,1.0,False
fbiC|p.Tyr104*,mmpR5|c.441_442delGA,fbiC,p.Tyr104*,mmpR5,c.441_442delGA,delamanid;pretomanid,bedaquiline;clofazimine,cross_class,1,2,0,1,2,357,0.0,1.0,True,,,1.0,False
fbiC|p.Tyr104*,mmpR5|c.430dupG,fbiC,p.Tyr104*,mmpR5,c.430dupG,delamanid;pretomanid,bedaquiline;clofazimine,cross_class,1,1,0,1,1,358,0.0,1.0,True,,,1.0,False
fbiC|p.Tyr104*,mmpR5|c.424dupC,fbiC,p.Tyr104*,mmpR5,c.424dupC,delamanid;pretomanid,bedaquiline;clofazimine,cross_class,1,14,0,1,14,345,0.0,1.0,True,,,1.0,False
fbiC|p.Tyr104*,mmpR5|c.386delC,fbiC,p.Tyr104*,mmpR5,c.386delC,delamanid;pretomanid,bedaquiline;clofazimine,cross_class,1,1,0,1,1,358,0.0,1.0,True,,,1.0,False
fbiC|p.Tyr104*,mmpR5|c.366dupG,fbiC,p.Tyr104*,mmpR5,c.366dupG,delamanid;pretomanid,bedaquiline;clofazimine,cross_class,1,1,0,1,1,358,0.0,1.0,True,,,1.0,False
fbiC|p.Tyr104*,mmpR5|c.321dupC,fbiC,p.Tyr104*,mmpR5,c.321dupC,delamanid;pretomanid,bedaquiline;clofazimine,cross_class,1,1,0,1,1,358,0.0,1.0,True,,,1.0,False
fbiC|p.Tyr104*,rpoB|p.Ala451Val,fbiC,p.Tyr104*,rpoB,p.Ala451Val,delamanid;pretomanid,rifampicin;rifapentine,cross_class,1,3,0,1,3,356,0.0,1.0,True,,,1.0,False
fbiC|p.Tyr104*,rpoB|c.1296_1304delATTCATGGA,fbiC,p.Tyr104*,rpoB,c.1296_1304delATTCATGGA,delamanid;pretomanid,rifampicin;rifapentine,cross_class,1,2,0,1,2,357,0.0,1.0,True,,,1.0,False
fbiC|p.Tyr104*,rpoB|c.1294_1299delCAATTC,fbiC,p.Tyr104*,rpoB,c.1294_1299delCAATTC,delamanid;pretomanid,rifampicin;rifapentine,cross_class,1,1,0,1,1,358,0.0,1.0,True,,,1.0,False
fbiC|p.Tyr104*,rplC|p.Cys154Arg,fbiC,p.Tyr104*,rplC,p.Cys154Arg,delamanid;pretomanid,linezolid,cross_class,1,4,0,1,4,355,0.0,1.0,True,,,1.0,False
fbiC|p.Tyr104*,pncA|p.Val180Phe,fbiC,p.Tyr104*,pncA,p.Val180Phe,delamanid;pretomanid,pyrazinamide,cross_class,1,1,0,1,1,358,0.0,1.0,True,,,1.0,False
fbiC|p.Tyr104*,pncA|p.Val139Gly,fbiC,p.Tyr104*,pncA,p.Val139Gly,delamanid;pretomanid,pyrazinamide,cross_class,1,1,0,1,1,358,0.0,1.0,True,,,1.0,False
fbiC|p.Tyr104*,pncA|p.Thr47Ala,fbiC,p.Tyr104*,pncA,p.Thr47Ala,delamanid;pretomanid,pyrazinamide,cross_class,1,1,0,1,1,358,0.0,1.0,True,,,1.0,False
fbiC|p.Tyr104*,pncA|p.Ser104Arg,fbiC,p.Tyr104*,pncA,p.Ser104Arg,delamanid;pretomanid,pyrazinamide,cross_class,1,7,0,1,7,352,0.0,1.0,True,,,1.0,False
fbiC|p.Tyr104*,pncA|p.Ile31Ser,fbiC,p.Tyr104*,pncA,p.Ile31Ser,delamanid;pretomanid,pyrazinamide,cross_class,1,1,0,1,1,358,0.0,1.0,True,,,1.0,False
fbiC|p.Tyr104*,pncA|p.Gln141Pro,fbiC,p.Tyr104*,pncA,p.Gln141Pro,delamanid;pretomanid,pyrazinamide,cross_class,1,1,0,1,1,358,0.0,1.0,True,,,1.0,False
fbiC|p.Tyr104*,pncA|p.Cys14Arg,fbiC,p.Tyr104*,pncA,p.Cys14Arg,delamanid;pretomanid,pyrazinamide,cross_class,1,87,0,1,87,272,0.0,1.0,True,,,1.0,False
fbiC|p.Tyr104*,pncA|p.Asp8Asn,fbiC,p.Tyr104*,pncA,p.Asp8Asn,delamanid;pretomanid,pyrazinamide,cross_class,1,5,0,1,5,354,0.0,1.0,True,,,1.0,False
fbiC|p.Tyr104*,pncA|p.Ala146Thr,fbiC,p.Tyr104*,pncA,p.Ala146Thr,delamanid;pretomanid,pyrazinamide,cross_class,1,2,0,1,2,357,0.0,1.0,True,,,1.0,False
fbiC|p.Tyr104*,pncA|c.517dupG,fbiC,p.Tyr104*,pncA,c.517dupG,delamanid;pretomanid,pyrazinamide,cross_class,1,70,1,0,69,290,inf,0.19444444444444442,True,lineage2,100.0,1.0,False
fbiC|p.Tyr104*,pncA|c.459_466delCAGGGTGC,fbiC,p.Tyr104*,pncA,c.459_466delCAGGGTGC,delamanid;pretomanid,pyrazinamide,cross_class,1,1,0,1,1,358,0.0,1.0,True,,,1.0,False
fbiC|p.Tyr104*,pncA|c.393dupC,fbiC,p.Tyr104*,pncA,c.393dupC,delamanid;pretomanid,pyrazinamide,cross_class,1,1,0,1,1,358,0.0,1.0,True,,,1.0,False
fbiC|p.Tyr104*,rpsL|p.Lys43Arg,fbiC,p.Tyr104*,rpsL,p.Lys43Arg,delamanid;pretomanid,streptomycin,cross_class,1,26,0,1,26,333,0.0,1.0,True,,,1.0,False
fbiC|p.Tyr104*,rpoB|p.Val170Phe,fbiC,p.Tyr104*,rpoB,p.Val170Phe,delamanid;pretomanid,rifampicin;rifapentine,cross_class,1,2,0,1,2,357,0.0,1.0,True,,,1.0,False
fbiC|p.Tyr104*,rpoB|p.Ser450Leu,fbiC,p.Tyr104*,rpoB,p.Ser450Leu,delamanid;pretomanid,rifampicin;rifapentine,cross_class,1,139,0,1,139,220,0.0,1.0,True,,,1.0,False
fbiC|p.Tyr104*,rpoB|p.Leu452Pro,fbiC,p.Tyr104*,rpoB,p.Leu452Pro,delamanid;pretomanid,rifampicin;rifapentine,cross_class,1,10,0,1,10,349,0.0,1.0,True,,,1.0,False
fbiC|p.Tyr104*,rpoB|p.Leu430Pro,fbiC,p.Tyr104*,rpoB,p.Leu430Pro,delamanid;pretomanid,rifampicin;rifapentine,cross_class,1,22,0,1,22,337,0.0,1.0,True,,,1.0,False
fbiC|p.Tyr104*,rpoB|p.Ile491Phe,fbiC,p.Tyr104*,rpoB,p.Ile491Phe,delamanid;pretomanid,rifampicin;rifapentine,cross_class,1,1,0,1,1,358,0.0,1.0,True,,,1.0,False
fbiC|p.Tyr104*,rpoB|p.His445Tyr,fbiC,p.Tyr104*,rpoB,p.His445Tyr,delamanid;pretomanid,rifampicin;rifapentine,cross_class,1,5,0,1,5,354,0.0,1.0,True,,,1.0,False
fbiC|p.Tyr104*,rpoB|p.His445Leu,fbiC,p.Tyr104*,rpoB,p.His445Leu,delamanid;pretomanid,rifampicin;rifapentine,cross_class,1,1,0,1,1,358,0.0,1.0,True,,,1.0,False
fbiC|p.Tyr104*,rpoB|p.His445Asp,fbiC,p.Tyr104*,rpoB,p.His445Asp,delamanid;pretomanid,rifampicin;rifapentine,cross_class,1,11,0,1,11,348,0.0,1.0,True,,,1.0,False
fbiC|p.Tyr104*,rpoB|p.His445Asn,fbiC,p.Tyr104*,rpoB,p.His445Asn,delamanid;pretomanid,rifampicin;rifapentine,cross_class,1,6,0,1,6,353,0.0,1.0,True,,,1.0,False
fbiC|p.Tyr104*,rpoB|p.Gln432Lys,fbiC,p.Tyr104*,rpoB,p.Gln432Lys,delamanid;pretomanid,rifampicin;rifapentine,cross_class,1,1,0,1,1,358,0.0,1.0,True,,,1.0,False
fbiC|p.Tyr104*,rpoB|p.Asp435Val,fbiC,p.Tyr104*,rpoB,p.Asp435Val,delamanid;pretomanid,rifampicin;rifapentine,cross_class,1,73,1,0,72,287,inf,0.20277777777777778,True,lineage2,100.0,1.0,False
fbiC|p.Tyr104*,rpoB|p.Asp435Tyr,fbiC,p.Tyr104*,rpoB,p.Asp435Tyr,delamanid;pretomanid,rifampicin;rifapentine,cross_class,1,9,0,1,9,350,0.0,1.0,True,,,1.0,False
fbiC|p.Tyr104*,rpoB|p.Asp435Gly,fbiC,p.Tyr104*,rpoB,p.Asp435Gly,delamanid;pretomanid,rifampicin;rifapentine,cross_class,1,2,0,1,2,357,0.0,1.0,True,,,1.0,False
fbiC|p.Tyr104*,rpoB|p.Asp435Ala,fbiC,p.Tyr104*,rpoB,p.Asp435Ala,delamanid;pretomanid,rifampicin;rifapentine,cross_class,1,1,0,1,1,358,0.0,1.0,True,,,1.0,False
fbiC|p.Tyr104*,rpoB|p.Asn437Ser,fbiC,p.Tyr104*,rpoB,p.Asn437Ser,delamanid;pretomanid,rifampicin;rifapentine,cross_class,1,2,0,1,2,357,0.0,1.0,True,,,1.0,False
gyrA|p.Ala90Val,gyrA|p.Gly88Cys,gyrA,p.Ala90Val,gyrA,p.Gly88Cys,levofloxacin;moxifloxacin,levofloxacin;moxifloxacin,within_class,46,6,0,46,6,308,0.0,1.0,False,,,1.0,False
gyrA|p.Ala90Val,gyrA|p.Asp94Tyr,gyrA,p.Ala90Val,gyrA,p.Asp94Tyr,levofloxacin;moxifloxacin,levofloxacin;moxifloxacin,within_class,46,3,0,46,3,311,0.0,1.0,True,,,1.0,False
gyrA|p.Ala90Val,gyrA|p.Asp94His,gyrA,p.Ala90Val,gyrA,p.Asp94His,levofloxacin;moxifloxacin,levofloxacin;moxifloxacin,within_class,46,13,0,46,13,301,0.0,0.38705446813806677,False,,,1.0,False
gyrA|p.Ala90Val,gyrA|p.Asp94Gly,gyrA,p.Ala90Val,gyrA,p.Asp94Gly,levofloxacin;moxifloxacin,levofloxacin;moxifloxacin,within_class,46,59,5,41,54,260,0.5871725383920506,0.39305684470635754,False,lineage2,100.0,1.0,False
gyrA|p.Ala90Val,gyrA|p.Asp94Asn,gyrA,p.Ala90Val,gyrA,p.Asp94Asn,levofloxacin;moxifloxacin,levofloxacin;moxifloxacin,within_class,46,13,0,46,13,301,0.0,0.38705446813806677,False,,,1.0,False
gyrA|p.Ala90Val,gyrA|p.Asp94Ala,gyrA,p.Ala90Val,gyrA,p.Asp94Ala,levofloxacin;moxifloxacin,levofloxacin;moxifloxacin,within_class,46,5,0,46,5,309,0.0,1.0,False,,,1.0,False
fbiC|p.Tyr104*,tlyA|c.585_588delTGGG,fbiC,p.Tyr104*,tlyA,c.585_588delTGGG,delamanid;pretomanid,capreomycin,cross_class,1,30,0,1,30,329,0.0,1.0,True,,,1.0,False
fbiC|p.Tyr104*,tlyA|c.388dupG,fbiC,p.Tyr104*,tlyA,c.388dupG,delamanid;pretomanid,capreomycin,cross_class,1,1,0,1,1,358,0.0,1.0,True,,,1.0,False
fbiC|p.Tyr104*,rrs|n.517C>T,fbiC,p.Tyr104*,rrs,n.517C>T,delamanid;pretomanid,streptomycin,cross_class,1,2,0,1,2,357,0.0,1.0,True,,,1.0,False
fbiC|p.Tyr104*,rrs|n.514A>C,fbiC,p.Tyr104*,rrs,n.514A>C,delamanid;pretomanid,streptomycin,cross_class,1,164,1,0,163,196,inf,0.45555555555555555,True,lineage2,100.0,1.0,False
fbiC|p.Tyr104*,rrs|n.1402C>T,fbiC,p.Tyr104*,rrs,n.1402C>T,delamanid;pretomanid,amikacin;capreomycin;kanamycin,cross_class,1,2,0,1,2,357,0.0,1.0,True,,,1.0,False
fbiC|p.Tyr104*,rrs|n.1401A>G,fbiC,p.Tyr104*,rrs,n.1401A>G,delamanid;pretomanid,amikacin;capreomycin;kanamycin,cross_class,1,85,1,0,84,275,inf,0.2361111111111111,True,lineage2,100.0,1.0,False
fbiC|p.Tyr104*,rrl|n.2814G>T,fbiC,p.Tyr104*,rrl,n.2814G>T,delamanid;pretomanid,linezolid,cross_class,1,2,0,1,2,357,0.0,1.0,True,,,1.0,False
fbiC|p.Tyr104*,rrl|n.2270G>T,fbiC,p.Tyr104*,rrl,n.2270G>T,delamanid;pretomanid,linezolid,cross_class,1,2,0,1,2,357,0.0,1.0,True,,,1.0,False
fbiC|p.Tyr104*,rpsL|p.Lys88Arg,fbiC,p.Tyr104*,rpsL,p.Lys88Arg,delamanid;pretomanid,streptomycin,cross_class,1,8,0,1,8,351,0.0,1.0,True,,,1.0,False
gyrA|p.Ala90Val,mmpR5|c.198delG,gyrA,p.Ala90Val,mmpR5,c.198delG,levofloxacin;moxifloxacin,bedaquiline;clofazimine,cross_class,46,1,0,46,1,313,0.0,1.0,True,,,1.0,False
gyrA|p.Ala90Val,mmpR5|c.144dupC,gyrA,p.Ala90Val,mmpR5,c.144dupC,levofloxacin;moxifloxacin,bedaquiline;clofazimine,cross_class,46,20,5,41,15,299,2.430894308943089,0.1561633775501614,False,lineage2,100.0,1.0,False
gyrA|p.Ala90Val,mmpR5|c.144delC,gyrA,p.Ala90Val,mmpR5,c.144delC,levofloxacin;moxifloxacin,bedaquiline;clofazimine,cross_class,46,1,0,46,1,313,0.0,1.0,True,,,1.0,False
gyrA|p.Ala90Val,mmpR5|c.141_142dupTC,gyrA,p.Ala90Val,mmpR5,c.141_142dupTC,levofloxacin;moxifloxacin,bedaquiline;clofazimine,cross_class,46,2,0,46,2,312,0.0,1.0,True,,,1.0,False
gyrA|p.Ala90Val,mmpR5|c.139_140dupGA,gyrA,p.Ala90Val,mmpR5,c.139_140dupGA,levofloxacin;moxifloxacin,bedaquiline;clofazimine,cross_class,46,1,0,46,1,313,0.0,1.0,True,,,1.0,False
gyrA|p.Ala90Val,katG|p.Ser315Asn,gyrA,p.Ala90Val,katG,p.Ser315Asn,levofloxacin;moxifloxacin,isoniazid,cross_class,46,5,0,46,5,309,0.0,1.0,False,,,1.0,False
gyrA|p.Ala90Val,katG|c.18delA,gyrA,p.Ala90Val,katG,c.18delA,levofloxacin;moxifloxacin,isoniazid,cross_class,46,1,0,46,1,313,0.0,1.0,True,,,1.0,False
gyrA|p.Ala90Val,katG|c.117delG,gyrA,p.Ala90Val,katG,c.117delG,levofloxacin;moxifloxacin,isoniazid,cross_class,46,1,0,46,1,313,0.0,1.0,True,,,1.0,False
gyrA|p.Ala90Val,inhA|c.-154G>A,gyrA,p.Ala90Val,inhA,c.-154G>A,levofloxacin;moxifloxacin,ethionamide;isoniazid;prothionamide,cross_class,46,8,0,46,8,306,0.0,0.6030798319522245,False,,,1.0,False
gyrA|p.Ala90Val,gyrB|p.Glu501Asp,gyrA,p.Ala90Val,gyrB,p.Glu501Asp,levofloxacin;moxifloxacin,levofloxacin;moxifloxacin,within_class,46,3,0,46,3,311,0.0,1.0,True,,,1.0,False
gyrA|p.Ala90Val,gyrB|p.Asp461Asn,gyrA,p.Ala90Val,gyrB,p.Asp461Asn,levofloxacin;moxifloxacin,levofloxacin;moxifloxacin,within_class,46,1,0,46,1,313,0.0,1.0,True,,,1.0,False
gyrA|p.Ala90Val,gyrB|p.Asn499Thr,gyrA,p.Ala90Val,gyrB,p.Asn499Thr,levofloxacin;moxifloxacin,levofloxacin;moxifloxacin,within_class,46,2,0,46,2,312,0.0,1.0,True,,,1.0,False
gyrA|p.Ala90Val,mmpR5|p.Gly121Arg,gyrA,p.Ala90Val,mmpR5,p.Gly121Arg,levofloxacin;moxifloxacin,bedaquiline;clofazimine,cross_class,46,1,1,45,0,314,inf,0.1277777777777778,True,lineage2,100.0,1.0,False
gyrA|p.Ala90Val,mmpR5|p.Gln76*,gyrA,p.Ala90Val,mmpR5,p.Gln76*,levofloxacin;moxifloxacin,bedaquiline;clofazimine,cross_class,46,2,1,45,1,313,6.955555555555556,0.23953884246363358,True,lineage2,100.0,1.0,False
gyrA|p.Ala90Val,mmpR5|p.Asn70Asp,gyrA,p.Ala90Val,mmpR5,p.Asn70Asp,levofloxacin;moxifloxacin,bedaquiline;clofazimine,cross_class,46,1,0,46,1,313,0.0,1.0,True,,,1.0,False
gyrA|p.Ala90Val,mmpR5|p.Arg156*,gyrA,p.Ala90Val,mmpR5,p.Arg156*,levofloxacin;moxifloxacin,bedaquiline;clofazimine,cross_class,46,1,0,46,1,313,0.0,1.0,True,,,1.0,False
gyrA|p.Ala90Val,mmpR5|p.Arg134*,gyrA,p.Ala90Val,mmpR5,p.Arg134*,levofloxacin;moxifloxacin,bedaquiline;clofazimine,cross_class,46,1,1,45,0,314,inf,0.1277777777777778,True,lineage2,100.0,1.0,False
gyrA|p.Ala90Val,mmpR5|c.466dupC,gyrA,p.Ala90Val,mmpR5,c.466dupC,levofloxacin;moxifloxacin,bedaquiline;clofazimine,cross_class,46,1,0,46,1,313,0.0,1.0,True,,,1.0,False
gyrA|p.Ala90Val,mmpR5|c.430dupG,gyrA,p.Ala90Val,mmpR5,c.430dupG,levofloxacin;moxifloxacin,bedaquiline;clofazimine,cross_class,46,1,0,46,1,313,0.0,1.0,True,,,1.0,False
gyrA|p.Ala90Val,mmpR5|c.424dupC,gyrA,p.Ala90Val,mmpR5,c.424dupC,levofloxacin;moxifloxacin,bedaquiline;clofazimine,cross_class,46,14,2,44,12,302,1.143939393939394,0.6962110018675263,False,lineage2,100.0,1.0,False
gyrA|p.Ala90Val,mmpR5|c.386delC,gyrA,p.Ala90Val,mmpR5,c.386delC,levofloxacin;moxifloxacin,bedaquiline;clofazimine,cross_class,46,1,0,46,1,313,0.0,1.0,True,,,1.0,False
gyrA|p.Ala90Val,mmpR5|c.366dupG,gyrA,p.Ala90Val,mmpR5,c.366dupG,levofloxacin;moxifloxacin,bedaquiline;clofazimine,cross_class,46,1,1,45,0,314,inf,0.1277777777777778,True,lineage2,100.0,1.0,False
gyrA|p.Ala90Val,mmpR5|c.321dupC,gyrA,p.Ala90Val,mmpR5,c.321dupC,levofloxacin;moxifloxacin,bedaquiline;clofazimine,cross_class,46,1,0,46,1,313,0.0,1.0,True,,,1.0,False
gyrA|p.Ala90Val,mmpR5|c.291delC,gyrA,p.Ala90Val,mmpR5,c.291delC,levofloxacin;moxifloxacin,bedaquiline;clofazimine,cross_class,46,1,1,45,0,314,inf,0.1277777777777778,True,lineage2,100.0,1.0,False
gyrA|p.Ala90Val,mmpR5|c.214delC,gyrA,p.Ala90Val,mmpR5,c.214delC,levofloxacin;moxifloxacin,bedaquiline;clofazimine,cross_class,46,1,0,46,1,313,0.0,1.0,True,,,1.0,False
gyrA|p.Ala90Val,mmpR5|c.19delG,gyrA,p.Ala90Val,mmpR5,c.19delG,levofloxacin;moxifloxacin,bedaquiline;clofazimine,cross_class,46,1,1,45,0,314,inf,0.1277777777777778,True,lineage2,100.0,1.0,False
gyrA|p.Ala90Val,mmpR5|c.198dupG,gyrA,p.Ala90Val,mmpR5,c.198dupG,levofloxacin;moxifloxacin,bedaquiline;clofazimine,cross_class,46,13,4,42,9,305,3.2275132275132274,0.07008830942463037,False,lineage2,100.0,1.0,False
gyrA|p.Ala90Val,pncA|p.Val180Phe,gyrA,p.Ala90Val,pncA,p.Val180Phe,levofloxacin;moxifloxacin,pyrazinamide,cross_class,46,1,0,46,1,313,0.0,1.0,True,,,1.0,False
gyrA|p.Ala90Val,pncA|p.Val139Gly,gyrA,p.Ala90Val,pncA,p.Val139Gly,levofloxacin;moxifloxacin,pyrazinamide,cross_class,46,1,0,46,1,313,0.0,1.0,True,,,1.0,False
gyrA|p.Ala90Val,pncA|p.Thr47Ala,gyrA,p.Ala90Val,pncA,p.Thr47Ala,levofloxacin;moxifloxacin,pyrazinamide,cross_class,46,1,0,46,1,313,0.0,1.0,True,,,1.0,False
gyrA|p.Ala90Val,pncA|p.Ile31Ser,gyrA,p.Ala90Val,pncA,p.Ile31Ser,levofloxacin;moxifloxacin,pyrazinamide,cross_class,46,1,0,46,1,313,0.0,1.0,True,,,1.0,False
gyrA|p.Ala90Val,pncA|p.Gln141Pro,gyrA,p.Ala90Val,pncA,p.Gln141Pro,levofloxacin;moxifloxacin,pyrazinamide,cross_class,46,1,0,46,1,313,0.0,1.0,True,,,1.0,False
gyrA|p.Ala90Val,pncA|p.Asp8Asn,gyrA,p.Ala90Val,pncA,p.Asp8Asn,levofloxacin;moxifloxacin,pyrazinamide,cross_class,46,5,0,46,5,309,0.0,1.0,False,,,1.0,False
gyrA|p.Ala90Val,pncA|p.Ala146Thr,gyrA,p.Ala90Val,pncA,p.Ala146Thr,levofloxacin;moxifloxacin,pyrazinamide,cross_class,46,2,0,46,2,312,0.0,1.0,True,,,1.0,False
gyrA|p.Ala90Val,pncA|c.459_466delCAGGGTGC,gyrA,p.Ala90Val,pncA,c.459_466delCAGGGTGC,levofloxacin;moxifloxacin,pyrazinamide,cross_class,46,1,0,46,1,313,0.0,1.0,True,,,1.0,False
gyrA|p.Ala90Val,pncA|c.393dupC,gyrA,p.Ala90Val,pncA,c.393dupC,levofloxacin;moxifloxacin,pyrazinamide,cross_class,46,1,0,46,1,313,0.0,1.0,True,,,1.0,False
gyrA|p.Ala90Val,pncA|c.169delC,gyrA,p.Ala90Val,pncA,c.169delC,levofloxacin;moxifloxacin,pyrazinamide,cross_class,46,1,0,46,1,313,0.0,1.0,True,,,1.0,False
gyrA|p.Ala90Val,mmpR5|p.Val1?,gyrA,p.Ala90Val,mmpR5,p.Val1?,levofloxacin;moxifloxacin,bedaquiline;clofazimine,cross_class,46,1,0,46,1,313,0.0,1.0,True,,,1.0,False
gyrA|p.Ala90Val,mmpR5|p.Ile67Ser,gyrA,p.Ala90Val,mmpR5,p.Ile67Ser,levofloxacin;moxifloxacin,bedaquiline;clofazimine,cross_class,46,2,0,46,2,312,0.0,1.0,True,,,1.0,False
eis|c.-10G>A,fbiC|p.Trp444*,eis,c.-10G>A,fbiC,p.Trp444*,kanamycin,delamanid;pretomanid,cross_class,1,1,0,1,1,358,0.0,1.0,True,,,1.0,False
eis|c.-10G>A,fbiC|p.Trp161*,eis,c.-10G>A,fbiC,p.Trp161*,kanamycin,delamanid;pretomanid,cross_class,1,1,0,1,1,358,0.0,1.0,True,,,1.0,False
eis|c.-10G>A,fbiC|c.930_931delAA,eis,c.-10G>A,fbiC,c.930_931delAA,kanamycin,delamanid;pretomanid,cross_class,1,1,0,1,1,358,0.0,1.0,True,,,1.0,False
eis|c.-10G>A,fbiC|c.181_191delAGCGCCGCGCG,eis,c.-10G>A,fbiC,c.181_191delAGCGCCGCGCG,kanamycin,delamanid;pretomanid,cross_class,1,1,0,1,1,358,0.0,1.0,True,,,1.0,False
eis|c.-10G>A,fbiC|c.1481_1511delATGTGCTTGCCGCCCTGCGATCGGCGGAGCG,eis,c.-10G>A,fbiC,c.1481_1511delATGTGCTTGCCGCCCTGCGATCGGCGGAGCG,kanamycin,delamanid;pretomanid,cross_class,1,1,0,1,1,358,0.0,1.0,True,,,1.0,False
eis|c.-10G>A,fbiA|c.373dupC,eis,c.-10G>A,fbiA,c.373dupC,kanamycin,delamanid;pretomanid,cross_class,1,1,0,1,1,358,0.0,1.0,True,,,1.0,False
eis|c.-10G>A,ethA|c.871delC,eis,c.-10G>A,ethA,c.871delC,kanamycin,ethionamide;prothionamide,cross_class,1,2,0,1,2,357,0.0,1.0,True,,,1.0,False
eis|c.-10G>A,ethA|c.65delA,eis,c.-10G>A,ethA,c.65delA,kanamycin,ethionamide;prothionamide,cross_class,1,1,0,1,1,358,0.0,1.0,True,,,1.0,False
eis|c.-10G>A,ethA|c.1047delT,eis,c.-10G>A,ethA,c.1047delT,kanamycin,ethionamide;prothionamide,cross_class,1,1,0,1,1,358,0.0,1.0,True,,,1.0,False
eis|c.-10G>A,embB|p.Tyr319Ser,eis,c.-10G>A,embB,p.Tyr319Ser,kanamycin,ethambutol,cross_class,1,1,0,1,1,358,0.0,1.0,True,,,1.0,False
eis|c.-10G>A,embB|p.Met306Val,eis,c.-10G>A,embB,p.Met306Val,kanamycin,ethambutol,cross_class,1,23,1,0,22,337,inf,0.0638888888888889,True,lineage2,100.0,1.0,False
eis|c.-10G>A,embB|p.Met306Leu,eis,c.-10G>A,embB,p.Met306Leu,kanamycin,ethambutol,cross_class,1,1,0,1,1,358,0.0,1.0,True,,,1.0,False
eis|c.-10G>A,embB|p.Met306Ile,eis,c.-10G>A,embB,p.Met306Ile,kanamycin,ethambutol,cross_class,1,166,0,1,166,193,0.0,1.0,True,,,1.0,False
eis|c.-10G>A,embB|p.Gly406Asp,eis,c.-10G>A,embB,p.Gly406Asp,kanamycin,ethambutol,cross_class,1,3,0,1,3,356,0.0,1.0,True,,,1.0,False
eis|c.-10G>A,embB|p.Gly406Ala,eis,c.-10G>A,embB,p.Gly406Ala,kanamycin,ethambutol,cross_class,1,1,0,1,1,358,0.0,1.0,True,,,1.0,False
eis|c.-10G>A,embB|p.Gln497Lys,eis,c.-10G>A,embB,p.Gln497Lys,kanamycin,ethambutol,cross_class,1,82,0,1,82,277,0.0,1.0,True,,,1.0,False
gyrA|p.Ala90Val,rpoB|p.Leu430Pro,gyrA,p.Ala90Val,rpoB,p.Leu430Pro,levofloxacin;moxifloxacin,rifampicin;rifapentine,cross_class,46,22,0,46,22,292,0.0,0.09209723175654005,False,,,1.0,False
gyrA|p.Ala90Val,rpoB|p.Ile491Phe,gyrA,p.Ala90Val,rpoB,p.Ile491Phe,levofloxacin;moxifloxacin,rifampicin;rifapentine,cross_class,46,1,0,46,1,313,0.0,1.0,True,,,1.0,False
gyrA|p.Ala90Val,rpoB|p.His445Tyr,gyrA,p.Ala90Val,rpoB,p.His445Tyr,levofloxacin;moxifloxacin,rifampicin;rifapentine,cross_class,46,5,0,46,5,309,0.0,1.0,False,,,1.0,False
gyrA|p.Ala90Val,rpoB|p.His445Leu,gyrA,p.Ala90Val,rpoB,p.His445Leu,levofloxacin;moxifloxacin,rifampicin;rifapentine,cross_class,46,1,0,46,1,313,0.0,1.0,True,,,1.0,False
gyrA|p.Ala90Val,rpoB|p.His445Asp,gyrA,p.Ala90Val,rpoB,p.His445Asp,levofloxacin;moxifloxacin,rifampicin;rifapentine,cross_class,46,11,1,45,10,304,0.6755555555555556,1.0,False,lineage2,100.0,1.0,False
gyrA|p.Ala90Val,rpoB|p.His445Asn,gyrA,p.Ala90Val,rpoB,p.His445Asn,levofloxacin;moxifloxacin,rifampicin;rifapentine,cross_class,46,6,0,46,6,308,0.0,1.0,False,,,1.0,False
gyrA|p.Ala90Val,rpoB|p.Gln432Lys,gyrA,p.Ala90Val,rpoB,p.Gln432Lys,levofloxacin;moxifloxacin,rifampicin;rifapentine,cross_class,46,1,0,46,1,313,0.0,1.0,True,,,1.0,False
gyrA|p.Ala90Val,rpoB|p.Asp435Tyr,gyrA,p.Ala90Val,rpoB,p.Asp435Tyr,levofloxacin;moxifloxacin,rifampicin;rifapentine,cross_class,46,9,0,46,9,305,0.0,0.6105502754559647,False,,,1.0,False
gyrA|p.Ala90Val,rpoB|p.Asp435Gly,gyrA,p.Ala90Val,rpoB,p.Asp435Gly,levofloxacin;moxifloxacin,rifampicin;rifapentine,cross_class,46,2,0,46,2,312,0.0,1.0,True,,,1.0,False
gyrA|p.Ala90Val,rpoB|p.Asp435Ala,gyrA,p.Ala90Val,rpoB,p.Asp435Ala,levofloxacin;moxifloxacin,rifampicin;rifapentine,cross_class,46,1,0,46,1,313,0.0,1.0,True,,,1.0,False
gyrA|p.Ala90Val,rpoB|p.Asn437Ser,gyrA,p.Ala90Val,rpoB,p.Asn437Ser,levofloxacin;moxifloxacin,rifampicin;rifapentine,cross_class,46,2,0,46,2,312,0.0,1.0,True,,,1.0,False
gyrA|p.Ala90Val,rpoB|p.Ala451Val,gyrA,p.Ala90Val,rpoB,p.Ala451Val,levofloxacin;moxifloxacin,rifampicin;rifapentine,cross_class,46,3,0,46,3,311,0.0,1.0,True,,,1.0,False
gyrA|p.Ala90Val,rpoB|c.1294_1299delCAATTC,gyrA,p.Ala90Val,rpoB,c.1294_1299delCAATTC,levofloxacin;moxifloxacin,rifampicin;rifapentine,cross_class,46,1,0,46,1,313,0.0,1.0,True,,,1.0,False
gyrA|p.Ala90Val,rplC|p.Cys154Arg,gyrA,p.Ala90Val,rplC,p.Cys154Arg,levofloxacin;moxifloxacin,linezolid,cross_class,46,4,0,46,4,310,0.0,1.0,True,,,1.0,False
gyrA|p.Asp94Ala,gyrA|p.Asp94His,gyrA,p.Asp94Ala,gyrA,p.Asp94His,levofloxacin;moxifloxacin,levofloxacin;moxifloxacin,within_class,5,13,0,5,13,342,0.0,1.0,False,,,1.0,False
gyrA|p.Asp94Ala,gyrA|p.Asp94Gly,gyrA,p.Asp94Ala,gyrA,p.Asp94Gly,levofloxacin;moxifloxacin,levofloxacin;moxifloxacin,within_class,5,59,0,5,59,296,0.0,1.0,False,,,1.0,False
gyrA|p.Asp94Ala,gyrA|p.Asp94Asn,gyrA,p.Asp94Ala,gyrA,p.Asp94Asn,levofloxacin;moxifloxacin,levofloxacin;moxifloxacin,within_class,5,13,0,5,13,342,0.0,1.0,False,,,1.0,False
gyrA|p.Ala90Val,tlyA|c.388dupG,gyrA,p.Ala90Val,tlyA,c.388dupG,levofloxacin;moxifloxacin,capreomycin,cross_class,46,1,1,45,0,314,inf,0.1277777777777778,True,lineage2,100.0,1.0,False
gyrA|p.Ala90Val,rrs|n.1402C>T,gyrA,p.Ala90Val,rrs,n.1402C>T,levofloxacin;moxifloxacin,amikacin;capreomycin;kanamycin,cross_class,46,2,0,46,2,312,0.0,1.0,True,,,1.0,False
gyrA|p.Ala90Val,rrl|n.2814G>T,gyrA,p.Ala90Val,rrl,n.2814G>T,levofloxacin;moxifloxacin,linezolid,cross_class,46,2,0,46,2,312,0.0,1.0,True,,,1.0,False
gyrA|p.Ala90Val,rrl|n.2270G>T,gyrA,p.Ala90Val,rrl,n.2270G>T,levofloxacin;moxifloxacin,linezolid,cross_class,46,2,0,46,2,312,0.0,1.0,True,,,1.0,False
gyrA|p.Ala90Val,rpsL|p.Lys88Arg,gyrA,p.Ala90Val,rpsL,p.Lys88Arg,levofloxacin;moxifloxacin,streptomycin,cross_class,46,8,0,46,8,306,0.0,0.6030798319522245,False,,,1.0,False
gyrA|p.Ala90Val,rpoB|p.Val170Phe,gyrA,p.Ala90Val,rpoB,p.Val170Phe,levofloxacin;moxifloxacin,rifampicin;rifapentine,cross_class,46,2,0,46,2,312,0.0,1.0,True,,,1.0,False
gyrA|p.Ala90Val,rpoB|p.Ser450Leu,gyrA,p.Ala90Val,rpoB,p.Ser450Leu,levofloxacin;moxifloxacin,rifampicin;rifapentine,cross_class,46,139,18,28,121,193,1.025383707201889,1.0,False,lineage2,100.0,1.0,False
gyrA|p.Ala90Val,rpoB|p.Leu452Pro,gyrA,p.Ala90Val,rpoB,p.Leu452Pro,levofloxacin;moxifloxacin,rifampicin;rifapentine,cross_class,46,10,0,46,10,304,0.0,0.6227552525784272,False,,,1.0,False
gyrA|p.Asp94Ala,mmpR5|c.141_142dupTC,gyrA,p.Asp94Ala,mmpR5,c.141_142dupTC,levofloxacin;moxifloxacin,bedaquiline;clofazimine,cross_class,5,2,0,5,2,353,0.0,1.0,True,,,1.0,False
gyrA|p.Asp94Ala,mmpR5|c.139dupG,gyrA,p.Asp94Ala,mmpR5,c.139dupG,levofloxacin;moxifloxacin,bedaquiline;clofazimine,cross_class,5,6,0,5,6,349,0.0,1.0,False,,,1.0,False
gyrA|p.Asp94Ala,mmpR5|c.139_140dupGA,gyrA,p.Asp94Ala,mmpR5,c.139_140dupGA,levofloxacin;moxifloxacin,bedaquiline;clofazimine,cross_class,5,1,0,5,1,354,0.0,1.0,True,,,1.0,False
gyrA|p.Asp94Ala,katG|p.Ser315Thr,gyrA,p.Asp94Ala,katG,p.Ser315Thr,levofloxacin;moxifloxacin,isoniazid,cross_class,5,191,1,4,190,165,0.21710526315789475,0.19091962221353254,False,lineage2,100.0,1.0,False
gyrA|p.Asp94Ala,katG|c.18delA,gyrA,p.Asp94Ala,katG,c.18delA,levofloxacin;moxifloxacin,isoniazid,cross_class,5,1,0,5,1,354,0.0,1.0,True,,,1.0,False
gyrA|p.Asp94Ala,katG|c.117delG,gyrA,p.Asp94Ala,katG,c.117delG,levofloxacin;moxifloxacin,isoniazid,cross_class,5,1,0,5,1,354,0.0,1.0,True,,,1.0,False
gyrA|p.Asp94Ala,inhA|c.-779G>T,gyrA,p.Asp94Ala,inhA,c.-779G>T,levofloxacin;moxifloxacin,ethionamide;isoniazid;prothionamide,cross_class,5,105,0,5,105,250,0.0,0.32700263590307943,False,,,1.0,False
gyrA|p.Asp94Ala,inhA|c.-777C>T,gyrA,p.Asp94Ala,inhA,c.-777C>T,levofloxacin;moxifloxacin,ethionamide;isoniazid;prothionamide,cross_class,5,29,0,5,29,326,0.0,1.0,False,,,1.0,False
gyrA|p.Asp94Ala,inhA|c.-154G>A,gyrA,p.Asp94Ala,inhA,c.-154G>A,levofloxacin;moxifloxacin,ethionamide;isoniazid;prothionamide,cross_class,5,8,0,5,8,347,0.0,1.0,False,,,1.0,False
gyrA|p.Asp94Ala,gyrB|p.Glu501Asp,gyrA,p.Asp94Ala,gyrB,p.Glu501Asp,levofloxacin;moxifloxacin,levofloxacin;moxifloxacin,within_class,5,3,0,5,3,352,0.0,1.0,True,,,1.0,False
gyrA|p.Asp94Ala,gyrB|p.Asp461Asn,gyrA,p.Asp94Ala,gyrB,p.Asp461Asn,levofloxacin;moxifloxacin,levofloxacin;moxifloxacin,within_class,5,1,0,5,1,354,0.0,1.0,True,,,1.0,False
gyrA|p.Asp94Ala,gyrB|p.Asn499Thr,gyrA,p.Asp94Ala,gyrB,p.Asn499Thr,levofloxacin;moxifloxacin,levofloxacin;moxifloxacin,within_class,5,2,0,5,2,353,0.0,1.0,True,,,1.0,False
gyrA|p.Asp94Ala,gyrA|p.Ser91Pro,gyrA,p.Asp94Ala,gyrA,p.Ser91Pro,levofloxacin;moxifloxacin,levofloxacin;moxifloxacin,within_class,5,47,0,5,47,308,0.0,1.0,False,,,1.0,False
gyrA|p.Asp94Ala,gyrA|p.Gly88Cys,gyrA,p.Asp94Ala,gyrA,p.Gly88Cys,levofloxacin;moxifloxacin,levofloxacin;moxifloxacin,within_class,5,6,0,5,6,349,0.0,1.0,False,,,1.0,False
gyrA|p.Asp94Ala,gyrA|p.Asp94Tyr,gyrA,p.Asp94Ala,gyrA,p.Asp94Tyr,levofloxacin;moxifloxacin,levofloxacin;moxifloxacin,within_class,5,3,0,5,3,352,0.0,1.0,True,,,1.0,False
gyrA|p.Asp94Ala,mmpR5|p.Arg156*,gyrA,p.Asp94Ala,mmpR5,p.Arg156*,levofloxacin;moxifloxacin,bedaquiline;clofazimine,cross_class,5,1,0,5,1,354,0.0,1.0,True,,,1.0,False
gyrA|p.Asp94Ala,mmpR5|p.Arg134*,gyrA,p.Asp94Ala,mmpR5,p.Arg134*,levofloxacin;moxifloxacin,bedaquiline;clofazimine,cross_class,5,1,0,5,1,354,0.0,1.0,True,,,1.0,False
gyrA|p.Asp94Ala,mmpR5|c.441_442delGA,gyrA,p.Asp94Ala,mmpR5,c.441_442delGA,levofloxacin;moxifloxacin,bedaquiline;clofazimine,cross_class,5,2,0,5,2,353,0.0,1.0,True,,,1.0,False
gyrA|p.Asp94Ala,mmpR5|c.430dupG,gyrA,p.Asp94Ala,mmpR5,c.430dupG,levofloxacin;moxifloxacin,bedaquiline;clofazimine,cross_class,5,1,0,5,1,354,0.0,1.0,True,,,1.0,False
gyrA|p.Asp94Ala,mmpR5|c.424dupC,gyrA,p.Asp94Ala,mmpR5,c.424dupC,levofloxacin;moxifloxacin,bedaquiline;clofazimine,cross_class,5,14,0,5,14,341,0.0,1.0,False,,,1.0,False
gyrA|p.Asp94Ala,mmpR5|c.386delC,gyrA,p.Asp94Ala,mmpR5,c.386delC,levofloxacin;moxifloxacin,bedaquiline;clofazimine,cross_class,5,1,0,5,1,354,0.0,1.0,True,,,1.0,False
gyrA|p.Asp94Ala,mmpR5|c.366dupG,gyrA,p.Asp94Ala,mmpR5,c.366dupG,levofloxacin;moxifloxacin,bedaquiline;clofazimine,cross_class,5,1,0,5,1,354,0.0,1.0,True,,,1.0,False
gyrA|p.Asp94Ala,mmpR5|c.321dupC,gyrA,p.Asp94Ala,mmpR5,c.321dupC,levofloxacin;moxifloxacin,bedaquiline;clofazimine,cross_class,5,1,0,5,1,354,0.0,1.0,True,,,1.0,False
gyrA|p.Asp94Ala,mmpR5|c.291delC,gyrA,p.Asp94Ala,mmpR5,c.291delC,levofloxacin;moxifloxacin,bedaquiline;clofazimine,cross_class,5,1,0,5,1,354,0.0,1.0,True,,,1.0,False
gyrA|p.Asp94Ala,mmpR5|c.214delC,gyrA,p.Asp94Ala,mmpR5,c.214delC,levofloxacin;moxifloxacin,bedaquiline;clofazimine,cross_class,5,1,0,5,1,354,0.0,1.0,True,,,1.0,False
gyrA|p.Asp94Ala,mmpR5|c.19delG,gyrA,p.Asp94Ala,mmpR5,c.19delG,levofloxacin;moxifloxacin,bedaquiline;clofazimine,cross_class,5,1,0,5,1,354,0.0,1.0,True,,,1.0,False
gyrA|p.Asp94Ala,mmpR5|c.198delG,gyrA,p.Asp94Ala,mmpR5,c.198delG,levofloxacin;moxifloxacin,bedaquiline;clofazimine,cross_class,5,1,0,5,1,354,0.0,1.0,True,,,1.0,False
gyrA|p.Asp94Ala,mmpR5|c.144dupC,gyrA,p.Asp94Ala,mmpR5,c.144dupC,levofloxacin;moxifloxacin,bedaquiline;clofazimine,cross_class,5,20,0,5,20,335,0.0,1.0,False,,,1.0,False
gyrA|p.Asp94Ala,mmpR5|c.144delC,gyrA,p.Asp94Ala,mmpR5,c.144delC,levofloxacin;moxifloxacin,bedaquiline;clofazimine,cross_class,5,1,0,5,1,354,0.0,1.0,True,,,1.0,False
gyrA|p.Asp94Ala,pncA|p.Ser104Arg,gyrA,p.Asp94Ala,pncA,p.Ser104Arg,levofloxacin;moxifloxacin,pyrazinamide,cross_class,5,7,0,5,7,348,0.0,1.0,False,,,1.0,False
gyrA|p.Asp94Ala,pncA|p.Ile31Ser,gyrA,p.Asp94Ala,pncA,p.Ile31Ser,levofloxacin;moxifloxacin,pyrazinamide,cross_class,5,1,0,5,1,354,0.0,1.0,True,,,1.0,False
gyrA|p.Asp94Ala,pncA|p.Gln141Pro,gyrA,p.Asp94Ala,pncA,p.Gln141Pro,levofloxacin;moxifloxacin,pyrazinamide,cross_class,5,1,0,5,1,354,0.0,1.0,True,,,1.0,False
gyrA|p.Asp94Ala,pncA|p.Cys14Arg,gyrA,p.Asp94Ala,pncA,p.Cys14Arg,levofloxacin;moxifloxacin,pyrazinamide,cross_class,5,87,1,4,86,269,0.7819767441860465,1.0,False,lineage2,100.0,1.0,False
gyrA|p.Asp94Ala,pncA|p.Asp8Asn,gyrA,p.Asp94Ala,pncA,p.Asp8Asn,levofloxacin;moxifloxacin,pyrazinamide,cross_class,5,5,0,5,5,350,0.0,1.0,False,,,1.0,False
gyrA|p.Asp94Ala,pncA|p.Ala146Thr,gyrA,p.Asp94Ala,pncA,p.Ala146Thr,levofloxacin;moxifloxacin,pyrazinamide,cross_class,5,2,0,5,2,353,0.0,1.0,True,,,1.0,False
gyrA|p.Asp94Ala,pncA|c.517dupG,gyrA,p.Asp94Ala,pncA,c.517dupG,levofloxacin;moxifloxacin,pyrazinamide,cross_class,5,70,0,5,70,285,0.0,0.5876746090542391,False,,,1.0,False
gyrA|p.Asp94Ala,pncA|c.459_466delCAGGGTGC,gyrA,p.Asp94Ala,pncA,c.459_466delCAGGGTGC,levofloxacin;moxifloxacin,pyrazinamide,cross_class,5,1,0,5,1,354,0.0,1.0,True,,,1.0,False
gyrA|p.Asp94Ala,pncA|c.393dupC,gyrA,p.Asp94Ala,pncA,c.393dupC,levofloxacin;moxifloxacin,pyrazinamide,cross_class,5,1,0,5,1,354,0.0,1.0,True,,,1.0,False
gyrA|p.Asp94Ala,pncA|c.169delC,gyrA,p.Asp94Ala,pncA,c.169delC,levofloxacin;moxifloxacin,pyrazinamide,cross_class,5,1,0,5,1,354,0.0,1.0,True,,,1.0,False
gyrA|p.Asp94Ala,mmpR5|p.Val1?,gyrA,p.Asp94Ala,mmpR5,p.Val1?,levofloxacin;moxifloxacin,bedaquiline;clofazimine,cross_class,5,1,0,5,1,354,0.0,1.0,True,,,1.0,False
gyrA|p.Asp94Ala,mmpR5|p.Tyr145*,gyrA,p.Asp94Ala,mmpR5,p.Tyr145*,levofloxacin;moxifloxacin,bedaquiline;clofazimine,cross_class,5,2,0,5,2,353,0.0,1.0,True,,,1.0,False
gyrA|p.Asp94Ala,mmpR5|p.Ile67Ser,gyrA,p.Asp94Ala,mmpR5,p.Ile67Ser,levofloxacin;moxifloxacin,bedaquiline;clofazimine,cross_class,5,2,0,5,2,353,0.0,1.0,True,,,1.0,False
gyrA|p.Asp94Ala,mmpR5|p.Gly121Arg,gyrA,p.Asp94Ala,mmpR5,p.Gly121Arg,levofloxacin;moxifloxacin,bedaquiline;clofazimine,cross_class,5,1,0,5,1,354,0.0,1.0,True,,,1.0,False
gyrA|p.Asp94Ala,mmpR5|p.Gln76*,gyrA,p.Asp94Ala,mmpR5,p.Gln76*,levofloxacin;moxifloxacin,bedaquiline;clofazimine,cross_class,5,2,0,5,2,353,0.0,1.0,True,,,1.0,False
gyrA|p.Asp94Ala,mmpR5|p.Asn70Asp,gyrA,p.Asp94Ala,mmpR5,p.Asn70Asp,levofloxacin;moxifloxacin,bedaquiline;clofazimine,cross_class,5,1,0,5,1,354,0.0,1.0,True,,,1.0,False
gyrA|p.Asp94Ala,rpoB|p.His445Leu,gyrA,p.Asp94Ala,rpoB,p.His445Leu,levofloxacin;moxifloxacin,rifampicin;rifapentine,cross_class,5,1,0,5,1,354,0.0,1.0,True,,,1.0,False
gyrA|p.Asp94Ala,rpoB|p.His445Asp,gyrA,p.Asp94Ala,rpoB,p.His445Asp,levofloxacin;moxifloxacin,rifampicin;rifapentine,cross_class,5,11,0,5,11,344,0.0,1.0,False,,,1.0,False
gyrA|p.Asp94Ala,rpoB|p.His445Asn,gyrA,p.Asp94Ala,rpoB,p.His445Asn,levofloxacin;moxifloxacin,rifampicin;rifapentine,cross_class,5,6,0,5,6,349,0.0,1.0,False,,,1.0,False
gyrA|p.Asp94Ala,rpoB|p.Gln432Lys,gyrA,p.Asp94Ala,rpoB,p.Gln432Lys,levofloxacin;moxifloxacin,rifampicin;rifapentine,cross_class,5,1,0,5,1,354,0.0,1.0,True,,,1.0,False
gyrA|p.Asp94Ala,rpoB|p.Asp435Val,gyrA,p.Asp94Ala,rpoB,p.Asp435Val,levofloxacin;moxifloxacin,rifampicin;rifapentine,cross_class,5,73,2,3,71,284,2.6666666666666665,0.2678704337492303,False,lineage2,100.0,1.0,False
gyrA|p.Asp94Ala,rpoB|p.Asp435Tyr,gyrA,p.Asp94Ala,rpoB,p.Asp435Tyr,levofloxacin;moxifloxacin,rifampicin;rifapentine,cross_class,5,9,0,5,9,346,0.0,1.0,False,,,1.0,False
gyrA|p.Asp94Ala,rpoB|p.Asp435Gly,gyrA,p.Asp94Ala,rpoB,p.Asp435Gly,levofloxacin;moxifloxacin,rifampicin;rifapentine,cross_class,5,2,0,5,2,353,0.0,1.0,True,,,1.0,False
gyrA|p.Asp94Ala,rpoB|p.Asp435Ala,gyrA,p.Asp94Ala,rpoB,p.Asp435Ala,levofloxacin;moxifloxacin,rifampicin;rifapentine,cross_class,5,1,0,5,1,354,0.0,1.0,True,,,1.0,False
gyrA|p.Asp94Ala,rpoB|p.Asn437Ser,gyrA,p.Asp94Ala,rpoB,p.Asn437Ser,levofloxacin;moxifloxacin,rifampicin;rifapentine,cross_class,5,2,0,5,2,353,0.0,1.0,True,,,1.0,False
gyrA|p.Asp94Ala,rpoB|p.Ala451Val,gyrA,p.Asp94Ala,rpoB,p.Ala451Val,levofloxacin;moxifloxacin,rifampicin;rifapentine,cross_class,5,3,0,5,3,352,0.0,1.0,True,,,1.0,False
gyrA|p.Asp94Ala,rpoB|c.1296_1304delATTCATGGA,gyrA,p.Asp94Ala,rpoB,c.1296_1304delATTCATGGA,levofloxacin;moxifloxacin,rifampicin;rifapentine,cross_class,5,2,0,5,2,353,0.0,1.0,True,,,1.0,False
gyrA|p.Asp94Ala,rpoB|c.1294_1299delCAATTC,gyrA,p.Asp94Ala,rpoB,c.1294_1299delCAATTC,levofloxacin;moxifloxacin,rifampicin;rifapentine,cross_class,5,1,0,5,1,354,0.0,1.0,True,,,1.0,False
gyrA|p.Asp94Ala,rplC|p.Cys154Arg,gyrA,p.Asp94Ala,rplC,p.Cys154Arg,levofloxacin;moxifloxacin,linezolid,cross_class,5,4,0,5,4,351,0.0,1.0,True,,,1.0,False
gyrA|p.Asp94Ala,pncA|p.Val180Phe,gyrA,p.Asp94Ala,pncA,p.Val180Phe,levofloxacin;moxifloxacin,pyrazinamide,cross_class,5,1,0,5,1,354,0.0,1.0,True,,,1.0,False
gyrA|p.Asp94Ala,pncA|p.Val139Gly,gyrA,p.Asp94Ala,pncA,p.Val139Gly,levofloxacin;moxifloxacin,pyrazinamide,cross_class,5,1,0,5,1,354,0.0,1.0,True,,,1.0,False
gyrA|p.Asp94Ala,pncA|p.Thr47Ala,gyrA,p.Asp94Ala,pncA,p.Thr47Ala,levofloxacin;moxifloxacin,pyrazinamide,cross_class,5,1,0,5,1,354,0.0,1.0,True,,,1.0,False
gyrA|p.Asp94Ala,tlyA|c.585_588delTGGG,gyrA,p.Asp94Ala,tlyA,c.585_588delTGGG,levofloxacin;moxifloxacin,capreomycin,cross_class,5,30,0,5,30,325,0.0,1.0,False,,,1.0,False
gyrA|p.Asp94Ala,tlyA|c.388dupG,gyrA,p.Asp94Ala,tlyA,c.388dupG,levofloxacin;moxifloxacin,capreomycin,cross_class,5,1,0,5,1,354,0.0,1.0,True,,,1.0,False
gyrA|p.Asp94Ala,rrs|n.517C>T,gyrA,p.Asp94Ala,rrs,n.517C>T,levofloxacin;moxifloxacin,streptomycin,cross_class,5,2,0,5,2,353,0.0,1.0,True,,,1.0,False
gyrA|p.Asp94Ala,rrs|n.514A>C,gyrA,p.Asp94Ala,rrs,n.514A>C,levofloxacin;moxifloxacin,streptomycin,cross_class,5,164,1,4,163,192,0.294478527607362,0.3814512364964245,False,lineage2,100.0,1.0,False
gyrA|p.Asp94Ala,rrs|n.1402C>T,gyrA,p.Asp94Ala,rrs,n.1402C>T,levofloxacin;moxifloxacin,amikacin;capreomycin;kanamycin,cross_class,5,2,0,5,2,353,0.0,1.0,True,,,1.0,False
gyrA|p.Asp94Ala,rrs|n.1401A>G,gyrA,p.Asp94Ala,rrs,n.1401A>G,levofloxacin;moxifloxacin,amikacin;capreomycin;kanamycin,cross_class,5,85,0,5,85,270,0.0,0.5956052137641474,False,,,1.0,False
gyrA|p.Asp94Ala,rrl|n.2814G>T,gyrA,p.Asp94Ala,rrl,n.2814G>T,levofloxacin;moxifloxacin,linezolid,cross_class,5,2,0,5,2,353,0.0,1.0,True,,,1.0,False
gyrA|p.Asp94Ala,rrl|n.2270G>T,gyrA,p.Asp94Ala,rrl,n.2270G>T,levofloxacin;moxifloxacin,linezolid,cross_class,5,2,0,5,2,353,0.0,1.0,True,,,1.0,False
gyrA|p.Asp94Ala,rpsL|p.Lys88Arg,gyrA,p.Asp94Ala,rpsL,p.Lys88Arg,levofloxacin;moxifloxacin,streptomycin,cross_class,5,8,0,5,8,347,0.0,1.0,False,,,1.0,False
gyrA|p.Asp94Ala,rpsL|p.Lys43Arg,gyrA,p.Asp94Ala,rpsL,p.Lys43Arg,levofloxacin;moxifloxacin,streptomycin,cross_class,5,26,0,5,26,329,0.0,1.0,False,,,1.0,False
gyrA|p.Asp94Ala,rpoB|p.Val170Phe,gyrA,p.Asp94Ala,rpoB,p.Val170Phe,levofloxacin;moxifloxacin,rifampicin;rifapentine,cross_class,5,2,0,5,2,353,0.0,1.0,True,,,1.0,False
gyrA|p.Asp94Ala,rpoB|p.Ser450Leu,gyrA,p.Asp94Ala,rpoB,p.Ser450Leu,levofloxacin;moxifloxacin,rifampicin;rifapentine,cross_class,5,139,1,4,138,217,0.39311594202898553,0.6526600272102945,False,lineage2,100.0,1.0,False
gyrA|p.Asp94Ala,rpoB|p.Leu430Pro,gyrA,p.Asp94Ala,rpoB,p.Leu430Pro,levofloxacin;moxifloxacin,rifampicin;rifapentine,cross_class,5,22,0,5,22,333,0.0,1.0,False,,,1.0,False
gyrA|p.Asp94Ala,rpoB|p.Ile491Phe,gyrA,p.Asp94Ala,rpoB,p.Ile491Phe,levofloxacin;moxifloxacin,rifampicin;rifapentine,cross_class,5,1,0,5,1,354,0.0,1.0,True,,,1.0,False
gyrA|p.Asp94Ala,rpoB|p.His445Tyr,gyrA,p.Asp94Ala,rpoB,p.His445Tyr,levofloxacin;moxifloxacin,rifampicin;rifapentine,cross_class,5,5,0,5,5,350,0.0,1.0,False,,,1.0,False
gyrA|p.Asp94Asn,mmpR5|c.139_140dupGA,gyrA,p.Asp94Asn,mmpR5,c.139_140dupGA,levofloxacin;moxifloxacin,bedaquiline;clofazimine,cross_class,13,1,0,13,1,346,0.0,1.0,True,,,1.0,False
gyrA|p.Asp94Asn,katG|p.Ser315Asn,gyrA,p.Asp94Asn,katG,p.Ser315Asn,levofloxacin;moxifloxacin,isoniazid,cross_class,13,5,0,13,5,342,0.0,1.0,False,,,1.0,False
gyrA|p.Asp94Asn,katG|c.18delA,gyrA,p.Asp94Asn,katG,c.18delA,levofloxacin;moxifloxacin,isoniazid,cross_class,13,1,0,13,1,346,0.0,1.0,True,,,1.0,False
gyrA|p.Asp94Asn,katG|c.117delG,gyrA,p.Asp94Asn,katG,c.117delG,levofloxacin;moxifloxacin,isoniazid,cross_class,13,1,0,13,1,346,0.0,1.0,True,,,1.0,False
gyrA|p.Asp94Asn,inhA|c.-779G>T,gyrA,p.Asp94Asn,inhA,c.-779G>T,levofloxacin;moxifloxacin,ethionamide;isoniazid;prothionamide,cross_class,13,105,7,6,98,249,2.9642857142857144,0.061234589165594384,False,lineage2,100.0,1.0,False
gyrA|p.Asp94Asn,inhA|c.-777C>T,gyrA,p.Asp94Asn,inhA,c.-777C>T,levofloxacin;moxifloxacin,ethionamide;isoniazid;prothionamide,cross_class,13,29,1,12,28,319,0.9494047619047619,1.0,False,lineage2,100.0,1.0,False
gyrA|p.Asp94Asn,inhA|c.-154G>A,gyrA,p.Asp94Asn,inhA,c.-154G>A,levofloxacin;moxifloxacin,ethionamide;isoniazid;prothionamide,cross_class,13,8,1,12,7,340,4.0476190476190474,0.25709698170802997,False,lineage2,100.0,1.0,False
gyrA|p.Asp94Asn,gyrB|p.Glu501Asp,gyrA,p.Asp94Asn,gyrB,p.Glu501Asp,levofloxacin;moxifloxacin,levofloxacin;moxifloxacin,within_class,13,3,0,13,3,344,0.0,1.0,True,,,1.0,False
gyrA|p.Asp94Asn,gyrB|p.Asp461Asn,gyrA,p.Asp94Asn,gyrB,p.Asp461Asn,levofloxacin;moxifloxacin,levofloxacin;moxifloxacin,within_class,13,1,0,13,1,346,0.0,1.0,True,,,1.0,False
gyrA|p.Asp94Asn,gyrB|p.Asn499Thr,gyrA,p.Asp94Asn,gyrB,p.Asn499Thr,levofloxacin;moxifloxacin,levofloxacin;moxifloxacin,within_class,13,2,0,13,2,345,0.0,1.0,True,,,1.0,False
gyrA|p.Asp94Asn,gyrA|p.Ser91Pro,gyrA,p.Asp94Asn,gyrA,p.Ser91Pro,levofloxacin;moxifloxacin,levofloxacin;moxifloxacin,within_class,13,47,0,13,47,300,0.0,0.2318804709080805,False,,,1.0,False
gyrA|p.Asp94Asn,gyrA|p.Gly88Cys,gyrA,p.Asp94Asn,gyrA,p.Gly88Cys,levofloxacin;moxifloxacin,levofloxacin;moxifloxacin,within_class,13,6,1,12,5,342,5.7,0.19928715739346944,False,lineage2,100.0,1.0,False
gyrA|p.Asp94Asn,gyrA|p.Asp94Tyr,gyrA,p.Asp94Asn,gyrA,p.Asp94Tyr,levofloxacin;moxifloxacin,levofloxacin;moxifloxacin,within_class,13,3,0,13,3,344,0.0,1.0,True,,,1.0,False
gyrA|p.Asp94Asn,gyrA|p.Asp94His,gyrA,p.Asp94Asn,gyrA,p.Asp94His,levofloxacin;moxifloxacin,levofloxacin;moxifloxacin,within_class,13,13,0,13,13,334,0.0,1.0,False,,,1.0,False
gyrA|p.Asp94Asn,gyrA|p.Asp94Gly,gyrA,p.Asp94Asn,gyrA,p.Asp94Gly,levofloxacin;moxifloxacin,levofloxacin;moxifloxacin,within_class,13,59,0,13,59,288,0.0,0.13827914984208084,False,,,1.0,False
gyrA|p.Asp94Asn,mmpR5|c.466dupC,gyrA,p.Asp94Asn,mmpR5,c.466dupC,levofloxacin;moxifloxacin,bedaquiline;clofazimine,cross_class,13,1,0,13,1,346,0.0,1.0,True,,,1.0,False
gyrA|p.Asp94Asn,mmpR5|c.441_442delGA,gyrA,p.Asp94Asn,mmpR5,c.441_442delGA,levofloxacin;moxifloxacin,bedaquiline;clofazimine,cross_class,13,2,0,13,2,345,0.0,1.0,True,,,1.0,False
gyrA|p.Asp94Asn,mmpR5|c.430dupG,gyrA,p.Asp94Asn,mmpR5,c.430dupG,levofloxacin;moxifloxacin,bedaquiline;clofazimine,cross_class,13,1,0,13,1,346,0.0,1.0,True,,,1.0,False
gyrA|p.Asp94Asn,mmpR5|c.424dupC,gyrA,p.Asp94Asn,mmpR5,c.424dupC,levofloxacin;moxifloxacin,bedaquiline;clofazimine,cross_class,13,14,0,13,14,333,0.0,1.0,False,,,1.0,False
gyrA|p.Asp94Asn,mmpR5|c.386delC,gyrA,p.Asp94Asn,mmpR5,c.386delC,levofloxacin;moxifloxacin,bedaquiline;clofazimine,cross_class,13,1,0,13,1,346,0.0,1.0,True,,,1.0,False
gyrA|p.Asp94Asn,mmpR5|c.366dupG,gyrA,p.Asp94Asn,mmpR5,c.366dupG,levofloxacin;moxifloxacin,bedaquiline;clofazimine,cross_class,13,1,0,13,1,346,0.0,1.0,True,,,1.0,False
gyrA|p.Asp94Asn,mmpR5|c.321dupC,gyrA,p.Asp94Asn,mmpR5,c.321dupC,levofloxacin;moxifloxacin,bedaquiline;clofazimine,cross_class,13,1,0,13,1,346,0.0,1.0,True,,,1.0,False
gyrA|p.Asp94Asn,mmpR5|c.291delC,gyrA,p.Asp94Asn,mmpR5,c.291delC,levofloxacin;moxifloxacin,bedaquiline;clofazimine,cross_class,13,1,0,13,1,346,0.0,1.0,True,,,1.0,False
gyrA|p.Asp94Asn,mmpR5|c.214delC,gyrA,p.Asp94Asn,mmpR5,c.214delC,levofloxacin;moxifloxacin,bedaquiline;clofazimine,cross_class,13,1,0,13,1,346,0.0,1.0,True,,,1.0,False
gyrA|p.Asp94Asn,mmpR5|c.19delG,gyrA,p.Asp94Asn,mmpR5,c.19delG,levofloxacin;moxifloxacin,bedaquiline;clofazimine,cross_class,13,1,0,13,1,346,0.0,1.0,True,,,1.0,False
gyrA|p.Asp94Asn,mmpR5|c.198dupG,gyrA,p.Asp94Asn,mmpR5,c.198dupG,levofloxacin;moxifloxacin,bedaquiline;clofazimine,cross_class,13,13,1,12,12,335,2.326388888888889,0.38519129017995535,False,lineage2,100.0,1.0,False
gyrA|p.Asp94Asn,mmpR5|c.198delG,gyrA,p.Asp94Asn,mmpR5,c.198delG,levofloxacin;moxifloxacin,bedaquiline;clofazimine,cross_class,13,1,0,13,1,346,0.0,1.0,True,,,1.0,False
gyrA|p.Asp94Asn,mmpR5|c.144dupC,gyrA,p.Asp94Asn,mmpR5,c.144dupC,levofloxacin;moxifloxacin,bedaquiline;clofazimine,cross_class,13,20,1,12,19,328,1.4385964912280702,0.5305138830171352,False,lineage2,100.0,1.0,False
gyrA|p.Asp94Asn,mmpR5|c.144delC,gyrA,p.Asp94Asn,mmpR5,c.144delC,levofloxacin;moxifloxacin,bedaquiline;clofazimine,cross_class,13,1,0,13,1,346,0.0,1.0,True,,,1.0,False
gyrA|p.Asp94Asn,mmpR5|c.141_142dupTC,gyrA,p.Asp94Asn,mmpR5,c.141_142dupTC,levofloxacin;moxifloxacin,bedaquiline;clofazimine,cross_class,13,2,0,13,2,345,0.0,1.0,True,,,1.0,False
gyrA|p.Asp94Asn,mmpR5|c.139dupG,gyrA,p.Asp94Asn,mmpR5,c.139dupG,levofloxacin;moxifloxacin,bedaquiline;clofazimine,cross_class,13,6,0,13,6,341,0.0,1.0,False,,,1.0,False
gyrA|p.Asp94Asn,pncA|p.Gln141Pro,gyrA,p.Asp94Asn,pncA,p.Gln141Pro,levofloxacin;moxifloxacin,pyrazinamide,cross_class,13,1,0,13,1,346,0.0,1.0,True,,,1.0,False
gyrA|p.Asp94Asn,pncA|p.Cys14Arg,gyrA,p.Asp94Asn,pncA,p.Cys14Arg,levofloxacin;moxifloxacin,pyrazinamide,cross_class,13,87,2,11,85,262,0.560427807486631,0.7416133710683626,False,lineage2,100.0,1.0,False
gyrA|p.Asp94Asn,pncA|p.Asp8Asn,gyrA,p.Asp94Asn,pncA,p.Asp8Asn,levofloxacin;moxifloxacin,pyrazinamide,cross_class,13,5,1,12,4,343,7.145833333333333,0.1688507043119347,False,lineage2,100.0,1.0,False
gyrA|p.Asp94Asn,pncA|p.Ala146Thr,gyrA,p.Asp94Asn,pncA,p.Ala146Thr,levofloxacin;moxifloxacin,pyrazinamide,cross_class,13,2,0,13,2,345,0.0,1.0,True,,,1.0,False
gyrA|p.Asp94Asn,pncA|c.459_466delCAGGGTGC,gyrA,p.Asp94Asn,pncA,c.459_466delCAGGGTGC,levofloxacin;moxifloxacin,pyrazinamide,cross_class,13,1,0,13,1,346,0.0,1.0,True,,,1.0,False
gyrA|p.Asp94Asn,pncA|c.393dupC,gyrA,p.Asp94Asn,pncA,c.393dupC,levofloxacin;moxifloxacin,pyrazinamide,cross_class,13,1,0,13,1,346,0.0,1.0,True,,,1.0,False
gyrA|p.Asp94Asn,pncA|c.169delC,gyrA,p.Asp94Asn,pncA,c.169delC,levofloxacin;moxifloxacin,pyrazinamide,cross_class,13,1,0,13,1,346,0.0,1.0,True,,,1.0,False
gyrA|p.Asp94Asn,mmpR5|p.Val1?,gyrA,p.Asp94Asn,mmpR5,p.Val1?,levofloxacin;moxifloxacin,bedaquiline;clofazimine,cross_class,13,1,0,13,1,346,0.0,1.0,True,,,1.0,False
gyrA|p.Asp94Asn,mmpR5|p.Tyr145*,gyrA,p.Asp94Asn,mmpR5,p.Tyr145*,levofloxacin;moxifloxacin,bedaquiline;clofazimine,cross_class,13,2,0,13,2,345,0.0,1.0,True,,,1.0,False
gyrA|p.Asp94Asn,mmpR5|p.Ile67Ser,gyrA,p.Asp94Asn,mmpR5,p.Ile67Ser,levofloxacin;moxifloxacin,bedaquiline;clofazimine,cross_class,13,2,0,13,2,345,0.0,1.0,True,,,1.0,False
gyrA|p.Asp94Asn,mmpR5|p.Gly121Arg,gyrA,p.Asp94Asn,mmpR5,p.Gly121Arg,levofloxacin;moxifloxacin,bedaquiline;clofazimine,cross_class,13,1,0,13,1,346,0.0,1.0,True,,,1.0,False
gyrA|p.Asp94Asn,mmpR5|p.Gln76*,gyrA,p.Asp94Asn,mmpR5,p.Gln76*,levofloxacin;moxifloxacin,bedaquiline;clofazimine,cross_class,13,2,0,13,2,345,0.0,1.0,True,,,1.0,False
gyrA|p.Asp94Asn,mmpR5|p.Asn70Asp,gyrA,p.Asp94Asn,mmpR5,p.Asn70Asp,levofloxacin;moxifloxacin,bedaquiline;clofazimine,cross_class,13,1,0,13,1,346,0.0,1.0,True,,,1.0,False
gyrA|p.Asp94Asn,mmpR5|p.Arg156*,gyrA,p.Asp94Asn,mmpR5,p.Arg156*,levofloxacin;moxifloxacin,bedaquiline;clofazimine,cross_class,13,1,0,13,1,346,0.0,1.0,True,,,1.0,False
gyrA|p.Asp94Asn,mmpR5|p.Arg134*,gyrA,p.Asp94Asn,mmpR5,p.Arg134*,levofloxacin;moxifloxacin,bedaquiline;clofazimine,cross_class,13,1,0,13,1,346,0.0,1.0,True,,,1.0,False
gyrA|p.Asp94Asn,rpoB|p.His445Asn,gyrA,p.Asp94Asn,rpoB,p.His445Asn,levofloxacin;moxifloxacin,rifampicin;rifapentine,cross_class,13,6,0,13,6,341,0.0,1.0,False,,,1.0,False
gyrA|p.Asp94Asn,rpoB|p.Gln432Lys,gyrA,p.Asp94Asn,rpoB,p.Gln432Lys,levofloxacin;moxifloxacin,rifampicin;rifapentine,cross_class,13,1,0,13,1,346,0.0,1.0,True,,,1.0,False
gyrA|p.Asp94Asn,rpoB|p.Asp435Tyr,gyrA,p.Asp94Asn,rpoB,p.Asp435Tyr,levofloxacin;moxifloxacin,rifampicin;rifapentine,cross_class,13,9,0,13,9,338,0.0,1.0,False,,,1.0,False
gyrA|p.Asp94Asn,rpoB|p.Asp435Gly,gyrA,p.Asp94Asn,rpoB,p.Asp435Gly,levofloxacin;moxifloxacin,rifampicin;rifapentine,cross_class,13,2,0,13,2,345,0.0,1.0,True,,,1.0,False
gyrA|p.Asp94Asn,rpoB|p.Asp435Ala,gyrA,p.Asp94Asn,rpoB,p.Asp435Ala,levofloxacin;moxifloxacin,rifampicin;rifapentine,cross_class,13,1,0,13,1,346,0.0,1.0,True,,,1.0,False
gyrA|p.Asp94Asn,rpoB|p.Asn437Ser,gyrA,p.Asp94Asn,rpoB,p.Asn437Ser,levofloxacin;moxifloxacin,rifampicin;rifapentine,cross_class,13,2,1,12,1,346,28.833333333333332,0.07101516558341071,True,lineage2,100.0,1.0,False
gyrA|p.Asp94Asn,rpoB|p.Ala451Val,gyrA,p.Asp94Asn,rpoB,p.Ala451Val,levofloxacin;moxifloxacin,rifampicin;rifapentine,cross_class,13,3,0,13,3,344,0.0,1.0,True,,,1.0,False
gyrA|p.Asp94Asn,rpoB|c.1296_1304delATTCATGGA,gyrA,p.Asp94Asn,rpoB,c.1296_1304delATTCATGGA,levofloxacin;moxifloxacin,rifampicin;rifapentine,cross_class,13,2,0,13,2,345,0.0,1.0,True,,,1.0,False
gyrA|p.Asp94Asn,rpoB|c.1294_1299delCAATTC,gyrA,p.Asp94Asn,rpoB,c.1294_1299delCAATTC,levofloxacin;moxifloxacin,rifampicin;rifapentine,cross_class,13,1,0,13,1,346,0.0,1.0,True,,,1.0,False
gyrA|p.Asp94Asn,rplC|p.Cys154Arg,gyrA,p.Asp94Asn,rplC,p.Cys154Arg,levofloxacin;moxifloxacin,linezolid,cross_class,13,4,0,13,4,343,0.0,1.0,True,,,1.0,False
gyrA|p.Asp94Asn,pncA|p.Val180Phe,gyrA,p.Asp94Asn,pncA,p.Val180Phe,levofloxacin;moxifloxacin,pyrazinamide,cross_class,13,1,0,13,1,346,0.0,1.0,True,,,1.0,False
gyrA|p.Asp94Asn,pncA|p.Val139Gly,gyrA,p.Asp94Asn,pncA,p.Val139Gly,levofloxacin;moxifloxacin,pyrazinamide,cross_class,13,1,0,13,1,346,0.0,1.0,True,,,1.0,False
gyrA|p.Asp94Asn,pncA|p.Thr47Ala,gyrA,p.Asp94Asn,pncA,p.Thr47Ala,levofloxacin;moxifloxacin,pyrazinamide,cross_class,13,1,0,13,1,346,0.0,1.0,True,,,1.0,False
gyrA|p.Asp94Asn,pncA|p.Ser104Arg,gyrA,p.Asp94Asn,pncA,p.Ser104Arg,levofloxacin;moxifloxacin,pyrazinamide,cross_class,13,7,0,13,7,340,0.0,1.0,False,,,1.0,False
gyrA|p.Asp94Asn,pncA|p.Ile31Ser,gyrA,p.Asp94Asn,pncA,p.Ile31Ser,levofloxacin;moxifloxacin,pyrazinamide,cross_class,13,1,0,13,1,346,0.0,1.0,True,,,1.0,False
gyrA|p.Asp94Asn,rrs|n.517C>T,gyrA,p.Asp94Asn,rrs,n.517C>T,levofloxacin;moxifloxacin,streptomycin,cross_class,13,2,0,13,2,345,0.0,1.0,True,,,1.0,False
gyrA|p.Asp94Asn,rrs|n.514A>C,gyrA,p.Asp94Asn,rrs,n.514A>C,levofloxacin;moxifloxacin,streptomycin,cross_class,13,164,9,4,155,192,2.7870967741935484,0.09439801782228356,False,lineage2,100.0,1.0,False
gyrA|p.Asp94Asn,rrs|n.1402C>T,gyrA,p.Asp94Asn,rrs,n.1402C>T,levofloxacin;moxifloxacin,amikacin;capreomycin;kanamycin,cross_class,13,2,0,13,2,345,0.0,1.0,True,,,1.0,False
gyrA|p.Asp94Asn,rrl|n.2814G>T,gyrA,p.Asp94Asn,rrl,n.2814G>T,levofloxacin;moxifloxacin,linezolid,cross_class,13,2,0,13,2,345,0.0,1.0,True,,,1.0,False
gyrA|p.Asp94Asn,rrl|n.2270G>T,gyrA,p.Asp94Asn,rrl,n.2270G>T,levofloxacin;moxifloxacin,linezolid,cross_class,13,2,0,13,2,345,0.0,1.0,True,,,1.0,False
gyrA|p.Asp94Asn,rpsL|p.Lys43Arg,gyrA,p.Asp94Asn,rpsL,p.Lys43Arg,levofloxacin;moxifloxacin,streptomycin,cross_class,13,26,0,13,26,321,0.0,0.6106623527605609,False,,,1.0,False
gyrA|p.Asp94Asn,rpoB|p.Val170Phe,gyrA,p.Asp94Asn,rpoB,p.Val170Phe,levofloxacin;moxifloxacin,rifampicin;rifapentine,cross_class,13,2,0,13,2,345,0.0,1.0,True,,,1.0,False
gyrA|p.Asp94Asn,rpoB|p.Ser450Leu,gyrA,p.Asp94Asn,rpoB,p.Ser450Leu,levofloxacin;moxifloxacin,rifampicin;rifapentine,cross_class,13,139,4,9,135,212,0.6979423868312757,0.7731075978699674,False,lineage2,100.0,1.0,False
gyrA|p.Asp94Asn,rpoB|p.Leu452Pro,gyrA,p.Asp94Asn,rpoB,p.Leu452Pro,levofloxacin;moxifloxacin,rifampicin;rifapentine,cross_class,13,10,0,13,10,337,0.0,1.0,False,,,1.0,False
gyrA|p.Asp94Asn,rpoB|p.Leu430Pro,gyrA,p.Asp94Asn,rpoB,p.Leu430Pro,levofloxacin;moxifloxacin,rifampicin;rifapentine,cross_class,13,22,1,12,21,326,1.2936507936507937,0.5657803310549424,False,lineage2,100.0,1.0,False
gyrA|p.Asp94Asn,rpoB|p.Ile491Phe,gyrA,p.Asp94Asn,rpoB,p.Ile491Phe,levofloxacin;moxifloxacin,rifampicin;rifapentine,cross_class,13,1,0,13,1,346,0.0,1.0,True,,,1.0,False
gyrA|p.Asp94Asn,rpoB|p.His445Tyr,gyrA,p.Asp94Asn,rpoB,p.His445Tyr,levofloxacin;moxifloxacin,rifampicin;rifapentine,cross_class,13,5,0,13,5,342,0.0,1.0,False,,,1.0,False
gyrA|p.Asp94Asn,rpoB|p.His445Leu,gyrA,p.Asp94Asn,rpoB,p.His445Leu,levofloxacin;moxifloxacin,rifampicin;rifapentine,cross_class,13,1,0,13,1,346,0.0,1.0,True,,,1.0,False
gyrA|p.Asp94Asn,rpoB|p.His445Asp,gyrA,p.Asp94Asn,rpoB,p.His445Asp,levofloxacin;moxifloxacin,rifampicin;rifapentine,cross_class,13,11,0,13,11,336,0.0,1.0,False,,,1.0,False
eis|c.-10G>A,eis|c.-14C>T,eis,c.-10G>A,eis,c.-14C>T,kanamycin,amikacin;kanamycin,within_class,1,1,0,1,1,358,0.0,1.0,True,,,1.0,False
ddn|c.365_366insC,tlyA|c.585_588delTGGG,ddn,c.365_366insC,tlyA,c.585_588delTGGG,delamanid;pretomanid,capreomycin,cross_class,1,30,0,1,30,329,0.0,1.0,True,,,1.0,False
ddn|c.365_366insC,tlyA|c.388dupG,ddn,c.365_366insC,tlyA,c.388dupG,delamanid;pretomanid,capreomycin,cross_class,1,1,0,1,1,358,0.0,1.0,True,,,1.0,False
ddn|c.365_366insC,rrs|n.517C>T,ddn,c.365_366insC,rrs,n.517C>T,delamanid;pretomanid,streptomycin,cross_class,1,2,0,1,2,357,0.0,1.0,True,,,1.0,False
ddn|c.365_366insC,rrs|n.514A>C,ddn,c.365_366insC,rrs,n.514A>C,delamanid;pretomanid,streptomycin,cross_class,1,164,1,0,163,196,inf,0.45555555555555555,True,lineage2,100.0,1.0,False
ddn|c.365_366insC,rrs|n.1402C>T,ddn,c.365_366insC,rrs,n.1402C>T,delamanid;pretomanid,amikacin;capreomycin;kanamycin,cross_class,1,2,0,1,2,357,0.0,1.0,True,,,1.0,False
ddn|c.365_366insC,rrs|n.1401A>G,ddn,c.365_366insC,rrs,n.1401A>G,delamanid;pretomanid,amikacin;capreomycin;kanamycin,cross_class,1,85,1,0,84,275,inf,0.2361111111111111,True,lineage2,100.0,1.0,False
ddn|c.365_366insC,rrl|n.2814G>T,ddn,c.365_366insC,rrl,n.2814G>T,delamanid;pretomanid,linezolid,cross_class,1,2,0,1,2,357,0.0,1.0,True,,,1.0,False
ddn|c.365_366insC,rrl|n.2270G>T,ddn,c.365_366insC,rrl,n.2270G>T,delamanid;pretomanid,linezolid,cross_class,1,2,0,1,2,357,0.0,1.0,True,,,1.0,False
ddn|c.365_366insC,rpsL|p.Lys88Arg,ddn,c.365_366insC,rpsL,p.Lys88Arg,delamanid;pretomanid,streptomycin,cross_class,1,8,0,1,8,351,0.0,1.0,True,,,1.0,False
ddn|c.365_366insC,rpsL|p.Lys43Arg,ddn,c.365_366insC,rpsL,p.Lys43Arg,delamanid;pretomanid,streptomycin,cross_class,1,26,0,1,26,333,0.0,1.0,True,,,1.0,False
ddn|c.365_366insC,rpoB|p.Val170Phe,ddn,c.365_366insC,rpoB,p.Val170Phe,delamanid;pretomanid,rifampicin;rifapentine,cross_class,1,2,0,1,2,357,0.0,1.0,True,,,1.0,False
ddn|c.365_366insC,rpoB|p.Ser450Leu,ddn,c.365_366insC,rpoB,p.Ser450Leu,delamanid;pretomanid,rifampicin;rifapentine,cross_class,1,139,0,1,139,220,0.0,1.0,True,,,1.0,False
ddn|c.365_366insC,rpoB|p.Leu452Pro,ddn,c.365_366insC,rpoB,p.Leu452Pro,delamanid;pretomanid,rifampicin;rifapentine,cross_class,1,10,0,1,10,349,0.0,1.0,True,,,1.0,False
ddn|c.365_366insC,rpoB|p.Leu430Pro,ddn,c.365_366insC,rpoB,p.Leu430Pro,delamanid;pretomanid,rifampicin;rifapentine,cross_class,1,22,0,1,22,337,0.0,1.0,True,,,1.0,False
ddn|c.365_366insC,rpoB|p.Ile491Phe,ddn,c.365_366insC,rpoB,p.Ile491Phe,delamanid;pretomanid,rifampicin;rifapentine,cross_class,1,1,0,1,1,358,0.0,1.0,True,,,1.0,False
gyrA|p.Asp94Gly,katG|p.Ser315Asn,gyrA,p.Asp94Gly,katG,p.Ser315Asn,levofloxacin;moxifloxacin,isoniazid,cross_class,59,5,1,58,4,297,1.2801724137931034,0.5936189370465639,False,lineage2,100.0,1.0,False
gyrA|p.Asp94Gly,katG|c.18delA,gyrA,p.Asp94Gly,katG,c.18delA,levofloxacin;moxifloxacin,isoniazid,cross_class,59,1,1,58,0,301,inf,0.1638888888888889,True,lineage2,100.0,1.0,False
gyrA|p.Asp94Gly,katG|c.117delG,gyrA,p.Asp94Gly,katG,c.117delG,levofloxacin;moxifloxacin,isoniazid,cross_class,59,1,0,59,1,300,0.0,1.0,True,,,1.0,False
gyrA|p.Asp94Gly,inhA|c.-779G>T,gyrA,p.Asp94Gly,inhA,c.-779G>T,levofloxacin;moxifloxacin,ethionamide;isoniazid;prothionamide,cross_class,59,105,11,48,94,207,0.504654255319149,0.06004372722642933,False,lineage2,100.0,1.0,False
gyrA|p.Asp94Gly,inhA|c.-777C>T,gyrA,p.Asp94Gly,inhA,c.-777C>T,levofloxacin;moxifloxacin,ethionamide;isoniazid;prothionamide,cross_class,59,29,7,52,22,279,1.707167832167832,0.29139581509677076,False,lineage2,100.0,1.0,False
gyrA|p.Asp94Gly,inhA|c.-154G>A,gyrA,p.Asp94Gly,inhA,c.-154G>A,levofloxacin;moxifloxacin,ethionamide;isoniazid;prothionamide,cross_class,59,8,0,59,8,293,0.0,0.3626320900361477,False,,,1.0,False
gyrA|p.Asp94Gly,gyrB|p.Glu501Asp,gyrA,p.Asp94Gly,gyrB,p.Glu501Asp,levofloxacin;moxifloxacin,levofloxacin;moxifloxacin,within_class,59,3,1,58,2,299,2.5775862068965516,0.41644880513323274,True,lineage2,100.0,1.0,False
gyrA|p.Asp94Gly,gyrB|p.Asp461Asn,gyrA,p.Asp94Gly,gyrB,p.Asp461Asn,levofloxacin;moxifloxacin,levofloxacin;moxifloxacin,within_class,59,1,0,59,1,300,0.0,1.0,True,,,1.0,False
gyrA|p.Asp94Gly,gyrB|p.Asn499Thr,gyrA,p.Asp94Gly,gyrB,p.Asn499Thr,levofloxacin;moxifloxacin,levofloxacin;moxifloxacin,within_class,59,2,0,59,2,299,0.0,1.0,True,,,1.0,False
gyrA|p.Asp94Gly,gyrA|p.Gly88Cys,gyrA,p.Asp94Gly,gyrA,p.Gly88Cys,levofloxacin;moxifloxacin,levofloxacin;moxifloxacin,within_class,59,6,0,59,6,295,0.0,0.594763672435165,False,,,1.0,False
gyrA|p.Asp94Gly,gyrA|p.Asp94Tyr,gyrA,p.Asp94Gly,gyrA,p.Asp94Tyr,levofloxacin;moxifloxacin,levofloxacin;moxifloxacin,within_class,59,3,0,59,3,298,0.0,1.0,True,,,1.0,False
gyrA|p.Asp94Gly,gyrA|p.Asp94His,gyrA,p.Asp94Gly,gyrA,p.Asp94His,levofloxacin;moxifloxacin,levofloxacin;moxifloxacin,within_class,59,13,0,59,13,288,0.0,0.13827914984208084,False,,,1.0,False
gyrA|p.Asp94Asn,tlyA|c.585_588delTGGG,gyrA,p.Asp94Asn,tlyA,c.585_588delTGGG,levofloxacin;moxifloxacin,capreomycin,cross_class,13,30,0,13,30,317,0.0,0.6121899187243172,False,,,1.0,False
gyrA|p.Asp94Asn,tlyA|c.388dupG,gyrA,p.Asp94Asn,tlyA,c.388dupG,levofloxacin;moxifloxacin,capreomycin,cross_class,13,1,0,13,1,346,0.0,1.0,True,,,1.0,False
gyrA|p.Asp94Gly,mmpR5|c.441_442delGA,gyrA,p.Asp94Gly,mmpR5,c.441_442delGA,levofloxacin;moxifloxacin,bedaquiline;clofazimine,cross_class,59,2,0,59,2,299,0.0,1.0,True,,,1.0,False
gyrA|p.Asp94Gly,mmpR5|c.430dupG,gyrA,p.Asp94Gly,mmpR5,c.430dupG,levofloxacin;moxifloxacin,bedaquiline;clofazimine,cross_class,59,1,0,59,1,300,0.0,1.0,True,,,1.0,False
gyrA|p.Asp94Gly,mmpR5|c.386delC,gyrA,p.Asp94Gly,mmpR5,c.386delC,levofloxacin;moxifloxacin,bedaquiline;clofazimine,cross_class,59,1,0,59,1,300,0.0,1.0,True,,,1.0,False
gyrA|p.Asp94Gly,mmpR5|c.366dupG,gyrA,p.Asp94Gly,mmpR5,c.366dupG,levofloxacin;moxifloxacin,bedaquiline;clofazimine,cross_class,59,1,0,59,1,300,0.0,1.0,True,,,1.0,False
gyrA|p.Asp94Gly,mmpR5|c.321dupC,gyrA,p.Asp94Gly,mmpR5,c.321dupC,levofloxacin;moxifloxacin,bedaquiline;clofazimine,cross_class,59,1,0,59,1,300,0.0,1.0,True,,,1.0,False
gyrA|p.Asp94Gly,mmpR5|c.291delC,gyrA,p.Asp94Gly,mmpR5,c.291delC,levofloxacin;moxifloxacin,bedaquiline;clofazimine,cross_class,59,1,0,59,1,300,0.0,1.0,True,,,1.0,False
gyrA|p.Asp94Gly,mmpR5|c.214delC,gyrA,p.Asp94Gly,mmpR5,c.214delC,levofloxacin;moxifloxacin,bedaquiline;clofazimine,cross_class,59,1,0,59,1,300,0.0,1.0,True,,,1.0,False
gyrA|p.Asp94Gly,mmpR5|c.19delG,gyrA,p.Asp94Gly,mmpR5,c.19delG,levofloxacin;moxifloxacin,bedaquiline;clofazimine,cross_class,59,1,1,58,0,301,inf,0.1638888888888889,True,lineage2,100.0,1.0,False
gyrA|p.Asp94Gly,mmpR5|c.198dupG,gyrA,p.Asp94Gly,mmpR5,c.198dupG,levofloxacin;moxifloxacin,bedaquiline;clofazimine,cross_class,59,13,3,56,10,291,1.5589285714285714,0.45446174877351597,False,lineage2,100.0,1.0,False
gyrA|p.Asp94Gly,mmpR5|c.198delG,gyrA,p.Asp94Gly,mmpR5,c.198delG,levofloxacin;moxifloxacin,bedaquiline;clofazimine,cross_class,59,1,0,59,1,300,0.0,1.0,True,,,1.0,False
gyrA|p.Asp94Gly,mmpR5|c.144dupC,gyrA,p.Asp94Gly,mmpR5,c.144dupC,levofloxacin;moxifloxacin,bedaquiline;clofazimine,cross_class,59,20,3,56,17,284,0.8949579831932774,1.0,False,lineage2,100.0,1.0,False
gyrA|p.Asp94Gly,mmpR5|c.144delC,gyrA,p.Asp94Gly,mmpR5,c.144delC,levofloxacin;moxifloxacin,bedaquiline;clofazimine,cross_class,59,1,0,59,1,300,0.0,1.0,True,,,1.0,False
gyrA|p.Asp94Gly,mmpR5|c.141_142dupTC,gyrA,p.Asp94Gly,mmpR5,c.141_142dupTC,levofloxacin;moxifloxacin,bedaquiline;clofazimine,cross_class,59,2,0,59,2,299,0.0,1.0,True,,,1.0,False
gyrA|p.Asp94Gly,mmpR5|c.139dupG,gyrA,p.Asp94Gly,mmpR5,c.139dupG,levofloxacin;moxifloxacin,bedaquiline;clofazimine,cross_class,59,6,1,58,5,296,1.0206896551724138,1.0,False,lineage2,100.0,1.0,False
gyrA|p.Asp94Gly,mmpR5|c.139_140dupGA,gyrA,p.Asp94Gly,mmpR5,c.139_140dupGA,levofloxacin;moxifloxacin,bedaquiline;clofazimine,cross_class,59,1,0,59,1,300,0.0,1.0,True,,,1.0,False
gyrA|p.Asp94Gly,pncA|p.Asp8Asn,gyrA,p.Asp94Gly,pncA,p.Asp8Asn,levofloxacin;moxifloxacin,pyrazinamide,cross_class,59,5,0,59,5,296,0.0,1.0,False,,,1.0,False
gyrA|p.Asp94Gly,pncA|p.Ala146Thr,gyrA,p.Asp94Gly,pncA,p.Ala146Thr,levofloxacin;moxifloxacin,pyrazinamide,cross_class,59,2,0,59,2,299,0.0,1.0,True,,,1.0,False
gyrA|p.Asp94Gly,pncA|c.517dupG,gyrA,p.Asp94Gly,pncA,c.517dupG,levofloxacin;moxifloxacin,pyrazinamide,cross_class,59,70,11,48,59,242,0.9399717514124294,1.0,False,lineage2,100.0,1.0,False
gyrA|p.Asp94Gly,pncA|c.459_466delCAGGGTGC,gyrA,p.Asp94Gly,pncA,c.459_466delCAGGGTGC,levofloxacin;moxifloxacin,pyrazinamide,cross_class,59,1,0,59,1,300,0.0,1.0,True,,,1.0,False
gyrA|p.Asp94Gly,pncA|c.393dupC,gyrA,p.Asp94Gly,pncA,c.393dupC,levofloxacin;moxifloxacin,pyrazinamide,cross_class,59,1,1,58,0,301,inf,0.1638888888888889,True,lineage2,100.0,1.0,False
gyrA|p.Asp94Gly,pncA|c.169delC,gyrA,p.Asp94Gly,pncA,c.169delC,levofloxacin;moxifloxacin,pyrazinamide,cross_class,59,1,0,59,1,300,0.0,1.0,True,,,1.0,False
gyrA|p.Asp94Gly,mmpR5|p.Val1?,gyrA,p.Asp94Gly,mmpR5,p.Val1?,levofloxacin;moxifloxacin,bedaquiline;clofazimine,cross_class,59,1,1,58,0,301,inf,0.1638888888888889,True,lineage2,100.0,1.0,False
gyrA|p.Asp94Gly,mmpR5|p.Tyr145*,gyrA,p.Asp94Gly,mmpR5,p.Tyr145*,levofloxacin;moxifloxacin,bedaquiline;clofazimine,cross_class,59,2,0,59,2,299,0.0,1.0,True,,,1.0,False
gyrA|p.Asp94Gly,mmpR5|p.Ile67Ser,gyrA,p.Asp94Gly,mmpR5,p.Ile67Ser,levofloxacin;moxifloxacin,bedaquiline;clofazimine,cross_class,59,2,0,59,2,299,0.0,1.0,True,,,1.0,False
gyrA|p.Asp94Gly,mmpR5|p.Gly121Arg,gyrA,p.Asp94Gly,mmpR5,p.Gly121Arg,levofloxacin;moxifloxacin,bedaquiline;clofazimine,cross_class,59,1,0,59,1,300,0.0,1.0,True,,,1.0,False
gyrA|p.Asp94Gly,mmpR5|p.Gln76*,gyrA,p.Asp94Gly,mmpR5,p.Gln76*,levofloxacin;moxifloxacin,bedaquiline;clofazimine,cross_class,59,2,0,59,2,299,0.0,1.0,True,,,1.0,False
gyrA|p.Asp94Gly,mmpR5|p.Asn70Asp,gyrA,p.Asp94Gly,mmpR5,p.Asn70Asp,levofloxacin;moxifloxacin,bedaquiline;clofazimine,cross_class,59,1,1,58,0,301,inf,0.1638888888888889,True,lineage2,100.0,1.0,False
gyrA|p.Asp94Gly,mmpR5|p.Arg156*,gyrA,p.Asp94Gly,mmpR5,p.Arg156*,levofloxacin;moxifloxacin,bedaquiline;clofazimine,cross_class,59,1,0,59,1,300,0.0,1.0,True,,,1.0,False
gyrA|p.Asp94Gly,mmpR5|p.Arg134*,gyrA,p.Asp94Gly,mmpR5,p.Arg134*,levofloxacin;moxifloxacin,bedaquiline;clofazimine,cross_class,59,1,0,59,1,300,0.0,1.0,True,,,1.0,False
gyrA|p.Asp94Gly,mmpR5|c.466dupC,gyrA,p.Asp94Gly,mmpR5,c.466dupC,levofloxacin;moxifloxacin,bedaquiline;clofazimine,cross_class,59,1,0,59,1,300,0.0,1.0,True,,,1.0,False
gyrA|p.Asp94Gly,rpoB|p.Gln432Lys,gyrA,p.Asp94Gly,rpoB,p.Gln432Lys,levofloxacin;moxifloxacin,rifampicin;rifapentine,cross_class,59,1,0,59,1,300,0.0,1.0,True,,,1.0,False
gyrA|p.Asp94Gly,rpoB|p.Asp435Val,gyrA,p.Asp94Gly,rpoB,p.Asp435Val,levofloxacin;moxifloxacin,rifampicin;rifapentine,cross_class,59,73,11,48,62,239,0.8834005376344086,0.8599282648876504,False,lineage2,100.0,1.0,False
gyrA|p.Asp94Gly,rpoB|p.Asp435Tyr,gyrA,p.Asp94Gly,rpoB,p.Asp435Tyr,levofloxacin;moxifloxacin,rifampicin;rifapentine,cross_class,59,9,2,57,7,294,1.4736842105263157,0.6452355804749651,False,lineage2,100.0,1.0,False
gyrA|p.Asp94Gly,rpoB|p.Asp435Gly,gyrA,p.Asp94Gly,rpoB,p.Asp435Gly,levofloxacin;moxifloxacin,rifampicin;rifapentine,cross_class,59,2,0,59,2,299,0.0,1.0,True,,,1.0,False
gyrA|p.Asp94Gly,rpoB|p.Asp435Ala,gyrA,p.Asp94Gly,rpoB,p.Asp435Ala,levofloxacin;moxifloxacin,rifampicin;rifapentine,cross_class,59,1,0,59,1,300,0.0,1.0,True,,,1.0,False
gyrA|p.Asp94Gly,rpoB|p.Asn437Ser,gyrA,p.Asp94Gly,rpoB,p.Asn437Ser,levofloxacin;moxifloxacin,rifampicin;rifapentine,cross_class,59,2,0,59,2,299,0.0,1.0,True,,,1.0,False
gyrA|p.Asp94Gly,rpoB|p.Ala451Val,gyrA,p.Asp94Gly,rpoB,p.Ala451Val,levofloxacin;moxifloxacin,rifampicin;rifapentine,cross_class,59,3,0,59,3,298,0.0,1.0,True,,,1.0,False
gyrA|p.Asp94Gly,rpoB|c.1296_1304delATTCATGGA,gyrA,p.Asp94Gly,rpoB,c.1296_1304delATTCATGGA,levofloxacin;moxifloxacin,rifampicin;rifapentine,cross_class,59,2,0,59,2,299,0.0,1.0,True,,,1.0,False
gyrA|p.Asp94Gly,rpoB|c.1294_1299delCAATTC,gyrA,p.Asp94Gly,rpoB,c.1294_1299delCAATTC,levofloxacin;moxifloxacin,rifampicin;rifapentine,cross_class,59,1,0,59,1,300,0.0,1.0,True,,,1.0,False
gyrA|p.Asp94Gly,rplC|p.Cys154Arg,gyrA,p.Asp94Gly,rplC,p.Cys154Arg,levofloxacin;moxifloxacin,linezolid,cross_class,59,4,2,57,2,299,5.245614035087719,0.12712510347660017,True,lineage2,100.0,1.0,False
gyrA|p.Asp94Gly,pncA|p.Val180Phe,gyrA,p.Asp94Gly,pncA,p.Val180Phe,levofloxacin;moxifloxacin,pyrazinamide,cross_class,59,1,0,59,1,300,0.0,1.0,True,,,1.0,False
gyrA|p.Asp94Gly,pncA|p.Val139Gly,gyrA,p.Asp94Gly,pncA,p.Val139Gly,levofloxacin;moxifloxacin,pyrazinamide,cross_class,59,1,1,58,0,301,inf,0.1638888888888889,True,lineage2,100.0,1.0,False
gyrA|p.Asp94Gly,pncA|p.Thr47Ala,gyrA,p.Asp94Gly,pncA,p.Thr47Ala,levofloxacin;moxifloxacin,pyrazinamide,cross_class,59,1,0,59,1,300,0.0,1.0,True,,,1.0,False
gyrA|p.Asp94Gly,pncA|p.Ile31Ser,gyrA,p.Asp94Gly,pncA,p.Ile31Ser,levofloxacin;moxifloxacin,pyrazinamide,cross_class,59,1,0,59,1,300,0.0,1.0,True,,,1.0,False
gyrA|p.Asp94Gly,pncA|p.Gln141Pro,gyrA,p.Asp94Gly,pncA,p.Gln141Pro,levofloxacin;moxifloxacin,pyrazinamide,cross_class,59,1,0,59,1,300,0.0,1.0,True,,,1.0,False
gyrA|p.Asp94Gly,rrs|n.1401A>G,gyrA,p.Asp94Gly,rrs,n.1401A>G,levofloxacin;moxifloxacin,amikacin;capreomycin;kanamycin,cross_class,59,85,14,45,71,230,1.0078247261345852,1.0,False,lineage2,100.0,1.0,False
gyrA|p.Asp94Gly,rrl|n.2814G>T,gyrA,p.Asp94Gly,rrl,n.2814G>T,levofloxacin;moxifloxacin,linezolid,cross_class,59,2,1,58,1,300,5.172413793103448,0.3012999071494893,True,lineage2,100.0,1.0,False
gyrA|p.Asp94Gly,rrl|n.2270G>T,gyrA,p.Asp94Gly,rrl,n.2270G>T,levofloxacin;moxifloxacin,linezolid,cross_class,59,2,1,58,1,300,5.172413793103448,0.3012999071494893,True,lineage2,100.0,1.0,False
gyrA|p.Asp94Gly,rpsL|p.Lys88Arg,gyrA,p.Asp94Gly,rpsL,p.Lys88Arg,levofloxacin;moxifloxacin,streptomycin,cross_class,59,8,2,57,6,295,1.7251461988304093,0.6224427039370756,False,lineage2,100.0,1.0,False
gyrA|p.Asp94Gly,rpsL|p.Lys43Arg,gyrA,p.Asp94Gly,rpsL,p.Lys43Arg,levofloxacin;moxifloxacin,streptomycin,cross_class,59,26,7,52,19,282,1.9979757085020242,0.16422273171904336,False,lineage2,100.0,1.0,False
gyrA|p.Asp94Gly,rpoB|p.Leu452Pro,gyrA,p.Asp94Gly,rpoB,p.Leu452Pro,levofloxacin;moxifloxacin,rifampicin;rifapentine,cross_class,59,10,1,58,9,292,0.5593869731800766,1.0,False,lineage2,100.0,1.0,False
gyrA|p.Asp94Gly,rpoB|p.Leu430Pro,gyrA,p.Asp94Gly,rpoB,p.Leu430Pro,levofloxacin;moxifloxacin,rifampicin;rifapentine,cross_class,59,22,5,54,17,284,1.5468409586056644,0.3795615796713261,False,lineage2,100.0,1.0,False
gyrA|p.Asp94Gly,rpoB|p.Ile491Phe,gyrA,p.Asp94Gly,rpoB,p.Ile491Phe,levofloxacin;moxifloxacin,rifampicin;rifapentine,cross_class,59,1,0,59,1,300,0.0,1.0,True,,,1.0,False
gyrA|p.Asp94Gly,rpoB|p.His445Tyr,gyrA,p.Asp94Gly,rpoB,p.His445Tyr,levofloxacin;moxifloxacin,rifampicin;rifapentine,cross_class,59,5,0,59,5,296,0.0,1.0,False,,,1.0,False
gyrA|p.Asp94Gly,rpoB|p.His445Leu,gyrA,p.Asp94Gly,rpoB,p.His445Leu,levofloxacin;moxifloxacin,rifampicin;rifapentine,cross_class,59,1,0,59,1,300,0.0,1.0,True,,,1.0,False
gyrA|p.Asp94Gly,rpoB|p.His445Asp,gyrA,p.Asp94Gly,rpoB,p.His445Asp,levofloxacin;moxifloxacin,rifampicin;rifapentine,cross_class,59,11,1,58,10,291,0.5017241379310344,1.0,False,lineage2,100.0,1.0,False
gyrA|p.Asp94Gly,rpoB|p.His445Asn,gyrA,p.Asp94Gly,rpoB,p.His445Asn,levofloxacin;moxifloxacin,rifampicin;rifapentine,cross_class,59,6,1,58,5,296,1.0206896551724138,1.0,False,lineage2,100.0,1.0,False
gyrA|p.Asp94His,katG|p.Ser315Asn,gyrA,p.Asp94His,katG,p.Ser315Asn,levofloxacin;moxifloxacin,isoniazid,cross_class,13,5,0,13,5,342,0.0,1.0,False,,,1.0,False
gyrA|p.Asp94His,katG|c.18delA,gyrA,p.Asp94His,katG,c.18delA,levofloxacin;moxifloxacin,isoniazid,cross_class,13,1,0,13,1,346,0.0,1.0,True,,,1.0,False
gyrA|p.Asp94His,katG|c.117delG,gyrA,p.Asp94His,katG,c.117delG,levofloxacin;moxifloxacin,isoniazid,cross_class,13,1,0,13,1,346,0.0,1.0,True,,,1.0,False
gyrA|p.Asp94His,inhA|c.-777C>T,gyrA,p.Asp94His,inhA,c.-777C>T,levofloxacin;moxifloxacin,ethionamide;isoniazid;prothionamide,cross_class,13,29,0,13,29,318,0.0,0.6110147366598455,False,,,1.0,False
gyrA|p.Asp94His,inhA|c.-154G>A,gyrA,p.Asp94His,inhA,c.-154G>A,levofloxacin;moxifloxacin,ethionamide;isoniazid;prothionamide,cross_class,13,8,0,13,8,339,0.0,1.0,False,,,1.0,False
gyrA|p.Asp94His,gyrB|p.Glu501Asp,gyrA,p.Asp94His,gyrB,p.Glu501Asp,levofloxacin;moxifloxacin,levofloxacin;moxifloxacin,within_class,13,3,0,13,3,344,0.0,1.0,True,,,1.0,False
gyrA|p.Asp94His,gyrB|p.Asp461Asn,gyrA,p.Asp94His,gyrB,p.Asp461Asn,levofloxacin;moxifloxacin,levofloxacin;moxifloxacin,within_class,13,1,0,13,1,346,0.0,1.0,True,,,1.0,False
gyrA|p.Asp94His,gyrB|p.Asn499Thr,gyrA,p.Asp94His,gyrB,p.Asn499Thr,levofloxacin;moxifloxacin,levofloxacin;moxifloxacin,within_class,13,2,0,13,2,345,0.0,1.0,True,,,1.0,False
gyrA|p.Asp94His,gyrA|p.Ser91Pro,gyrA,p.Asp94His,gyrA,p.Ser91Pro,levofloxacin;moxifloxacin,levofloxacin;moxifloxacin,within_class,13,47,0,13,47,300,0.0,0.2318804709080805,False,,,1.0,False
gyrA|p.Asp94His,gyrA|p.Gly88Cys,gyrA,p.Asp94His,gyrA,p.Gly88Cys,levofloxacin;moxifloxacin,levofloxacin;moxifloxacin,within_class,13,6,0,13,6,341,0.0,1.0,False,,,1.0,False
gyrA|p.Asp94His,gyrA|p.Asp94Tyr,gyrA,p.Asp94His,gyrA,p.Asp94Tyr,levofloxacin;moxifloxacin,levofloxacin;moxifloxacin,within_class,13,3,0,13,3,344,0.0,1.0,True,,,1.0,False
gyrA|p.Asp94Gly,tlyA|c.388dupG,gyrA,p.Asp94Gly,tlyA,c.388dupG,levofloxacin;moxifloxacin,capreomycin,cross_class,59,1,1,58,0,301,inf,0.1638888888888889,True,lineage2,100.0,1.0,False
gyrA|p.Asp94Gly,rrs|n.517C>T,gyrA,p.Asp94Gly,rrs,n.517C>T,levofloxacin;moxifloxacin,streptomycin,cross_class,59,2,0,59,2,299,0.0,1.0,True,,,1.0,False
gyrA|p.Asp94His,mmpR5|c.441_442delGA,gyrA,p.Asp94His,mmpR5,c.441_442delGA,levofloxacin;moxifloxacin,bedaquiline;clofazimine,cross_class,13,2,0,13,2,345,0.0,1.0,True,,,1.0,False
gyrA|p.Asp94His,mmpR5|c.430dupG,gyrA,p.Asp94His,mmpR5,c.430dupG,levofloxacin;moxifloxacin,bedaquiline;clofazimine,cross_class,13,1,0,13,1,346,0.0,1.0,True,,,1.0,False
gyrA|p.Asp94His,mmpR5|c.424dupC,gyrA,p.Asp94His,mmpR5,c.424dupC,levofloxacin;moxifloxacin,bedaquiline;clofazimine,cross_class,13,14,0,13,14,333,0.0,1.0,False,,,1.0,False
gyrA|p.Asp94His,mmpR5|c.386delC,gyrA,p.Asp94His,mmpR5,c.386delC,levofloxacin;moxifloxacin,bedaquiline;clofazimine,cross_class,13,1,0,13,1,346,0.0,1.0,True,,,1.0,False
gyrA|p.Asp94His,mmpR5|c.366dupG,gyrA,p.Asp94His,mmpR5,c.366dupG,levofloxacin;moxifloxacin,bedaquiline;clofazimine,cross_class,13,1,0,13,1,346,0.0,1.0,True,,,1.0,False
gyrA|p.Asp94His,mmpR5|c.321dupC,gyrA,p.Asp94His,mmpR5,c.321dupC,levofloxacin;moxifloxacin,bedaquiline;clofazimine,cross_class,13,1,0,13,1,346,0.0,1.0,True,,,1.0,False
gyrA|p.Asp94His,mmpR5|c.291delC,gyrA,p.Asp94His,mmpR5,c.291delC,levofloxacin;moxifloxacin,bedaquiline;clofazimine,cross_class,13,1,0,13,1,346,0.0,1.0,True,,,1.0,False
gyrA|p.Asp94His,mmpR5|c.214delC,gyrA,p.Asp94His,mmpR5,c.214delC,levofloxacin;moxifloxacin,bedaquiline;clofazimine,cross_class,13,1,0,13,1,346,0.0,1.0,True,,,1.0,False
gyrA|p.Asp94His,mmpR5|c.19delG,gyrA,p.Asp94His,mmpR5,c.19delG,levofloxacin;moxifloxacin,bedaquiline;clofazimine,cross_class,13,1,0,13,1,346,0.0,1.0,True,,,1.0,False
gyrA|p.Asp94His,mmpR5|c.198dupG,gyrA,p.Asp94His,mmpR5,c.198dupG,levofloxacin;moxifloxacin,bedaquiline;clofazimine,cross_class,13,13,0,13,13,334,0.0,1.0,False,,,1.0,False
gyrA|p.Asp94His,mmpR5|c.198delG,gyrA,p.Asp94His,mmpR5,c.198delG,levofloxacin;moxifloxacin,bedaquiline;clofazimine,cross_class,13,1,0,13,1,346,0.0,1.0,True,,,1.0,False
gyrA|p.Asp94His,mmpR5|c.144delC,gyrA,p.Asp94His,mmpR5,c.144delC,levofloxacin;moxifloxacin,bedaquiline;clofazimine,cross_class,13,1,0,13,1,346,0.0,1.0,True,,,1.0,False
gyrA|p.Asp94His,mmpR5|c.141_142dupTC,gyrA,p.Asp94His,mmpR5,c.141_142dupTC,levofloxacin;moxifloxacin,bedaquiline;clofazimine,cross_class,13,2,0,13,2,345,0.0,1.0,True,,,1.0,False
gyrA|p.Asp94His,mmpR5|c.139_140dupGA,gyrA,p.Asp94His,mmpR5,c.139_140dupGA,levofloxacin;moxifloxacin,bedaquiline;clofazimine,cross_class,13,1,0,13,1,346,0.0,1.0,True,,,1.0,False
gyrA|p.Asp94His,pncA|p.Asp8Asn,gyrA,p.Asp94His,pncA,p.Asp8Asn,levofloxacin;moxifloxacin,pyrazinamide,cross_class,13,5,0,13,5,342,0.0,1.0,False,,,1.0,False
gyrA|p.Asp94His,pncA|p.Ala146Thr,gyrA,p.Asp94His,pncA,p.Ala146Thr,levofloxacin;moxifloxacin,pyrazinamide,cross_class,13,2,0,13,2,345,0.0,1.0,True,,,1.0,False
gyrA|p.Asp94His,pncA|c.459_466delCAGGGTGC,gyrA,p.Asp94His,pncA,c.459_466delCAGGGTGC,levofloxacin;moxifloxacin,pyrazinamide,cross_class,13,1,0,13,1,346,0.0,1.0,True,,,1.0,False
gyrA|p.Asp94His,pncA|c.393dupC,gyrA,p.Asp94His,pncA,c.393dupC,levofloxacin;moxifloxacin,pyrazinamide,cross_class,13,1,0,13,1,346,0.0,1.0,True,,,1.0,False
gyrA|p.Asp94His,pncA|c.169delC,gyrA,p.Asp94His,pncA,c.169delC,levofloxacin;moxifloxacin,pyrazinamide,cross_class,13,1,0,13,1,346,0.0,1.0,True,,,1.0,False
gyrA|p.Asp94His,mmpR5|p.Val1?,gyrA,p.Asp94His,mmpR5,p.Val1?,levofloxacin;moxifloxacin,bedaquiline;clofazimine,cross_class,13,1,0,13,1,346,0.0,1.0,True,,,1.0,False
gyrA|p.Asp94His,mmpR5|p.Tyr145*,gyrA,p.Asp94His,mmpR5,p.Tyr145*,levofloxacin;moxifloxacin,bedaquiline;clofazimine,cross_class,13,2,0,13,2,345,0.0,1.0,True,,,1.0,False
gyrA|p.Asp94His,mmpR5|p.Ile67Ser,gyrA,p.Asp94His,mmpR5,p.Ile67Ser,levofloxacin;moxifloxacin,bedaquiline;clofazimine,cross_class,13,2,0,13,2,345,0.0,1.0,True,,,1.0,False
gyrA|p.Asp94His,mmpR5|p.Gly121Arg,gyrA,p.Asp94His,mmpR5,p.Gly121Arg,levofloxacin;moxifloxacin,bedaquiline;clofazimine,cross_class,13,1,0,13,1,346,0.0,1.0,True,,,1.0,False
gyrA|p.Asp94His,mmpR5|p.Gln76*,gyrA,p.Asp94His,mmpR5,p.Gln76*,levofloxacin;moxifloxacin,bedaquiline;clofazimine,cross_class,13,2,0,13,2,345,0.0,1.0,True,,,1.0,False
gyrA|p.Asp94His,mmpR5|p.Asn70Asp,gyrA,p.Asp94His,mmpR5,p.Asn70Asp,levofloxacin;moxifloxacin,bedaquiline;clofazimine,cross_class,13,1,0,13,1,346,0.0,1.0,True,,,1.0,False
gyrA|p.Asp94His,mmpR5|p.Arg156*,gyrA,p.Asp94His,mmpR5,p.Arg156*,levofloxacin;moxifloxacin,bedaquiline;clofazimine,cross_class,13,1,0,13,1,346,0.0,1.0,True,,,1.0,False
gyrA|p.Asp94His,mmpR5|p.Arg134*,gyrA,p.Asp94His,mmpR5,p.Arg134*,levofloxacin;moxifloxacin,bedaquiline;clofazimine,cross_class,13,1,0,13,1,346,0.0,1.0,True,,,1.0,False
gyrA|p.Asp94His,mmpR5|c.466dupC,gyrA,p.Asp94His,mmpR5,c.466dupC,levofloxacin;moxifloxacin,bedaquiline;clofazimine,cross_class,13,1,0,13,1,346,0.0,1.0,True,,,1.0,False
ddn|c.365_366insC,rpoB|p.His445Tyr,ddn,c.365_366insC,rpoB,p.His445Tyr,delamanid;pretomanid,rifampicin;rifapentine,cross_class,1,5,0,1,5,354,0.0,1.0,True,,,1.0,False
ddn|c.365_366insC,rpoB|p.His445Leu,ddn,c.365_366insC,rpoB,p.His445Leu,delamanid;pretomanid,rifampicin;rifapentine,cross_class,1,1,0,1,1,358,0.0,1.0,True,,,1.0,False
ddn|c.365_366insC,rpoB|p.His445Asp,ddn,c.365_366insC,rpoB,p.His445Asp,delamanid;pretomanid,rifampicin;rifapentine,cross_class,1,11,0,1,11,348,0.0,1.0,True,,,1.0,False
ddn|c.365_366insC,rpoB|p.His445Asn,ddn,c.365_366insC,rpoB,p.His445Asn,delamanid;pretomanid,rifampicin;rifapentine,cross_class,1,6,0,1,6,353,0.0,1.0,True,,,1.0,False
ddn|c.365_366insC,rpoB|p.Gln432Lys,ddn,c.365_366insC,rpoB,p.Gln432Lys,delamanid;pretomanid,rifampicin;rifapentine,cross_class,1,1,0,1,1,358,0.0,1.0,True,,,1.0,False
ddn|c.365_366insC,rpoB|p.Asp435Val,ddn,c.365_366insC,rpoB,p.Asp435Val,delamanid;pretomanid,rifampicin;rifapentine,cross_class,1,73,1,0,72,287,inf,0.20277777777777778,True,lineage2,100.0,1.0,False
ddn|c.365_366insC,rpoB|p.Asp435Tyr,ddn,c.365_366insC,rpoB,p.Asp435Tyr,delamanid;pretomanid,rifampicin;rifapentine,cross_class,1,9,0,1,9,350,0.0,1.0,True,,,1.0,False
ddn|c.365_366insC,rpoB|p.Asp435Gly,ddn,c.365_366insC,rpoB,p.Asp435Gly,delamanid;pretomanid,rifampicin;rifapentine,cross_class,1,2,0,1,2,357,0.0,1.0,True,,,1.0,False
ddn|c.365_366insC,rpoB|p.Asp435Ala,ddn,c.365_366insC,rpoB,p.Asp435Ala,delamanid;pretomanid,rifampicin;rifapentine,cross_class,1,1,0,1,1,358,0.0,1.0,True,,,1.0,False
ddn|c.365_366insC,rpoB|p.Asn437Ser,ddn,c.365_366insC,rpoB,p.Asn437Ser,delamanid;pretomanid,rifampicin;rifapentine,cross_class,1,2,0,1,2,357,0.0,1.0,True,,,1.0,False
ddn|c.365_366insC,rpoB|p.Ala451Val,ddn,c.365_366insC,rpoB,p.Ala451Val,delamanid;pretomanid,rifampicin;rifapentine,cross_class,1,3,0,1,3,356,0.0,1.0,True,,,1.0,False
ddn|c.365_366insC,rpoB|c.1296_1304delATTCATGGA,ddn,c.365_366insC,rpoB,c.1296_1304delATTCATGGA,delamanid;pretomanid,rifampicin;rifapentine,cross_class,1,2,0,1,2,357,0.0,1.0,True,,,1.0,False
ddn|c.365_366insC,rpoB|c.1294_1299delCAATTC,ddn,c.365_366insC,rpoB,c.1294_1299delCAATTC,delamanid;pretomanid,rifampicin;rifapentine,cross_class,1,1,0,1,1,358,0.0,1.0,True,,,1.0,False
ddn|c.365_366insC,rplC|p.Cys154Arg,ddn,c.365_366insC,rplC,p.Cys154Arg,delamanid;pretomanid,linezolid,cross_class,1,4,0,1,4,355,0.0,1.0,True,,,1.0,False
ddn|c.365_366insC,pncA|p.Val180Phe,ddn,c.365_366insC,pncA,p.Val180Phe,delamanid;pretomanid,pyrazinamide,cross_class,1,1,0,1,1,358,0.0,1.0,True,,,1.0,False
ddn|c.365_366insC,pncA|p.Val139Gly,ddn,c.365_366insC,pncA,p.Val139Gly,delamanid;pretomanid,pyrazinamide,cross_class,1,1,0,1,1,358,0.0,1.0,True,,,1.0,False
gyrA|p.Asp94His,rpoB|p.Gln432Lys,gyrA,p.Asp94His,rpoB,p.Gln432Lys,levofloxacin;moxifloxacin,rifampicin;rifapentine,cross_class,13,1,0,13,1,346,0.0,1.0,True,,,1.0,False
gyrA|p.Asp94His,rpoB|p.Asp435Tyr,gyrA,p.Asp94His,rpoB,p.Asp435Tyr,levofloxacin;moxifloxacin,rifampicin;rifapentine,cross_class,13,9,0,13,9,338,0.0,1.0,False,,,1.0,False
gyrA|p.Asp94His,rpoB|p.Asp435Gly,gyrA,p.Asp94His,rpoB,p.Asp435Gly,levofloxacin;moxifloxacin,rifampicin;rifapentine,cross_class,13,2,0,13,2,345,0.0,1.0,True,,,1.0,False
gyrA|p.Asp94His,rpoB|p.Asp435Ala,gyrA,p.Asp94His,rpoB,p.Asp435Ala,levofloxacin;moxifloxacin,rifampicin;rifapentine,cross_class,13,1,0,13,1,346,0.0,1.0,True,,,1.0,False
gyrA|p.Asp94His,rpoB|p.Asn437Ser,gyrA,p.Asp94His,rpoB,p.Asn437Ser,levofloxacin;moxifloxacin,rifampicin;rifapentine,cross_class,13,2,0,13,2,345,0.0,1.0,True,,,1.0,False
gyrA|p.Asp94His,rpoB|p.Ala451Val,gyrA,p.Asp94His,rpoB,p.Ala451Val,levofloxacin;moxifloxacin,rifampicin;rifapentine,cross_class,13,3,0,13,3,344,0.0,1.0,True,,,1.0,False
gyrA|p.Asp94His,rpoB|c.1296_1304delATTCATGGA,gyrA,p.Asp94His,rpoB,c.1296_1304delATTCATGGA,levofloxacin;moxifloxacin,rifampicin;rifapentine,cross_class,13,2,0,13,2,345,0.0,1.0,True,,,1.0,False
gyrA|p.Asp94His,rpoB|c.1294_1299delCAATTC,gyrA,p.Asp94His,rpoB,c.1294_1299delCAATTC,levofloxacin;moxifloxacin,rifampicin;rifapentine,cross_class,13,1,0,13,1,346,0.0,1.0,True,,,1.0,False
gyrA|p.Asp94His,rplC|p.Cys154Arg,gyrA,p.Asp94His,rplC,p.Cys154Arg,levofloxacin;moxifloxacin,linezolid,cross_class,13,4,1,12,3,344,9.555555555555555,0.13734941905262021,True,lineage2,100.0,1.0,False
gyrA|p.Asp94His,pncA|p.Val180Phe,gyrA,p.Asp94His,pncA,p.Val180Phe,levofloxacin;moxifloxacin,pyrazinamide,cross_class,13,1,0,13,1,346,0.0,1.0,True,,,1.0,False
gyrA|p.Asp94His,pncA|p.Val139Gly,gyrA,p.Asp94His,pncA,p.Val139Gly,levofloxacin;moxifloxacin,pyrazinamide,cross_class,13,1,0,13,1,346,0.0,1.0,True,,,1.0,False
gyrA|p.Asp94His,pncA|p.Thr47Ala,gyrA,p.Asp94His,pncA,p.Thr47Ala,levofloxacin;moxifloxacin,pyrazinamide,cross_class,13,1,0,13,1,346,0.0,1.0,True,,,1.0,False
gyrA|p.Asp94His,pncA|p.Ser104Arg,gyrA,p.Asp94His,pncA,p.Ser104Arg,levofloxacin;moxifloxacin,pyrazinamide,cross_class,13,7,0,13,7,340,0.0,1.0,False,,,1.0,False
gyrA|p.Asp94His,pncA|p.Ile31Ser,gyrA,p.Asp94His,pncA,p.Ile31Ser,levofloxacin;moxifloxacin,pyrazinamide,cross_class,13,1,0,13,1,346,0.0,1.0,True,,,1.0,False
gyrA|p.Asp94His,pncA|p.Gln141Pro,gyrA,p.Asp94His,pncA,p.Gln141Pro,levofloxacin;moxifloxacin,pyrazinamide,cross_class,13,1,0,13,1,346,0.0,1.0,True,,,1.0,False
gyrA|p.Asp94His,rrs|n.1402C>T,gyrA,p.Asp94His,rrs,n.1402C>T,levofloxacin;moxifloxacin,amikacin;capreomycin;kanamycin,cross_class,13,2,0,13,2,345,0.0,1.0,True,,,1.0,False
gyrA|p.Asp94His,rrl|n.2814G>T,gyrA,p.Asp94His,rrl,n.2814G>T,levofloxacin;moxifloxacin,linezolid,cross_class,13,2,0,13,2,345,0.0,1.0,True,,,1.0,False
gyrA|p.Asp94His,rrl|n.2270G>T,gyrA,p.Asp94His,rrl,n.2270G>T,levofloxacin;moxifloxacin,linezolid,cross_class,13,2,0,13,2,345,0.0,1.0,True,,,1.0,False
gyrA|p.Asp94His,rpsL|p.Lys88Arg,gyrA,p.Asp94His,rpsL,p.Lys88Arg,levofloxacin;moxifloxacin,streptomycin,cross_class,13,8,0,13,8,339,0.0,1.0,False,,,1.0,False
gyrA|p.Asp94His,rpsL|p.Lys43Arg,gyrA,p.Asp94His,rpsL,p.Lys43Arg,levofloxacin;moxifloxacin,streptomycin,cross_class,13,26,0,13,26,321,0.0,0.6106623527605609,False,,,1.0,False
gyrA|p.Asp94His,rpoB|p.Val170Phe,gyrA,p.Asp94His,rpoB,p.Val170Phe,levofloxacin;moxifloxacin,rifampicin;rifapentine,cross_class,13,2,0,13,2,345,0.0,1.0,True,,,1.0,False
gyrA|p.Asp94His,rpoB|p.Leu452Pro,gyrA,p.Asp94His,rpoB,p.Leu452Pro,levofloxacin;moxifloxacin,rifampicin;rifapentine,cross_class,13,10,0,13,10,337,0.0,1.0,False,,,1.0,False
gyrA|p.Asp94His,rpoB|p.Leu430Pro,gyrA,p.Asp94His,rpoB,p.Leu430Pro,levofloxacin;moxifloxacin,rifampicin;rifapentine,cross_class,13,22,0,13,22,325,0.0,1.0,False,,,1.0,False
gyrA|p.Asp94His,rpoB|p.Ile491Phe,gyrA,p.Asp94His,rpoB,p.Ile491Phe,levofloxacin;moxifloxacin,rifampicin;rifapentine,cross_class,13,1,0,13,1,346,0.0,1.0,True,,,1.0,False
gyrA|p.Asp94His,rpoB|p.His445Tyr,gyrA,p.Asp94His,rpoB,p.His445Tyr,levofloxacin;moxifloxacin,rifampicin;rifapentine,cross_class,13,5,0,13,5,342,0.0,1.0,False,,,1.0,False
gyrA|p.Asp94His,rpoB|p.His445Leu,gyrA,p.Asp94His,rpoB,p.His445Leu,levofloxacin;moxifloxacin,rifampicin;rifapentine,cross_class,13,1,0,13,1,346,0.0,1.0,True,,,1.0,False
gyrA|p.Asp94His,rpoB|p.His445Asp,gyrA,p.Asp94His,rpoB,p.His445Asp,levofloxacin;moxifloxacin,rifampicin;rifapentine,cross_class,13,11,0,13,11,336,0.0,1.0,False,,,1.0,False
gyrA|p.Asp94His,rpoB|p.His445Asn,gyrA,p.Asp94His,rpoB,p.His445Asn,levofloxacin;moxifloxacin,rifampicin;rifapentine,cross_class,13,6,0,13,6,341,0.0,1.0,False,,,1.0,False
gyrA|p.Asp94Tyr,mmpR5|c.139_140dupGA,gyrA,p.Asp94Tyr,mmpR5,c.139_140dupGA,levofloxacin;moxifloxacin,bedaquiline;clofazimine,cross_class,3,1,0,3,1,356,0.0,1.0,True,,,1.0,False
gyrA|p.Asp94Tyr,katG|p.Ser315Thr,gyrA,p.Asp94Tyr,katG,p.Ser315Thr,levofloxacin;moxifloxacin,isoniazid,cross_class,3,191,3,0,188,169,inf,0.250719591457753,True,lineage2,100.0,1.0,False
gyrA|p.Asp94Tyr,katG|p.Ser315Asn,gyrA,p.Asp94Tyr,katG,p.Ser315Asn,levofloxacin;moxifloxacin,isoniazid,cross_class,3,5,0,3,5,352,0.0,1.0,True,,,1.0,False
gyrA|p.Asp94Tyr,katG|c.18delA,gyrA,p.Asp94Tyr,katG,c.18delA,levofloxacin;moxifloxacin,isoniazid,cross_class,3,1,0,3,1,356,0.0,1.0,True,,,1.0,False
gyrA|p.Asp94Tyr,katG|c.117delG,gyrA,p.Asp94Tyr,katG,c.117delG,levofloxacin;moxifloxacin,isoniazid,cross_class,3,1,0,3,1,356,0.0,1.0,True,,,1.0,False
gyrA|p.Asp94Tyr,inhA|c.-779G>T,gyrA,p.Asp94Tyr,inhA,c.-779G>T,levofloxacin;moxifloxacin,ethionamide;isoniazid;prothionamide,cross_class,3,105,0,3,105,252,0.0,0.559034639983816,True,,,1.0,False
gyrA|p.Asp94Tyr,inhA|c.-777C>T,gyrA,p.Asp94Tyr,inhA,c.-777C>T,levofloxacin;moxifloxacin,ethionamide;isoniazid;prothionamide,cross_class,3,29,0,3,29,328,0.0,1.0,True,,,1.0,False
gyrA|p.Asp94Tyr,inhA|c.-154G>A,gyrA,p.Asp94Tyr,inhA,c.-154G>A,levofloxacin;moxifloxacin,ethionamide;isoniazid;prothionamide,cross_class,3,8,0,3,8,349,0.0,1.0,True,,,1.0,False
gyrA|p.Asp94Tyr,gyrB|p.Glu501Asp,gyrA,p.Asp94Tyr,gyrB,p.Glu501Asp,levofloxacin;moxifloxacin,levofloxacin;moxifloxacin,within_class,3,3,0,3,3,354,0.0,1.0,True,,,1.0,False
gyrA|p.Asp94Tyr,gyrB|p.Asp461Asn,gyrA,p.Asp94Tyr,gyrB,p.Asp461Asn,levofloxacin;moxifloxacin,levofloxacin;moxifloxacin,within_class,3,1,0,3,1,356,0.0,1.0,True,,,1.0,False
gyrA|p.Asp94Tyr,gyrB|p.Asn499Thr,gyrA,p.Asp94Tyr,gyrB,p.Asn499Thr,levofloxacin;moxifloxacin,levofloxacin;moxifloxacin,within_class,3,2,0,3,2,355,0.0,1.0,True,,,1.0,False
gyrA|p.Asp94Tyr,gyrA|p.Ser91Pro,gyrA,p.Asp94Tyr,gyrA,p.Ser91Pro,levofloxacin;moxifloxacin,levofloxacin;moxifloxacin,within_class,3,47,0,3,47,310,0.0,1.0,True,,,1.0,False
gyrA|p.Asp94Tyr,gyrA|p.Gly88Cys,gyrA,p.Asp94Tyr,gyrA,p.Gly88Cys,levofloxacin;moxifloxacin,levofloxacin;moxifloxacin,within_class,3,6,0,3,6,351,0.0,1.0,True,,,1.0,False
gyrA|p.Asp94His,tlyA|c.585_588delTGGG,gyrA,p.Asp94His,tlyA,c.585_588delTGGG,levofloxacin;moxifloxacin,capreomycin,cross_class,13,30,0,13,30,317,0.0,0.6121899187243172,False,,,1.0,False
gyrA|p.Asp94His,tlyA|c.388dupG,gyrA,p.Asp94His,tlyA,c.388dupG,levofloxacin;moxifloxacin,capreomycin,cross_class,13,1,0,13,1,346,0.0,1.0,True,,,1.0,False
gyrA|p.Asp94His,rrs|n.517C>T,gyrA,p.Asp94His,rrs,n.517C>T,levofloxacin;moxifloxacin,streptomycin,cross_class,13,2,0,13,2,345,0.0,1.0,True,,,1.0,False
gyrA|p.Asp94Tyr,mmpR5|c.466dupC,gyrA,p.Asp94Tyr,mmpR5,c.466dupC,levofloxacin;moxifloxacin,bedaquiline;clofazimine,cross_class,3,1,0,3,1,356,0.0,1.0,True,,,1.0,False
gyrA|p.Asp94Tyr,mmpR5|c.441_442delGA,gyrA,p.Asp94Tyr,mmpR5,c.441_442delGA,levofloxacin;moxifloxacin,bedaquiline;clofazimine,cross_class,3,2,0,3,2,355,0.0,1.0,True,,,1.0,False
gyrA|p.Asp94Tyr,mmpR5|c.430dupG,gyrA,p.Asp94Tyr,mmpR5,c.430dupG,levofloxacin;moxifloxacin,bedaquiline;clofazimine,cross_class,3,1,0,3,1,356,0.0,1.0,True,,,1.0,False
gyrA|p.Asp94Tyr,mmpR5|c.424dupC,gyrA,p.Asp94Tyr,mmpR5,c.424dupC,levofloxacin;moxifloxacin,bedaquiline;clofazimine,cross_class,3,14,0,3,14,343,0.0,1.0,True,,,1.0,False
gyrA|p.Asp94Tyr,mmpR5|c.386delC,gyrA,p.Asp94Tyr,mmpR5,c.386delC,levofloxacin;moxifloxacin,bedaquiline;clofazimine,cross_class,3,1,0,3,1,356,0.0,1.0,True,,,1.0,False
gyrA|p.Asp94Tyr,mmpR5|c.366dupG,gyrA,p.Asp94Tyr,mmpR5,c.366dupG,levofloxacin;moxifloxacin,bedaquiline;clofazimine,cross_class,3,1,0,3,1,356,0.0,1.0,True,,,1.0,False
gyrA|p.Asp94Tyr,mmpR5|c.321dupC,gyrA,p.Asp94Tyr,mmpR5,c.321dupC,levofloxacin;moxifloxacin,bedaquiline;clofazimine,cross_class,3,1,0,3,1,356,0.0,1.0,True,,,1.0,False
gyrA|p.Asp94Tyr,mmpR5|c.291delC,gyrA,p.Asp94Tyr,mmpR5,c.291delC,levofloxacin;moxifloxacin,bedaquiline;clofazimine,cross_class,3,1,0,3,1,356,0.0,1.0,True,,,1.0,False
gyrA|p.Asp94Tyr,mmpR5|c.214delC,gyrA,p.Asp94Tyr,mmpR5,c.214delC,levofloxacin;moxifloxacin,bedaquiline;clofazimine,cross_class,3,1,0,3,1,356,0.0,1.0,True,,,1.0,False
gyrA|p.Asp94Tyr,mmpR5|c.19delG,gyrA,p.Asp94Tyr,mmpR5,c.19delG,levofloxacin;moxifloxacin,bedaquiline;clofazimine,cross_class,3,1,0,3,1,356,0.0,1.0,True,,,1.0,False
gyrA|p.Asp94Tyr,mmpR5|c.198dupG,gyrA,p.Asp94Tyr,mmpR5,c.198dupG,levofloxacin;moxifloxacin,bedaquiline;clofazimine,cross_class,3,13,0,3,13,344,0.0,1.0,True,,,1.0,False
gyrA|p.Asp94Tyr,mmpR5|c.198delG,gyrA,p.Asp94Tyr,mmpR5,c.198delG,levofloxacin;moxifloxacin,bedaquiline;clofazimine,cross_class,3,1,0,3,1,356,0.0,1.0,True,,,1.0,False
gyrA|p.Asp94Tyr,mmpR5|c.144dupC,gyrA,p.Asp94Tyr,mmpR5,c.144dupC,levofloxacin;moxifloxacin,bedaquiline;clofazimine,cross_class,3,20,1,2,19,338,8.894736842105264,0.15799370276424787,True,lineage2,100.0,1.0,False
gyrA|p.Asp94Tyr,mmpR5|c.144delC,gyrA,p.Asp94Tyr,mmpR5,c.144delC,levofloxacin;moxifloxacin,bedaquiline;clofazimine,cross_class,3,1,0,3,1,356,0.0,1.0,True,,,1.0,False
gyrA|p.Asp94Tyr,mmpR5|c.141_142dupTC,gyrA,p.Asp94Tyr,mmpR5,c.141_142dupTC,levofloxacin;moxifloxacin,bedaquiline;clofazimine,cross_class,3,2,0,3,2,355,0.0,1.0,True,,,1.0,False
gyrA|p.Asp94Tyr,mmpR5|c.139dupG,gyrA,p.Asp94Tyr,mmpR5,c.139dupG,levofloxacin;moxifloxacin,bedaquiline;clofazimine,cross_class,3,6,0,3,6,351,0.0,1.0,True,,,1.0,False
gyrA|p.Asp94Tyr,pncA|p.Gln141Pro,gyrA,p.Asp94Tyr,pncA,p.Gln141Pro,levofloxacin;moxifloxacin,pyrazinamide,cross_class,3,1,0,3,1,356,0.0,1.0,True,,,1.0,False
gyrA|p.Asp94Tyr,pncA|p.Cys14Arg,gyrA,p.Asp94Tyr,pncA,p.Cys14Arg,levofloxacin;moxifloxacin,pyrazinamide,cross_class,3,87,0,3,87,270,0.0,1.0,True,,,1.0,False
gyrA|p.Asp94Tyr,pncA|p.Asp8Asn,gyrA,p.Asp94Tyr,pncA,p.Asp8Asn,levofloxacin;moxifloxacin,pyrazinamide,cross_class,3,5,0,3,5,352,0.0,1.0,True,,,1.0,False
gyrA|p.Asp94Tyr,pncA|c.517dupG,gyrA,p.Asp94Tyr,pncA,c.517dupG,levofloxacin;moxifloxacin,pyrazinamide,cross_class,3,70,0,3,70,287,0.0,1.0,True,,,1.0,False
gyrA|p.Asp94Tyr,pncA|c.459_466delCAGGGTGC,gyrA,p.Asp94Tyr,pncA,c.459_466delCAGGGTGC,levofloxacin;moxifloxacin,pyrazinamide,cross_class,3,1,0,3,1,356,0.0,1.0,True,,,1.0,False
gyrA|p.Asp94Tyr,pncA|c.393dupC,gyrA,p.Asp94Tyr,pncA,c.393dupC,levofloxacin;moxifloxacin,pyrazinamide,cross_class,3,1,0,3,1,356,0.0,1.0,True,,,1.0,False
gyrA|p.Asp94Tyr,pncA|c.169delC,gyrA,p.Asp94Tyr,pncA,c.169delC,levofloxacin;moxifloxacin,pyrazinamide,cross_class,3,1,0,3,1,356,0.0,1.0,True,,,1.0,False
gyrA|p.Asp94Tyr,mmpR5|p.Val1?,gyrA,p.Asp94Tyr,mmpR5,p.Val1?,levofloxacin;moxifloxacin,bedaquiline;clofazimine,cross_class,3,1,0,3,1,356,0.0,1.0,True,,,1.0,False
gyrA|p.Asp94Tyr,mmpR5|p.Tyr145*,gyrA,p.Asp94Tyr,mmpR5,p.Tyr145*,levofloxacin;moxifloxacin,bedaquiline;clofazimine,cross_class,3,2,0,3,2,355,0.0,1.0,True,,,1.0,False
gyrA|p.Asp94Tyr,mmpR5|p.Ile67Ser,gyrA,p.Asp94Tyr,mmpR5,p.Ile67Ser,levofloxacin;moxifloxacin,bedaquiline;clofazimine,cross_class,3,2,0,3,2,355,0.0,1.0,True,,,1.0,False
gyrA|p.Asp94Tyr,mmpR5|p.Gly121Arg,gyrA,p.Asp94Tyr,mmpR5,p.Gly121Arg,levofloxacin;moxifloxacin,bedaquiline;clofazimine,cross_class,3,1,0,3,1,356,0.0,1.0,True,,,1.0,False
gyrA|p.Asp94Tyr,mmpR5|p.Gln76*,gyrA,p.Asp94Tyr,mmpR5,p.Gln76*,levofloxacin;moxifloxacin,bedaquiline;clofazimine,cross_class,3,2,0,3,2,355,0.0,1.0,True,,,1.0,False
gyrA|p.Asp94Tyr,mmpR5|p.Asn70Asp,gyrA,p.Asp94Tyr,mmpR5,p.Asn70Asp,levofloxacin;moxifloxacin,bedaquiline;clofazimine,cross_class,3,1,0,3,1,356,0.0,1.0,True,,,1.0,False
gyrA|p.Asp94Tyr,mmpR5|p.Arg156*,gyrA,p.Asp94Tyr,mmpR5,p.Arg156*,levofloxacin;moxifloxacin,bedaquiline;clofazimine,cross_class,3,1,0,3,1,356,0.0,1.0,True,,,1.0,False
gyrA|p.Asp94Tyr,mmpR5|p.Arg134*,gyrA,p.Asp94Tyr,mmpR5,p.Arg134*,levofloxacin;moxifloxacin,bedaquiline;clofazimine,cross_class,3,1,0,3,1,356,0.0,1.0,True,,,1.0,False
gyrA|p.Asp94Tyr,rpoB|p.Gln432Lys,gyrA,p.Asp94Tyr,rpoB,p.Gln432Lys,levofloxacin;moxifloxacin,rifampicin;rifapentine,cross_class,3,1,0,3,1,356,0.0,1.0,True,,,1.0,False
gyrA|p.Asp94Tyr,rpoB|p.Asp435Val,gyrA,p.Asp94Tyr,rpoB,p.Asp435Val,levofloxacin;moxifloxacin,rifampicin;rifapentine,cross_class,3,73,0,3,73,284,0.0,1.0,True,,,1.0,False
gyrA|p.Asp94Tyr,rpoB|p.Asp435Tyr,gyrA,p.Asp94Tyr,rpoB,p.Asp435Tyr,levofloxacin;moxifloxacin,rifampicin;rifapentine,cross_class,3,9,1,2,8,349,21.8125,0.07333958388447114,True,lineage2,100.0,1.0,False
gyrA|p.Asp94Tyr,rpoB|p.Asp435Gly,gyrA,p.Asp94Tyr,rpoB,p.Asp435Gly,levofloxacin;moxifloxacin,rifampicin;rifapentine,cross_class,3,2,0,3,2,355,0.0,1.0,True,,,1.0,False
gyrA|p.Asp94Tyr,rpoB|p.Asp435Ala,gyrA,p.Asp94Tyr,rpoB,p.Asp435Ala,levofloxacin;moxifloxacin,rifampicin;rifapentine,cross_class,3,1,0,3,1,356,0.0,1.0,True,,,1.0,False
gyrA|p.Asp94Tyr,rpoB|p.Asn437Ser,gyrA,p.Asp94Tyr,rpoB,p.Asn437Ser,levofloxacin;moxifloxacin,rifampicin;rifapentine,cross_class,3,2,0,3,2,355,0.0,1.0,True,,,1.0,False
gyrA|p.Asp94Tyr,rpoB|c.1296_1304delATTCATGGA,gyrA,p.Asp94Tyr,rpoB,c.1296_1304delATTCATGGA,levofloxacin;moxifloxacin,rifampicin;rifapentine,cross_class,3,2,0,3,2,355,0.0,1.0,True,,,1.0,False
gyrA|p.Asp94Tyr,rpoB|c.1294_1299delCAATTC,gyrA,p.Asp94Tyr,rpoB,c.1294_1299delCAATTC,levofloxacin;moxifloxacin,rifampicin;rifapentine,cross_class,3,1,0,3,1,356,0.0,1.0,True,,,1.0,False
gyrA|p.Asp94Tyr,rplC|p.Cys154Arg,gyrA,p.Asp94Tyr,rplC,p.Cys154Arg,levofloxacin;moxifloxacin,linezolid,cross_class,3,4,0,3,4,353,0.0,1.0,True,,,1.0,False
gyrA|p.Asp94Tyr,pncA|p.Val180Phe,gyrA,p.Asp94Tyr,pncA,p.Val180Phe,levofloxacin;moxifloxacin,pyrazinamide,cross_class,3,1,0,3,1,356,0.0,1.0,True,,,1.0,False
gyrA|p.Asp94Tyr,pncA|p.Val139Gly,gyrA,p.Asp94Tyr,pncA,p.Val139Gly,levofloxacin;moxifloxacin,pyrazinamide,cross_class,3,1,0,3,1,356,0.0,1.0,True,,,1.0,False
gyrA|p.Asp94Tyr,pncA|p.Thr47Ala,gyrA,p.Asp94Tyr,pncA,p.Thr47Ala,levofloxacin;moxifloxacin,pyrazinamide,cross_class,3,1,0,3,1,356,0.0,1.0,True,,,1.0,False
gyrA|p.Asp94Tyr,pncA|p.Ser104Arg,gyrA,p.Asp94Tyr,pncA,p.Ser104Arg,levofloxacin;moxifloxacin,pyrazinamide,cross_class,3,7,0,3,7,350,0.0,1.0,True,,,1.0,False
gyrA|p.Asp94Tyr,pncA|p.Ile31Ser,gyrA,p.Asp94Tyr,pncA,p.Ile31Ser,levofloxacin;moxifloxacin,pyrazinamide,cross_class,3,1,0,3,1,356,0.0,1.0,True,,,1.0,False
gyrA|p.Asp94Tyr,rrs|n.517C>T,gyrA,p.Asp94Tyr,rrs,n.517C>T,levofloxacin;moxifloxacin,streptomycin,cross_class,3,2,0,3,2,355,0.0,1.0,True,,,1.0,False
gyrA|p.Asp94Tyr,rrs|n.514A>C,gyrA,p.Asp94Tyr,rrs,n.514A>C,levofloxacin;moxifloxacin,streptomycin,cross_class,3,164,0,3,164,193,0.0,0.2538532961931291,True,,,1.0,False
gyrA|p.Asp94Tyr,rrs|n.1402C>T,gyrA,p.Asp94Tyr,rrs,n.1402C>T,levofloxacin;moxifloxacin,amikacin;capreomycin;kanamycin,cross_class,3,2,0,3,2,355,0.0,1.0,True,,,1.0,False
gyrA|p.Asp94Tyr,rrs|n.1401A>G,gyrA,p.Asp94Tyr,rrs,n.1401A>G,levofloxacin;moxifloxacin,amikacin;capreomycin;kanamycin,cross_class,3,85,2,1,83,274,6.602409638554217,0.14012127625361157,True,lineage2,100.0,1.0,False
gyrA|p.Asp94Tyr,rrl|n.2814G>T,gyrA,p.Asp94Tyr,rrl,n.2814G>T,levofloxacin;moxifloxacin,linezolid,cross_class,3,2,0,3,2,355,0.0,1.0,True,,,1.0,False
gyrA|p.Asp94Tyr,rrl|n.2270G>T,gyrA,p.Asp94Tyr,rrl,n.2270G>T,levofloxacin;moxifloxacin,linezolid,cross_class,3,2,0,3,2,355,0.0,1.0,True,,,1.0,False
gyrA|p.Asp94Tyr,rpsL|p.Lys88Arg,gyrA,p.Asp94Tyr,rpsL,p.Lys88Arg,levofloxacin;moxifloxacin,streptomycin,cross_class,3,8,0,3,8,349,0.0,1.0,True,,,1.0,False
gyrA|p.Asp94Tyr,rpsL|p.Lys43Arg,gyrA,p.Asp94Tyr,rpsL,p.Lys43Arg,levofloxacin;moxifloxacin,streptomycin,cross_class,3,26,0,3,26,331,0.0,1.0,True,,,1.0,False
gyrA|p.Asp94Tyr,rpoB|p.Val170Phe,gyrA,p.Asp94Tyr,rpoB,p.Val170Phe,levofloxacin;moxifloxacin,rifampicin;rifapentine,cross_class,3,2,0,3,2,355,0.0,1.0,True,,,1.0,False
gyrA|p.Asp94Tyr,rpoB|p.Ser450Leu,gyrA,p.Asp94Tyr,rpoB,p.Ser450Leu,levofloxacin;moxifloxacin,rifampicin;rifapentine,cross_class,3,139,0,3,139,218,0.0,0.28693129062209843,True,,,1.0,False
gyrA|p.Asp94Tyr,rpoB|p.Leu452Pro,gyrA,p.Asp94Tyr,rpoB,p.Leu452Pro,levofloxacin;moxifloxacin,rifampicin;rifapentine,cross_class,3,10,0,3,10,347,0.0,1.0,True,,,1.0,False
gyrA|p.Asp94Tyr,rpoB|p.Leu430Pro,gyrA,p.Asp94Tyr,rpoB,p.Leu430Pro,levofloxacin;moxifloxacin,rifampicin;rifapentine,cross_class,3,22,0,3,22,335,0.0,1.0,True,,,1.0,False
gyrA|p.Asp94Tyr,rpoB|p.Ile491Phe,gyrA,p.Asp94Tyr,rpoB,p.Ile491Phe,levofloxacin;moxifloxacin,rifampicin;rifapentine,cross_class,3,1,0,3,1,356,0.0,1.0,True,,,1.0,False
gyrA|p.Asp94Tyr,rpoB|p.His445Tyr,gyrA,p.Asp94Tyr,rpoB,p.His445Tyr,levofloxacin;moxifloxacin,rifampicin;rifapentine,cross_class,3,5,0,3,5,352,0.0,1.0,True,,,1.0,False
gyrA|p.Asp94Tyr,rpoB|p.His445Leu,gyrA,p.Asp94Tyr,rpoB,p.His445Leu,levofloxacin;moxifloxacin,rifampicin;rifapentine,cross_class,3,1,0,3,1,356,0.0,1.0,True,,,1.0,False
gyrA|p.Asp94Tyr,rpoB|p.His445Asp,gyrA,p.Asp94Tyr,rpoB,p.His445Asp,levofloxacin;moxifloxacin,rifampicin;rifapentine,cross_class,3,11,0,3,11,346,0.0,1.0,True,,,1.0,False
gyrA|p.Gly88Cys,mmpR5|c.141_142dupTC,gyrA,p.Gly88Cys,mmpR5,c.141_142dupTC,levofloxacin;moxifloxacin,bedaquiline;clofazimine,cross_class,6,2,0,6,2,352,0.0,1.0,True,,,1.0,False
gyrA|p.Gly88Cys,mmpR5|c.139dupG,gyrA,p.Gly88Cys,mmpR5,c.139dupG,levofloxacin;moxifloxacin,bedaquiline;clofazimine,cross_class,6,6,0,6,6,348,0.0,1.0,False,,,1.0,False
gyrA|p.Gly88Cys,mmpR5|c.139_140dupGA,gyrA,p.Gly88Cys,mmpR5,c.139_140dupGA,levofloxacin;moxifloxacin,bedaquiline;clofazimine,cross_class,6,1,0,6,1,353,0.0,1.0,True,,,1.0,False
gyrA|p.Gly88Cys,katG|p.Ser315Asn,gyrA,p.Gly88Cys,katG,p.Ser315Asn,levofloxacin;moxifloxacin,isoniazid,cross_class,6,5,0,6,5,349,0.0,1.0,False,,,1.0,False
gyrA|p.Gly88Cys,katG|c.18delA,gyrA,p.Gly88Cys,katG,c.18delA,levofloxacin;moxifloxacin,isoniazid,cross_class,6,1,0,6,1,353,0.0,1.0,True,,,1.0,False
gyrA|p.Gly88Cys,katG|c.117delG,gyrA,p.Gly88Cys,katG,c.117delG,levofloxacin;moxifloxacin,isoniazid,cross_class,6,1,0,6,1,353,0.0,1.0,True,,,1.0,False
gyrA|p.Gly88Cys,inhA|c.-779G>T,gyrA,p.Gly88Cys,inhA,c.-779G>T,levofloxacin;moxifloxacin,ethionamide;isoniazid;prothionamide,cross_class,6,105,1,5,104,250,0.4807692307692308,0.6759721692911433,False,lineage2,100.0,1.0,False
gyrA|p.Gly88Cys,inhA|c.-777C>T,gyrA,p.Gly88Cys,inhA,c.-777C>T,levofloxacin;moxifloxacin,ethionamide;isoniazid;prothionamide,cross_class,6,29,0,6,29,325,0.0,1.0,False,,,1.0,False
gyrA|p.Gly88Cys,inhA|c.-154G>A,gyrA,p.Gly88Cys,inhA,c.-154G>A,levofloxacin;moxifloxacin,ethionamide;isoniazid;prothionamide,cross_class,6,8,0,6,8,346,0.0,1.0,False,,,1.0,False
gyrA|p.Gly88Cys,gyrB|p.Glu501Asp,gyrA,p.Gly88Cys,gyrB,p.Glu501Asp,levofloxacin;moxifloxacin,levofloxacin;moxifloxacin,within_class,6,3,0,6,3,351,0.0,1.0,True,,,1.0,False
gyrA|p.Gly88Cys,gyrB|p.Asp461Asn,gyrA,p.Gly88Cys,gyrB,p.Asp461Asn,levofloxacin;moxifloxacin,levofloxacin;moxifloxacin,within_class,6,1,0,6,1,353,0.0,1.0,True,,,1.0,False
gyrA|p.Gly88Cys,gyrB|p.Asn499Thr,gyrA,p.Gly88Cys,gyrB,p.Asn499Thr,levofloxacin;moxifloxacin,levofloxacin;moxifloxacin,within_class,6,2,0,6,2,352,0.0,1.0,True,,,1.0,False
gyrA|p.Gly88Cys,gyrA|p.Ser91Pro,gyrA,p.Gly88Cys,gyrA,p.Ser91Pro,levofloxacin;moxifloxacin,levofloxacin;moxifloxacin,within_class,6,47,0,6,47,307,0.0,1.0,False,,,1.0,False
gyrA|p.Asp94Tyr,tlyA|c.585_588delTGGG,gyrA,p.Asp94Tyr,tlyA,c.585_588delTGGG,levofloxacin;moxifloxacin,capreomycin,cross_class,3,30,0,3,30,327,0.0,1.0,True,,,1.0,False
gyrA|p.Asp94Tyr,tlyA|c.388dupG,gyrA,p.Asp94Tyr,tlyA,c.388dupG,levofloxacin;moxifloxacin,capreomycin,cross_class,3,1,0,3,1,356,0.0,1.0,True,,,1.0,False
gyrA|p.Gly88Cys,mmpR5|p.Arg156*,gyrA,p.Gly88Cys,mmpR5,p.Arg156*,levofloxacin;moxifloxacin,bedaquiline;clofazimine,cross_class,6,1,0,6,1,353,0.0,1.0,True,,,1.0,False
gyrA|p.Gly88Cys,mmpR5|p.Arg134*,gyrA,p.Gly88Cys,mmpR5,p.Arg134*,levofloxacin;moxifloxacin,bedaquiline;clofazimine,cross_class,6,1,0,6,1,353,0.0,1.0,True,,,1.0,False
gyrA|p.Gly88Cys,mmpR5|c.466dupC,gyrA,p.Gly88Cys,mmpR5,c.466dupC,levofloxacin;moxifloxacin,bedaquiline;clofazimine,cross_class,6,1,0,6,1,353,0.0,1.0,True,,,1.0,False
gyrA|p.Gly88Cys,mmpR5|c.441_442delGA,gyrA,p.Gly88Cys,mmpR5,c.441_442delGA,levofloxacin;moxifloxacin,bedaquiline;clofazimine,cross_class,6,2,0,6,2,352,0.0,1.0,True,,,1.0,False
gyrA|p.Gly88Cys,mmpR5|c.430dupG,gyrA,p.Gly88Cys,mmpR5,c.430dupG,levofloxacin;moxifloxacin,bedaquiline;clofazimine,cross_class,6,1,0,6,1,353,0.0,1.0,True,,,1.0,False
gyrA|p.Gly88Cys,mmpR5|c.424dupC,gyrA,p.Gly88Cys,mmpR5,c.424dupC,levofloxacin;moxifloxacin,bedaquiline;clofazimine,cross_class,6,14,0,6,14,340,0.0,1.0,False,,,1.0,False
gyrA|p.Gly88Cys,mmpR5|c.386delC,gyrA,p.Gly88Cys,mmpR5,c.386delC,levofloxacin;moxifloxacin,bedaquiline;clofazimine,cross_class,6,1,0,6,1,353,0.0,1.0,True,,,1.0,False
gyrA|p.Gly88Cys,mmpR5|c.366dupG,gyrA,p.Gly88Cys,mmpR5,c.366dupG,levofloxacin;moxifloxacin,bedaquiline;clofazimine,cross_class,6,1,0,6,1,353,0.0,1.0,True,,,1.0,False
gyrA|p.Gly88Cys,mmpR5|c.321dupC,gyrA,p.Gly88Cys,mmpR5,c.321dupC,levofloxacin;moxifloxacin,bedaquiline;clofazimine,cross_class,6,1,0,6,1,353,0.0,1.0,True,,,1.0,False
gyrA|p.Gly88Cys,mmpR5|c.291delC,gyrA,p.Gly88Cys,mmpR5,c.291delC,levofloxacin;moxifloxacin,bedaquiline;clofazimine,cross_class,6,1,0,6,1,353,0.0,1.0,True,,,1.0,False
gyrA|p.Gly88Cys,mmpR5|c.214delC,gyrA,p.Gly88Cys,mmpR5,c.214delC,levofloxacin;moxifloxacin,bedaquiline;clofazimine,cross_class,6,1,0,6,1,353,0.0,1.0,True,,,1.0,False
gyrA|p.Gly88Cys,mmpR5|c.19delG,gyrA,p.Gly88Cys,mmpR5,c.19delG,levofloxacin;moxifloxacin,bedaquiline;clofazimine,cross_class,6,1,0,6,1,353,0.0,1.0,True,,,1.0,False
gyrA|p.Gly88Cys,mmpR5|c.198dupG,gyrA,p.Gly88Cys,mmpR5,c.198dupG,levofloxacin;moxifloxacin,bedaquiline;clofazimine,cross_class,6,13,0,6,13,341,0.0,1.0,False,,,1.0,False
gyrA|p.Gly88Cys,mmpR5|c.198delG,gyrA,p.Gly88Cys,mmpR5,c.198delG,levofloxacin;moxifloxacin,bedaquiline;clofazimine,cross_class,6,1,0,6,1,353,0.0,1.0,True,,,1.0,False
gyrA|p.Gly88Cys,mmpR5|c.144dupC,gyrA,p.Gly88Cys,mmpR5,c.144dupC,levofloxacin;moxifloxacin,bedaquiline;clofazimine,cross_class,6,20,0,6,20,334,0.0,1.0,False,,,1.0,False
gyrA|p.Gly88Cys,mmpR5|c.144delC,gyrA,p.Gly88Cys,mmpR5,c.144delC,levofloxacin;moxifloxacin,bedaquiline;clofazimine,cross_class,6,1,0,6,1,353,0.0,1.0,True,,,1.0,False
gyrA|p.Gly88Cys,pncA|p.Ser104Arg,gyrA,p.Gly88Cys,pncA,p.Ser104Arg,levofloxacin;moxifloxacin,pyrazinamide,cross_class,6,7,0,6,7,347,0.0,1.0,False,,,1.0,False
gyrA|p.Gly88Cys,pncA|p.Ile31Ser,gyrA,p.Gly88Cys,pncA,p.Ile31Ser,levofloxacin;moxifloxacin,pyrazinamide,cross_class,6,1,0,6,1,353,0.0,1.0,True,,,1.0,False
gyrA|p.Gly88Cys,pncA|p.Gln141Pro,gyrA,p.Gly88Cys,pncA,p.Gln141Pro,levofloxacin;moxifloxacin,pyrazinamide,cross_class,6,1,0,6,1,353,0.0,1.0,True,,,1.0,False
gyrA|p.Gly88Cys,pncA|p.Asp8Asn,gyrA,p.Gly88Cys,pncA,p.Asp8Asn,levofloxacin;moxifloxacin,pyrazinamide,cross_class,6,5,0,6,5,349,0.0,1.0,False,,,1.0,False
gyrA|p.Gly88Cys,pncA|p.Ala146Thr,gyrA,p.Gly88Cys,pncA,p.Ala146Thr,levofloxacin;moxifloxacin,pyrazinamide,cross_class,6,2,0,6,2,352,0.0,1.0,True,,,1.0,False
gyrA|p.Gly88Cys,pncA|c.517dupG,gyrA,p.Gly88Cys,pncA,c.517dupG,levofloxacin;moxifloxacin,pyrazinamide,cross_class,6,70,1,5,69,285,0.8260869565217391,1.0,False,lineage2,100.0,1.0,False
gyrA|p.Gly88Cys,pncA|c.459_466delCAGGGTGC,gyrA,p.Gly88Cys,pncA,c.459_466delCAGGGTGC,levofloxacin;moxifloxacin,pyrazinamide,cross_class,6,1,0,6,1,353,0.0,1.0,True,,,1.0,False
gyrA|p.Gly88Cys,pncA|c.393dupC,gyrA,p.Gly88Cys,pncA,c.393dupC,levofloxacin;moxifloxacin,pyrazinamide,cross_class,6,1,0,6,1,353,0.0,1.0,True,,,1.0,False
gyrA|p.Gly88Cys,pncA|c.169delC,gyrA,p.Gly88Cys,pncA,c.169delC,levofloxacin;moxifloxacin,pyrazinamide,cross_class,6,1,0,6,1,353,0.0,1.0,True,,,1.0,False
gyrA|p.Gly88Cys,mmpR5|p.Val1?,gyrA,p.Gly88Cys,mmpR5,p.Val1?,levofloxacin;moxifloxacin,bedaquiline;clofazimine,cross_class,6,1,0,6,1,353,0.0,1.0,True,,,1.0,False
gyrA|p.Gly88Cys,mmpR5|p.Tyr145*,gyrA,p.Gly88Cys,mmpR5,p.Tyr145*,levofloxacin;moxifloxacin,bedaquiline;clofazimine,cross_class,6,2,0,6,2,352,0.0,1.0,True,,,1.0,False
gyrA|p.Gly88Cys,mmpR5|p.Ile67Ser,gyrA,p.Gly88Cys,mmpR5,p.Ile67Ser,levofloxacin;moxifloxacin,bedaquiline;clofazimine,cross_class,6,2,0,6,2,352,0.0,1.0,True,,,1.0,False
gyrA|p.Gly88Cys,mmpR5|p.Gly121Arg,gyrA,p.Gly88Cys,mmpR5,p.Gly121Arg,levofloxacin;moxifloxacin,bedaquiline;clofazimine,cross_class,6,1,0,6,1,353,0.0,1.0,True,,,1.0,False
gyrA|p.Gly88Cys,mmpR5|p.Gln76*,gyrA,p.Gly88Cys,mmpR5,p.Gln76*,levofloxacin;moxifloxacin,bedaquiline;clofazimine,cross_class,6,2,0,6,2,352,0.0,1.0,True,,,1.0,False
gyrA|p.Gly88Cys,mmpR5|p.Asn70Asp,gyrA,p.Gly88Cys,mmpR5,p.Asn70Asp,levofloxacin;moxifloxacin,bedaquiline;clofazimine,cross_class,6,1,0,6,1,353,0.0,1.0,True,,,1.0,False
gyrA|p.Gly88Cys,rpoB|p.His445Leu,gyrA,p.Gly88Cys,rpoB,p.His445Leu,levofloxacin;moxifloxacin,rifampicin;rifapentine,cross_class,6,1,0,6,1,353,0.0,1.0,True,,,1.0,False
gyrA|p.Gly88Cys,rpoB|p.His445Asp,gyrA,p.Gly88Cys,rpoB,p.His445Asp,levofloxacin;moxifloxacin,rifampicin;rifapentine,cross_class,6,11,0,6,11,343,0.0,1.0,False,,,1.0,False
gyrA|p.Gly88Cys,rpoB|p.His445Asn,gyrA,p.Gly88Cys,rpoB,p.His445Asn,levofloxacin;moxifloxacin,rifampicin;rifapentine,cross_class,6,6,0,6,6,348,0.0,1.0,False,,,1.0,False
gyrA|p.Gly88Cys,rpoB|p.Gln432Lys,gyrA,p.Gly88Cys,rpoB,p.Gln432Lys,levofloxacin;moxifloxacin,rifampicin;rifapentine,cross_class,6,1,0,6,1,353,0.0,1.0,True,,,1.0,False
gyrA|p.Gly88Cys,rpoB|p.Asp435Val,gyrA,p.Gly88Cys,rpoB,p.Asp435Val,levofloxacin;moxifloxacin,rifampicin;rifapentine,cross_class,6,73,1,5,72,282,0.7833333333333333,1.0,False,lineage2,100.0,1.0,False
gyrA|p.Gly88Cys,rpoB|p.Asp435Tyr,gyrA,p.Gly88Cys,rpoB,p.Asp435Tyr,levofloxacin;moxifloxacin,rifampicin;rifapentine,cross_class,6,9,0,6,9,345,0.0,1.0,False,,,1.0,False
gyrA|p.Gly88Cys,rpoB|p.Asp435Gly,gyrA,p.Gly88Cys,rpoB,p.Asp435Gly,levofloxacin;moxifloxacin,rifampicin;rifapentine,cross_class,6,2,0,6,2,352,0.0,1.0,True,,,1.0,False
gyrA|p.Gly88Cys,rpoB|p.Asp435Ala,gyrA,p.Gly88Cys,rpoB,p.Asp435Ala,levofloxacin;moxifloxacin,rifampicin;rifapentine,cross_class,6,1,0,6,1,353,0.0,1.0,True,,,1.0,False
gyrA|p.Gly88Cys,rpoB|p.Asn437Ser,gyrA,p.Gly88Cys,rpoB,p.Asn437Ser,levofloxacin;moxifloxacin,rifampicin;rifapentine,cross_class,6,2,0,6,2,352,0.0,1.0,True,,,1.0,False
gyrA|p.Gly88Cys,rpoB|p.Ala451Val,gyrA,p.Gly88Cys,rpoB,p.Ala451Val,levofloxacin;moxifloxacin,rifampicin;rifapentine,cross_class,6,3,0,6,3,351,0.0,1.0,True,,,1.0,False
gyrA|p.Gly88Cys,rpoB|c.1296_1304delATTCATGGA,gyrA,p.Gly88Cys,rpoB,c.1296_1304delATTCATGGA,levofloxacin;moxifloxacin,rifampicin;rifapentine,cross_class,6,2,0,6,2,352,0.0,1.0,True,,,1.0,False
gyrA|p.Gly88Cys,rpoB|c.1294_1299delCAATTC,gyrA,p.Gly88Cys,rpoB,c.1294_1299delCAATTC,levofloxacin;moxifloxacin,rifampicin;rifapentine,cross_class,6,1,0,6,1,353,0.0,1.0,True,,,1.0,False
gyrA|p.Gly88Cys,rplC|p.Cys154Arg,gyrA,p.Gly88Cys,rplC,p.Cys154Arg,levofloxacin;moxifloxacin,linezolid,cross_class,6,4,0,6,4,350,0.0,1.0,True,,,1.0,False
gyrA|p.Gly88Cys,pncA|p.Val180Phe,gyrA,p.Gly88Cys,pncA,p.Val180Phe,levofloxacin;moxifloxacin,pyrazinamide,cross_class,6,1,0,6,1,353,0.0,1.0,True,,,1.0,False
gyrA|p.Gly88Cys,pncA|p.Val139Gly,gyrA,p.Gly88Cys,pncA,p.Val139Gly,levofloxacin;moxifloxacin,pyrazinamide,cross_class,6,1,0,6,1,353,0.0,1.0,True,,,1.0,False
gyrA|p.Gly88Cys,pncA|p.Thr47Ala,gyrA,p.Gly88Cys,pncA,p.Thr47Ala,levofloxacin;moxifloxacin,pyrazinamide,cross_class,6,1,0,6,1,353,0.0,1.0,True,,,1.0,False
gyrA|p.Gly88Cys,tlyA|c.585_588delTGGG,gyrA,p.Gly88Cys,tlyA,c.585_588delTGGG,levofloxacin;moxifloxacin,capreomycin,cross_class,6,30,0,6,30,324,0.0,1.0,False,,,1.0,False
gyrA|p.Gly88Cys,tlyA|c.388dupG,gyrA,p.Gly88Cys,tlyA,c.388dupG,levofloxacin;moxifloxacin,capreomycin,cross_class,6,1,0,6,1,353,0.0,1.0,True,,,1.0,False
gyrA|p.Gly88Cys,rrs|n.517C>T,gyrA,p.Gly88Cys,rrs,n.517C>T,levofloxacin;moxifloxacin,streptomycin,cross_class,6,2,0,6,2,352,0.0,1.0,True,,,1.0,False
gyrA|p.Gly88Cys,rrs|n.1402C>T,gyrA,p.Gly88Cys,rrs,n.1402C>T,levofloxacin;moxifloxacin,amikacin;capreomycin;kanamycin,cross_class,6,2,0,6,2,352,0.0,1.0,True,,,1.0,False
gyrA|p.Gly88Cys,rrs|n.1401A>G,gyrA,p.Gly88Cys,rrs,n.1401A>G,levofloxacin;moxifloxacin,amikacin;capreomycin;kanamycin,cross_class,6,85,1,5,84,270,0.6428571428571429,1.0,False,lineage2,100.0,1.0,False
gyrA|p.Gly88Cys,rrl|n.2814G>T,gyrA,p.Gly88Cys,rrl,n.2814G>T,levofloxacin;moxifloxacin,linezolid,cross_class,6,2,0,6,2,352,0.0,1.0,True,,,1.0,False
gyrA|p.Gly88Cys,rrl|n.2270G>T,gyrA,p.Gly88Cys,rrl,n.2270G>T,levofloxacin;moxifloxacin,linezolid,cross_class,6,2,0,6,2,352,0.0,1.0,True,,,1.0,False
gyrA|p.Gly88Cys,rpsL|p.Lys88Arg,gyrA,p.Gly88Cys,rpsL,p.Lys88Arg,levofloxacin;moxifloxacin,streptomycin,cross_class,6,8,0,6,8,346,0.0,1.0,False,,,1.0,False
gyrA|p.Gly88Cys,rpsL|p.Lys43Arg,gyrA,p.Gly88Cys,rpsL,p.Lys43Arg,levofloxacin;moxifloxacin,streptomycin,cross_class,6,26,0,6,26,328,0.0,1.0,False,,,1.0,False
gyrA|p.Gly88Cys,rpoB|p.Val170Phe,gyrA,p.Gly88Cys,rpoB,p.Val170Phe,levofloxacin;moxifloxacin,rifampicin;rifapentine,cross_class,6,2,0,6,2,352,0.0,1.0,True,,,1.0,False
gyrA|p.Gly88Cys,rpoB|p.Leu452Pro,gyrA,p.Gly88Cys,rpoB,p.Leu452Pro,levofloxacin;moxifloxacin,rifampicin;rifapentine,cross_class,6,10,0,6,10,344,0.0,1.0,False,,,1.0,False
gyrA|p.Gly88Cys,rpoB|p.Leu430Pro,gyrA,p.Gly88Cys,rpoB,p.Leu430Pro,levofloxacin;moxifloxacin,rifampicin;rifapentine,cross_class,6,22,0,6,22,332,0.0,1.0,False,,,1.0,False
gyrA|p.Gly88Cys,rpoB|p.Ile491Phe,gyrA,p.Gly88Cys,rpoB,p.Ile491Phe,levofloxacin;moxifloxacin,rifampicin;rifapentine,cross_class,6,1,0,6,1,353,0.0,1.0,True,,,1.0,False
gyrA|p.Gly88Cys,rpoB|p.His445Tyr,gyrA,p.Gly88Cys,rpoB,p.His445Tyr,levofloxacin;moxifloxacin,rifampicin;rifapentine,cross_class,6,5,0,6,5,349,0.0,1.0,False,,,1.0,False
gyrA|p.Ser91Pro,mmpR5|c.198delG,gyrA,p.Ser91Pro,mmpR5,c.198delG,levofloxacin;moxifloxacin,bedaquiline;clofazimine,cross_class,47,1,1,46,0,313,inf,0.13055555555555556,True,lineage2,100.0,1.0,False
gyrA|p.Ser91Pro,mmpR5|c.144dupC,gyrA,p.Ser91Pro,mmpR5,c.144dupC,levofloxacin;moxifloxacin,bedaquiline;clofazimine,cross_class,47,20,1,46,19,294,0.33638443935926776,0.49185733792628933,False,lineage2,100.0,1.0,False
gyrA|p.Ser91Pro,mmpR5|c.144delC,gyrA,p.Ser91Pro,mmpR5,c.144delC,levofloxacin;moxifloxacin,bedaquiline;clofazimine,cross_class,47,1,0,47,1,312,0.0,1.0,True,,,1.0,False
gyrA|p.Ser91Pro,mmpR5|c.141_142dupTC,gyrA,p.Ser91Pro,mmpR5,c.141_142dupTC,levofloxacin;moxifloxacin,bedaquiline;clofazimine,cross_class,47,2,0,47,2,311,0.0,1.0,True,,,1.0,False
gyrA|p.Ser91Pro,mmpR5|c.139dupG,gyrA,p.Ser91Pro,mmpR5,c.139dupG,levofloxacin;moxifloxacin,bedaquiline;clofazimine,cross_class,47,6,0,47,6,307,0.0,1.0,False,,,1.0,False
gyrA|p.Ser91Pro,mmpR5|c.139_140dupGA,gyrA,p.Ser91Pro,mmpR5,c.139_140dupGA,levofloxacin;moxifloxacin,bedaquiline;clofazimine,cross_class,47,1,0,47,1,312,0.0,1.0,True,,,1.0,False
gyrA|p.Ser91Pro,katG|p.Ser315Asn,gyrA,p.Ser91Pro,katG,p.Ser315Asn,levofloxacin;moxifloxacin,isoniazid,cross_class,47,5,0,47,5,308,0.0,1.0,False,,,1.0,False
gyrA|p.Ser91Pro,katG|c.18delA,gyrA,p.Ser91Pro,katG,c.18delA,levofloxacin;moxifloxacin,isoniazid,cross_class,47,1,0,47,1,312,0.0,1.0,True,,,1.0,False
gyrA|p.Ser91Pro,katG|c.117delG,gyrA,p.Ser91Pro,katG,c.117delG,levofloxacin;moxifloxacin,isoniazid,cross_class,47,1,0,47,1,312,0.0,1.0,True,,,1.0,False
gyrA|p.Ser91Pro,inhA|c.-154G>A,gyrA,p.Ser91Pro,inhA,c.-154G>A,levofloxacin;moxifloxacin,ethionamide;isoniazid;prothionamide,cross_class,47,8,1,46,7,306,0.9503105590062112,1.0,False,lineage2,100.0,1.0,False
gyrA|p.Ser91Pro,gyrB|p.Glu501Asp,gyrA,p.Ser91Pro,gyrB,p.Glu501Asp,levofloxacin;moxifloxacin,levofloxacin;moxifloxacin,within_class,47,3,0,47,3,310,0.0,1.0,True,,,1.0,False
gyrA|p.Ser91Pro,gyrB|p.Asp461Asn,gyrA,p.Ser91Pro,gyrB,p.Asp461Asn,levofloxacin;moxifloxacin,levofloxacin;moxifloxacin,within_class,47,1,0,47,1,312,0.0,1.0,True,,,1.0,False
gyrA|p.Ser91Pro,gyrB|p.Asn499Thr,gyrA,p.Ser91Pro,gyrB,p.Asn499Thr,levofloxacin;moxifloxacin,levofloxacin;moxifloxacin,within_class,47,2,0,47,2,311,0.0,1.0,True,,,1.0,False
gyrA|p.Ser91Pro,mmpR5|p.Gly121Arg,gyrA,p.Ser91Pro,mmpR5,p.Gly121Arg,levofloxacin;moxifloxacin,bedaquiline;clofazimine,cross_class,47,1,0,47,1,312,0.0,1.0,True,,,1.0,False
gyrA|p.Ser91Pro,mmpR5|p.Gln76*,gyrA,p.Ser91Pro,mmpR5,p.Gln76*,levofloxacin;moxifloxacin,bedaquiline;clofazimine,cross_class,47,2,1,46,1,312,6.782608695652174,0.24438254410399263,True,lineage2,100.0,1.0,False
gyrA|p.Ser91Pro,mmpR5|p.Asn70Asp,gyrA,p.Ser91Pro,mmpR5,p.Asn70Asp,levofloxacin;moxifloxacin,bedaquiline;clofazimine,cross_class,47,1,0,47,1,312,0.0,1.0,True,,,1.0,False
gyrA|p.Ser91Pro,mmpR5|p.Arg156*,gyrA,p.Ser91Pro,mmpR5,p.Arg156*,levofloxacin;moxifloxacin,bedaquiline;clofazimine,cross_class,47,1,1,46,0,313,inf,0.13055555555555556,True,lineage2,100.0,1.0,False
gyrA|p.Ser91Pro,mmpR5|p.Arg134*,gyrA,p.Ser91Pro,mmpR5,p.Arg134*,levofloxacin;moxifloxacin,bedaquiline;clofazimine,cross_class,47,1,0,47,1,312,0.0,1.0,True,,,1.0,False
gyrA|p.Ser91Pro,mmpR5|c.466dupC,gyrA,p.Ser91Pro,mmpR5,c.466dupC,levofloxacin;moxifloxacin,bedaquiline;clofazimine,cross_class,47,1,0,47,1,312,0.0,1.0,True,,,1.0,False
gyrA|p.Ser91Pro,mmpR5|c.441_442delGA,gyrA,p.Ser91Pro,mmpR5,c.441_442delGA,levofloxacin;moxifloxacin,bedaquiline;clofazimine,cross_class,47,2,0,47,2,311,0.0,1.0,True,,,1.0,False
gyrA|p.Ser91Pro,mmpR5|c.430dupG,gyrA,p.Ser91Pro,mmpR5,c.430dupG,levofloxacin;moxifloxacin,bedaquiline;clofazimine,cross_class,47,1,0,47,1,312,0.0,1.0,True,,,1.0,False
gyrA|p.Ser91Pro,mmpR5|c.424dupC,gyrA,p.Ser91Pro,mmpR5,c.424dupC,levofloxacin;moxifloxacin,bedaquiline;clofazimine,cross_class,47,14,0,47,14,299,0.0,0.23072733836836423,False,,,1.0,False
gyrA|p.Ser91Pro,mmpR5|c.386delC,gyrA,p.Ser91Pro,mmpR5,c.386delC,levofloxacin;moxifloxacin,bedaquiline;clofazimine,cross_class,47,1,1,46,0,313,inf,0.13055555555555556,True,lineage2,100.0,1.0,False
gyrA|p.Ser91Pro,mmpR5|c.366dupG,gyrA,p.Ser91Pro,mmpR5,c.366dupG,levofloxacin;moxifloxacin,bedaquiline;clofazimine,cross_class,47,1,0,47,1,312,0.0,1.0,True,,,1.0,False
gyrA|p.Ser91Pro,mmpR5|c.321dupC,gyrA,p.Ser91Pro,mmpR5,c.321dupC,levofloxacin;moxifloxacin,bedaquiline;clofazimine,cross_class,47,1,0,47,1,312,0.0,1.0,True,,,1.0,False
gyrA|p.Ser91Pro,mmpR5|c.291delC,gyrA,p.Ser91Pro,mmpR5,c.291delC,levofloxacin;moxifloxacin,bedaquiline;clofazimine,cross_class,47,1,0,47,1,312,0.0,1.0,True,,,1.0,False
gyrA|p.Ser91Pro,mmpR5|c.214delC,gyrA,p.Ser91Pro,mmpR5,c.214delC,levofloxacin;moxifloxacin,bedaquiline;clofazimine,cross_class,47,1,0,47,1,312,0.0,1.0,True,,,1.0,False
gyrA|p.Ser91Pro,mmpR5|c.19delG,gyrA,p.Ser91Pro,mmpR5,c.19delG,levofloxacin;moxifloxacin,bedaquiline;clofazimine,cross_class,47,1,0,47,1,312,0.0,1.0,True,,,1.0,False
gyrA|p.Ser91Pro,mmpR5|c.198dupG,gyrA,p.Ser91Pro,mmpR5,c.198dupG,levofloxacin;moxifloxacin,bedaquiline;clofazimine,cross_class,47,13,2,45,11,302,1.2202020202020203,0.6814869643497412,False,lineage2,100.0,1.0,False
gyrA|p.Ser91Pro,pncA|p.Val180Phe,gyrA,p.Ser91Pro,pncA,p.Val180Phe,levofloxacin;moxifloxacin,pyrazinamide,cross_class,47,1,0,47,1,312,0.0,1.0,True,,,1.0,False
gyrA|p.Ser91Pro,pncA|p.Val139Gly,gyrA,p.Ser91Pro,pncA,p.Val139Gly,levofloxacin;moxifloxacin,pyrazinamide,cross_class,47,1,0,47,1,312,0.0,1.0,True,,,1.0,False
gyrA|p.Ser91Pro,pncA|p.Thr47Ala,gyrA,p.Ser91Pro,pncA,p.Thr47Ala,levofloxacin;moxifloxacin,pyrazinamide,cross_class,47,1,0,47,1,312,0.0,1.0,True,,,1.0,False
gyrA|p.Ser91Pro,pncA|p.Ser104Arg,gyrA,p.Ser91Pro,pncA,p.Ser104Arg,levofloxacin;moxifloxacin,pyrazinamide,cross_class,47,7,0,47,7,306,0.0,0.6010703617716311,False,,,1.0,False
gyrA|p.Ser91Pro,pncA|p.Ile31Ser,gyrA,p.Ser91Pro,pncA,p.Ile31Ser,levofloxacin;moxifloxacin,pyrazinamide,cross_class,47,1,0,47,1,312,0.0,1.0,True,,,1.0,False
gyrA|p.Ser91Pro,pncA|p.Gln141Pro,gyrA,p.Ser91Pro,pncA,p.Gln141Pro,levofloxacin;moxifloxacin,pyrazinamide,cross_class,47,1,0,47,1,312,0.0,1.0,True,,,1.0,False
gyrA|p.Ser91Pro,pncA|p.Asp8Asn,gyrA,p.Ser91Pro,pncA,p.Asp8Asn,levofloxacin;moxifloxacin,pyrazinamide,cross_class,47,5,0,47,5,308,0.0,1.0,False,,,1.0,False
gyrA|p.Ser91Pro,pncA|p.Ala146Thr,gyrA,p.Ser91Pro,pncA,p.Ala146Thr,levofloxacin;moxifloxacin,pyrazinamide,cross_class,47,2,0,47,2,311,0.0,1.0,True,,,1.0,False
gyrA|p.Ser91Pro,pncA|c.517dupG,gyrA,p.Ser91Pro,pncA,c.517dupG,levofloxacin;moxifloxacin,pyrazinamide,cross_class,47,70,5,42,65,248,0.4542124542124542,0.11609072853567416,False,lineage2,100.0,1.0,False
gyrA|p.Ser91Pro,pncA|c.459_466delCAGGGTGC,gyrA,p.Ser91Pro,pncA,c.459_466delCAGGGTGC,levofloxacin;moxifloxacin,pyrazinamide,cross_class,47,1,0,47,1,312,0.0,1.0,True,,,1.0,False
gyrA|p.Ser91Pro,pncA|c.393dupC,gyrA,p.Ser91Pro,pncA,c.393dupC,levofloxacin;moxifloxacin,pyrazinamide,cross_class,47,1,0,47,1,312,0.0,1.0,True,,,1.0,False
gyrA|p.Ser91Pro,pncA|c.169delC,gyrA,p.Ser91Pro,pncA,c.169delC,levofloxacin;moxifloxacin,pyrazinamide,cross_class,47,1,0,47,1,312,0.0,1.0,True,,,1.0,False
gyrA|p.Ser91Pro,mmpR5|p.Val1?,gyrA,p.Ser91Pro,mmpR5,p.Val1?,levofloxacin;moxifloxacin,bedaquiline;clofazimine,cross_class,47,1,0,47,1,312,0.0,1.0,True,,,1.0,False
gyrA|p.Ser91Pro,mmpR5|p.Tyr145*,gyrA,p.Ser91Pro,mmpR5,p.Tyr145*,levofloxacin;moxifloxacin,bedaquiline;clofazimine,cross_class,47,2,0,47,2,311,0.0,1.0,True,,,1.0,False
gyrA|p.Ser91Pro,rpoB|p.Leu430Pro,gyrA,p.Ser91Pro,rpoB,p.Leu430Pro,levofloxacin;moxifloxacin,rifampicin;rifapentine,cross_class,47,22,0,47,22,291,0.0,0.09366082349103853,False,,,1.0,False
gyrA|p.Ser91Pro,rpoB|p.Ile491Phe,gyrA,p.Ser91Pro,rpoB,p.Ile491Phe,levofloxacin;moxifloxacin,rifampicin;rifapentine,cross_class,47,1,0,47,1,312,0.0,1.0,True,,,1.0,False
gyrA|p.Ser91Pro,rpoB|p.His445Tyr,gyrA,p.Ser91Pro,rpoB,p.His445Tyr,levofloxacin;moxifloxacin,rifampicin;rifapentine,cross_class,47,5,0,47,5,308,0.0,1.0,False,,,1.0,False
gyrA|p.Ser91Pro,rpoB|p.His445Leu,gyrA,p.Ser91Pro,rpoB,p.His445Leu,levofloxacin;moxifloxacin,rifampicin;rifapentine,cross_class,47,1,0,47,1,312,0.0,1.0,True,,,1.0,False
gyrA|p.Ser91Pro,rpoB|p.His445Asp,gyrA,p.Ser91Pro,rpoB,p.His445Asp,levofloxacin;moxifloxacin,rifampicin;rifapentine,cross_class,47,11,0,47,11,302,0.0,0.37165333127963873,False,,,1.0,False
gyrA|p.Ser91Pro,rpoB|p.His445Asn,gyrA,p.Ser91Pro,rpoB,p.His445Asn,levofloxacin;moxifloxacin,rifampicin;rifapentine,cross_class,47,6,0,47,6,307,0.0,1.0,False,,,1.0,False
gyrA|p.Ser91Pro,rpoB|p.Gln432Lys,gyrA,p.Ser91Pro,rpoB,p.Gln432Lys,levofloxacin;moxifloxacin,rifampicin;rifapentine,cross_class,47,1,0,47,1,312,0.0,1.0,True,,,1.0,False
gyrA|p.Ser91Pro,rpoB|p.Asp435Val,gyrA,p.Ser91Pro,rpoB,p.Asp435Val,levofloxacin;moxifloxacin,rifampicin;rifapentine,cross_class,47,73,5,42,68,245,0.42892156862745096,0.08276547692138864,False,lineage2,100.0,1.0,False
gyrA|p.Ser91Pro,rpoB|p.Asp435Tyr,gyrA,p.Ser91Pro,rpoB,p.Asp435Tyr,levofloxacin;moxifloxacin,rifampicin;rifapentine,cross_class,47,9,0,47,9,304,0.0,0.6122219649409918,False,,,1.0,False
gyrA|p.Ser91Pro,rpoB|p.Asp435Gly,gyrA,p.Ser91Pro,rpoB,p.Asp435Gly,levofloxacin;moxifloxacin,rifampicin;rifapentine,cross_class,47,2,0,47,2,311,0.0,1.0,True,,,1.0,False
gyrA|p.Ser91Pro,rpoB|p.Asp435Ala,gyrA,p.Ser91Pro,rpoB,p.Asp435Ala,levofloxacin;moxifloxacin,rifampicin;rifapentine,cross_class,47,1,0,47,1,312,0.0,1.0,True,,,1.0,False
gyrA|p.Ser91Pro,rpoB|p.Asn437Ser,gyrA,p.Ser91Pro,rpoB,p.Asn437Ser,levofloxacin;moxifloxacin,rifampicin;rifapentine,cross_class,47,2,0,47,2,311,0.0,1.0,True,,,1.0,False
gyrA|p.Ser91Pro,rpoB|p.Ala451Val,gyrA,p.Ser91Pro,rpoB,p.Ala451Val,levofloxacin;moxifloxacin,rifampicin;rifapentine,cross_class,47,3,0,47,3,310,0.0,1.0,True,,,1.0,False
gyrA|p.Ser91Pro,rpoB|c.1296_1304delATTCATGGA,gyrA,p.Ser91Pro,rpoB,c.1296_1304delATTCATGGA,levofloxacin;moxifloxacin,rifampicin;rifapentine,cross_class,47,2,0,47,2,311,0.0,1.0,True,,,1.0,False
gyrA|p.Ser91Pro,rpoB|c.1294_1299delCAATTC,gyrA,p.Ser91Pro,rpoB,c.1294_1299delCAATTC,levofloxacin;moxifloxacin,rifampicin;rifapentine,cross_class,47,1,0,47,1,312,0.0,1.0,True,,,1.0,False
gyrA|p.Ser91Pro,rplC|p.Cys154Arg,gyrA,p.Ser91Pro,rplC,p.Cys154Arg,levofloxacin;moxifloxacin,linezolid,cross_class,47,4,1,46,3,310,2.246376811594203,0.4300026687093402,True,lineage2,100.0,1.0,False
ddn|c.365_366insC,pncA|p.Thr47Ala,ddn,c.365_366insC,pncA,p.Thr47Ala,delamanid;pretomanid,pyrazinamide,cross_class,1,1,0,1,1,358,0.0,1.0,True,,,1.0,False
ddn|c.365_366insC,pncA|p.Ser104Arg,ddn,c.365_366insC,pncA,p.Ser104Arg,delamanid;pretomanid,pyrazinamide,cross_class,1,7,0,1,7,352,0.0,1.0,True,,,1.0,False
ddn|c.365_366insC,pncA|p.Ile31Ser,ddn,c.365_366insC,pncA,p.Ile31Ser,delamanid;pretomanid,pyrazinamide,cross_class,1,1,0,1,1,358,0.0,1.0,True,,,1.0,False
ddn|c.365_366insC,pncA|p.Gln141Pro,ddn,c.365_366insC,pncA,p.Gln141Pro,delamanid;pretomanid,pyrazinamide,cross_class,1,1,0,1,1,358,0.0,1.0,True,,,1.0,False
ddn|c.365_366insC,pncA|p.Cys14Arg,ddn,c.365_366insC,pncA,p.Cys14Arg,delamanid;pretomanid,pyrazinamide,cross_class,1,87,0,1,87,272,0.0,1.0,True,,,1.0,False
ddn|c.365_366insC,pncA|p.Asp8Asn,ddn,c.365_366insC,pncA,p.Asp8Asn,delamanid;pretomanid,pyrazinamide,cross_class,1,5,0,1,5,354,0.0,1.0,True,,,1.0,False
ddn|c.365_366insC,pncA|p.Ala146Thr,ddn,c.365_366insC,pncA,p.Ala146Thr,delamanid;pretomanid,pyrazinamide,cross_class,1,2,0,1,2,357,0.0,1.0,True,,,1.0,False
ddn|c.365_366insC,pncA|c.517dupG,ddn,c.365_366insC,pncA,c.517dupG,delamanid;pretomanid,pyrazinamide,cross_class,1,70,1,0,69,290,inf,0.19444444444444442,True,lineage2,100.0,1.0,False
ddn|c.365_366insC,pncA|c.459_466delCAGGGTGC,ddn,c.365_366insC,pncA,c.459_466delCAGGGTGC,delamanid;pretomanid,pyrazinamide,cross_class,1,1,0,1,1,358,0.0,1.0,True,,,1.0,False
ddn|c.365_366insC,pncA|c.393dupC,ddn,c.365_366insC,pncA,c.393dupC,delamanid;pretomanid,pyrazinamide,cross_class,1,1,0,1,1,358,0.0,1.0,True,,,1.0,False
ddn|c.365_366insC,pncA|c.169delC,ddn,c.365_366insC,pncA,c.169delC,delamanid;pretomanid,pyrazinamide,cross_class,1,1,0,1,1,358,0.0,1.0,True,,,1.0,False
ddn|c.365_366insC,mmpR5|p.Val1?,ddn,c.365_366insC,mmpR5,p.Val1?,delamanid;pretomanid,bedaquiline;clofazimine,cross_class,1,1,0,1,1,358,0.0,1.0,True,,,1.0,False
ddn|c.365_366insC,mmpR5|p.Tyr145*,ddn,c.365_366insC,mmpR5,p.Tyr145*,delamanid;pretomanid,bedaquiline;clofazimine,cross_class,1,2,0,1,2,357,0.0,1.0,True,,,1.0,False
ddn|c.365_366insC,mmpR5|p.Ile67Ser,ddn,c.365_366insC,mmpR5,p.Ile67Ser,delamanid;pretomanid,bedaquiline;clofazimine,cross_class,1,2,0,1,2,357,0.0,1.0,True,,,1.0,False
ddn|c.365_366insC,mmpR5|p.Gly121Arg,ddn,c.365_366insC,mmpR5,p.Gly121Arg,delamanid;pretomanid,bedaquiline;clofazimine,cross_class,1,1,0,1,1,358,0.0,1.0,True,,,1.0,False
ddn|c.365_366insC,mmpR5|p.Gln76*,ddn,c.365_366insC,mmpR5,p.Gln76*,delamanid;pretomanid,bedaquiline;clofazimine,cross_class,1,2,0,1,2,357,0.0,1.0,True,,,1.0,False
gyrB|p.Asn499Thr,gyrB|p.Glu501Asp,gyrB,p.Asn499Thr,gyrB,p.Glu501Asp,levofloxacin;moxifloxacin,levofloxacin;moxifloxacin,within_class,2,3,0,2,3,355,0.0,1.0,True,,,1.0,False
gyrB|p.Asn499Thr,gyrB|p.Asp461Asn,gyrB,p.Asn499Thr,gyrB,p.Asp461Asn,levofloxacin;moxifloxacin,levofloxacin;moxifloxacin,within_class,2,1,0,2,1,357,0.0,1.0,True,,,1.0,False
gyrA|p.Ser91Pro,tlyA|c.388dupG,gyrA,p.Ser91Pro,tlyA,c.388dupG,levofloxacin;moxifloxacin,capreomycin,cross_class,47,1,0,47,1,312,0.0,1.0,True,,,1.0,False
gyrA|p.Ser91Pro,rrs|n.517C>T,gyrA,p.Ser91Pro,rrs,n.517C>T,levofloxacin;moxifloxacin,streptomycin,cross_class,47,2,0,47,2,311,0.0,1.0,True,,,1.0,False
gyrA|p.Ser91Pro,rrs|n.1402C>T,gyrA,p.Ser91Pro,rrs,n.1402C>T,levofloxacin;moxifloxacin,amikacin;capreomycin;kanamycin,cross_class,47,2,0,47,2,311,0.0,1.0,True,,,1.0,False
gyrA|p.Ser91Pro,rrl|n.2814G>T,gyrA,p.Ser91Pro,rrl,n.2814G>T,levofloxacin;moxifloxacin,linezolid,cross_class,47,2,0,47,2,311,0.0,1.0,True,,,1.0,False
gyrA|p.Ser91Pro,rrl|n.2270G>T,gyrA,p.Ser91Pro,rrl,n.2270G>T,levofloxacin;moxifloxacin,linezolid,cross_class,47,2,1,46,1,312,6.782608695652174,0.24438254410399263,True,lineage2,100.0,1.0,False
gyrA|p.Ser91Pro,rpsL|p.Lys88Arg,gyrA,p.Ser91Pro,rpsL,p.Lys88Arg,levofloxacin;moxifloxacin,streptomycin,cross_class,47,8,0,47,8,305,0.0,0.6034920309636285,False,,,1.0,False
gyrA|p.Ser91Pro,rpoB|p.Val170Phe,gyrA,p.Ser91Pro,rpoB,p.Val170Phe,levofloxacin;moxifloxacin,rifampicin;rifapentine,cross_class,47,2,0,47,2,311,0.0,1.0,True,,,1.0,False
gyrA|p.Ser91Pro,rpoB|p.Leu452Pro,gyrA,p.Ser91Pro,rpoB,p.Leu452Pro,levofloxacin;moxifloxacin,rifampicin;rifapentine,cross_class,47,10,0,47,10,303,0.0,0.3715025199423481,False,,,1.0,False
gyrB|p.Asn499Thr,mmpR5|c.291delC,gyrB,p.Asn499Thr,mmpR5,c.291delC,levofloxacin;moxifloxacin,bedaquiline;clofazimine,cross_class,2,1,0,2,1,357,0.0,1.0,True,,,1.0,False
gyrB|p.Asn499Thr,mmpR5|c.214delC,gyrB,p.Asn499Thr,mmpR5,c.214delC,levofloxacin;moxifloxacin,bedaquiline;clofazimine,cross_class,2,1,0,2,1,357,0.0,1.0,True,,,1.0,False
gyrB|p.Asn499Thr,mmpR5|c.19delG,gyrB,p.Asn499Thr,mmpR5,c.19delG,levofloxacin;moxifloxacin,bedaquiline;clofazimine,cross_class,2,1,0,2,1,357,0.0,1.0,True,,,1.0,False
gyrB|p.Asn499Thr,mmpR5|c.198dupG,gyrB,p.Asn499Thr,mmpR5,c.198dupG,levofloxacin;moxifloxacin,bedaquiline;clofazimine,cross_class,2,13,0,2,13,345,0.0,1.0,True,,,1.0,False
gyrB|p.Asn499Thr,mmpR5|c.198delG,gyrB,p.Asn499Thr,mmpR5,c.198delG,levofloxacin;moxifloxacin,bedaquiline;clofazimine,cross_class,2,1,0,2,1,357,0.0,1.0,True,,,1.0,False
gyrB|p.Asn499Thr,mmpR5|c.144dupC,gyrB,p.Asn499Thr,mmpR5,c.144dupC,levofloxacin;moxifloxacin,bedaquiline;clofazimine,cross_class,2,20,0,2,20,338,0.0,1.0,True,,,1.0,False
gyrB|p.Asn499Thr,mmpR5|c.144delC,gyrB,p.Asn499Thr,mmpR5,c.144delC,levofloxacin;moxifloxacin,bedaquiline;clofazimine,cross_class,2,1,0,2,1,357,0.0,1.0,True,,,1.0,False
gyrB|p.Asn499Thr,mmpR5|c.141_142dupTC,gyrB,p.Asn499Thr,mmpR5,c.141_142dupTC,levofloxacin;moxifloxacin,bedaquiline;clofazimine,cross_class,2,2,0,2,2,356,0.0,1.0,True,,,1.0,False
gyrB|p.Asn499Thr,mmpR5|c.139dupG,gyrB,p.Asn499Thr,mmpR5,c.139dupG,levofloxacin;moxifloxacin,bedaquiline;clofazimine,cross_class,2,6,0,2,6,352,0.0,1.0,True,,,1.0,False
gyrB|p.Asn499Thr,mmpR5|c.139_140dupGA,gyrB,p.Asn499Thr,mmpR5,c.139_140dupGA,levofloxacin;moxifloxacin,bedaquiline;clofazimine,cross_class,2,1,0,2,1,357,0.0,1.0,True,,,1.0,False
gyrB|p.Asn499Thr,katG|p.Ser315Thr,gyrB,p.Asn499Thr,katG,p.Ser315Thr,levofloxacin;moxifloxacin,isoniazid,cross_class,2,191,0,2,191,167,0.0,0.21968430826369548,True,,,1.0,False
gyrB|p.Asn499Thr,katG|p.Ser315Asn,gyrB,p.Asn499Thr,katG,p.Ser315Asn,levofloxacin;moxifloxacin,isoniazid,cross_class,2,5,0,2,5,353,0.0,1.0,True,,,1.0,False
gyrB|p.Asn499Thr,katG|c.18delA,gyrB,p.Asn499Thr,katG,c.18delA,levofloxacin;moxifloxacin,isoniazid,cross_class,2,1,0,2,1,357,0.0,1.0,True,,,1.0,False
gyrB|p.Asn499Thr,katG|c.117delG,gyrB,p.Asn499Thr,katG,c.117delG,levofloxacin;moxifloxacin,isoniazid,cross_class,2,1,0,2,1,357,0.0,1.0,True,,,1.0,False
gyrB|p.Asn499Thr,inhA|c.-779G>T,gyrB,p.Asn499Thr,inhA,c.-779G>T,levofloxacin;moxifloxacin,ethionamide;isoniazid;prothionamide,cross_class,2,105,0,2,105,253,0.0,1.0,True,,,1.0,False
gyrB|p.Asn499Thr,inhA|c.-777C>T,gyrB,p.Asn499Thr,inhA,c.-777C>T,levofloxacin;moxifloxacin,ethionamide;isoniazid;prothionamide,cross_class,2,29,1,1,28,330,11.785714285714286,0.15482822655524608,True,lineage2,100.0,1.0,False
gyrB|p.Asn499Thr,pncA|c.169delC,gyrB,p.Asn499Thr,pncA,c.169delC,levofloxacin;moxifloxacin,pyrazinamide,cross_class,2,1,0,2,1,357,0.0,1.0,True,,,1.0,False
gyrB|p.Asn499Thr,mmpR5|p.Val1?,gyrB,p.Asn499Thr,mmpR5,p.Val1?,levofloxacin;moxifloxacin,bedaquiline;clofazimine,cross_class,2,1,0,2,1,357,0.0,1.0,True,,,1.0,False
gyrB|p.Asn499Thr,mmpR5|p.Tyr145*,gyrB,p.Asn499Thr,mmpR5,p.Tyr145*,levofloxacin;moxifloxacin,bedaquiline;clofazimine,cross_class,2,2,0,2,2,356,0.0,1.0,True,,,1.0,False
gyrB|p.Asn499Thr,mmpR5|p.Ile67Ser,gyrB,p.Asn499Thr,mmpR5,p.Ile67Ser,levofloxacin;moxifloxacin,bedaquiline;clofazimine,cross_class,2,2,0,2,2,356,0.0,1.0,True,,,1.0,False
gyrB|p.Asn499Thr,mmpR5|p.Gly121Arg,gyrB,p.Asn499Thr,mmpR5,p.Gly121Arg,levofloxacin;moxifloxacin,bedaquiline;clofazimine,cross_class,2,1,0,2,1,357,0.0,1.0,True,,,1.0,False
gyrB|p.Asn499Thr,mmpR5|p.Gln76*,gyrB,p.Asn499Thr,mmpR5,p.Gln76*,levofloxacin;moxifloxacin,bedaquiline;clofazimine,cross_class,2,2,0,2,2,356,0.0,1.0,True,,,1.0,False
gyrB|p.Asn499Thr,mmpR5|p.Asn70Asp,gyrB,p.Asn499Thr,mmpR5,p.Asn70Asp,levofloxacin;moxifloxacin,bedaquiline;clofazimine,cross_class,2,1,0,2,1,357,0.0,1.0,True,,,1.0,False
gyrB|p.Asn499Thr,mmpR5|p.Arg156*,gyrB,p.Asn499Thr,mmpR5,p.Arg156*,levofloxacin;moxifloxacin,bedaquiline;clofazimine,cross_class,2,1,0,2,1,357,0.0,1.0,True,,,1.0,False
gyrB|p.Asn499Thr,mmpR5|p.Arg134*,gyrB,p.Asn499Thr,mmpR5,p.Arg134*,levofloxacin;moxifloxacin,bedaquiline;clofazimine,cross_class,2,1,0,2,1,357,0.0,1.0,True,,,1.0,False
gyrB|p.Asn499Thr,mmpR5|c.466dupC,gyrB,p.Asn499Thr,mmpR5,c.466dupC,levofloxacin;moxifloxacin,bedaquiline;clofazimine,cross_class,2,1,0,2,1,357,0.0,1.0,True,,,1.0,False
gyrB|p.Asn499Thr,mmpR5|c.441_442delGA,gyrB,p.Asn499Thr,mmpR5,c.441_442delGA,levofloxacin;moxifloxacin,bedaquiline;clofazimine,cross_class,2,2,0,2,2,356,0.0,1.0,True,,,1.0,False
gyrB|p.Asn499Thr,mmpR5|c.424dupC,gyrB,p.Asn499Thr,mmpR5,c.424dupC,levofloxacin;moxifloxacin,bedaquiline;clofazimine,cross_class,2,14,0,2,14,344,0.0,1.0,True,,,1.0,False
gyrB|p.Asn499Thr,mmpR5|c.386delC,gyrB,p.Asn499Thr,mmpR5,c.386delC,levofloxacin;moxifloxacin,bedaquiline;clofazimine,cross_class,2,1,0,2,1,357,0.0,1.0,True,,,1.0,False
gyrB|p.Asn499Thr,mmpR5|c.366dupG,gyrB,p.Asn499Thr,mmpR5,c.366dupG,levofloxacin;moxifloxacin,bedaquiline;clofazimine,cross_class,2,1,0,2,1,357,0.0,1.0,True,,,1.0,False
gyrB|p.Asn499Thr,mmpR5|c.321dupC,gyrB,p.Asn499Thr,mmpR5,c.321dupC,levofloxacin;moxifloxacin,bedaquiline;clofazimine,cross_class,2,1,0,2,1,357,0.0,1.0,True,,,1.0,False
gyrB|p.Asn499Thr,rpoB|p.Ala451Val,gyrB,p.Asn499Thr,rpoB,p.Ala451Val,levofloxacin;moxifloxacin,rifampicin;rifapentine,cross_class,2,3,0,2,3,355,0.0,1.0,True,,,1.0,False
gyrB|p.Asn499Thr,rpoB|c.1296_1304delATTCATGGA,gyrB,p.Asn499Thr,rpoB,c.1296_1304delATTCATGGA,levofloxacin;moxifloxacin,rifampicin;rifapentine,cross_class,2,2,0,2,2,356,0.0,1.0,True,,,1.0,False
gyrB|p.Asn499Thr,rpoB|c.1294_1299delCAATTC,gyrB,p.Asn499Thr,rpoB,c.1294_1299delCAATTC,levofloxacin;moxifloxacin,rifampicin;rifapentine,cross_class,2,1,0,2,1,357,0.0,1.0,True,,,1.0,False
gyrB|p.Asn499Thr,rplC|p.Cys154Arg,gyrB,p.Asn499Thr,rplC,p.Cys154Arg,levofloxacin;moxifloxacin,linezolid,cross_class,2,4,0,2,4,354,0.0,1.0,True,,,1.0,False
gyrB|p.Asn499Thr,pncA|p.Val180Phe,gyrB,p.Asn499Thr,pncA,p.Val180Phe,levofloxacin;moxifloxacin,pyrazinamide,cross_class,2,1,0,2,1,357,0.0,1.0,True,,,1.0,False
gyrB|p.Asn499Thr,pncA|p.Val139Gly,gyrB,p.Asn499Thr,pncA,p.Val139Gly,levofloxacin;moxifloxacin,pyrazinamide,cross_class,2,1,0,2,1,357,0.0,1.0,True,,,1.0,False
gyrB|p.Asn499Thr,pncA|p.Thr47Ala,gyrB,p.Asn499Thr,pncA,p.Thr47Ala,levofloxacin;moxifloxacin,pyrazinamide,cross_class,2,1,0,2,1,357,0.0,1.0,True,,,1.0,False
gyrB|p.Asn499Thr,pncA|p.Ser104Arg,gyrB,p.Asn499Thr,pncA,p.Ser104Arg,levofloxacin;moxifloxacin,pyrazinamide,cross_class,2,7,0,2,7,351,0.0,1.0,True,,,1.0,False
gyrB|p.Asn499Thr,pncA|p.Ile31Ser,gyrB,p.Asn499Thr,pncA,p.Ile31Ser,levofloxacin;moxifloxacin,pyrazinamide,cross_class,2,1,0,2,1,357,0.0,1.0,True,,,1.0,False
gyrB|p.Asn499Thr,pncA|p.Gln141Pro,gyrB,p.Asn499Thr,pncA,p.Gln141Pro,levofloxacin;moxifloxacin,pyrazinamide,cross_class,2,1,0,2,1,357,0.0,1.0,True,,,1.0,False
gyrB|p.Asn499Thr,pncA|p.Cys14Arg,gyrB,p.Asn499Thr,pncA,p.Cys14Arg,levofloxacin;moxifloxacin,pyrazinamide,cross_class,2,87,0,2,87,271,0.0,1.0,True,,,1.0,False
gyrB|p.Asn499Thr,pncA|p.Ala146Thr,gyrB,p.Asn499Thr,pncA,p.Ala146Thr,levofloxacin;moxifloxacin,pyrazinamide,cross_class,2,2,0,2,2,356,0.0,1.0,True,,,1.0,False
gyrB|p.Asn499Thr,pncA|c.517dupG,gyrB,p.Asn499Thr,pncA,c.517dupG,levofloxacin;moxifloxacin,pyrazinamide,cross_class,2,70,0,2,70,288,0.0,1.0,True,,,1.0,False
gyrB|p.Asn499Thr,pncA|c.459_466delCAGGGTGC,gyrB,p.Asn499Thr,pncA,c.459_466delCAGGGTGC,levofloxacin;moxifloxacin,pyrazinamide,cross_class,2,1,0,2,1,357,0.0,1.0,True,,,1.0,False
gyrB|p.Asn499Thr,pncA|c.393dupC,gyrB,p.Asn499Thr,pncA,c.393dupC,levofloxacin;moxifloxacin,pyrazinamide,cross_class,2,1,0,2,1,357,0.0,1.0,True,,,1.0,False
gyrB|p.Asn499Thr,rpsL|p.Lys43Arg,gyrB,p.Asn499Thr,rpsL,p.Lys43Arg,levofloxacin;moxifloxacin,streptomycin,cross_class,2,26,1,1,25,333,13.32,0.13941504178272981,True,lineage2,100.0,1.0,False
gyrB|p.Asn499Thr,rpoB|p.Val170Phe,gyrB,p.Asn499Thr,rpoB,p.Val170Phe,levofloxacin;moxifloxacin,rifampicin;rifapentine,cross_class,2,2,0,2,2,356,0.0,1.0,True,,,1.0,False
gyrB|p.Asn499Thr,rpoB|p.Ser450Leu,gyrB,p.Asn499Thr,rpoB,p.Ser450Leu,levofloxacin;moxifloxacin,rifampicin;rifapentine,cross_class,2,139,0,2,139,219,0.0,0.5246208604147322,True,,,1.0,False
gyrB|p.Asn499Thr,rpoB|p.Leu452Pro,gyrB,p.Asn499Thr,rpoB,p.Leu452Pro,levofloxacin;moxifloxacin,rifampicin;rifapentine,cross_class,2,10,0,2,10,348,0.0,1.0,True,,,1.0,False
gyrB|p.Asn499Thr,rpoB|p.Leu430Pro,gyrB,p.Asn499Thr,rpoB,p.Leu430Pro,levofloxacin;moxifloxacin,rifampicin;rifapentine,cross_class,2,22,0,2,22,336,0.0,1.0,True,,,1.0,False
gyrB|p.Asn499Thr,rpoB|p.Ile491Phe,gyrB,p.Asn499Thr,rpoB,p.Ile491Phe,levofloxacin;moxifloxacin,rifampicin;rifapentine,cross_class,2,1,0,2,1,357,0.0,1.0,True,,,1.0,False
gyrB|p.Asn499Thr,rpoB|p.His445Tyr,gyrB,p.Asn499Thr,rpoB,p.His445Tyr,levofloxacin;moxifloxacin,rifampicin;rifapentine,cross_class,2,5,0,2,5,353,0.0,1.0,True,,,1.0,False
gyrB|p.Asn499Thr,rpoB|p.His445Leu,gyrB,p.Asn499Thr,rpoB,p.His445Leu,levofloxacin;moxifloxacin,rifampicin;rifapentine,cross_class,2,1,0,2,1,357,0.0,1.0,True,,,1.0,False
gyrB|p.Asn499Thr,rpoB|p.His445Asp,gyrB,p.Asn499Thr,rpoB,p.His445Asp,levofloxacin;moxifloxacin,rifampicin;rifapentine,cross_class,2,11,0,2,11,347,0.0,1.0,True,,,1.0,False
gyrB|p.Asn499Thr,rpoB|p.His445Asn,gyrB,p.Asn499Thr,rpoB,p.His445Asn,levofloxacin;moxifloxacin,rifampicin;rifapentine,cross_class,2,6,0,2,6,352,0.0,1.0,True,,,1.0,False
gyrB|p.Asn499Thr,rpoB|p.Asp435Val,gyrB,p.Asn499Thr,rpoB,p.Asp435Val,levofloxacin;moxifloxacin,rifampicin;rifapentine,cross_class,2,73,0,2,73,285,0.0,1.0,True,,,1.0,False
gyrB|p.Asn499Thr,rpoB|p.Asp435Tyr,gyrB,p.Asn499Thr,rpoB,p.Asp435Tyr,levofloxacin;moxifloxacin,rifampicin;rifapentine,cross_class,2,9,0,2,9,349,0.0,1.0,True,,,1.0,False
gyrB|p.Asn499Thr,rpoB|p.Asp435Gly,gyrB,p.Asn499Thr,rpoB,p.Asp435Gly,levofloxacin;moxifloxacin,rifampicin;rifapentine,cross_class,2,2,0,2,2,356,0.0,1.0,True,,,1.0,False
gyrB|p.Asn499Thr,rpoB|p.Asp435Ala,gyrB,p.Asn499Thr,rpoB,p.Asp435Ala,levofloxacin;moxifloxacin,rifampicin;rifapentine,cross_class,2,1,0,2,1,357,0.0,1.0,True,,,1.0,False
gyrB|p.Asn499Thr,rpoB|p.Asn437Ser,gyrB,p.Asn499Thr,rpoB,p.Asn437Ser,levofloxacin;moxifloxacin,rifampicin;rifapentine,cross_class,2,2,0,2,2,356,0.0,1.0,True,,,1.0,False
gyrB|p.Asp461Asn,katG|p.Ser315Asn,gyrB,p.Asp461Asn,katG,p.Ser315Asn,levofloxacin;moxifloxacin,isoniazid,cross_class,1,5,0,1,5,354,0.0,1.0,True,,,1.0,False
gyrB|p.Asp461Asn,katG|c.18delA,gyrB,p.Asp461Asn,katG,c.18delA,levofloxacin;moxifloxacin,isoniazid,cross_class,1,1,0,1,1,358,0.0,1.0,True,,,1.0,False
gyrB|p.Asp461Asn,katG|c.117delG,gyrB,p.Asp461Asn,katG,c.117delG,levofloxacin;moxifloxacin,isoniazid,cross_class,1,1,0,1,1,358,0.0,1.0,True,,,1.0,False
gyrB|p.Asp461Asn,inhA|c.-779G>T,gyrB,p.Asp461Asn,inhA,c.-779G>T,levofloxacin;moxifloxacin,ethionamide;isoniazid;prothionamide,cross_class,1,105,0,1,105,254,0.0,1.0,True,,,1.0,False
gyrB|p.Asp461Asn,inhA|c.-777C>T,gyrB,p.Asp461Asn,inhA,c.-777C>T,levofloxacin;moxifloxacin,ethionamide;isoniazid;prothionamide,cross_class,1,29,0,1,29,330,0.0,1.0,True,,,1.0,False
gyrB|p.Asp461Asn,inhA|c.-154G>A,gyrB,p.Asp461Asn,inhA,c.-154G>A,levofloxacin;moxifloxacin,ethionamide;isoniazid;prothionamide,cross_class,1,8,0,1,8,351,0.0,1.0,True,,,1.0,False
gyrB|p.Asp461Asn,gyrB|p.Glu501Asp,gyrB,p.Asp461Asn,gyrB,p.Glu501Asp,levofloxacin;moxifloxacin,levofloxacin;moxifloxacin,within_class,1,3,0,1,3,356,0.0,1.0,True,,,1.0,False
gyrB|p.Asn499Thr,tlyA|c.585_588delTGGG,gyrB,p.Asn499Thr,tlyA,c.585_588delTGGG,levofloxacin;moxifloxacin,capreomycin,cross_class,2,30,0,2,30,328,0.0,1.0,True,,,1.0,False
gyrB|p.Asn499Thr,tlyA|c.388dupG,gyrB,p.Asn499Thr,tlyA,c.388dupG,levofloxacin;moxifloxacin,capreomycin,cross_class,2,1,0,2,1,357,0.0,1.0,True,,,1.0,False
gyrB|p.Asn499Thr,rrs|n.517C>T,gyrB,p.Asn499Thr,rrs,n.517C>T,levofloxacin;moxifloxacin,streptomycin,cross_class,2,2,0,2,2,356,0.0,1.0,True,,,1.0,False
gyrB|p.Asn499Thr,rrs|n.514A>C,gyrB,p.Asn499Thr,rrs,n.514A>C,levofloxacin;moxifloxacin,streptomycin,cross_class,2,164,0,2,164,194,0.0,0.5025688641287527,True,,,1.0,False
gyrB|p.Asn499Thr,rrs|n.1402C>T,gyrB,p.Asn499Thr,rrs,n.1402C>T,levofloxacin;moxifloxacin,amikacin;capreomycin;kanamycin,cross_class,2,2,0,2,2,356,0.0,1.0,True,,,1.0,False
gyrB|p.Asn499Thr,rrs|n.1401A>G,gyrB,p.Asn499Thr,rrs,n.1401A>G,levofloxacin;moxifloxacin,amikacin;capreomycin;kanamycin,cross_class,2,85,1,1,84,274,3.261904761904762,0.41697616836892604,True,lineage2,100.0,1.0,False
gyrB|p.Asn499Thr,rrl|n.2814G>T,gyrB,p.Asn499Thr,rrl,n.2814G>T,levofloxacin;moxifloxacin,linezolid,cross_class,2,2,0,2,2,356,0.0,1.0,True,,,1.0,False
gyrB|p.Asn499Thr,rrl|n.2270G>T,gyrB,p.Asn499Thr,rrl,n.2270G>T,levofloxacin;moxifloxacin,linezolid,cross_class,2,2,0,2,2,356,0.0,1.0,True,,,1.0,False
gyrB|p.Asn499Thr,rpsL|p.Lys88Arg,gyrB,p.Asn499Thr,rpsL,p.Lys88Arg,levofloxacin;moxifloxacin,streptomycin,cross_class,2,8,0,2,8,350,0.0,1.0,True,,,1.0,False
gyrB|p.Asp461Asn,mmpR5|c.430dupG,gyrB,p.Asp461Asn,mmpR5,c.430dupG,levofloxacin;moxifloxacin,bedaquiline;clofazimine,cross_class,1,1,0,1,1,358,0.0,1.0,True,,,1.0,False
gyrB|p.Asp461Asn,mmpR5|c.424dupC,gyrB,p.Asp461Asn,mmpR5,c.424dupC,levofloxacin;moxifloxacin,bedaquiline;clofazimine,cross_class,1,14,0,1,14,345,0.0,1.0,True,,,1.0,False
gyrB|p.Asp461Asn,mmpR5|c.386delC,gyrB,p.Asp461Asn,mmpR5,c.386delC,levofloxacin;moxifloxacin,bedaquiline;clofazimine,cross_class,1,1,0,1,1,358,0.0,1.0,True,,,1.0,False
gyrB|p.Asp461Asn,mmpR5|c.366dupG,gyrB,p.Asp461Asn,mmpR5,c.366dupG,levofloxacin;moxifloxacin,bedaquiline;clofazimine,cross_class,1,1,0,1,1,358,0.0,1.0,True,,,1.0,False
gyrB|p.Asp461Asn,mmpR5|c.321dupC,gyrB,p.Asp461Asn,mmpR5,c.321dupC,levofloxacin;moxifloxacin,bedaquiline;clofazimine,cross_class,1,1,0,1,1,358,0.0,1.0,True,,,1.0,False
gyrB|p.Asp461Asn,mmpR5|c.291delC,gyrB,p.Asp461Asn,mmpR5,c.291delC,levofloxacin;moxifloxacin,bedaquiline;clofazimine,cross_class,1,1,0,1,1,358,0.0,1.0,True,,,1.0,False
gyrB|p.Asp461Asn,mmpR5|c.214delC,gyrB,p.Asp461Asn,mmpR5,c.214delC,levofloxacin;moxifloxacin,bedaquiline;clofazimine,cross_class,1,1,0,1,1,358,0.0,1.0,True,,,1.0,False
gyrB|p.Asp461Asn,mmpR5|c.19delG,gyrB,p.Asp461Asn,mmpR5,c.19delG,levofloxacin;moxifloxacin,bedaquiline;clofazimine,cross_class,1,1,0,1,1,358,0.0,1.0,True,,,1.0,False
gyrB|p.Asp461Asn,mmpR5|c.198dupG,gyrB,p.Asp461Asn,mmpR5,c.198dupG,levofloxacin;moxifloxacin,bedaquiline;clofazimine,cross_class,1,13,0,1,13,346,0.0,1.0,True,,,1.0,False
gyrB|p.Asp461Asn,mmpR5|c.198delG,gyrB,p.Asp461Asn,mmpR5,c.198delG,levofloxacin;moxifloxacin,bedaquiline;clofazimine,cross_class,1,1,0,1,1,358,0.0,1.0,True,,,1.0,False
gyrB|p.Asp461Asn,mmpR5|c.144dupC,gyrB,p.Asp461Asn,mmpR5,c.144dupC,levofloxacin;moxifloxacin,bedaquiline;clofazimine,cross_class,1,20,0,1,20,339,0.0,1.0,True,,,1.0,False
gyrB|p.Asp461Asn,mmpR5|c.144delC,gyrB,p.Asp461Asn,mmpR5,c.144delC,levofloxacin;moxifloxacin,bedaquiline;clofazimine,cross_class,1,1,0,1,1,358,0.0,1.0,True,,,1.0,False
gyrB|p.Asp461Asn,mmpR5|c.139dupG,gyrB,p.Asp461Asn,mmpR5,c.139dupG,levofloxacin;moxifloxacin,bedaquiline;clofazimine,cross_class,1,6,0,1,6,353,0.0,1.0,True,,,1.0,False
gyrB|p.Asp461Asn,mmpR5|c.139_140dupGA,gyrB,p.Asp461Asn,mmpR5,c.139_140dupGA,levofloxacin;moxifloxacin,bedaquiline;clofazimine,cross_class,1,1,0,1,1,358,0.0,1.0,True,,,1.0,False
gyrB|p.Asp461Asn,katG|p.Ser315Thr,gyrB,p.Asp461Asn,katG,p.Ser315Thr,levofloxacin;moxifloxacin,isoniazid,cross_class,1,191,0,1,191,168,0.0,0.46944444444444444,True,,,1.0,False
gyrB|p.Asp461Asn,pncA|p.Asp8Asn,gyrB,p.Asp461Asn,pncA,p.Asp8Asn,levofloxacin;moxifloxacin,pyrazinamide,cross_class,1,5,0,1,5,354,0.0,1.0,True,,,1.0,False
gyrB|p.Asp461Asn,pncA|p.Ala146Thr,gyrB,p.Asp461Asn,pncA,p.Ala146Thr,levofloxacin;moxifloxacin,pyrazinamide,cross_class,1,2,0,1,2,357,0.0,1.0,True,,,1.0,False
gyrB|p.Asp461Asn,pncA|c.517dupG,gyrB,p.Asp461Asn,pncA,c.517dupG,levofloxacin;moxifloxacin,pyrazinamide,cross_class,1,70,0,1,70,289,0.0,1.0,True,,,1.0,False
gyrB|p.Asp461Asn,pncA|c.459_466delCAGGGTGC,gyrB,p.Asp461Asn,pncA,c.459_466delCAGGGTGC,levofloxacin;moxifloxacin,pyrazinamide,cross_class,1,1,0,1,1,358,0.0,1.0,True,,,1.0,False
gyrB|p.Asp461Asn,pncA|c.393dupC,gyrB,p.Asp461Asn,pncA,c.393dupC,levofloxacin;moxifloxacin,pyrazinamide,cross_class,1,1,0,1,1,358,0.0,1.0,True,,,1.0,False
gyrB|p.Asp461Asn,pncA|c.169delC,gyrB,p.Asp461Asn,pncA,c.169delC,levofloxacin;moxifloxacin,pyrazinamide,cross_class,1,1,0,1,1,358,0.0,1.0,True,,,1.0,False
gyrB|p.Asp461Asn,mmpR5|p.Val1?,gyrB,p.Asp461Asn,mmpR5,p.Val1?,levofloxacin;moxifloxacin,bedaquiline;clofazimine,cross_class,1,1,0,1,1,358,0.0,1.0,True,,,1.0,False
gyrB|p.Asp461Asn,mmpR5|p.Tyr145*,gyrB,p.Asp461Asn,mmpR5,p.Tyr145*,levofloxacin;moxifloxacin,bedaquiline;clofazimine,cross_class,1,2,0,1,2,357,0.0,1.0,True,,,1.0,False
gyrB|p.Asp461Asn,mmpR5|p.Ile67Ser,gyrB,p.Asp461Asn,mmpR5,p.Ile67Ser,levofloxacin;moxifloxacin,bedaquiline;clofazimine,cross_class,1,2,0,1,2,357,0.0,1.0,True,,,1.0,False
gyrB|p.Asp461Asn,mmpR5|p.Gly121Arg,gyrB,p.Asp461Asn,mmpR5,p.Gly121Arg,levofloxacin;moxifloxacin,bedaquiline;clofazimine,cross_class,1,1,0,1,1,358,0.0,1.0,True,,,1.0,False
gyrB|p.Asp461Asn,mmpR5|p.Gln76*,gyrB,p.Asp461Asn,mmpR5,p.Gln76*,levofloxacin;moxifloxacin,bedaquiline;clofazimine,cross_class,1,2,0,1,2,357,0.0,1.0,True,,,1.0,False
gyrB|p.Asp461Asn,mmpR5|p.Asn70Asp,gyrB,p.Asp461Asn,mmpR5,p.Asn70Asp,levofloxacin;moxifloxacin,bedaquiline;clofazimine,cross_class,1,1,0,1,1,358,0.0,1.0,True,,,1.0,False
gyrB|p.Asp461Asn,mmpR5|p.Arg156*,gyrB,p.Asp461Asn,mmpR5,p.Arg156*,levofloxacin;moxifloxacin,bedaquiline;clofazimine,cross_class,1,1,0,1,1,358,0.0,1.0,True,,,1.0,False
gyrB|p.Asp461Asn,mmpR5|p.Arg134*,gyrB,p.Asp461Asn,mmpR5,p.Arg134*,levofloxacin;moxifloxacin,bedaquiline;clofazimine,cross_class,1,1,0,1,1,358,0.0,1.0,True,,,1.0,False
gyrB|p.Asp461Asn,mmpR5|c.466dupC,gyrB,p.Asp461Asn,mmpR5,c.466dupC,levofloxacin;moxifloxacin,bedaquiline;clofazimine,cross_class,1,1,0,1,1,358,0.0,1.0,True,,,1.0,False
gyrB|p.Asp461Asn,mmpR5|c.441_442delGA,gyrB,p.Asp461Asn,mmpR5,c.441_442delGA,levofloxacin;moxifloxacin,bedaquiline;clofazimine,cross_class,1,2,0,1,2,357,0.0,1.0,True,,,1.0,False
gyrB|p.Asp461Asn,rpoB|p.Asp435Val,gyrB,p.Asp461Asn,rpoB,p.Asp435Val,levofloxacin;moxifloxacin,rifampicin;rifapentine,cross_class,1,73,0,1,73,286,0.0,1.0,True,,,1.0,False
gyrB|p.Asp461Asn,rpoB|p.Asp435Tyr,gyrB,p.Asp461Asn,rpoB,p.Asp435Tyr,levofloxacin;moxifloxacin,rifampicin;rifapentine,cross_class,1,9,0,1,9,350,0.0,1.0,True,,,1.0,False
gyrB|p.Asp461Asn,rpoB|p.Asp435Gly,gyrB,p.Asp461Asn,rpoB,p.Asp435Gly,levofloxacin;moxifloxacin,rifampicin;rifapentine,cross_class,1,2,0,1,2,357,0.0,1.0,True,,,1.0,False
gyrB|p.Asp461Asn,rpoB|p.Asp435Ala,gyrB,p.Asp461Asn,rpoB,p.Asp435Ala,levofloxacin;moxifloxacin,rifampicin;rifapentine,cross_class,1,1,0,1,1,358,0.0,1.0,True,,,1.0,False
gyrB|p.Asp461Asn,rpoB|p.Asn437Ser,gyrB,p.Asp461Asn,rpoB,p.Asn437Ser,levofloxacin;moxifloxacin,rifampicin;rifapentine,cross_class,1,2,0,1,2,357,0.0,1.0,True,,,1.0,False
gyrB|p.Asp461Asn,rpoB|p.Ala451Val,gyrB,p.Asp461Asn,rpoB,p.Ala451Val,levofloxacin;moxifloxacin,rifampicin;rifapentine,cross_class,1,3,0,1,3,356,0.0,1.0,True,,,1.0,False
gyrB|p.Asp461Asn,rpoB|c.1296_1304delATTCATGGA,gyrB,p.Asp461Asn,rpoB,c.1296_1304delATTCATGGA,levofloxacin;moxifloxacin,rifampicin;rifapentine,cross_class,1,2,0,1,2,357,0.0,1.0,True,,,1.0,False
gyrB|p.Asp461Asn,rpoB|c.1294_1299delCAATTC,gyrB,p.Asp461Asn,rpoB,c.1294_1299delCAATTC,levofloxacin;moxifloxacin,rifampicin;rifapentine,cross_class,1,1,0,1,1,358,0.0,1.0,True,,,1.0,False
gyrB|p.Asp461Asn,rplC|p.Cys154Arg,gyrB,p.Asp461Asn,rplC,p.Cys154Arg,levofloxacin;moxifloxacin,linezolid,cross_class,1,4,0,1,4,355,0.0,1.0,True,,,1.0,False
gyrB|p.Asp461Asn,pncA|p.Val180Phe,gyrB,p.Asp461Asn,pncA,p.Val180Phe,levofloxacin;moxifloxacin,pyrazinamide,cross_class,1,1,0,1,1,358,0.0,1.0,True,,,1.0,False
gyrB|p.Asp461Asn,pncA|p.Val139Gly,gyrB,p.Asp461Asn,pncA,p.Val139Gly,levofloxacin;moxifloxacin,pyrazinamide,cross_class,1,1,0,1,1,358,0.0,1.0,True,,,1.0,False
gyrB|p.Asp461Asn,pncA|p.Thr47Ala,gyrB,p.Asp461Asn,pncA,p.Thr47Ala,levofloxacin;moxifloxacin,pyrazinamide,cross_class,1,1,0,1,1,358,0.0,1.0,True,,,1.0,False
gyrB|p.Asp461Asn,pncA|p.Ser104Arg,gyrB,p.Asp461Asn,pncA,p.Ser104Arg,levofloxacin;moxifloxacin,pyrazinamide,cross_class,1,7,0,1,7,352,0.0,1.0,True,,,1.0,False
gyrB|p.Asp461Asn,pncA|p.Ile31Ser,gyrB,p.Asp461Asn,pncA,p.Ile31Ser,levofloxacin;moxifloxacin,pyrazinamide,cross_class,1,1,0,1,1,358,0.0,1.0,True,,,1.0,False
gyrB|p.Asp461Asn,pncA|p.Gln141Pro,gyrB,p.Asp461Asn,pncA,p.Gln141Pro,levofloxacin;moxifloxacin,pyrazinamide,cross_class,1,1,0,1,1,358,0.0,1.0,True,,,1.0,False
gyrB|p.Asp461Asn,pncA|p.Cys14Arg,gyrB,p.Asp461Asn,pncA,p.Cys14Arg,levofloxacin;moxifloxacin,pyrazinamide,cross_class,1,87,0,1,87,272,0.0,1.0,True,,,1.0,False
gyrB|p.Asp461Asn,rrs|n.1402C>T,gyrB,p.Asp461Asn,rrs,n.1402C>T,levofloxacin;moxifloxacin,amikacin;capreomycin;kanamycin,cross_class,1,2,0,1,2,357,0.0,1.0,True,,,1.0,False
gyrB|p.Asp461Asn,rrs|n.1401A>G,gyrB,p.Asp461Asn,rrs,n.1401A>G,levofloxacin;moxifloxacin,amikacin;capreomycin;kanamycin,cross_class,1,85,0,1,85,274,0.0,1.0,True,,,1.0,False
gyrB|p.Asp461Asn,rrl|n.2814G>T,gyrB,p.Asp461Asn,rrl,n.2814G>T,levofloxacin;moxifloxacin,linezolid,cross_class,1,2,0,1,2,357,0.0,1.0,True,,,1.0,False
gyrB|p.Asp461Asn,rrl|n.2270G>T,gyrB,p.Asp461Asn,rrl,n.2270G>T,levofloxacin;moxifloxacin,linezolid,cross_class,1,2,0,1,2,357,0.0,1.0,True,,,1.0,False
gyrB|p.Asp461Asn,rpsL|p.Lys88Arg,gyrB,p.Asp461Asn,rpsL,p.Lys88Arg,levofloxacin;moxifloxacin,streptomycin,cross_class,1,8,0,1,8,351,0.0,1.0,True,,,1.0,False
gyrB|p.Asp461Asn,rpsL|p.Lys43Arg,gyrB,p.Asp461Asn,rpsL,p.Lys43Arg,levofloxacin;moxifloxacin,streptomycin,cross_class,1,26,0,1,26,333,0.0,1.0,True,,,1.0,False
gyrB|p.Asp461Asn,rpoB|p.Val170Phe,gyrB,p.Asp461Asn,rpoB,p.Val170Phe,levofloxacin;moxifloxacin,rifampicin;rifapentine,cross_class,1,2,0,1,2,357,0.0,1.0,True,,,1.0,False
gyrB|p.Asp461Asn,rpoB|p.Ser450Leu,gyrB,p.Asp461Asn,rpoB,p.Ser450Leu,levofloxacin;moxifloxacin,rifampicin;rifapentine,cross_class,1,139,1,0,138,221,inf,0.3861111111111111,True,lineage2,100.0,1.0,False
gyrB|p.Asp461Asn,rpoB|p.Leu452Pro,gyrB,p.Asp461Asn,rpoB,p.Leu452Pro,levofloxacin;moxifloxacin,rifampicin;rifapentine,cross_class,1,10,0,1,10,349,0.0,1.0,True,,,1.0,False
gyrB|p.Asp461Asn,rpoB|p.Leu430Pro,gyrB,p.Asp461Asn,rpoB,p.Leu430Pro,levofloxacin;moxifloxacin,rifampicin;rifapentine,cross_class,1,22,0,1,22,337,0.0,1.0,True,,,1.0,False
gyrB|p.Asp461Asn,rpoB|p.Ile491Phe,gyrB,p.Asp461Asn,rpoB,p.Ile491Phe,levofloxacin;moxifloxacin,rifampicin;rifapentine,cross_class,1,1,0,1,1,358,0.0,1.0,True,,,1.0,False
gyrB|p.Asp461Asn,rpoB|p.His445Tyr,gyrB,p.Asp461Asn,rpoB,p.His445Tyr,levofloxacin;moxifloxacin,rifampicin;rifapentine,cross_class,1,5,0,1,5,354,0.0,1.0,True,,,1.0,False
gyrB|p.Asp461Asn,rpoB|p.His445Leu,gyrB,p.Asp461Asn,rpoB,p.His445Leu,levofloxacin;moxifloxacin,rifampicin;rifapentine,cross_class,1,1,0,1,1,358,0.0,1.0,True,,,1.0,False
gyrB|p.Asp461Asn,rpoB|p.His445Asp,gyrB,p.Asp461Asn,rpoB,p.His445Asp,levofloxacin;moxifloxacin,rifampicin;rifapentine,cross_class,1,11,0,1,11,348,0.0,1.0,True,,,1.0,False
gyrB|p.Asp461Asn,rpoB|p.His445Asn,gyrB,p.Asp461Asn,rpoB,p.His445Asn,levofloxacin;moxifloxacin,rifampicin;rifapentine,cross_class,1,6,0,1,6,353,0.0,1.0,True,,,1.0,False
gyrB|p.Asp461Asn,rpoB|p.Gln432Lys,gyrB,p.Asp461Asn,rpoB,p.Gln432Lys,levofloxacin;moxifloxacin,rifampicin;rifapentine,cross_class,1,1,0,1,1,358,0.0,1.0,True,,,1.0,False
gyrB|p.Glu501Asp,mmpR5|c.144dupC,gyrB,p.Glu501Asp,mmpR5,c.144dupC,levofloxacin;moxifloxacin,bedaquiline;clofazimine,cross_class,3,20,0,3,20,337,0.0,1.0,True,,,1.0,False
gyrB|p.Glu501Asp,mmpR5|c.144delC,gyrB,p.Glu501Asp,mmpR5,c.144delC,levofloxacin;moxifloxacin,bedaquiline;clofazimine,cross_class,3,1,0,3,1,356,0.0,1.0,True,,,1.0,False
gyrB|p.Glu501Asp,mmpR5|c.141_142dupTC,gyrB,p.Glu501Asp,mmpR5,c.141_142dupTC,levofloxacin;moxifloxacin,bedaquiline;clofazimine,cross_class,3,2,0,3,2,355,0.0,1.0,True,,,1.0,False
gyrB|p.Glu501Asp,mmpR5|c.139dupG,gyrB,p.Glu501Asp,mmpR5,c.139dupG,levofloxacin;moxifloxacin,bedaquiline;clofazimine,cross_class,3,6,0,3,6,351,0.0,1.0,True,,,1.0,False
gyrB|p.Glu501Asp,mmpR5|c.139_140dupGA,gyrB,p.Glu501Asp,mmpR5,c.139_140dupGA,levofloxacin;moxifloxacin,bedaquiline;clofazimine,cross_class,3,1,0,3,1,356,0.0,1.0,True,,,1.0,False
gyrB|p.Glu501Asp,katG|p.Ser315Thr,gyrB,p.Glu501Asp,katG,p.Ser315Thr,levofloxacin;moxifloxacin,isoniazid,cross_class,3,191,1,2,190,167,0.4394736842105263,0.6023372133435002,True,lineage2,100.0,1.0,False
gyrB|p.Glu501Asp,katG|c.18delA,gyrB,p.Glu501Asp,katG,c.18delA,levofloxacin;moxifloxacin,isoniazid,cross_class,3,1,0,3,1,356,0.0,1.0,True,,,1.0,False
gyrB|p.Glu501Asp,katG|c.117delG,gyrB,p.Glu501Asp,katG,c.117delG,levofloxacin;moxifloxacin,isoniazid,cross_class,3,1,0,3,1,356,0.0,1.0,True,,,1.0,False
gyrB|p.Glu501Asp,inhA|c.-779G>T,gyrB,p.Glu501Asp,inhA,c.-779G>T,levofloxacin;moxifloxacin,ethionamide;isoniazid;prothionamide,cross_class,3,105,1,2,104,253,1.2163461538461537,1.0,True,lineage2,100.0,1.0,False
gyrB|p.Glu501Asp,inhA|c.-777C>T,gyrB,p.Glu501Asp,inhA,c.-777C>T,levofloxacin;moxifloxacin,ethionamide;isoniazid;prothionamide,cross_class,3,29,0,3,29,328,0.0,1.0,True,,,1.0,False
gyrB|p.Glu501Asp,inhA|c.-154G>A,gyrB,p.Glu501Asp,inhA,c.-154G>A,levofloxacin;moxifloxacin,ethionamide;isoniazid;prothionamide,cross_class,3,8,0,3,8,349,0.0,1.0,True,,,1.0,False
gyrB|p.Asp461Asn,tlyA|c.585_588delTGGG,gyrB,p.Asp461Asn,tlyA,c.585_588delTGGG,levofloxacin;moxifloxacin,capreomycin,cross_class,1,30,0,1,30,329,0.0,1.0,True,,,1.0,False
gyrB|p.Asp461Asn,tlyA|c.388dupG,gyrB,p.Asp461Asn,tlyA,c.388dupG,levofloxacin;moxifloxacin,capreomycin,cross_class,1,1,0,1,1,358,0.0,1.0,True,,,1.0,False
gyrB|p.Asp461Asn,rrs|n.517C>T,gyrB,p.Asp461Asn,rrs,n.517C>T,levofloxacin;moxifloxacin,streptomycin,cross_class,1,2,0,1,2,357,0.0,1.0,True,,,1.0,False
gyrB|p.Asp461Asn,rrs|n.514A>C,gyrB,p.Asp461Asn,rrs,n.514A>C,levofloxacin;moxifloxacin,streptomycin,cross_class,1,164,0,1,164,195,0.0,1.0,True,,,1.0,False
gyrB|p.Glu501Asp,mmpR5|p.Gln76*,gyrB,p.Glu501Asp,mmpR5,p.Gln76*,levofloxacin;moxifloxacin,bedaquiline;clofazimine,cross_class,3,2,0,3,2,355,0.0,1.0,True,,,1.0,False
gyrB|p.Glu501Asp,mmpR5|p.Asn70Asp,gyrB,p.Glu501Asp,mmpR5,p.Asn70Asp,levofloxacin;moxifloxacin,bedaquiline;clofazimine,cross_class,3,1,0,3,1,356,0.0,1.0,True,,,1.0,False
gyrB|p.Glu501Asp,mmpR5|p.Arg156*,gyrB,p.Glu501Asp,mmpR5,p.Arg156*,levofloxacin;moxifloxacin,bedaquiline;clofazimine,cross_class,3,1,0,3,1,356,0.0,1.0,True,,,1.0,False
gyrB|p.Glu501Asp,mmpR5|p.Arg134*,gyrB,p.Glu501Asp,mmpR5,p.Arg134*,levofloxacin;moxifloxacin,bedaquiline;clofazimine,cross_class,3,1,0,3,1,356,0.0,1.0,True,,,1.0,False
gyrB|p.Glu501Asp,mmpR5|c.466dupC,gyrB,p.Glu501Asp,mmpR5,c.466dupC,levofloxacin;moxifloxacin,bedaquiline;clofazimine,cross_class,3,1,0,3,1,356,0.0,1.0,True,,,1.0,False
gyrB|p.Glu501Asp,mmpR5|c.441_442delGA,gyrB,p.Glu501Asp,mmpR5,c.441_442delGA,levofloxacin;moxifloxacin,bedaquiline;clofazimine,cross_class,3,2,0,3,2,355,0.0,1.0,True,,,1.0,False
gyrB|p.Glu501Asp,mmpR5|c.430dupG,gyrB,p.Glu501Asp,mmpR5,c.430dupG,levofloxacin;moxifloxacin,bedaquiline;clofazimine,cross_class,3,1,0,3,1,356,0.0,1.0,True,,,1.0,False
gyrB|p.Glu501Asp,mmpR5|c.424dupC,gyrB,p.Glu501Asp,mmpR5,c.424dupC,levofloxacin;moxifloxacin,bedaquiline;clofazimine,cross_class,3,14,0,3,14,343,0.0,1.0,True,,,1.0,False
gyrB|p.Glu501Asp,mmpR5|c.386delC,gyrB,p.Glu501Asp,mmpR5,c.386delC,levofloxacin;moxifloxacin,bedaquiline;clofazimine,cross_class,3,1,0,3,1,356,0.0,1.0,True,,,1.0,False
gyrB|p.Glu501Asp,mmpR5|c.366dupG,gyrB,p.Glu501Asp,mmpR5,c.366dupG,levofloxacin;moxifloxacin,bedaquiline;clofazimine,cross_class,3,1,0,3,1,356,0.0,1.0,True,,,1.0,False
gyrB|p.Glu501Asp,mmpR5|c.321dupC,gyrB,p.Glu501Asp,mmpR5,c.321dupC,levofloxacin;moxifloxacin,bedaquiline;clofazimine,cross_class,3,1,0,3,1,356,0.0,1.0,True,,,1.0,False
gyrB|p.Glu501Asp,mmpR5|c.291delC,gyrB,p.Glu501Asp,mmpR5,c.291delC,levofloxacin;moxifloxacin,bedaquiline;clofazimine,cross_class,3,1,0,3,1,356,0.0,1.0,True,,,1.0,False
gyrB|p.Glu501Asp,mmpR5|c.214delC,gyrB,p.Glu501Asp,mmpR5,c.214delC,levofloxacin;moxifloxacin,bedaquiline;clofazimine,cross_class,3,1,0,3,1,356,0.0,1.0,True,,,1.0,False
gyrB|p.Glu501Asp,mmpR5|c.19delG,gyrB,p.Glu501Asp,mmpR5,c.19delG,levofloxacin;moxifloxacin,bedaquiline;clofazimine,cross_class,3,1,0,3,1,356,0.0,1.0,True,,,1.0,False
gyrB|p.Glu501Asp,mmpR5|c.198dupG,gyrB,p.Glu501Asp,mmpR5,c.198dupG,levofloxacin;moxifloxacin,bedaquiline;clofazimine,cross_class,3,13,0,3,13,344,0.0,1.0,True,,,1.0,False
gyrB|p.Glu501Asp,mmpR5|c.198delG,gyrB,p.Glu501Asp,mmpR5,c.198delG,levofloxacin;moxifloxacin,bedaquiline;clofazimine,cross_class,3,1,0,3,1,356,0.0,1.0,True,,,1.0,False
gyrB|p.Glu501Asp,pncA|p.Val139Gly,gyrB,p.Glu501Asp,pncA,p.Val139Gly,levofloxacin;moxifloxacin,pyrazinamide,cross_class,3,1,0,3,1,356,0.0,1.0,True,,,1.0,False
gyrB|p.Glu501Asp,pncA|p.Thr47Ala,gyrB,p.Glu501Asp,pncA,p.Thr47Ala,levofloxacin;moxifloxacin,pyrazinamide,cross_class,3,1,0,3,1,356,0.0,1.0,True,,,1.0,False
gyrB|p.Glu501Asp,pncA|p.Ser104Arg,gyrB,p.Glu501Asp,pncA,p.Ser104Arg,levofloxacin;moxifloxacin,pyrazinamide,cross_class,3,7,0,3,7,350,0.0,1.0,True,,,1.0,False
gyrB|p.Glu501Asp,pncA|p.Ile31Ser,gyrB,p.Glu501Asp,pncA,p.Ile31Ser,levofloxacin;moxifloxacin,pyrazinamide,cross_class,3,1,0,3,1,356,0.0,1.0,True,,,1.0,False
gyrB|p.Glu501Asp,pncA|p.Gln141Pro,gyrB,p.Glu501Asp,pncA,p.Gln141Pro,levofloxacin;moxifloxacin,pyrazinamide,cross_class,3,1,0,3,1,356,0.0,1.0,True,,,1.0,False
gyrB|p.Glu501Asp,pncA|p.Cys14Arg,gyrB,p.Glu501Asp,pncA,p.Cys14Arg,levofloxacin;moxifloxacin,pyrazinamide,cross_class,3,87,0,3,87,270,0.0,1.0,True,,,1.0,False
gyrB|p.Glu501Asp,pncA|p.Asp8Asn,gyrB,p.Glu501Asp,pncA,p.Asp8Asn,levofloxacin;moxifloxacin,pyrazinamide,cross_class,3,5,0,3,5,352,0.0,1.0,True,,,1.0,False
gyrB|p.Glu501Asp,pncA|p.Ala146Thr,gyrB,p.Glu501Asp,pncA,p.Ala146Thr,levofloxacin;moxifloxacin,pyrazinamide,cross_class,3,2,0,3,2,355,0.0,1.0,True,,,1.0,False
gyrB|p.Glu501Asp,pncA|c.517dupG,gyrB,p.Glu501Asp,pncA,c.517dupG,levofloxacin;moxifloxacin,pyrazinamide,cross_class,3,70,1,2,69,288,2.0869565217391304,0.47831499665426935,True,lineage2,100.0,1.0,False
gyrB|p.Glu501Asp,pncA|c.459_466delCAGGGTGC,gyrB,p.Glu501Asp,pncA,c.459_466delCAGGGTGC,levofloxacin;moxifloxacin,pyrazinamide,cross_class,3,1,0,3,1,356,0.0,1.0,True,,,1.0,False
gyrB|p.Glu501Asp,pncA|c.393dupC,gyrB,p.Glu501Asp,pncA,c.393dupC,levofloxacin;moxifloxacin,pyrazinamide,cross_class,3,1,0,3,1,356,0.0,1.0,True,,,1.0,False
gyrB|p.Glu501Asp,pncA|c.169delC,gyrB,p.Glu501Asp,pncA,c.169delC,levofloxacin;moxifloxacin,pyrazinamide,cross_class,3,1,0,3,1,356,0.0,1.0,True,,,1.0,False
gyrB|p.Glu501Asp,mmpR5|p.Val1?,gyrB,p.Glu501Asp,mmpR5,p.Val1?,levofloxacin;moxifloxacin,bedaquiline;clofazimine,cross_class,3,1,0,3,1,356,0.0,1.0,True,,,1.0,False
gyrB|p.Glu501Asp,mmpR5|p.Tyr145*,gyrB,p.Glu501Asp,mmpR5,p.Tyr145*,levofloxacin;moxifloxacin,bedaquiline;clofazimine,cross_class,3,2,0,3,2,355,0.0,1.0,True,,,1.0,False
gyrB|p.Glu501Asp,mmpR5|p.Ile67Ser,gyrB,p.Glu501Asp,mmpR5,p.Ile67Ser,levofloxacin;moxifloxacin,bedaquiline;clofazimine,cross_class,3,2,0,3,2,355,0.0,1.0,True,,,1.0,False
gyrB|p.Glu501Asp,mmpR5|p.Gly121Arg,gyrB,p.Glu501Asp,mmpR5,p.Gly121Arg,levofloxacin;moxifloxacin,bedaquiline;clofazimine,cross_class,3,1,0,3,1,356,0.0,1.0,True,,,1.0,False
gyrB|p.Glu501Asp,rpoB|p.Ile491Phe,gyrB,p.Glu501Asp,rpoB,p.Ile491Phe,levofloxacin;moxifloxacin,rifampicin;rifapentine,cross_class,3,1,0,3,1,356,0.0,1.0,True,,,1.0,False
gyrB|p.Glu501Asp,rpoB|p.His445Tyr,gyrB,p.Glu501Asp,rpoB,p.His445Tyr,levofloxacin;moxifloxacin,rifampicin;rifapentine,cross_class,3,5,0,3,5,352,0.0,1.0,True,,,1.0,False
gyrB|p.Glu501Asp,rpoB|p.His445Leu,gyrB,p.Glu501Asp,rpoB,p.His445Leu,levofloxacin;moxifloxacin,rifampicin;rifapentine,cross_class,3,1,0,3,1,356,0.0,1.0,True,,,1.0,False
gyrB|p.Glu501Asp,rpoB|p.His445Asp,gyrB,p.Glu501Asp,rpoB,p.His445Asp,levofloxacin;moxifloxacin,rifampicin;rifapentine,cross_class,3,11,0,3,11,346,0.0,1.0,True,,,1.0,False
gyrB|p.Glu501Asp,rpoB|p.His445Asn,gyrB,p.Glu501Asp,rpoB,p.His445Asn,levofloxacin;moxifloxacin,rifampicin;rifapentine,cross_class,3,6,0,3,6,351,0.0,1.0,True,,,1.0,False
gyrB|p.Glu501Asp,rpoB|p.Gln432Lys,gyrB,p.Glu501Asp,rpoB,p.Gln432Lys,levofloxacin;moxifloxacin,rifampicin;rifapentine,cross_class,3,1,0,3,1,356,0.0,1.0,True,,,1.0,False
gyrB|p.Glu501Asp,rpoB|p.Asp435Val,gyrB,p.Glu501Asp,rpoB,p.Asp435Val,levofloxacin;moxifloxacin,rifampicin;rifapentine,cross_class,3,73,1,2,72,285,1.9791666666666667,0.49439330750118,True,lineage2,100.0,1.0,False
gyrB|p.Glu501Asp,rpoB|p.Asp435Tyr,gyrB,p.Glu501Asp,rpoB,p.Asp435Tyr,levofloxacin;moxifloxacin,rifampicin;rifapentine,cross_class,3,9,0,3,9,348,0.0,1.0,True,,,1.0,False
gyrB|p.Glu501Asp,rpoB|p.Asp435Gly,gyrB,p.Glu501Asp,rpoB,p.Asp435Gly,levofloxacin;moxifloxacin,rifampicin;rifapentine,cross_class,3,2,0,3,2,355,0.0,1.0,True,,,1.0,False
gyrB|p.Glu501Asp,rpoB|p.Asp435Ala,gyrB,p.Glu501Asp,rpoB,p.Asp435Ala,levofloxacin;moxifloxacin,rifampicin;rifapentine,cross_class,3,1,0,3,1,356,0.0,1.0,True,,,1.0,False
gyrB|p.Glu501Asp,rpoB|p.Asn437Ser,gyrB,p.Glu501Asp,rpoB,p.Asn437Ser,levofloxacin;moxifloxacin,rifampicin;rifapentine,cross_class,3,2,0,3,2,355,0.0,1.0,True,,,1.0,False
gyrB|p.Glu501Asp,rpoB|p.Ala451Val,gyrB,p.Glu501Asp,rpoB,p.Ala451Val,levofloxacin;moxifloxacin,rifampicin;rifapentine,cross_class,3,3,0,3,3,354,0.0,1.0,True,,,1.0,False
gyrB|p.Glu501Asp,rpoB|c.1296_1304delATTCATGGA,gyrB,p.Glu501Asp,rpoB,c.1296_1304delATTCATGGA,levofloxacin;moxifloxacin,rifampicin;rifapentine,cross_class,3,2,0,3,2,355,0.0,1.0,True,,,1.0,False
gyrB|p.Glu501Asp,rpoB|c.1294_1299delCAATTC,gyrB,p.Glu501Asp,rpoB,c.1294_1299delCAATTC,levofloxacin;moxifloxacin,rifampicin;rifapentine,cross_class,3,1,0,3,1,356,0.0,1.0,True,,,1.0,False
gyrB|p.Glu501Asp,rplC|p.Cys154Arg,gyrB,p.Glu501Asp,rplC,p.Cys154Arg,levofloxacin;moxifloxacin,linezolid,cross_class,3,4,0,3,4,353,0.0,1.0,True,,,1.0,False
gyrB|p.Glu501Asp,pncA|p.Val180Phe,gyrB,p.Glu501Asp,pncA,p.Val180Phe,levofloxacin;moxifloxacin,pyrazinamide,cross_class,3,1,0,3,1,356,0.0,1.0,True,,,1.0,False
inhA|c.-154G>A,inhA|c.-779G>T,inhA,c.-154G>A,inhA,c.-779G>T,ethionamide;isoniazid;prothionamide,ethionamide;isoniazid;prothionamide,within_class,8,105,0,8,105,247,0.0,0.11109997907901056,False,,,1.0,False
inhA|c.-154G>A,inhA|c.-777C>T,inhA,c.-154G>A,inhA,c.-777C>T,ethionamide;isoniazid;prothionamide,ethionamide;isoniazid;prothionamide,within_class,8,29,0,8,29,323,0.0,1.0,False,,,1.0,False
gyrB|p.Glu501Asp,tlyA|c.585_588delTGGG,gyrB,p.Glu501Asp,tlyA,c.585_588delTGGG,levofloxacin;moxifloxacin,capreomycin,cross_class,3,30,0,3,30,327,0.0,1.0,True,,,1.0,False
gyrB|p.Glu501Asp,tlyA|c.388dupG,gyrB,p.Glu501Asp,tlyA,c.388dupG,levofloxacin;moxifloxacin,capreomycin,cross_class,3,1,0,3,1,356,0.0,1.0,True,,,1.0,False
gyrB|p.Glu501Asp,rrs|n.517C>T,gyrB,p.Glu501Asp,rrs,n.517C>T,levofloxacin;moxifloxacin,streptomycin,cross_class,3,2,0,3,2,355,0.0,1.0,True,,,1.0,False
gyrB|p.Glu501Asp,rrs|n.514A>C,gyrB,p.Glu501Asp,rrs,n.514A>C,levofloxacin;moxifloxacin,streptomycin,cross_class,3,164,1,2,163,194,0.5950920245398773,1.0,True,lineage2,100.0,1.0,False
gyrB|p.Glu501Asp,rrs|n.1402C>T,gyrB,p.Glu501Asp,rrs,n.1402C>T,levofloxacin;moxifloxacin,amikacin;capreomycin;kanamycin,cross_class,3,2,0,3,2,355,0.0,1.0,True,,,1.0,False
gyrB|p.Glu501Asp,rrs|n.1401A>G,gyrB,p.Glu501Asp,rrs,n.1401A>G,levofloxacin;moxifloxacin,amikacin;capreomycin;kanamycin,cross_class,3,85,1,2,84,273,1.625,0.5554036144265833,True,lineage2,100.0,1.0,False
gyrB|p.Glu501Asp,rrl|n.2814G>T,gyrB,p.Glu501Asp,rrl,n.2814G>T,levofloxacin;moxifloxacin,linezolid,cross_class,3,2,0,3,2,355,0.0,1.0,True,,,1.0,False
gyrB|p.Glu501Asp,rrl|n.2270G>T,gyrB,p.Glu501Asp,rrl,n.2270G>T,levofloxacin;moxifloxacin,linezolid,cross_class,3,2,0,3,2,355,0.0,1.0,True,,,1.0,False
gyrB|p.Glu501Asp,rpsL|p.Lys88Arg,gyrB,p.Glu501Asp,rpsL,p.Lys88Arg,levofloxacin;moxifloxacin,streptomycin,cross_class,3,8,0,3,8,349,0.0,1.0,True,,,1.0,False
gyrB|p.Glu501Asp,rpsL|p.Lys43Arg,gyrB,p.Glu501Asp,rpsL,p.Lys43Arg,levofloxacin;moxifloxacin,streptomycin,cross_class,3,26,0,3,26,331,0.0,1.0,True,,,1.0,False
gyrB|p.Glu501Asp,rpoB|p.Val170Phe,gyrB,p.Glu501Asp,rpoB,p.Val170Phe,levofloxacin;moxifloxacin,rifampicin;rifapentine,cross_class,3,2,0,3,2,355,0.0,1.0,True,,,1.0,False
gyrB|p.Glu501Asp,rpoB|p.Ser450Leu,gyrB,p.Glu501Asp,rpoB,p.Ser450Leu,levofloxacin;moxifloxacin,rifampicin;rifapentine,cross_class,3,139,0,3,139,218,0.0,0.28693129062209843,True,,,1.0,False
gyrB|p.Glu501Asp,rpoB|p.Leu452Pro,gyrB,p.Glu501Asp,rpoB,p.Leu452Pro,levofloxacin;moxifloxacin,rifampicin;rifapentine,cross_class,3,10,1,2,9,348,19.333333333333332,0.08125975838118506,True,lineage2,100.0,1.0,False
gyrB|p.Glu501Asp,rpoB|p.Leu430Pro,gyrB,p.Glu501Asp,rpoB,p.Leu430Pro,levofloxacin;moxifloxacin,rifampicin;rifapentine,cross_class,3,22,0,3,22,335,0.0,1.0,True,,,1.0,False
inhA|c.-154G>A,mmpR5|c.366dupG,inhA,c.-154G>A,mmpR5,c.366dupG,ethionamide;isoniazid;prothionamide,bedaquiline;clofazimine,cross_class,8,1,0,8,1,351,0.0,1.0,True,,,1.0,False
inhA|c.-154G>A,mmpR5|c.321dupC,inhA,c.-154G>A,mmpR5,c.321dupC,ethionamide;isoniazid;prothionamide,bedaquiline;clofazimine,cross_class,8,1,0,8,1,351,0.0,1.0,True,,,1.0,False
inhA|c.-154G>A,mmpR5|c.291delC,inhA,c.-154G>A,mmpR5,c.291delC,ethionamide;isoniazid;prothionamide,bedaquiline;clofazimine,cross_class,8,1,0,8,1,351,0.0,1.0,True,,,1.0,False
inhA|c.-154G>A,mmpR5|c.214delC,inhA,c.-154G>A,mmpR5,c.214delC,ethionamide;isoniazid;prothionamide,bedaquiline;clofazimine,cross_class,8,1,0,8,1,351,0.0,1.0,True,,,1.0,False
inhA|c.-154G>A,mmpR5|c.19delG,inhA,c.-154G>A,mmpR5,c.19delG,ethionamide;isoniazid;prothionamide,bedaquiline;clofazimine,cross_class,8,1,0,8,1,351,0.0,1.0,True,,,1.0,False
inhA|c.-154G>A,mmpR5|c.198delG,inhA,c.-154G>A,mmpR5,c.198delG,ethionamide;isoniazid;prothionamide,bedaquiline;clofazimine,cross_class,8,1,0,8,1,351,0.0,1.0,True,,,1.0,False
inhA|c.-154G>A,mmpR5|c.144dupC,inhA,c.-154G>A,mmpR5,c.144dupC,ethionamide;isoniazid;prothionamide,bedaquiline;clofazimine,cross_class,8,20,0,8,20,332,0.0,1.0,False,,,1.0,False
inhA|c.-154G>A,mmpR5|c.144delC,inhA,c.-154G>A,mmpR5,c.144delC,ethionamide;isoniazid;prothionamide,bedaquiline;clofazimine,cross_class,8,1,0,8,1,351,0.0,1.0,True,,,1.0,False
inhA|c.-154G>A,mmpR5|c.141_142dupTC,inhA,c.-154G>A,mmpR5,c.141_142dupTC,ethionamide;isoniazid;prothionamide,bedaquiline;clofazimine,cross_class,8,2,0,8,2,350,0.0,1.0,True,,,1.0,False
inhA|c.-154G>A,mmpR5|c.139dupG,inhA,c.-154G>A,mmpR5,c.139dupG,ethionamide;isoniazid;prothionamide,bedaquiline;clofazimine,cross_class,8,6,0,8,6,346,0.0,1.0,False,,,1.0,False
inhA|c.-154G>A,mmpR5|c.139_140dupGA,inhA,c.-154G>A,mmpR5,c.139_140dupGA,ethionamide;isoniazid;prothionamide,bedaquiline;clofazimine,cross_class,8,1,0,8,1,351,0.0,1.0,True,,,1.0,False
inhA|c.-154G>A,katG|p.Ser315Asn,inhA,c.-154G>A,katG,p.Ser315Asn,ethionamide;isoniazid;prothionamide,isoniazid,within_class,8,5,0,8,5,347,0.0,1.0,False,,,1.0,False
inhA|c.-154G>A,katG|c.18delA,inhA,c.-154G>A,katG,c.18delA,ethionamide;isoniazid;prothionamide,isoniazid,within_class,8,1,0,8,1,351,0.0,1.0,True,,,1.0,False
inhA|c.-154G>A,katG|c.117delG,inhA,c.-154G>A,katG,c.117delG,ethionamide;isoniazid;prothionamide,isoniazid,within_class,8,1,0,8,1,351,0.0,1.0,True,,,1.0,False
inhA|c.-154G>A,pncA|c.459_466delCAGGGTGC,inhA,c.-154G>A,pncA,c.459_466delCAGGGTGC,ethionamide;isoniazid;prothionamide,pyrazinamide,cross_class,8,1,0,8,1,351,0.0,1.0,True,,,1.0,False
inhA|c.-154G>A,pncA|c.393dupC,inhA,c.-154G>A,pncA,c.393dupC,ethionamide;isoniazid;prothionamide,pyrazinamide,cross_class,8,1,0,8,1,351,0.0,1.0,True,,,1.0,False
inhA|c.-154G>A,pncA|c.169delC,inhA,c.-154G>A,pncA,c.169delC,ethionamide;isoniazid;prothionamide,pyrazinamide,cross_class,8,1,0,8,1,351,0.0,1.0,True,,,1.0,False
inhA|c.-154G>A,mmpR5|p.Val1?,inhA,c.-154G>A,mmpR5,p.Val1?,ethionamide;isoniazid;prothionamide,bedaquiline;clofazimine,cross_class,8,1,0,8,1,351,0.0,1.0,True,,,1.0,False
inhA|c.-154G>A,mmpR5|p.Tyr145*,inhA,c.-154G>A,mmpR5,p.Tyr145*,ethionamide;isoniazid;prothionamide,bedaquiline;clofazimine,cross_class,8,2,0,8,2,350,0.0,1.0,True,,,1.0,False
inhA|c.-154G>A,mmpR5|p.Ile67Ser,inhA,c.-154G>A,mmpR5,p.Ile67Ser,ethionamide;isoniazid;prothionamide,bedaquiline;clofazimine,cross_class,8,2,0,8,2,350,0.0,1.0,True,,,1.0,False
inhA|c.-154G>A,mmpR5|p.Gly121Arg,inhA,c.-154G>A,mmpR5,p.Gly121Arg,ethionamide;isoniazid;prothionamide,bedaquiline;clofazimine,cross_class,8,1,0,8,1,351,0.0,1.0,True,,,1.0,False
inhA|c.-154G>A,mmpR5|p.Gln76*,inhA,c.-154G>A,mmpR5,p.Gln76*,ethionamide;isoniazid;prothionamide,bedaquiline;clofazimine,cross_class,8,2,0,8,2,350,0.0,1.0,True,,,1.0,False
inhA|c.-154G>A,mmpR5|p.Asn70Asp,inhA,c.-154G>A,mmpR5,p.Asn70Asp,ethionamide;isoniazid;prothionamide,bedaquiline;clofazimine,cross_class,8,1,0,8,1,351,0.0,1.0,True,,,1.0,False
inhA|c.-154G>A,mmpR5|p.Arg156*,inhA,c.-154G>A,mmpR5,p.Arg156*,ethionamide;isoniazid;prothionamide,bedaquiline;clofazimine,cross_class,8,1,0,8,1,351,0.0,1.0,True,,,1.0,False
inhA|c.-154G>A,mmpR5|p.Arg134*,inhA,c.-154G>A,mmpR5,p.Arg134*,ethionamide;isoniazid;prothionamide,bedaquiline;clofazimine,cross_class,8,1,0,8,1,351,0.0,1.0,True,,,1.0,False
inhA|c.-154G>A,mmpR5|c.466dupC,inhA,c.-154G>A,mmpR5,c.466dupC,ethionamide;isoniazid;prothionamide,bedaquiline;clofazimine,cross_class,8,1,0,8,1,351,0.0,1.0,True,,,1.0,False
inhA|c.-154G>A,mmpR5|c.441_442delGA,inhA,c.-154G>A,mmpR5,c.441_442delGA,ethionamide;isoniazid;prothionamide,bedaquiline;clofazimine,cross_class,8,2,0,8,2,350,0.0,1.0,True,,,1.0,False
inhA|c.-154G>A,mmpR5|c.424dupC,inhA,c.-154G>A,mmpR5,c.424dupC,ethionamide;isoniazid;prothionamide,bedaquiline;clofazimine,cross_class,8,14,0,8,14,338,0.0,1.0,False,,,1.0,False
inhA|c.-154G>A,rpoB|p.Asp435Ala,inhA,c.-154G>A,rpoB,p.Asp435Ala,ethionamide;isoniazid;prothionamide,rifampicin;rifapentine,cross_class,8,1,0,8,1,351,0.0,1.0,True,,,1.0,False
inhA|c.-154G>A,rpoB|p.Ala451Val,inhA,c.-154G>A,rpoB,p.Ala451Val,ethionamide;isoniazid;prothionamide,rifampicin;rifapentine,cross_class,8,3,0,8,3,349,0.0,1.0,True,,,1.0,False
inhA|c.-154G>A,rpoB|c.1296_1304delATTCATGGA,inhA,c.-154G>A,rpoB,c.1296_1304delATTCATGGA,ethionamide;isoniazid;prothionamide,rifampicin;rifapentine,cross_class,8,2,0,8,2,350,0.0,1.0,True,,,1.0,False
inhA|c.-154G>A,rpoB|c.1294_1299delCAATTC,inhA,c.-154G>A,rpoB,c.1294_1299delCAATTC,ethionamide;isoniazid;prothionamide,rifampicin;rifapentine,cross_class,8,1,0,8,1,351,0.0,1.0,True,,,1.0,False
inhA|c.-154G>A,rplC|p.Cys154Arg,inhA,c.-154G>A,rplC,p.Cys154Arg,ethionamide;isoniazid;prothionamide,linezolid,cross_class,8,4,0,8,4,348,0.0,1.0,True,,,1.0,False
inhA|c.-154G>A,pncA|p.Val180Phe,inhA,c.-154G>A,pncA,p.Val180Phe,ethionamide;isoniazid;prothionamide,pyrazinamide,cross_class,8,1,0,8,1,351,0.0,1.0,True,,,1.0,False
inhA|c.-154G>A,pncA|p.Val139Gly,inhA,c.-154G>A,pncA,p.Val139Gly,ethionamide;isoniazid;prothionamide,pyrazinamide,cross_class,8,1,0,8,1,351,0.0,1.0,True,,,1.0,False
inhA|c.-154G>A,pncA|p.Thr47Ala,inhA,c.-154G>A,pncA,p.Thr47Ala,ethionamide;isoniazid;prothionamide,pyrazinamide,cross_class,8,1,0,8,1,351,0.0,1.0,True,,,1.0,False
inhA|c.-154G>A,pncA|p.Ser104Arg,inhA,c.-154G>A,pncA,p.Ser104Arg,ethionamide;isoniazid;prothionamide,pyrazinamide,cross_class,8,7,0,8,7,345,0.0,1.0,False,,,1.0,False
inhA|c.-154G>A,pncA|p.Ile31Ser,inhA,c.-154G>A,pncA,p.Ile31Ser,ethionamide;isoniazid;prothionamide,pyrazinamide,cross_class,8,1,0,8,1,351,0.0,1.0,True,,,1.0,False
inhA|c.-154G>A,pncA|p.Gln141Pro,inhA,c.-154G>A,pncA,p.Gln141Pro,ethionamide;isoniazid;prothionamide,pyrazinamide,cross_class,8,1,0,8,1,351,0.0,1.0,True,,,1.0,False
inhA|c.-154G>A,pncA|p.Cys14Arg,inhA,c.-154G>A,pncA,p.Cys14Arg,ethionamide;isoniazid;prothionamide,pyrazinamide,cross_class,8,87,0,8,87,265,0.0,0.20684192049980532,False,,,1.0,False
inhA|c.-154G>A,pncA|p.Asp8Asn,inhA,c.-154G>A,pncA,p.Asp8Asn,ethionamide;isoniazid;prothionamide,pyrazinamide,cross_class,8,5,0,8,5,347,0.0,1.0,False,,,1.0,False
inhA|c.-154G>A,pncA|p.Ala146Thr,inhA,c.-154G>A,pncA,p.Ala146Thr,ethionamide;isoniazid;prothionamide,pyrazinamide,cross_class,8,2,0,8,2,350,0.0,1.0,True,,,1.0,False
inhA|c.-154G>A,pncA|c.517dupG,inhA,c.-154G>A,pncA,c.517dupG,ethionamide;isoniazid;prothionamide,pyrazinamide,cross_class,8,70,0,8,70,282,0.0,0.36300304675103423,False,,,1.0,False
ddn|c.365_366insC,mmpR5|p.Asn70Asp,ddn,c.365_366insC,mmpR5,p.Asn70Asp,delamanid;pretomanid,bedaquiline;clofazimine,cross_class,1,1,0,1,1,358,0.0,1.0,True,,,1.0,False
ddn|c.365_366insC,mmpR5|p.Arg156*,ddn,c.365_366insC,mmpR5,p.Arg156*,delamanid;pretomanid,bedaquiline;clofazimine,cross_class,1,1,0,1,1,358,0.0,1.0,True,,,1.0,False
ddn|c.365_366insC,mmpR5|p.Arg134*,ddn,c.365_366insC,mmpR5,p.Arg134*,delamanid;pretomanid,bedaquiline;clofazimine,cross_class,1,1,0,1,1,358,0.0,1.0,True,,,1.0,False
ddn|c.365_366insC,mmpR5|c.466dupC,ddn,c.365_366insC,mmpR5,c.466dupC,delamanid;pretomanid,bedaquiline;clofazimine,cross_class,1,1,0,1,1,358,0.0,1.0,True,,,1.0,False
ddn|c.365_366insC,mmpR5|c.441_442delGA,ddn,c.365_366insC,mmpR5,c.441_442delGA,delamanid;pretomanid,bedaquiline;clofazimine,cross_class,1,2,0,1,2,357,0.0,1.0,True,,,1.0,False
ddn|c.365_366insC,mmpR5|c.430dupG,ddn,c.365_366insC,mmpR5,c.430dupG,delamanid;pretomanid,bedaquiline;clofazimine,cross_class,1,1,0,1,1,358,0.0,1.0,True,,,1.0,False
ddn|c.365_366insC,mmpR5|c.424dupC,ddn,c.365_366insC,mmpR5,c.424dupC,delamanid;pretomanid,bedaquiline;clofazimine,cross_class,1,14,0,1,14,345,0.0,1.0,True,,,1.0,False
ddn|c.365_366insC,mmpR5|c.386delC,ddn,c.365_366insC,mmpR5,c.386delC,delamanid;pretomanid,bedaquiline;clofazimine,cross_class,1,1,0,1,1,358,0.0,1.0,True,,,1.0,False
ddn|c.365_366insC,mmpR5|c.366dupG,ddn,c.365_366insC,mmpR5,c.366dupG,delamanid;pretomanid,bedaquiline;clofazimine,cross_class,1,1,0,1,1,358,0.0,1.0,True,,,1.0,False
ddn|c.365_366insC,mmpR5|c.321dupC,ddn,c.365_366insC,mmpR5,c.321dupC,delamanid;pretomanid,bedaquiline;clofazimine,cross_class,1,1,0,1,1,358,0.0,1.0,True,,,1.0,False
ddn|c.365_366insC,mmpR5|c.291delC,ddn,c.365_366insC,mmpR5,c.291delC,delamanid;pretomanid,bedaquiline;clofazimine,cross_class,1,1,0,1,1,358,0.0,1.0,True,,,1.0,False
ddn|c.365_366insC,mmpR5|c.214delC,ddn,c.365_366insC,mmpR5,c.214delC,delamanid;pretomanid,bedaquiline;clofazimine,cross_class,1,1,0,1,1,358,0.0,1.0,True,,,1.0,False
ddn|c.365_366insC,mmpR5|c.19delG,ddn,c.365_366insC,mmpR5,c.19delG,delamanid;pretomanid,bedaquiline;clofazimine,cross_class,1,1,0,1,1,358,0.0,1.0,True,,,1.0,False
ddn|c.365_366insC,mmpR5|c.198dupG,ddn,c.365_366insC,mmpR5,c.198dupG,delamanid;pretomanid,bedaquiline;clofazimine,cross_class,1,13,0,1,13,346,0.0,1.0,True,,,1.0,False
ddn|c.365_366insC,mmpR5|c.198delG,ddn,c.365_366insC,mmpR5,c.198delG,delamanid;pretomanid,bedaquiline;clofazimine,cross_class,1,1,0,1,1,358,0.0,1.0,True,,,1.0,False
ddn|c.365_366insC,mmpR5|c.144dupC,ddn,c.365_366insC,mmpR5,c.144dupC,delamanid;pretomanid,bedaquiline;clofazimine,cross_class,1,20,0,1,20,339,0.0,1.0,True,,,1.0,False
inhA|c.-154G>A,rrl|n.2270G>T,inhA,c.-154G>A,rrl,n.2270G>T,ethionamide;isoniazid;prothionamide,linezolid,cross_class,8,2,0,8,2,350,0.0,1.0,True,,,1.0,False
inhA|c.-154G>A,rpsL|p.Lys88Arg,inhA,c.-154G>A,rpsL,p.Lys88Arg,ethionamide;isoniazid;prothionamide,streptomycin,cross_class,8,8,0,8,8,344,0.0,1.0,False,,,1.0,False
inhA|c.-154G>A,rpsL|p.Lys43Arg,inhA,c.-154G>A,rpsL,p.Lys43Arg,ethionamide;isoniazid;prothionamide,streptomycin,cross_class,8,26,1,7,25,327,1.8685714285714285,0.4543882663652286,False,lineage2,100.0,1.0,False
inhA|c.-154G>A,rpoB|p.Val170Phe,inhA,c.-154G>A,rpoB,p.Val170Phe,ethionamide;isoniazid;prothionamide,rifampicin;rifapentine,cross_class,8,2,0,8,2,350,0.0,1.0,True,,,1.0,False
inhA|c.-154G>A,rpoB|p.Ser450Leu,inhA,c.-154G>A,rpoB,p.Ser450Leu,ethionamide;isoniazid;prothionamide,rifampicin;rifapentine,cross_class,8,139,2,6,137,215,0.5231143552311436,0.7158332455694059,False,lineage2,100.0,1.0,False
inhA|c.-154G>A,rpoB|p.Leu430Pro,inhA,c.-154G>A,rpoB,p.Leu430Pro,ethionamide;isoniazid;prothionamide,rifampicin;rifapentine,cross_class,8,22,2,6,20,332,5.533333333333333,0.07984091501413113,False,lineage2,100.0,1.0,False
inhA|c.-154G>A,rpoB|p.Ile491Phe,inhA,c.-154G>A,rpoB,p.Ile491Phe,ethionamide;isoniazid;prothionamide,rifampicin;rifapentine,cross_class,8,1,0,8,1,351,0.0,1.0,True,,,1.0,False
inhA|c.-154G>A,rpoB|p.His445Tyr,inhA,c.-154G>A,rpoB,p.His445Tyr,ethionamide;isoniazid;prothionamide,rifampicin;rifapentine,cross_class,8,5,0,8,5,347,0.0,1.0,False,,,1.0,False
inhA|c.-154G>A,rpoB|p.His445Leu,inhA,c.-154G>A,rpoB,p.His445Leu,ethionamide;isoniazid;prothionamide,rifampicin;rifapentine,cross_class,8,1,0,8,1,351,0.0,1.0,True,,,1.0,False
inhA|c.-154G>A,rpoB|p.His445Asp,inhA,c.-154G>A,rpoB,p.His445Asp,ethionamide;isoniazid;prothionamide,rifampicin;rifapentine,cross_class,8,11,0,8,11,341,0.0,1.0,False,,,1.0,False
inhA|c.-154G>A,rpoB|p.His445Asn,inhA,c.-154G>A,rpoB,p.His445Asn,ethionamide;isoniazid;prothionamide,rifampicin;rifapentine,cross_class,8,6,0,8,6,346,0.0,1.0,False,,,1.0,False
inhA|c.-154G>A,rpoB|p.Asp435Val,inhA,c.-154G>A,rpoB,p.Asp435Val,ethionamide;isoniazid;prothionamide,rifampicin;rifapentine,cross_class,8,73,0,8,73,279,0.0,0.36732274838232637,False,,,1.0,False
inhA|c.-154G>A,rpoB|p.Asp435Tyr,inhA,c.-154G>A,rpoB,p.Asp435Tyr,ethionamide;isoniazid;prothionamide,rifampicin;rifapentine,cross_class,8,9,1,7,8,344,6.142857142857143,0.18499845429924006,False,lineage2,100.0,1.0,False
inhA|c.-154G>A,rpoB|p.Asp435Gly,inhA,c.-154G>A,rpoB,p.Asp435Gly,ethionamide;isoniazid;prothionamide,rifampicin;rifapentine,cross_class,8,2,0,8,2,350,0.0,1.0,True,,,1.0,False
inhA|c.-777C>T,mmpR5|c.144delC,inhA,c.-777C>T,mmpR5,c.144delC,ethionamide;isoniazid;prothionamide,bedaquiline;clofazimine,cross_class,29,1,0,29,1,330,0.0,1.0,True,,,1.0,False
inhA|c.-777C>T,mmpR5|c.141_142dupTC,inhA,c.-777C>T,mmpR5,c.141_142dupTC,ethionamide;isoniazid;prothionamide,bedaquiline;clofazimine,cross_class,29,2,0,29,2,329,0.0,1.0,True,,,1.0,False
inhA|c.-777C>T,mmpR5|c.139dupG,inhA,c.-777C>T,mmpR5,c.139dupG,ethionamide;isoniazid;prothionamide,bedaquiline;clofazimine,cross_class,29,6,0,29,6,325,0.0,1.0,False,,,1.0,False
inhA|c.-777C>T,mmpR5|c.139_140dupGA,inhA,c.-777C>T,mmpR5,c.139_140dupGA,ethionamide;isoniazid;prothionamide,bedaquiline;clofazimine,cross_class,29,1,0,29,1,330,0.0,1.0,True,,,1.0,False
inhA|c.-777C>T,katG|p.Ser315Asn,inhA,c.-777C>T,katG,p.Ser315Asn,ethionamide;isoniazid;prothionamide,isoniazid,within_class,29,5,0,29,5,326,0.0,1.0,False,,,1.0,False
inhA|c.-777C>T,katG|c.18delA,inhA,c.-777C>T,katG,c.18delA,ethionamide;isoniazid;prothionamide,isoniazid,within_class,29,1,0,29,1,330,0.0,1.0,True,,,1.0,False
inhA|c.-777C>T,katG|c.117delG,inhA,c.-777C>T,katG,c.117delG,ethionamide;isoniazid;prothionamide,isoniazid,within_class,29,1,0,29,1,330,0.0,1.0,True,,,1.0,False
inhA|c.-154G>A,tlyA|c.585_588delTGGG,inhA,c.-154G>A,tlyA,c.585_588delTGGG,ethionamide;isoniazid;prothionamide,capreomycin,cross_class,8,30,0,8,30,322,0.0,1.0,False,,,1.0,False
inhA|c.-154G>A,tlyA|c.388dupG,inhA,c.-154G>A,tlyA,c.388dupG,ethionamide;isoniazid;prothionamide,capreomycin,cross_class,8,1,0,8,1,351,0.0,1.0,True,,,1.0,False
inhA|c.-154G>A,rrs|n.517C>T,inhA,c.-154G>A,rrs,n.517C>T,ethionamide;isoniazid;prothionamide,streptomycin,cross_class,8,2,0,8,2,350,0.0,1.0,True,,,1.0,False
inhA|c.-154G>A,rrs|n.514A>C,inhA,c.-154G>A,rrs,n.514A>C,ethionamide;isoniazid;prothionamide,streptomycin,cross_class,8,164,1,7,163,189,0.1656441717791411,0.07590624106125123,False,lineage2,100.0,1.0,False
inhA|c.-154G>A,rrs|n.1402C>T,inhA,c.-154G>A,rrs,n.1402C>T,ethionamide;isoniazid;prothionamide,amikacin;capreomycin;kanamycin,cross_class,8,2,0,8,2,350,0.0,1.0,True,,,1.0,False
inhA|c.-154G>A,rrs|n.1401A>G,inhA,c.-154G>A,rrs,n.1401A>G,ethionamide;isoniazid;prothionamide,amikacin;capreomycin;kanamycin,cross_class,8,85,0,8,85,267,0.0,0.20625228573299254,False,,,1.0,False
inhA|c.-154G>A,rrl|n.2814G>T,inhA,c.-154G>A,rrl,n.2814G>T,ethionamide;isoniazid;prothionamide,linezolid,cross_class,8,2,0,8,2,350,0.0,1.0,True,,,1.0,False
inhA|c.-777C>T,mmpR5|p.Asn70Asp,inhA,c.-777C>T,mmpR5,p.Asn70Asp,ethionamide;isoniazid;prothionamide,bedaquiline;clofazimine,cross_class,29,1,0,29,1,330,0.0,1.0,True,,,1.0,False
inhA|c.-777C>T,mmpR5|p.Arg156*,inhA,c.-777C>T,mmpR5,p.Arg156*,ethionamide;isoniazid;prothionamide,bedaquiline;clofazimine,cross_class,29,1,0,29,1,330,0.0,1.0,True,,,1.0,False
inhA|c.-777C>T,mmpR5|p.Arg134*,inhA,c.-777C>T,mmpR5,p.Arg134*,ethionamide;isoniazid;prothionamide,bedaquiline;clofazimine,cross_class,29,1,0,29,1,330,0.0,1.0,True,,,1.0,False
inhA|c.-777C>T,mmpR5|c.466dupC,inhA,c.-777C>T,mmpR5,c.466dupC,ethionamide;isoniazid;prothionamide,bedaquiline;clofazimine,cross_class,29,1,0,29,1,330,0.0,1.0,True,,,1.0,False
inhA|c.-777C>T,mmpR5|c.441_442delGA,inhA,c.-777C>T,mmpR5,c.441_442delGA,ethionamide;isoniazid;prothionamide,bedaquiline;clofazimine,cross_class,29,2,0,29,2,329,0.0,1.0,True,,,1.0,False
inhA|c.-777C>T,mmpR5|c.430dupG,inhA,c.-777C>T,mmpR5,c.430dupG,ethionamide;isoniazid;prothionamide,bedaquiline;clofazimine,cross_class,29,1,0,29,1,330,0.0,1.0,True,,,1.0,False
inhA|c.-777C>T,mmpR5|c.424dupC,inhA,c.-777C>T,mmpR5,c.424dupC,ethionamide;isoniazid;prothionamide,bedaquiline;clofazimine,cross_class,29,14,0,29,14,317,0.0,0.6148951039509797,False,,,1.0,False
inhA|c.-777C>T,mmpR5|c.386delC,inhA,c.-777C>T,mmpR5,c.386delC,ethionamide;isoniazid;prothionamide,bedaquiline;clofazimine,cross_class,29,1,0,29,1,330,0.0,1.0,True,,,1.0,False
inhA|c.-777C>T,mmpR5|c.366dupG,inhA,c.-777C>T,mmpR5,c.366dupG,ethionamide;isoniazid;prothionamide,bedaquiline;clofazimine,cross_class,29,1,0,29,1,330,0.0,1.0,True,,,1.0,False
inhA|c.-777C>T,mmpR5|c.321dupC,inhA,c.-777C>T,mmpR5,c.321dupC,ethionamide;isoniazid;prothionamide,bedaquiline;clofazimine,cross_class,29,1,0,29,1,330,0.0,1.0,True,,,1.0,False
inhA|c.-777C>T,mmpR5|c.291delC,inhA,c.-777C>T,mmpR5,c.291delC,ethionamide;isoniazid;prothionamide,bedaquiline;clofazimine,cross_class,29,1,0,29,1,330,0.0,1.0,True,,,1.0,False
inhA|c.-777C>T,mmpR5|c.214delC,inhA,c.-777C>T,mmpR5,c.214delC,ethionamide;isoniazid;prothionamide,bedaquiline;clofazimine,cross_class,29,1,0,29,1,330,0.0,1.0,True,,,1.0,False
inhA|c.-777C>T,mmpR5|c.19delG,inhA,c.-777C>T,mmpR5,c.19delG,ethionamide;isoniazid;prothionamide,bedaquiline;clofazimine,cross_class,29,1,0,29,1,330,0.0,1.0,True,,,1.0,False
inhA|c.-777C>T,mmpR5|c.198dupG,inhA,c.-777C>T,mmpR5,c.198dupG,ethionamide;isoniazid;prothionamide,bedaquiline;clofazimine,cross_class,29,13,2,27,11,320,2.154882154882155,0.281873359987407,False,lineage2,100.0,1.0,False
inhA|c.-777C>T,mmpR5|c.198delG,inhA,c.-777C>T,mmpR5,c.198delG,ethionamide;isoniazid;prothionamide,bedaquiline;clofazimine,cross_class,29,1,0,29,1,330,0.0,1.0,True,,,1.0,False
inhA|c.-777C>T,mmpR5|c.144dupC,inhA,c.-777C>T,mmpR5,c.144dupC,ethionamide;isoniazid;prothionamide,bedaquiline;clofazimine,cross_class,29,20,2,27,18,313,1.2880658436213992,0.6696983351073977,False,lineage2,100.0,1.0,False
inhA|c.-777C>T,pncA|p.Thr47Ala,inhA,c.-777C>T,pncA,p.Thr47Ala,ethionamide;isoniazid;prothionamide,pyrazinamide,cross_class,29,1,0,29,1,330,0.0,1.0,True,,,1.0,False
inhA|c.-777C>T,pncA|p.Ser104Arg,inhA,c.-777C>T,pncA,p.Ser104Arg,ethionamide;isoniazid;prothionamide,pyrazinamide,cross_class,29,7,0,29,7,324,0.0,1.0,False,,,1.0,False
inhA|c.-777C>T,pncA|p.Ile31Ser,inhA,c.-777C>T,pncA,p.Ile31Ser,ethionamide;isoniazid;prothionamide,pyrazinamide,cross_class,29,1,0,29,1,330,0.0,1.0,True,,,1.0,False
inhA|c.-777C>T,pncA|p.Gln141Pro,inhA,c.-777C>T,pncA,p.Gln141Pro,ethionamide;isoniazid;prothionamide,pyrazinamide,cross_class,29,1,0,29,1,330,0.0,1.0,True,,,1.0,False
inhA|c.-777C>T,pncA|p.Ala146Thr,inhA,c.-777C>T,pncA,p.Ala146Thr,ethionamide;isoniazid;prothionamide,pyrazinamide,cross_class,29,2,0,29,2,329,0.0,1.0,True,,,1.0,False
inhA|c.-777C>T,pncA|c.459_466delCAGGGTGC,inhA,c.-777C>T,pncA,c.459_466delCAGGGTGC,ethionamide;isoniazid;prothionamide,pyrazinamide,cross_class,29,1,1,28,0,331,inf,0.08055555555555556,True,lineage2,100.0,1.0,False
inhA|c.-777C>T,pncA|c.393dupC,inhA,c.-777C>T,pncA,c.393dupC,ethionamide;isoniazid;prothionamide,pyrazinamide,cross_class,29,1,0,29,1,330,0.0,1.0,True,,,1.0,False
inhA|c.-777C>T,pncA|c.169delC,inhA,c.-777C>T,pncA,c.169delC,ethionamide;isoniazid;prothionamide,pyrazinamide,cross_class,29,1,0,29,1,330,0.0,1.0,True,,,1.0,False
inhA|c.-777C>T,mmpR5|p.Val1?,inhA,c.-777C>T,mmpR5,p.Val1?,ethionamide;isoniazid;prothionamide,bedaquiline;clofazimine,cross_class,29,1,1,28,0,331,inf,0.08055555555555556,True,lineage2,100.0,1.0,False
inhA|c.-777C>T,mmpR5|p.Tyr145*,inhA,c.-777C>T,mmpR5,p.Tyr145*,ethionamide;isoniazid;prothionamide,bedaquiline;clofazimine,cross_class,29,2,0,29,2,329,0.0,1.0,True,,,1.0,False
inhA|c.-777C>T,mmpR5|p.Ile67Ser,inhA,c.-777C>T,mmpR5,p.Ile67Ser,ethionamide;isoniazid;prothionamide,bedaquiline;clofazimine,cross_class,29,2,0,29,2,329,0.0,1.0,True,,,1.0,False
inhA|c.-777C>T,mmpR5|p.Gly121Arg,inhA,c.-777C>T,mmpR5,p.Gly121Arg,ethionamide;isoniazid;prothionamide,bedaquiline;clofazimine,cross_class,29,1,1,28,0,331,inf,0.08055555555555556,True,lineage2,100.0,1.0,False
inhA|c.-777C>T,mmpR5|p.Gln76*,inhA,c.-777C>T,mmpR5,p.Gln76*,ethionamide;isoniazid;prothionamide,bedaquiline;clofazimine,cross_class,29,2,0,29,2,329,0.0,1.0,True,,,1.0,False
inhA|c.-777C>T,rpoB|p.His445Tyr,inhA,c.-777C>T,rpoB,p.His445Tyr,ethionamide;isoniazid;prothionamide,rifampicin;rifapentine,cross_class,29,5,0,29,5,326,0.0,1.0,False,,,1.0,False
inhA|c.-777C>T,rpoB|p.His445Leu,inhA,c.-777C>T,rpoB,p.His445Leu,ethionamide;isoniazid;prothionamide,rifampicin;rifapentine,cross_class,29,1,0,29,1,330,0.0,1.0,True,,,1.0,False
inhA|c.-777C>T,rpoB|p.His445Asp,inhA,c.-777C>T,rpoB,p.His445Asp,ethionamide;isoniazid;prothionamide,rifampicin;rifapentine,cross_class,29,11,1,28,10,321,1.1464285714285714,0.6083965666181329,False,lineage2,100.0,1.0,False
inhA|c.-777C>T,rpoB|p.His445Asn,inhA,c.-777C>T,rpoB,p.His445Asn,ethionamide;isoniazid;prothionamide,rifampicin;rifapentine,cross_class,29,6,0,29,6,325,0.0,1.0,False,,,1.0,False
inhA|c.-777C>T,rpoB|p.Gln432Lys,inhA,c.-777C>T,rpoB,p.Gln432Lys,ethionamide;isoniazid;prothionamide,rifampicin;rifapentine,cross_class,29,1,0,29,1,330,0.0,1.0,True,,,1.0,False
inhA|c.-777C>T,rpoB|p.Asp435Tyr,inhA,c.-777C>T,rpoB,p.Asp435Tyr,ethionamide;isoniazid;prothionamide,rifampicin;rifapentine,cross_class,29,9,0,29,9,322,0.0,1.0,False,,,1.0,False
inhA|c.-777C>T,rpoB|p.Asp435Gly,inhA,c.-777C>T,rpoB,p.Asp435Gly,ethionamide;isoniazid;prothionamide,rifampicin;rifapentine,cross_class,29,2,0,29,2,329,0.0,1.0,True,,,1.0,False
inhA|c.-777C>T,rpoB|p.Asp435Ala,inhA,c.-777C>T,rpoB,p.Asp435Ala,ethionamide;isoniazid;prothionamide,rifampicin;rifapentine,cross_class,29,1,0,29,1,330,0.0,1.0,True,,,1.0,False
inhA|c.-777C>T,rpoB|p.Asn437Ser,inhA,c.-777C>T,rpoB,p.Asn437Ser,ethionamide;isoniazid;prothionamide,rifampicin;rifapentine,cross_class,29,2,0,29,2,329,0.0,1.0,True,,,1.0,False
inhA|c.-777C>T,rpoB|p.Ala451Val,inhA,c.-777C>T,rpoB,p.Ala451Val,ethionamide;isoniazid;prothionamide,rifampicin;rifapentine,cross_class,29,3,0,29,3,328,0.0,1.0,True,,,1.0,False
inhA|c.-777C>T,rpoB|c.1296_1304delATTCATGGA,inhA,c.-777C>T,rpoB,c.1296_1304delATTCATGGA,ethionamide;isoniazid;prothionamide,rifampicin;rifapentine,cross_class,29,2,0,29,2,329,0.0,1.0,True,,,1.0,False
inhA|c.-777C>T,rpoB|c.1294_1299delCAATTC,inhA,c.-777C>T,rpoB,c.1294_1299delCAATTC,ethionamide;isoniazid;prothionamide,rifampicin;rifapentine,cross_class,29,1,0,29,1,330,0.0,1.0,True,,,1.0,False
inhA|c.-777C>T,rplC|p.Cys154Arg,inhA,c.-777C>T,rplC,p.Cys154Arg,ethionamide;isoniazid;prothionamide,linezolid,cross_class,29,4,0,29,4,327,0.0,1.0,True,,,1.0,False
inhA|c.-777C>T,pncA|p.Val180Phe,inhA,c.-777C>T,pncA,p.Val180Phe,ethionamide;isoniazid;prothionamide,pyrazinamide,cross_class,29,1,0,29,1,330,0.0,1.0,True,,,1.0,False
inhA|c.-777C>T,pncA|p.Val139Gly,inhA,c.-777C>T,pncA,p.Val139Gly,ethionamide;isoniazid;prothionamide,pyrazinamide,cross_class,29,1,1,28,0,331,inf,0.08055555555555556,True,lineage2,100.0,1.0,False
inhA|c.-779G>T,katG|c.117delG,inhA,c.-779G>T,katG,c.117delG,ethionamide;isoniazid;prothionamide,isoniazid,within_class,105,1,0,105,1,254,0.0,1.0,True,,,1.0,False
inhA|c.-777C>T,tlyA|c.585_588delTGGG,inhA,c.-777C>T,tlyA,c.585_588delTGGG,ethionamide;isoniazid;prothionamide,capreomycin,cross_class,29,30,0,29,30,301,0.0,0.15238357528639473,False,,,1.0,False
inhA|c.-777C>T,tlyA|c.388dupG,inhA,c.-777C>T,tlyA,c.388dupG,ethionamide;isoniazid;prothionamide,capreomycin,cross_class,29,1,0,29,1,330,0.0,1.0,True,,,1.0,False
inhA|c.-777C>T,rrs|n.1402C>T,inhA,c.-777C>T,rrs,n.1402C>T,ethionamide;isoniazid;prothionamide,amikacin;capreomycin;kanamycin,cross_class,29,2,0,29,2,329,0.0,1.0,True,,,1.0,False
inhA|c.-777C>T,rrs|n.1401A>G,inhA,c.-777C>T,rrs,n.1401A>G,ethionamide;isoniazid;prothionamide,amikacin;capreomycin;kanamycin,cross_class,29,85,7,22,78,253,1.0320512820512822,1.0,False,lineage2,100.0,1.0,False
inhA|c.-777C>T,rrl|n.2814G>T,inhA,c.-777C>T,rrl,n.2814G>T,ethionamide;isoniazid;prothionamide,linezolid,cross_class,29,2,0,29,2,329,0.0,1.0,True,,,1.0,False
inhA|c.-777C>T,rrl|n.2270G>T,inhA,c.-777C>T,rrl,n.2270G>T,ethionamide;isoniazid;prothionamide,linezolid,cross_class,29,2,0,29,2,329,0.0,1.0,True,,,1.0,False
inhA|c.-777C>T,rpsL|p.Lys88Arg,inhA,c.-777C>T,rpsL,p.Lys88Arg,ethionamide;isoniazid;prothionamide,streptomycin,cross_class,29,8,1,28,7,324,1.653061224489796,0.4927747221862663,False,lineage2,100.0,1.0,False
inhA|c.-777C>T,rpoB|p.Leu452Pro,inhA,c.-777C>T,rpoB,p.Leu452Pro,ethionamide;isoniazid;prothionamide,rifampicin;rifapentine,cross_class,29,10,1,28,9,322,1.2777777777777777,0.5730180632907989,False,lineage2,100.0,1.0,False
inhA|c.-777C>T,rpoB|p.Ile491Phe,inhA,c.-777C>T,rpoB,p.Ile491Phe,ethionamide;isoniazid;prothionamide,rifampicin;rifapentine,cross_class,29,1,0,29,1,330,0.0,1.0,True,,,1.0,False
inhA|c.-779G>T,mmpR5|c.386delC,inhA,c.-779G>T,mmpR5,c.386delC,ethionamide;isoniazid;prothionamide,bedaquiline;clofazimine,cross_class,105,1,0,105,1,254,0.0,1.0,True,,,1.0,False
inhA|c.-779G>T,mmpR5|c.366dupG,inhA,c.-779G>T,mmpR5,c.366dupG,ethionamide;isoniazid;prothionamide,bedaquiline;clofazimine,cross_class,105,1,1,104,0,255,inf,0.29166666666666663,True,lineage2,100.0,1.0,False
inhA|c.-779G>T,mmpR5|c.321dupC,inhA,c.-779G>T,mmpR5,c.321dupC,ethionamide;isoniazid;prothionamide,bedaquiline;clofazimine,cross_class,105,1,0,105,1,254,0.0,1.0,True,,,1.0,False
inhA|c.-779G>T,mmpR5|c.291delC,inhA,c.-779G>T,mmpR5,c.291delC,ethionamide;isoniazid;prothionamide,bedaquiline;clofazimine,cross_class,105,1,0,105,1,254,0.0,1.0,True,,,1.0,False
inhA|c.-779G>T,mmpR5|c.214delC,inhA,c.-779G>T,mmpR5,c.214delC,ethionamide;isoniazid;prothionamide,bedaquiline;clofazimine,cross_class,105,1,0,105,1,254,0.0,1.0,True,,,1.0,False
inhA|c.-779G>T,mmpR5|c.19delG,inhA,c.-779G>T,mmpR5,c.19delG,ethionamide;isoniazid;prothionamide,bedaquiline;clofazimine,cross_class,105,1,0,105,1,254,0.0,1.0,True,,,1.0,False
inhA|c.-779G>T,mmpR5|c.198dupG,inhA,c.-779G>T,mmpR5,c.198dupG,ethionamide;isoniazid;prothionamide,bedaquiline;clofazimine,cross_class,105,13,2,103,11,244,0.43071491615180935,0.3608861340594802,False,lineage2,100.0,1.0,False
inhA|c.-779G>T,mmpR5|c.198delG,inhA,c.-779G>T,mmpR5,c.198delG,ethionamide;isoniazid;prothionamide,bedaquiline;clofazimine,cross_class,105,1,1,104,0,255,inf,0.29166666666666663,True,lineage2,100.0,1.0,False
inhA|c.-779G>T,mmpR5|c.144dupC,inhA,c.-779G>T,mmpR5,c.144dupC,ethionamide;isoniazid;prothionamide,bedaquiline;clofazimine,cross_class,105,20,6,99,14,241,1.0432900432900434,1.0,False,lineage2,100.0,1.0,False
inhA|c.-779G>T,mmpR5|c.144delC,inhA,c.-779G>T,mmpR5,c.144delC,ethionamide;isoniazid;prothionamide,bedaquiline;clofazimine,cross_class,105,1,0,105,1,254,0.0,1.0,True,,,1.0,False
inhA|c.-779G>T,mmpR5|c.141_142dupTC,inhA,c.-779G>T,mmpR5,c.141_142dupTC,ethionamide;isoniazid;prothionamide,bedaquiline;clofazimine,cross_class,105,2,0,105,2,253,0.0,1.0,True,,,1.0,False
inhA|c.-779G>T,mmpR5|c.139dupG,inhA,c.-779G>T,mmpR5,c.139dupG,ethionamide;isoniazid;prothionamide,bedaquiline;clofazimine,cross_class,105,6,2,103,4,251,1.2184466019417475,1.0,False,lineage2,100.0,1.0,False
inhA|c.-779G>T,mmpR5|c.139_140dupGA,inhA,c.-779G>T,mmpR5,c.139_140dupGA,ethionamide;isoniazid;prothionamide,bedaquiline;clofazimine,cross_class,105,1,0,105,1,254,0.0,1.0,True,,,1.0,False
inhA|c.-779G>T,katG|p.Ser315Asn,inhA,c.-779G>T,katG,p.Ser315Asn,ethionamide;isoniazid;prothionamide,isoniazid,within_class,105,5,0,105,5,250,0.0,0.32700263590307943,False,,,1.0,False
inhA|c.-779G>T,katG|c.18delA,inhA,c.-779G>T,katG,c.18delA,ethionamide;isoniazid;prothionamide,isoniazid,within_class,105,1,0,105,1,254,0.0,1.0,True,,,1.0,False
ddn|c.365_366insC,mmpR5|c.144delC,ddn,c.365_366insC,mmpR5,c.144delC,delamanid;pretomanid,bedaquiline;clofazimine,cross_class,1,1,0,1,1,358,0.0,1.0,True,,,1.0,False
ddn|c.365_366insC,mmpR5|c.141_142dupTC,ddn,c.365_366insC,mmpR5,c.141_142dupTC,delamanid;pretomanid,bedaquiline;clofazimine,cross_class,1,2,0,1,2,357,0.0,1.0,True,,,1.0,False
ddn|c.365_366insC,mmpR5|c.139dupG,ddn,c.365_366insC,mmpR5,c.139dupG,delamanid;pretomanid,bedaquiline;clofazimine,cross_class,1,6,0,1,6,353,0.0,1.0,True,,,1.0,False
ddn|c.365_366insC,mmpR5|c.139_140dupGA,ddn,c.365_366insC,mmpR5,c.139_140dupGA,delamanid;pretomanid,bedaquiline;clofazimine,cross_class,1,1,0,1,1,358,0.0,1.0,True,,,1.0,False
ddn|c.365_366insC,katG|p.Ser315Thr,ddn,c.365_366insC,katG,p.Ser315Thr,delamanid;pretomanid,isoniazid,cross_class,1,191,1,0,190,169,inf,1.0,True,lineage2,100.0,1.0,False
ddn|c.365_366insC,katG|p.Ser315Asn,ddn,c.365_366insC,katG,p.Ser315Asn,delamanid;pretomanid,isoniazid,cross_class,1,5,0,1,5,354,0.0,1.0,True,,,1.0,False
ddn|c.365_366insC,katG|c.18delA,ddn,c.365_366insC,katG,c.18delA,delamanid;pretomanid,isoniazid,cross_class,1,1,0,1,1,358,0.0,1.0,True,,,1.0,False
ddn|c.365_366insC,katG|c.117delG,ddn,c.365_366insC,katG,c.117delG,delamanid;pretomanid,isoniazid,cross_class,1,1,0,1,1,358,0.0,1.0,True,,,1.0,False
ddn|c.365_366insC,inhA|c.-779G>T,ddn,c.365_366insC,inhA,c.-779G>T,delamanid;pretomanid,ethionamide;isoniazid;prothionamide,cross_class,1,105,1,0,104,255,inf,0.29166666666666663,True,lineage2,100.0,1.0,False
ddn|c.365_366insC,inhA|c.-777C>T,ddn,c.365_366insC,inhA,c.-777C>T,delamanid;pretomanid,ethionamide;isoniazid;prothionamide,cross_class,1,29,0,1,29,330,0.0,1.0,True,,,1.0,False
ddn|c.365_366insC,inhA|c.-154G>A,ddn,c.365_366insC,inhA,c.-154G>A,delamanid;pretomanid,ethionamide;isoniazid;prothionamide,cross_class,1,8,0,1,8,351,0.0,1.0,True,,,1.0,False
ddn|c.365_366insC,gyrB|p.Glu501Asp,ddn,c.365_366insC,gyrB,p.Glu501Asp,delamanid;pretomanid,levofloxacin;moxifloxacin,cross_class,1,3,0,1,3,356,0.0,1.0,True,,,1.0,False
ddn|c.365_366insC,gyrB|p.Asp461Asn,ddn,c.365_366insC,gyrB,p.Asp461Asn,delamanid;pretomanid,levofloxacin;moxifloxacin,cross_class,1,1,0,1,1,358,0.0,1.0,True,,,1.0,False
ddn|c.365_366insC,gyrB|p.Asn499Thr,ddn,c.365_366insC,gyrB,p.Asn499Thr,delamanid;pretomanid,levofloxacin;moxifloxacin,cross_class,1,2,0,1,2,357,0.0,1.0,True,,,1.0,False
ddn|c.365_366insC,gyrA|p.Ser91Pro,ddn,c.365_366insC,gyrA,p.Ser91Pro,delamanid;pretomanid,levofloxacin;moxifloxacin,cross_class,1,47,0,1,47,312,0.0,1.0,True,,,1.0,False
ddn|c.365_366insC,gyrA|p.Gly88Cys,ddn,c.365_366insC,gyrA,p.Gly88Cys,delamanid;pretomanid,levofloxacin;moxifloxacin,cross_class,1,6,0,1,6,353,0.0,1.0,True,,,1.0,False
inhA|c.-779G>T,pncA|c.459_466delCAGGGTGC,inhA,c.-779G>T,pncA,c.459_466delCAGGGTGC,ethionamide;isoniazid;prothionamide,pyrazinamide,cross_class,105,1,0,105,1,254,0.0,1.0,True,,,1.0,False
inhA|c.-779G>T,pncA|c.393dupC,inhA,c.-779G>T,pncA,c.393dupC,ethionamide;isoniazid;prothionamide,pyrazinamide,cross_class,105,1,0,105,1,254,0.0,1.0,True,,,1.0,False
inhA|c.-779G>T,pncA|c.169delC,inhA,c.-779G>T,pncA,c.169delC,ethionamide;isoniazid;prothionamide,pyrazinamide,cross_class,105,1,0,105,1,254,0.0,1.0,True,,,1.0,False
inhA|c.-779G>T,mmpR5|p.Val1?,inhA,c.-779G>T,mmpR5,p.Val1?,ethionamide;isoniazid;prothionamide,bedaquiline;clofazimine,cross_class,105,1,0,105,1,254,0.0,1.0,True,,,1.0,False
inhA|c.-779G>T,mmpR5|p.Tyr145*,inhA,c.-779G>T,mmpR5,p.Tyr145*,ethionamide;isoniazid;prothionamide,bedaquiline;clofazimine,cross_class,105,2,0,105,2,253,0.0,1.0,True,,,1.0,False
inhA|c.-779G>T,mmpR5|p.Ile67Ser,inhA,c.-779G>T,mmpR5,p.Ile67Ser,ethionamide;isoniazid;prothionamide,bedaquiline;clofazimine,cross_class,105,2,0,105,2,253,0.0,1.0,True,,,1.0,False
inhA|c.-779G>T,mmpR5|p.Gly121Arg,inhA,c.-779G>T,mmpR5,p.Gly121Arg,ethionamide;isoniazid;prothionamide,bedaquiline;clofazimine,cross_class,105,1,0,105,1,254,0.0,1.0,True,,,1.0,False
inhA|c.-779G>T,mmpR5|p.Gln76*,inhA,c.-779G>T,mmpR5,p.Gln76*,ethionamide;isoniazid;prothionamide,bedaquiline;clofazimine,cross_class,105,2,2,103,0,255,inf,0.08449396471680592,True,lineage2,100.0,1.0,False
inhA|c.-779G>T,mmpR5|p.Asn70Asp,inhA,c.-779G>T,mmpR5,p.Asn70Asp,ethionamide;isoniazid;prothionamide,bedaquiline;clofazimine,cross_class,105,1,1,104,0,255,inf,0.29166666666666663,True,lineage2,100.0,1.0,False
inhA|c.-779G>T,mmpR5|p.Arg156*,inhA,c.-779G>T,mmpR5,p.Arg156*,ethionamide;isoniazid;prothionamide,bedaquiline;clofazimine,cross_class,105,1,1,104,0,255,inf,0.29166666666666663,True,lineage2,100.0,1.0,False
inhA|c.-779G>T,mmpR5|p.Arg134*,inhA,c.-779G>T,mmpR5,p.Arg134*,ethionamide;isoniazid;prothionamide,bedaquiline;clofazimine,cross_class,105,1,0,105,1,254,0.0,1.0,True,,,1.0,False
inhA|c.-779G>T,mmpR5|c.466dupC,inhA,c.-779G>T,mmpR5,c.466dupC,ethionamide;isoniazid;prothionamide,bedaquiline;clofazimine,cross_class,105,1,0,105,1,254,0.0,1.0,True,,,1.0,False
inhA|c.-779G>T,mmpR5|c.441_442delGA,inhA,c.-779G>T,mmpR5,c.441_442delGA,ethionamide;isoniazid;prothionamide,bedaquiline;clofazimine,cross_class,105,2,2,103,0,255,inf,0.08449396471680592,True,lineage2,100.0,1.0,False
inhA|c.-779G>T,mmpR5|c.430dupG,inhA,c.-779G>T,mmpR5,c.430dupG,ethionamide;isoniazid;prothionamide,bedaquiline;clofazimine,cross_class,105,1,0,105,1,254,0.0,1.0,True,,,1.0,False
inhA|c.-779G>T,rpoB|p.Asp435Gly,inhA,c.-779G>T,rpoB,p.Asp435Gly,ethionamide;isoniazid;prothionamide,rifampicin;rifapentine,cross_class,105,2,0,105,2,253,0.0,1.0,True,,,1.0,False
inhA|c.-779G>T,rpoB|p.Asp435Ala,inhA,c.-779G>T,rpoB,p.Asp435Ala,ethionamide;isoniazid;prothionamide,rifampicin;rifapentine,cross_class,105,1,0,105,1,254,0.0,1.0,True,,,1.0,False
inhA|c.-779G>T,rpoB|p.Asn437Ser,inhA,c.-779G>T,rpoB,p.Asn437Ser,ethionamide;isoniazid;prothionamide,rifampicin;rifapentine,cross_class,105,2,0,105,2,253,0.0,1.0,True,,,1.0,False
inhA|c.-779G>T,rpoB|p.Ala451Val,inhA,c.-779G>T,rpoB,p.Ala451Val,ethionamide;isoniazid;prothionamide,rifampicin;rifapentine,cross_class,105,3,0,105,3,252,0.0,0.559034639983816,True,,,1.0,False
inhA|c.-779G>T,rpoB|c.1296_1304delATTCATGGA,inhA,c.-779G>T,rpoB,c.1296_1304delATTCATGGA,ethionamide;isoniazid;prothionamide,rifampicin;rifapentine,cross_class,105,2,0,105,2,253,0.0,1.0,True,,,1.0,False
inhA|c.-779G>T,rpoB|c.1294_1299delCAATTC,inhA,c.-779G>T,rpoB,c.1294_1299delCAATTC,ethionamide;isoniazid;prothionamide,rifampicin;rifapentine,cross_class,105,1,0,105,1,254,0.0,1.0,True,,,1.0,False
inhA|c.-779G>T,rplC|p.Cys154Arg,inhA,c.-779G>T,rplC,p.Cys154Arg,ethionamide;isoniazid;prothionamide,linezolid,cross_class,105,4,2,103,2,253,2.4563106796116503,0.5833268493591239,True,lineage2,100.0,1.0,False
inhA|c.-779G>T,pncA|p.Val180Phe,inhA,c.-779G>T,pncA,p.Val180Phe,ethionamide;isoniazid;prothionamide,pyrazinamide,cross_class,105,1,0,105,1,254,0.0,1.0,True,,,1.0,False
inhA|c.-779G>T,pncA|p.Val139Gly,inhA,c.-779G>T,pncA,p.Val139Gly,ethionamide;isoniazid;prothionamide,pyrazinamide,cross_class,105,1,0,105,1,254,0.0,1.0,True,,,1.0,False
inhA|c.-779G>T,pncA|p.Thr47Ala,inhA,c.-779G>T,pncA,p.Thr47Ala,ethionamide;isoniazid;prothionamide,pyrazinamide,cross_class,105,1,0,105,1,254,0.0,1.0,True,,,1.0,False
inhA|c.-779G>T,pncA|p.Ser104Arg,inhA,c.-779G>T,pncA,p.Ser104Arg,ethionamide;isoniazid;prothionamide,pyrazinamide,cross_class,105,7,0,105,7,248,0.0,0.1115947510495951,False,,,1.0,False
inhA|c.-779G>T,pncA|p.Ile31Ser,inhA,c.-779G>T,pncA,p.Ile31Ser,ethionamide;isoniazid;prothionamide,pyrazinamide,cross_class,105,1,0,105,1,254,0.0,1.0,True,,,1.0,False
inhA|c.-779G>T,pncA|p.Gln141Pro,inhA,c.-779G>T,pncA,p.Gln141Pro,ethionamide;isoniazid;prothionamide,pyrazinamide,cross_class,105,1,0,105,1,254,0.0,1.0,True,,,1.0,False
inhA|c.-779G>T,pncA|p.Asp8Asn,inhA,c.-779G>T,pncA,p.Asp8Asn,ethionamide;isoniazid;prothionamide,pyrazinamide,cross_class,105,5,0,105,5,250,0.0,0.32700263590307943,False,,,1.0,False
inhA|c.-779G>T,pncA|p.Ala146Thr,inhA,c.-779G>T,pncA,p.Ala146Thr,ethionamide;isoniazid;prothionamide,pyrazinamide,cross_class,105,2,0,105,2,253,0.0,1.0,True,,,1.0,False
inhA|c.-779G>T,rrl|n.2814G>T,inhA,c.-779G>T,rrl,n.2814G>T,ethionamide;isoniazid;prothionamide,linezolid,cross_class,105,2,0,105,2,253,0.0,1.0,True,,,1.0,False
inhA|c.-779G>T,rrl|n.2270G>T,inhA,c.-779G>T,rrl,n.2270G>T,ethionamide;isoniazid;prothionamide,linezolid,cross_class,105,2,1,104,1,254,2.4423076923076925,0.49883936861652745,True,lineage2,100.0,1.0,False
inhA|c.-779G>T,rpsL|p.Lys88Arg,inhA,c.-779G>T,rpsL,p.Lys88Arg,ethionamide;isoniazid;prothionamide,streptomycin,cross_class,105,8,0,105,8,247,0.0,0.11109997907901056,False,,,1.0,False
inhA|c.-779G>T,rpoB|p.Val170Phe,inhA,c.-779G>T,rpoB,p.Val170Phe,ethionamide;isoniazid;prothionamide,rifampicin;rifapentine,cross_class,105,2,0,105,2,253,0.0,1.0,True,,,1.0,False
inhA|c.-779G>T,rpoB|p.Ser450Leu,inhA,c.-779G>T,rpoB,p.Ser450Leu,ethionamide;isoniazid;prothionamide,rifampicin;rifapentine,cross_class,105,139,33,72,106,149,0.6442610062893082,0.07544410506263265,False,lineage2,100.0,1.0,False
inhA|c.-779G>T,rpoB|p.Ile491Phe,inhA,c.-779G>T,rpoB,p.Ile491Phe,ethionamide;isoniazid;prothionamide,rifampicin;rifapentine,cross_class,105,1,0,105,1,254,0.0,1.0,True,,,1.0,False
inhA|c.-779G>T,rpoB|p.His445Tyr,inhA,c.-779G>T,rpoB,p.His445Tyr,ethionamide;isoniazid;prothionamide,rifampicin;rifapentine,cross_class,105,5,0,105,5,250,0.0,0.32700263590307943,False,,,1.0,False
inhA|c.-779G>T,rpoB|p.His445Leu,inhA,c.-779G>T,rpoB,p.His445Leu,ethionamide;isoniazid;prothionamide,rifampicin;rifapentine,cross_class,105,1,0,105,1,254,0.0,1.0,True,,,1.0,False
inhA|c.-779G>T,rpoB|p.His445Asn,inhA,c.-779G>T,rpoB,p.His445Asn,ethionamide;isoniazid;prothionamide,rifampicin;rifapentine,cross_class,105,6,0,105,6,249,0.0,0.1865740909968694,False,,,1.0,False
inhA|c.-779G>T,rpoB|p.Gln432Lys,inhA,c.-779G>T,rpoB,p.Gln432Lys,ethionamide;isoniazid;prothionamide,rifampicin;rifapentine,cross_class,105,1,0,105,1,254,0.0,1.0,True,,,1.0,False
inhA|c.-779G>T,rpoB|p.Asp435Tyr,inhA,c.-779G>T,rpoB,p.Asp435Tyr,ethionamide;isoniazid;prothionamide,rifampicin;rifapentine,cross_class,105,9,0,105,9,246,0.0,0.06361990847953888,False,,,1.0,False
katG|c.117delG,mmpR5|c.198dupG,katG,c.117delG,mmpR5,c.198dupG,isoniazid,bedaquiline;clofazimine,cross_class,1,13,0,1,13,346,0.0,1.0,True,,,1.0,False
katG|c.117delG,mmpR5|c.198delG,katG,c.117delG,mmpR5,c.198delG,isoniazid,bedaquiline;clofazimine,cross_class,1,1,0,1,1,358,0.0,1.0,True,,,1.0,False
katG|c.117delG,mmpR5|c.144dupC,katG,c.117delG,mmpR5,c.144dupC,isoniazid,bedaquiline;clofazimine,cross_class,1,20,0,1,20,339,0.0,1.0,True,,,1.0,False
katG|c.117delG,mmpR5|c.144delC,katG,c.117delG,mmpR5,c.144delC,isoniazid,bedaquiline;clofazimine,cross_class,1,1,0,1,1,358,0.0,1.0,True,,,1.0,False
katG|c.117delG,mmpR5|c.141_142dupTC,katG,c.117delG,mmpR5,c.141_142dupTC,isoniazid,bedaquiline;clofazimine,cross_class,1,2,0,1,2,357,0.0,1.0,True,,,1.0,False
katG|c.117delG,mmpR5|c.139dupG,katG,c.117delG,mmpR5,c.139dupG,isoniazid,bedaquiline;clofazimine,cross_class,1,6,0,1,6,353,0.0,1.0,True,,,1.0,False
katG|c.117delG,mmpR5|c.139_140dupGA,katG,c.117delG,mmpR5,c.139_140dupGA,isoniazid,bedaquiline;clofazimine,cross_class,1,1,0,1,1,358,0.0,1.0,True,,,1.0,False
katG|c.117delG,katG|p.Ser315Thr,katG,c.117delG,katG,p.Ser315Thr,isoniazid,isoniazid,within_class,1,191,0,1,191,168,0.0,0.46944444444444444,True,,,1.0,False
katG|c.117delG,katG|p.Ser315Asn,katG,c.117delG,katG,p.Ser315Asn,isoniazid,isoniazid,within_class,1,5,0,1,5,354,0.0,1.0,True,,,1.0,False
katG|c.117delG,katG|c.18delA,katG,c.117delG,katG,c.18delA,isoniazid,isoniazid,within_class,1,1,0,1,1,358,0.0,1.0,True,,,1.0,False
inhA|c.-779G>T,tlyA|c.388dupG,inhA,c.-779G>T,tlyA,c.388dupG,ethionamide;isoniazid;prothionamide,capreomycin,cross_class,105,1,0,105,1,254,0.0,1.0,True,,,1.0,False
inhA|c.-779G>T,rrs|n.517C>T,inhA,c.-779G>T,rrs,n.517C>T,ethionamide;isoniazid;prothionamide,streptomycin,cross_class,105,2,0,105,2,253,0.0,1.0,True,,,1.0,False
inhA|c.-779G>T,rrs|n.1402C>T,inhA,c.-779G>T,rrs,n.1402C>T,ethionamide;isoniazid;prothionamide,amikacin;capreomycin;kanamycin,cross_class,105,2,0,105,2,253,0.0,1.0,True,,,1.0,False
katG|c.117delG,mmpR5|p.Ile67Ser,katG,c.117delG,mmpR5,p.Ile67Ser,isoniazid,bedaquiline;clofazimine,cross_class,1,2,0,1,2,357,0.0,1.0,True,,,1.0,False
katG|c.117delG,mmpR5|p.Gly121Arg,katG,c.117delG,mmpR5,p.Gly121Arg,isoniazid,bedaquiline;clofazimine,cross_class,1,1,0,1,1,358,0.0,1.0,True,,,1.0,False
katG|c.117delG,mmpR5|p.Gln76*,katG,c.117delG,mmpR5,p.Gln76*,isoniazid,bedaquiline;clofazimine,cross_class,1,2,0,1,2,357,0.0,1.0,True,,,1.0,False
katG|c.117delG,mmpR5|p.Asn70Asp,katG,c.117delG,mmpR5,p.Asn70Asp,isoniazid,bedaquiline;clofazimine,cross_class,1,1,0,1,1,358,0.0,1.0,True,,,1.0,False
katG|c.117delG,mmpR5|p.Arg156*,katG,c.117delG,mmpR5,p.Arg156*,isoniazid,bedaquiline;clofazimine,cross_class,1,1,0,1,1,358,0.0,1.0,True,,,1.0,False
katG|c.117delG,mmpR5|p.Arg134*,katG,c.117delG,mmpR5,p.Arg134*,isoniazid,bedaquiline;clofazimine,cross_class,1,1,0,1,1,358,0.0,1.0,True,,,1.0,False
katG|c.117delG,mmpR5|c.466dupC,katG,c.117delG,mmpR5,c.466dupC,isoniazid,bedaquiline;clofazimine,cross_class,1,1,0,1,1,358,0.0,1.0,True,,,1.0,False
katG|c.117delG,mmpR5|c.441_442delGA,katG,c.117delG,mmpR5,c.441_442delGA,isoniazid,bedaquiline;clofazimine,cross_class,1,2,0,1,2,357,0.0,1.0,True,,,1.0,False
katG|c.117delG,mmpR5|c.430dupG,katG,c.117delG,mmpR5,c.430dupG,isoniazid,bedaquiline;clofazimine,cross_class,1,1,0,1,1,358,0.0,1.0,True,,,1.0,False
katG|c.117delG,mmpR5|c.424dupC,katG,c.117delG,mmpR5,c.424dupC,isoniazid,bedaquiline;clofazimine,cross_class,1,14,0,1,14,345,0.0,1.0,True,,,1.0,False
katG|c.117delG,mmpR5|c.386delC,katG,c.117delG,mmpR5,c.386delC,isoniazid,bedaquiline;clofazimine,cross_class,1,1,0,1,1,358,0.0,1.0,True,,,1.0,False
katG|c.117delG,mmpR5|c.366dupG,katG,c.117delG,mmpR5,c.366dupG,isoniazid,bedaquiline;clofazimine,cross_class,1,1,0,1,1,358,0.0,1.0,True,,,1.0,False
katG|c.117delG,mmpR5|c.321dupC,katG,c.117delG,mmpR5,c.321dupC,isoniazid,bedaquiline;clofazimine,cross_class,1,1,0,1,1,358,0.0,1.0,True,,,1.0,False
katG|c.117delG,mmpR5|c.291delC,katG,c.117delG,mmpR5,c.291delC,isoniazid,bedaquiline;clofazimine,cross_class,1,1,0,1,1,358,0.0,1.0,True,,,1.0,False
katG|c.117delG,mmpR5|c.214delC,katG,c.117delG,mmpR5,c.214delC,isoniazid,bedaquiline;clofazimine,cross_class,1,1,0,1,1,358,0.0,1.0,True,,,1.0,False
katG|c.117delG,mmpR5|c.19delG,katG,c.117delG,mmpR5,c.19delG,isoniazid,bedaquiline;clofazimine,cross_class,1,1,0,1,1,358,0.0,1.0,True,,,1.0,False
katG|c.117delG,rplC|p.Cys154Arg,katG,c.117delG,rplC,p.Cys154Arg,isoniazid,linezolid,cross_class,1,4,0,1,4,355,0.0,1.0,True,,,1.0,False
katG|c.117delG,pncA|p.Val180Phe,katG,c.117delG,pncA,p.Val180Phe,isoniazid,pyrazinamide,cross_class,1,1,0,1,1,358,0.0,1.0,True,,,1.0,False
katG|c.117delG,pncA|p.Val139Gly,katG,c.117delG,pncA,p.Val139Gly,isoniazid,pyrazinamide,cross_class,1,1,0,1,1,358,0.0,1.0,True,,,1.0,False
katG|c.117delG,pncA|p.Thr47Ala,katG,c.117delG,pncA,p.Thr47Ala,isoniazid,pyrazinamide,cross_class,1,1,0,1,1,358,0.0,1.0,True,,,1.0,False
katG|c.117delG,pncA|p.Ser104Arg,katG,c.117delG,pncA,p.Ser104Arg,isoniazid,pyrazinamide,cross_class,1,7,0,1,7,352,0.0,1.0,True,,,1.0,False
katG|c.117delG,pncA|p.Ile31Ser,katG,c.117delG,pncA,p.Ile31Ser,isoniazid,pyrazinamide,cross_class,1,1,0,1,1,358,0.0,1.0,True,,,1.0,False
katG|c.117delG,pncA|p.Gln141Pro,katG,c.117delG,pncA,p.Gln141Pro,isoniazid,pyrazinamide,cross_class,1,1,0,1,1,358,0.0,1.0,True,,,1.0,False
katG|c.117delG,pncA|p.Cys14Arg,katG,c.117delG,pncA,p.Cys14Arg,isoniazid,pyrazinamide,cross_class,1,87,0,1,87,272,0.0,1.0,True,,,1.0,False
katG|c.117delG,pncA|p.Asp8Asn,katG,c.117delG,pncA,p.Asp8Asn,isoniazid,pyrazinamide,cross_class,1,5,0,1,5,354,0.0,1.0,True,,,1.0,False
katG|c.117delG,pncA|p.Ala146Thr,katG,c.117delG,pncA,p.Ala146Thr,isoniazid,pyrazinamide,cross_class,1,2,0,1,2,357,0.0,1.0,True,,,1.0,False
katG|c.117delG,pncA|c.517dupG,katG,c.117delG,pncA,c.517dupG,isoniazid,pyrazinamide,cross_class,1,70,0,1,70,289,0.0,1.0,True,,,1.0,False
katG|c.117delG,pncA|c.459_466delCAGGGTGC,katG,c.117delG,pncA,c.459_466delCAGGGTGC,isoniazid,pyrazinamide,cross_class,1,1,0,1,1,358,0.0,1.0,True,,,1.0,False
katG|c.117delG,pncA|c.393dupC,katG,c.117delG,pncA,c.393dupC,isoniazid,pyrazinamide,cross_class,1,1,0,1,1,358,0.0,1.0,True,,,1.0,False
katG|c.117delG,pncA|c.169delC,katG,c.117delG,pncA,c.169delC,isoniazid,pyrazinamide,cross_class,1,1,0,1,1,358,0.0,1.0,True,,,1.0,False
katG|c.117delG,mmpR5|p.Val1?,katG,c.117delG,mmpR5,p.Val1?,isoniazid,bedaquiline;clofazimine,cross_class,1,1,0,1,1,358,0.0,1.0,True,,,1.0,False
katG|c.117delG,mmpR5|p.Tyr145*,katG,c.117delG,mmpR5,p.Tyr145*,isoniazid,bedaquiline;clofazimine,cross_class,1,2,0,1,2,357,0.0,1.0,True,,,1.0,False
katG|c.117delG,rpoB|p.Leu452Pro,katG,c.117delG,rpoB,p.Leu452Pro,isoniazid,rifampicin;rifapentine,cross_class,1,10,0,1,10,349,0.0,1.0,True,,,1.0,False
katG|c.117delG,rpoB|p.Leu430Pro,katG,c.117delG,rpoB,p.Leu430Pro,isoniazid,rifampicin;rifapentine,cross_class,1,22,0,1,22,337,0.0,1.0,True,,,1.0,False
katG|c.117delG,rpoB|p.Ile491Phe,katG,c.117delG,rpoB,p.Ile491Phe,isoniazid,rifampicin;rifapentine,cross_class,1,1,0,1,1,358,0.0,1.0,True,,,1.0,False
katG|c.117delG,rpoB|p.His445Tyr,katG,c.117delG,rpoB,p.His445Tyr,isoniazid,rifampicin;rifapentine,cross_class,1,5,0,1,5,354,0.0,1.0,True,,,1.0,False
katG|c.117delG,rpoB|p.His445Leu,katG,c.117delG,rpoB,p.His445Leu,isoniazid,rifampicin;rifapentine,cross_class,1,1,0,1,1,358,0.0,1.0,True,,,1.0,False
katG|c.117delG,rpoB|p.His445Asp,katG,c.117delG,rpoB,p.His445Asp,isoniazid,rifampicin;rifapentine,cross_class,1,11,0,1,11,348,0.0,1.0,True,,,1.0,False
katG|c.117delG,rpoB|p.His445Asn,katG,c.117delG,rpoB,p.His445Asn,isoniazid,rifampicin;rifapentine,cross_class,1,6,0,1,6,353,0.0,1.0,True,,,1.0,False
katG|c.117delG,rpoB|p.Gln432Lys,katG,c.117delG,rpoB,p.Gln432Lys,isoniazid,rifampicin;rifapentine,cross_class,1,1,0,1,1,358,0.0,1.0,True,,,1.0,False
katG|c.117delG,rpoB|p.Asp435Val,katG,c.117delG,rpoB,p.Asp435Val,isoniazid,rifampicin;rifapentine,cross_class,1,73,0,1,73,286,0.0,1.0,True,,,1.0,False
katG|c.117delG,rpoB|p.Asp435Tyr,katG,c.117delG,rpoB,p.Asp435Tyr,isoniazid,rifampicin;rifapentine,cross_class,1,9,0,1,9,350,0.0,1.0,True,,,1.0,False
katG|c.117delG,rpoB|p.Asp435Gly,katG,c.117delG,rpoB,p.Asp435Gly,isoniazid,rifampicin;rifapentine,cross_class,1,2,0,1,2,357,0.0,1.0,True,,,1.0,False
katG|c.117delG,rpoB|p.Asn437Ser,katG,c.117delG,rpoB,p.Asn437Ser,isoniazid,rifampicin;rifapentine,cross_class,1,2,0,1,2,357,0.0,1.0,True,,,1.0,False
katG|c.117delG,rpoB|p.Ala451Val,katG,c.117delG,rpoB,p.Ala451Val,isoniazid,rifampicin;rifapentine,cross_class,1,3,0,1,3,356,0.0,1.0,True,,,1.0,False
katG|c.117delG,rpoB|c.1296_1304delATTCATGGA,katG,c.117delG,rpoB,c.1296_1304delATTCATGGA,isoniazid,rifampicin;rifapentine,cross_class,1,2,0,1,2,357,0.0,1.0,True,,,1.0,False
katG|c.117delG,rpoB|c.1294_1299delCAATTC,katG,c.117delG,rpoB,c.1294_1299delCAATTC,isoniazid,rifampicin;rifapentine,cross_class,1,1,0,1,1,358,0.0,1.0,True,,,1.0,False
katG|c.18delA,mmpR5|c.139dupG,katG,c.18delA,mmpR5,c.139dupG,isoniazid,bedaquiline;clofazimine,cross_class,1,6,0,1,6,353,0.0,1.0,True,,,1.0,False
katG|c.18delA,mmpR5|c.139_140dupGA,katG,c.18delA,mmpR5,c.139_140dupGA,isoniazid,bedaquiline;clofazimine,cross_class,1,1,0,1,1,358,0.0,1.0,True,,,1.0,False
katG|c.18delA,katG|p.Ser315Thr,katG,c.18delA,katG,p.Ser315Thr,isoniazid,isoniazid,within_class,1,191,0,1,191,168,0.0,0.46944444444444444,True,,,1.0,False
katG|c.18delA,katG|p.Ser315Asn,katG,c.18delA,katG,p.Ser315Asn,isoniazid,isoniazid,within_class,1,5,0,1,5,354,0.0,1.0,True,,,1.0,False
katG|c.117delG,tlyA|c.585_588delTGGG,katG,c.117delG,tlyA,c.585_588delTGGG,isoniazid,capreomycin,cross_class,1,30,0,1,30,329,0.0,1.0,True,,,1.0,False
katG|c.117delG,tlyA|c.388dupG,katG,c.117delG,tlyA,c.388dupG,isoniazid,capreomycin,cross_class,1,1,0,1,1,358,0.0,1.0,True,,,1.0,False
katG|c.117delG,rrs|n.517C>T,katG,c.117delG,rrs,n.517C>T,isoniazid,streptomycin,cross_class,1,2,0,1,2,357,0.0,1.0,True,,,1.0,False
katG|c.117delG,rrs|n.514A>C,katG,c.117delG,rrs,n.514A>C,isoniazid,streptomycin,cross_class,1,164,0,1,164,195,0.0,1.0,True,,,1.0,False
katG|c.117delG,rrs|n.1402C>T,katG,c.117delG,rrs,n.1402C>T,isoniazid,amikacin;capreomycin;kanamycin,cross_class,1,2,0,1,2,357,0.0,1.0,True,,,1.0,False
katG|c.117delG,rrs|n.1401A>G,katG,c.117delG,rrs,n.1401A>G,isoniazid,amikacin;capreomycin;kanamycin,cross_class,1,85,0,1,85,274,0.0,1.0,True,,,1.0,False
katG|c.117delG,rrl|n.2814G>T,katG,c.117delG,rrl,n.2814G>T,isoniazid,linezolid,cross_class,1,2,0,1,2,357,0.0,1.0,True,,,1.0,False
katG|c.117delG,rrl|n.2270G>T,katG,c.117delG,rrl,n.2270G>T,isoniazid,linezolid,cross_class,1,2,0,1,2,357,0.0,1.0,True,,,1.0,False
katG|c.117delG,rpsL|p.Lys88Arg,katG,c.117delG,rpsL,p.Lys88Arg,isoniazid,streptomycin,cross_class,1,8,0,1,8,351,0.0,1.0,True,,,1.0,False
katG|c.117delG,rpsL|p.Lys43Arg,katG,c.117delG,rpsL,p.Lys43Arg,isoniazid,streptomycin,cross_class,1,26,0,1,26,333,0.0,1.0,True,,,1.0,False
katG|c.117delG,rpoB|p.Val170Phe,katG,c.117delG,rpoB,p.Val170Phe,isoniazid,rifampicin;rifapentine,cross_class,1,2,0,1,2,357,0.0,1.0,True,,,1.0,False
katG|c.117delG,rpoB|p.Ser450Leu,katG,c.117delG,rpoB,p.Ser450Leu,isoniazid,rifampicin;rifapentine,cross_class,1,139,0,1,139,220,0.0,1.0,True,,,1.0,False
katG|c.18delA,mmpR5|p.Arg134*,katG,c.18delA,mmpR5,p.Arg134*,isoniazid,bedaquiline;clofazimine,cross_class,1,1,0,1,1,358,0.0,1.0,True,,,1.0,False
katG|c.18delA,mmpR5|c.466dupC,katG,c.18delA,mmpR5,c.466dupC,isoniazid,bedaquiline;clofazimine,cross_class,1,1,0,1,1,358,0.0,1.0,True,,,1.0,False
katG|c.18delA,mmpR5|c.441_442delGA,katG,c.18delA,mmpR5,c.441_442delGA,isoniazid,bedaquiline;clofazimine,cross_class,1,2,0,1,2,357,0.0,1.0,True,,,1.0,False
katG|c.18delA,mmpR5|c.430dupG,katG,c.18delA,mmpR5,c.430dupG,isoniazid,bedaquiline;clofazimine,cross_class,1,1,0,1,1,358,0.0,1.0,True,,,1.0,False
katG|c.18delA,mmpR5|c.424dupC,katG,c.18delA,mmpR5,c.424dupC,isoniazid,bedaquiline;clofazimine,cross_class,1,14,0,1,14,345,0.0,1.0,True,,,1.0,False
katG|c.18delA,mmpR5|c.386delC,katG,c.18delA,mmpR5,c.386delC,isoniazid,bedaquiline;clofazimine,cross_class,1,1,0,1,1,358,0.0,1.0,True,,,1.0,False
katG|c.18delA,mmpR5|c.366dupG,katG,c.18delA,mmpR5,c.366dupG,isoniazid,bedaquiline;clofazimine,cross_class,1,1,0,1,1,358,0.0,1.0,True,,,1.0,False
katG|c.18delA,mmpR5|c.321dupC,katG,c.18delA,mmpR5,c.321dupC,isoniazid,bedaquiline;clofazimine,cross_class,1,1,0,1,1,358,0.0,1.0,True,,,1.0,False
katG|c.18delA,mmpR5|c.291delC,katG,c.18delA,mmpR5,c.291delC,isoniazid,bedaquiline;clofazimine,cross_class,1,1,0,1,1,358,0.0,1.0,True,,,1.0,False
katG|c.18delA,mmpR5|c.214delC,katG,c.18delA,mmpR5,c.214delC,isoniazid,bedaquiline;clofazimine,cross_class,1,1,0,1,1,358,0.0,1.0,True,,,1.0,False
katG|c.18delA,mmpR5|c.19delG,katG,c.18delA,mmpR5,c.19delG,isoniazid,bedaquiline;clofazimine,cross_class,1,1,0,1,1,358,0.0,1.0,True,,,1.0,False
katG|c.18delA,mmpR5|c.198dupG,katG,c.18delA,mmpR5,c.198dupG,isoniazid,bedaquiline;clofazimine,cross_class,1,13,0,1,13,346,0.0,1.0,True,,,1.0,False
katG|c.18delA,mmpR5|c.198delG,katG,c.18delA,mmpR5,c.198delG,isoniazid,bedaquiline;clofazimine,cross_class,1,1,0,1,1,358,0.0,1.0,True,,,1.0,False
katG|c.18delA,mmpR5|c.144dupC,katG,c.18delA,mmpR5,c.144dupC,isoniazid,bedaquiline;clofazimine,cross_class,1,20,0,1,20,339,0.0,1.0,True,,,1.0,False
katG|c.18delA,mmpR5|c.144delC,katG,c.18delA,mmpR5,c.144delC,isoniazid,bedaquiline;clofazimine,cross_class,1,1,0,1,1,358,0.0,1.0,True,,,1.0,False
katG|c.18delA,mmpR5|c.141_142dupTC,katG,c.18delA,mmpR5,c.141_142dupTC,isoniazid,bedaquiline;clofazimine,cross_class,1,2,0,1,2,357,0.0,1.0,True,,,1.0,False
katG|c.18delA,pncA|p.Ile31Ser,katG,c.18delA,pncA,p.Ile31Ser,isoniazid,pyrazinamide,cross_class,1,1,0,1,1,358,0.0,1.0,True,,,1.0,False
katG|c.18delA,pncA|p.Gln141Pro,katG,c.18delA,pncA,p.Gln141Pro,isoniazid,pyrazinamide,cross_class,1,1,0,1,1,358,0.0,1.0,True,,,1.0,False
katG|c.18delA,pncA|p.Cys14Arg,katG,c.18delA,pncA,p.Cys14Arg,isoniazid,pyrazinamide,cross_class,1,87,0,1,87,272,0.0,1.0,True,,,1.0,False
katG|c.18delA,pncA|p.Asp8Asn,katG,c.18delA,pncA,p.Asp8Asn,isoniazid,pyrazinamide,cross_class,1,5,0,1,5,354,0.0,1.0,True,,,1.0,False
katG|c.18delA,pncA|p.Ala146Thr,katG,c.18delA,pncA,p.Ala146Thr,isoniazid,pyrazinamide,cross_class,1,2,0,1,2,357,0.0,1.0,True,,,1.0,False
katG|c.18delA,pncA|c.517dupG,katG,c.18delA,pncA,c.517dupG,isoniazid,pyrazinamide,cross_class,1,70,0,1,70,289,0.0,1.0,True,,,1.0,False
katG|c.18delA,pncA|c.459_466delCAGGGTGC,katG,c.18delA,pncA,c.459_466delCAGGGTGC,isoniazid,pyrazinamide,cross_class,1,1,0,1,1,358,0.0,1.0,True,,,1.0,False
katG|c.18delA,pncA|c.169delC,katG,c.18delA,pncA,c.169delC,isoniazid,pyrazinamide,cross_class,1,1,0,1,1,358,0.0,1.0,True,,,1.0,False
katG|c.18delA,mmpR5|p.Val1?,katG,c.18delA,mmpR5,p.Val1?,isoniazid,bedaquiline;clofazimine,cross_class,1,1,0,1,1,358,0.0,1.0,True,,,1.0,False
katG|c.18delA,mmpR5|p.Tyr145*,katG,c.18delA,mmpR5,p.Tyr145*,isoniazid,bedaquiline;clofazimine,cross_class,1,2,0,1,2,357,0.0,1.0,True,,,1.0,False
katG|c.18delA,mmpR5|p.Ile67Ser,katG,c.18delA,mmpR5,p.Ile67Ser,isoniazid,bedaquiline;clofazimine,cross_class,1,2,0,1,2,357,0.0,1.0,True,,,1.0,False
katG|c.18delA,mmpR5|p.Gly121Arg,katG,c.18delA,mmpR5,p.Gly121Arg,isoniazid,bedaquiline;clofazimine,cross_class,1,1,0,1,1,358,0.0,1.0,True,,,1.0,False
katG|c.18delA,mmpR5|p.Gln76*,katG,c.18delA,mmpR5,p.Gln76*,isoniazid,bedaquiline;clofazimine,cross_class,1,2,0,1,2,357,0.0,1.0,True,,,1.0,False
katG|c.18delA,mmpR5|p.Asn70Asp,katG,c.18delA,mmpR5,p.Asn70Asp,isoniazid,bedaquiline;clofazimine,cross_class,1,1,0,1,1,358,0.0,1.0,True,,,1.0,False
katG|c.18delA,mmpR5|p.Arg156*,katG,c.18delA,mmpR5,p.Arg156*,isoniazid,bedaquiline;clofazimine,cross_class,1,1,0,1,1,358,0.0,1.0,True,,,1.0,False
katG|c.18delA,rpoB|p.His445Asp,katG,c.18delA,rpoB,p.His445Asp,isoniazid,rifampicin;rifapentine,cross_class,1,11,0,1,11,348,0.0,1.0,True,,,1.0,False
katG|c.18delA,rpoB|p.His445Asn,katG,c.18delA,rpoB,p.His445Asn,isoniazid,rifampicin;rifapentine,cross_class,1,6,0,1,6,353,0.0,1.0,True,,,1.0,False
katG|c.18delA,rpoB|p.Gln432Lys,katG,c.18delA,rpoB,p.Gln432Lys,isoniazid,rifampicin;rifapentine,cross_class,1,1,0,1,1,358,0.0,1.0,True,,,1.0,False
katG|c.18delA,rpoB|p.Asp435Val,katG,c.18delA,rpoB,p.Asp435Val,isoniazid,rifampicin;rifapentine,cross_class,1,73,0,1,73,286,0.0,1.0,True,,,1.0,False
katG|c.18delA,rpoB|p.Asp435Tyr,katG,c.18delA,rpoB,p.Asp435Tyr,isoniazid,rifampicin;rifapentine,cross_class,1,9,0,1,9,350,0.0,1.0,True,,,1.0,False
katG|c.18delA,rpoB|p.Asp435Gly,katG,c.18delA,rpoB,p.Asp435Gly,isoniazid,rifampicin;rifapentine,cross_class,1,2,0,1,2,357,0.0,1.0,True,,,1.0,False
katG|c.18delA,rpoB|p.Asp435Ala,katG,c.18delA,rpoB,p.Asp435Ala,isoniazid,rifampicin;rifapentine,cross_class,1,1,0,1,1,358,0.0,1.0,True,,,1.0,False
katG|c.18delA,rpoB|p.Asn437Ser,katG,c.18delA,rpoB,p.Asn437Ser,isoniazid,rifampicin;rifapentine,cross_class,1,2,0,1,2,357,0.0,1.0,True,,,1.0,False
katG|c.18delA,rpoB|p.Ala451Val,katG,c.18delA,rpoB,p.Ala451Val,isoniazid,rifampicin;rifapentine,cross_class,1,3,0,1,3,356,0.0,1.0,True,,,1.0,False
katG|c.18delA,rpoB|c.1296_1304delATTCATGGA,katG,c.18delA,rpoB,c.1296_1304delATTCATGGA,isoniazid,rifampicin;rifapentine,cross_class,1,2,0,1,2,357,0.0,1.0,True,,,1.0,False
katG|c.18delA,rpoB|c.1294_1299delCAATTC,katG,c.18delA,rpoB,c.1294_1299delCAATTC,isoniazid,rifampicin;rifapentine,cross_class,1,1,0,1,1,358,0.0,1.0,True,,,1.0,False
katG|c.18delA,rplC|p.Cys154Arg,katG,c.18delA,rplC,p.Cys154Arg,isoniazid,linezolid,cross_class,1,4,0,1,4,355,0.0,1.0,True,,,1.0,False
katG|c.18delA,pncA|p.Val180Phe,katG,c.18delA,pncA,p.Val180Phe,isoniazid,pyrazinamide,cross_class,1,1,0,1,1,358,0.0,1.0,True,,,1.0,False
katG|c.18delA,pncA|p.Val139Gly,katG,c.18delA,pncA,p.Val139Gly,isoniazid,pyrazinamide,cross_class,1,1,0,1,1,358,0.0,1.0,True,,,1.0,False
katG|c.18delA,pncA|p.Thr47Ala,katG,c.18delA,pncA,p.Thr47Ala,isoniazid,pyrazinamide,cross_class,1,1,0,1,1,358,0.0,1.0,True,,,1.0,False
katG|c.18delA,pncA|p.Ser104Arg,katG,c.18delA,pncA,p.Ser104Arg,isoniazid,pyrazinamide,cross_class,1,7,0,1,7,352,0.0,1.0,True,,,1.0,False
katG|c.18delA,tlyA|c.388dupG,katG,c.18delA,tlyA,c.388dupG,isoniazid,capreomycin,cross_class,1,1,0,1,1,358,0.0,1.0,True,,,1.0,False
katG|c.18delA,rrs|n.517C>T,katG,c.18delA,rrs,n.517C>T,isoniazid,streptomycin,cross_class,1,2,0,1,2,357,0.0,1.0,True,,,1.0,False
katG|c.18delA,rrs|n.514A>C,katG,c.18delA,rrs,n.514A>C,isoniazid,streptomycin,cross_class,1,164,0,1,164,195,0.0,1.0,True,,,1.0,False
katG|c.18delA,rrs|n.1402C>T,katG,c.18delA,rrs,n.1402C>T,isoniazid,amikacin;capreomycin;kanamycin,cross_class,1,2,0,1,2,357,0.0,1.0,True,,,1.0,False
katG|c.18delA,rrs|n.1401A>G,katG,c.18delA,rrs,n.1401A>G,isoniazid,amikacin;capreomycin;kanamycin,cross_class,1,85,0,1,85,274,0.0,1.0,True,,,1.0,False
katG|c.18delA,rrl|n.2814G>T,katG,c.18delA,rrl,n.2814G>T,isoniazid,linezolid,cross_class,1,2,0,1,2,357,0.0,1.0,True,,,1.0,False
katG|c.18delA,rrl|n.2270G>T,katG,c.18delA,rrl,n.2270G>T,isoniazid,linezolid,cross_class,1,2,0,1,2,357,0.0,1.0,True,,,1.0,False
katG|c.18delA,rpsL|p.Lys88Arg,katG,c.18delA,rpsL,p.Lys88Arg,isoniazid,streptomycin,cross_class,1,8,0,1,8,351,0.0,1.0,True,,,1.0,False
katG|c.18delA,rpsL|p.Lys43Arg,katG,c.18delA,rpsL,p.Lys43Arg,isoniazid,streptomycin,cross_class,1,26,0,1,26,333,0.0,1.0,True,,,1.0,False
katG|c.18delA,rpoB|p.Val170Phe,katG,c.18delA,rpoB,p.Val170Phe,isoniazid,rifampicin;rifapentine,cross_class,1,2,0,1,2,357,0.0,1.0,True,,,1.0,False
katG|c.18delA,rpoB|p.Ser450Leu,katG,c.18delA,rpoB,p.Ser450Leu,isoniazid,rifampicin;rifapentine,cross_class,1,139,1,0,138,221,inf,0.3861111111111111,True,lineage2,100.0,1.0,False
katG|c.18delA,rpoB|p.Leu452Pro,katG,c.18delA,rpoB,p.Leu452Pro,isoniazid,rifampicin;rifapentine,cross_class,1,10,0,1,10,349,0.0,1.0,True,,,1.0,False
katG|c.18delA,rpoB|p.Leu430Pro,katG,c.18delA,rpoB,p.Leu430Pro,isoniazid,rifampicin;rifapentine,cross_class,1,22,0,1,22,337,0.0,1.0,True,,,1.0,False
katG|c.18delA,rpoB|p.Ile491Phe,katG,c.18delA,rpoB,p.Ile491Phe,isoniazid,rifampicin;rifapentine,cross_class,1,1,0,1,1,358,0.0,1.0,True,,,1.0,False
katG|c.18delA,rpoB|p.His445Tyr,katG,c.18delA,rpoB,p.His445Tyr,isoniazid,rifampicin;rifapentine,cross_class,1,5,0,1,5,354,0.0,1.0,True,,,1.0,False
katG|c.18delA,rpoB|p.His445Leu,katG,c.18delA,rpoB,p.His445Leu,isoniazid,rifampicin;rifapentine,cross_class,1,1,0,1,1,358,0.0,1.0,True,,,1.0,False
katG|p.Ser315Asn,mmpR5|c.424dupC,katG,p.Ser315Asn,mmpR5,c.424dupC,isoniazid,bedaquiline;clofazimine,cross_class,5,14,0,5,14,341,0.0,1.0,False,,,1.0,False
katG|p.Ser315Asn,mmpR5|c.386delC,katG,p.Ser315Asn,mmpR5,c.386delC,isoniazid,bedaquiline;clofazimine,cross_class,5,1,0,5,1,354,0.0,1.0,True,,,1.0,False
katG|p.Ser315Asn,mmpR5|c.366dupG,katG,p.Ser315Asn,mmpR5,c.366dupG,isoniazid,bedaquiline;clofazimine,cross_class,5,1,0,5,1,354,0.0,1.0,True,,,1.0,False
katG|p.Ser315Asn,mmpR5|c.321dupC,katG,p.Ser315Asn,mmpR5,c.321dupC,isoniazid,bedaquiline;clofazimine,cross_class,5,1,0,5,1,354,0.0,1.0,True,,,1.0,False
katG|p.Ser315Asn,mmpR5|c.291delC,katG,p.Ser315Asn,mmpR5,c.291delC,isoniazid,bedaquiline;clofazimine,cross_class,5,1,0,5,1,354,0.0,1.0,True,,,1.0,False
katG|p.Ser315Asn,mmpR5|c.214delC,katG,p.Ser315Asn,mmpR5,c.214delC,isoniazid,bedaquiline;clofazimine,cross_class,5,1,0,5,1,354,0.0,1.0,True,,,1.0,False
katG|p.Ser315Asn,mmpR5|c.19delG,katG,p.Ser315Asn,mmpR5,c.19delG,isoniazid,bedaquiline;clofazimine,cross_class,5,1,0,5,1,354,0.0,1.0,True,,,1.0,False
katG|p.Ser315Asn,mmpR5|c.198dupG,katG,p.Ser315Asn,mmpR5,c.198dupG,isoniazid,bedaquiline;clofazimine,cross_class,5,13,0,5,13,342,0.0,1.0,False,,,1.0,False
katG|p.Ser315Asn,mmpR5|c.198delG,katG,p.Ser315Asn,mmpR5,c.198delG,isoniazid,bedaquiline;clofazimine,cross_class,5,1,0,5,1,354,0.0,1.0,True,,,1.0,False
katG|p.Ser315Asn,mmpR5|c.144dupC,katG,p.Ser315Asn,mmpR5,c.144dupC,isoniazid,bedaquiline;clofazimine,cross_class,5,20,0,5,20,335,0.0,1.0,False,,,1.0,False
katG|p.Ser315Asn,mmpR5|c.144delC,katG,p.Ser315Asn,mmpR5,c.144delC,isoniazid,bedaquiline;clofazimine,cross_class,5,1,0,5,1,354,0.0,1.0,True,,,1.0,False
katG|p.Ser315Asn,mmpR5|c.141_142dupTC,katG,p.Ser315Asn,mmpR5,c.141_142dupTC,isoniazid,bedaquiline;clofazimine,cross_class,5,2,0,5,2,353,0.0,1.0,True,,,1.0,False
katG|p.Ser315Asn,mmpR5|c.139dupG,katG,p.Ser315Asn,mmpR5,c.139dupG,isoniazid,bedaquiline;clofazimine,cross_class,5,6,0,5,6,349,0.0,1.0,False,,,1.0,False
katG|p.Ser315Asn,mmpR5|c.139_140dupGA,katG,p.Ser315Asn,mmpR5,c.139_140dupGA,isoniazid,bedaquiline;clofazimine,cross_class,5,1,0,5,1,354,0.0,1.0,True,,,1.0,False
katG|c.18delA,tlyA|c.585_588delTGGG,katG,c.18delA,tlyA,c.585_588delTGGG,isoniazid,capreomycin,cross_class,1,30,0,1,30,329,0.0,1.0,True,,,1.0,False
katG|p.Ser315Asn,pncA|p.Ala146Thr,katG,p.Ser315Asn,pncA,p.Ala146Thr,isoniazid,pyrazinamide,cross_class,5,2,0,5,2,353,0.0,1.0,True,,,1.0,False
katG|p.Ser315Asn,pncA|c.517dupG,katG,p.Ser315Asn,pncA,c.517dupG,isoniazid,pyrazinamide,cross_class,5,70,0,5,70,285,0.0,0.5876746090542391,False,,,1.0,False
katG|p.Ser315Asn,pncA|c.459_466delCAGGGTGC,katG,p.Ser315Asn,pncA,c.459_466delCAGGGTGC,isoniazid,pyrazinamide,cross_class,5,1,0,5,1,354,0.0,1.0,True,,,1.0,False
katG|p.Ser315Asn,pncA|c.393dupC,katG,p.Ser315Asn,pncA,c.393dupC,isoniazid,pyrazinamide,cross_class,5,1,0,5,1,354,0.0,1.0,True,,,1.0,False
katG|p.Ser315Asn,pncA|c.169delC,katG,p.Ser315Asn,pncA,c.169delC,isoniazid,pyrazinamide,cross_class,5,1,0,5,1,354,0.0,1.0,True,,,1.0,False
katG|p.Ser315Asn,mmpR5|p.Val1?,katG,p.Ser315Asn,mmpR5,p.Val1?,isoniazid,bedaquiline;clofazimine,cross_class,5,1,0,5,1,354,0.0,1.0,True,,,1.0,False
katG|p.Ser315Asn,mmpR5|p.Tyr145*,katG,p.Ser315Asn,mmpR5,p.Tyr145*,isoniazid,bedaquiline;clofazimine,cross_class,5,2,0,5,2,353,0.0,1.0,True,,,1.0,False
katG|p.Ser315Asn,mmpR5|p.Ile67Ser,katG,p.Ser315Asn,mmpR5,p.Ile67Ser,isoniazid,bedaquiline;clofazimine,cross_class,5,2,0,5,2,353,0.0,1.0,True,,,1.0,False
katG|p.Ser315Asn,mmpR5|p.Gly121Arg,katG,p.Ser315Asn,mmpR5,p.Gly121Arg,isoniazid,bedaquiline;clofazimine,cross_class,5,1,0,5,1,354,0.0,1.0,True,,,1.0,False
katG|p.Ser315Asn,mmpR5|p.Gln76*,katG,p.Ser315Asn,mmpR5,p.Gln76*,isoniazid,bedaquiline;clofazimine,cross_class,5,2,0,5,2,353,0.0,1.0,True,,,1.0,False
katG|p.Ser315Asn,mmpR5|p.Asn70Asp,katG,p.Ser315Asn,mmpR5,p.Asn70Asp,isoniazid,bedaquiline;clofazimine,cross_class,5,1,0,5,1,354,0.0,1.0,True,,,1.0,False
katG|p.Ser315Asn,mmpR5|p.Arg156*,katG,p.Ser315Asn,mmpR5,p.Arg156*,isoniazid,bedaquiline;clofazimine,cross_class,5,1,0,5,1,354,0.0,1.0,True,,,1.0,False
katG|p.Ser315Asn,mmpR5|p.Arg134*,katG,p.Ser315Asn,mmpR5,p.Arg134*,isoniazid,bedaquiline;clofazimine,cross_class,5,1,0,5,1,354,0.0,1.0,True,,,1.0,False
katG|p.Ser315Asn,mmpR5|c.466dupC,katG,p.Ser315Asn,mmpR5,c.466dupC,isoniazid,bedaquiline;clofazimine,cross_class,5,1,0,5,1,354,0.0,1.0,True,,,1.0,False
katG|p.Ser315Asn,mmpR5|c.441_442delGA,katG,p.Ser315Asn,mmpR5,c.441_442delGA,isoniazid,bedaquiline;clofazimine,cross_class,5,2,0,5,2,353,0.0,1.0,True,,,1.0,False
katG|p.Ser315Asn,mmpR5|c.430dupG,katG,p.Ser315Asn,mmpR5,c.430dupG,isoniazid,bedaquiline;clofazimine,cross_class,5,1,0,5,1,354,0.0,1.0,True,,,1.0,False
katG|p.Ser315Asn,rpoB|p.Asp435Tyr,katG,p.Ser315Asn,rpoB,p.Asp435Tyr,isoniazid,rifampicin;rifapentine,cross_class,5,9,1,4,8,347,10.84375,0.11953698731275922,False,lineage2,100.0,1.0,False
katG|p.Ser315Asn,rpoB|p.Asp435Gly,katG,p.Ser315Asn,rpoB,p.Asp435Gly,isoniazid,rifampicin;rifapentine,cross_class,5,2,0,5,2,353,0.0,1.0,True,,,1.0,False
katG|p.Ser315Asn,rpoB|p.Asp435Ala,katG,p.Ser315Asn,rpoB,p.Asp435Ala,isoniazid,rifampicin;rifapentine,cross_class,5,1,0,5,1,354,0.0,1.0,True,,,1.0,False
katG|p.Ser315Asn,rpoB|p.Asn437Ser,katG,p.Ser315Asn,rpoB,p.Asn437Ser,isoniazid,rifampicin;rifapentine,cross_class,5,2,0,5,2,353,0.0,1.0,True,,,1.0,False
katG|p.Ser315Asn,rpoB|p.Ala451Val,katG,p.Ser315Asn,rpoB,p.Ala451Val,isoniazid,rifampicin;rifapentine,cross_class,5,3,0,5,3,352,0.0,1.0,True,,,1.0,False
katG|p.Ser315Asn,rpoB|c.1296_1304delATTCATGGA,katG,p.Ser315Asn,rpoB,c.1296_1304delATTCATGGA,isoniazid,rifampicin;rifapentine,cross_class,5,2,0,5,2,353,0.0,1.0,True,,,1.0,False
katG|p.Ser315Asn,rpoB|c.1294_1299delCAATTC,katG,p.Ser315Asn,rpoB,c.1294_1299delCAATTC,isoniazid,rifampicin;rifapentine,cross_class,5,1,0,5,1,354,0.0,1.0,True,,,1.0,False
katG|p.Ser315Asn,rplC|p.Cys154Arg,katG,p.Ser315Asn,rplC,p.Cys154Arg,isoniazid,linezolid,cross_class,5,4,0,5,4,351,0.0,1.0,True,,,1.0,False
katG|p.Ser315Asn,pncA|p.Val180Phe,katG,p.Ser315Asn,pncA,p.Val180Phe,isoniazid,pyrazinamide,cross_class,5,1,0,5,1,354,0.0,1.0,True,,,1.0,False
katG|p.Ser315Asn,pncA|p.Val139Gly,katG,p.Ser315Asn,pncA,p.Val139Gly,isoniazid,pyrazinamide,cross_class,5,1,0,5,1,354,0.0,1.0,True,,,1.0,False
katG|p.Ser315Asn,pncA|p.Thr47Ala,katG,p.Ser315Asn,pncA,p.Thr47Ala,isoniazid,pyrazinamide,cross_class,5,1,0,5,1,354,0.0,1.0,True,,,1.0,False
katG|p.Ser315Asn,pncA|p.Ser104Arg,katG,p.Ser315Asn,pncA,p.Ser104Arg,isoniazid,pyrazinamide,cross_class,5,7,0,5,7,348,0.0,1.0,False,,,1.0,False
katG|p.Ser315Asn,pncA|p.Ile31Ser,katG,p.Ser315Asn,pncA,p.Ile31Ser,isoniazid,pyrazinamide,cross_class,5,1,0,5,1,354,0.0,1.0,True,,,1.0,False
katG|p.Ser315Asn,pncA|p.Gln141Pro,katG,p.Ser315Asn,pncA,p.Gln141Pro,isoniazid,pyrazinamide,cross_class,5,1,0,5,1,354,0.0,1.0,True,,,1.0,False
katG|p.Ser315Asn,pncA|p.Cys14Arg,katG,p.Ser315Asn,pncA,p.Cys14Arg,isoniazid,pyrazinamide,cross_class,5,87,0,5,87,268,0.0,0.3420177498284005,False,,,1.0,False
katG|p.Ser315Asn,pncA|p.Asp8Asn,katG,p.Ser315Asn,pncA,p.Asp8Asn,isoniazid,pyrazinamide,cross_class,5,5,0,5,5,350,0.0,1.0,False,,,1.0,False
katG|p.Ser315Asn,rrs|n.1401A>G,katG,p.Ser315Asn,rrs,n.1401A>G,isoniazid,amikacin;capreomycin;kanamycin,cross_class,5,85,0,5,85,270,0.0,0.5956052137641474,False,,,1.0,False
katG|p.Ser315Asn,rrl|n.2270G>T,katG,p.Ser315Asn,rrl,n.2270G>T,isoniazid,linezolid,cross_class,5,2,0,5,2,353,0.0,1.0,True,,,1.0,False
katG|p.Ser315Asn,rpsL|p.Lys88Arg,katG,p.Ser315Asn,rpsL,p.Lys88Arg,isoniazid,streptomycin,cross_class,5,8,0,5,8,347,0.0,1.0,False,,,1.0,False
katG|p.Ser315Asn,rpsL|p.Lys43Arg,katG,p.Ser315Asn,rpsL,p.Lys43Arg,isoniazid,streptomycin,cross_class,5,26,0,5,26,329,0.0,1.0,False,,,1.0,False
katG|p.Ser315Asn,rpoB|p.Val170Phe,katG,p.Ser315Asn,rpoB,p.Val170Phe,isoniazid,rifampicin;rifapentine,cross_class,5,2,0,5,2,353,0.0,1.0,True,,,1.0,False
katG|p.Ser315Asn,rpoB|p.Ser450Leu,katG,p.Ser315Asn,rpoB,p.Ser450Leu,isoniazid,rifampicin;rifapentine,cross_class,5,139,1,4,138,217,0.39311594202898553,0.6526600272102945,False,lineage2,100.0,1.0,False
katG|p.Ser315Asn,rpoB|p.Leu452Pro,katG,p.Ser315Asn,rpoB,p.Leu452Pro,isoniazid,rifampicin;rifapentine,cross_class,5,10,1,4,9,346,9.61111111111111,0.13207919547069716,False,lineage2,100.0,1.0,False
katG|p.Ser315Asn,rpoB|p.Leu430Pro,katG,p.Ser315Asn,rpoB,p.Leu430Pro,isoniazid,rifampicin;rifapentine,cross_class,5,22,0,5,22,333,0.0,1.0,False,,,1.0,False
katG|p.Ser315Asn,rpoB|p.Ile491Phe,katG,p.Ser315Asn,rpoB,p.Ile491Phe,isoniazid,rifampicin;rifapentine,cross_class,5,1,0,5,1,354,0.0,1.0,True,,,1.0,False
katG|p.Ser315Asn,rpoB|p.His445Tyr,katG,p.Ser315Asn,rpoB,p.His445Tyr,isoniazid,rifampicin;rifapentine,cross_class,5,5,0,5,5,350,0.0,1.0,False,,,1.0,False
katG|p.Ser315Asn,rpoB|p.His445Leu,katG,p.Ser315Asn,rpoB,p.His445Leu,isoniazid,rifampicin;rifapentine,cross_class,5,1,0,5,1,354,0.0,1.0,True,,,1.0,False
katG|p.Ser315Asn,rpoB|p.His445Asp,katG,p.Ser315Asn,rpoB,p.His445Asp,isoniazid,rifampicin;rifapentine,cross_class,5,11,0,5,11,344,0.0,1.0,False,,,1.0,False
katG|p.Ser315Asn,rpoB|p.His445Asn,katG,p.Ser315Asn,rpoB,p.His445Asn,isoniazid,rifampicin;rifapentine,cross_class,5,6,0,5,6,349,0.0,1.0,False,,,1.0,False
katG|p.Ser315Asn,rpoB|p.Gln432Lys,katG,p.Ser315Asn,rpoB,p.Gln432Lys,isoniazid,rifampicin;rifapentine,cross_class,5,1,0,5,1,354,0.0,1.0,True,,,1.0,False
katG|p.Ser315Asn,rpoB|p.Asp435Val,katG,p.Ser315Asn,rpoB,p.Asp435Val,isoniazid,rifampicin;rifapentine,cross_class,5,73,2,3,71,284,2.6666666666666665,0.2678704337492303,False,lineage2,100.0,1.0,False
katG|p.Ser315Thr,mmpR5|c.321dupC,katG,p.Ser315Thr,mmpR5,c.321dupC,isoniazid,bedaquiline;clofazimine,cross_class,191,1,0,191,1,168,0.0,0.46944444444444444,True,,,1.0,False
katG|p.Ser315Thr,mmpR5|c.291delC,katG,p.Ser315Thr,mmpR5,c.291delC,isoniazid,bedaquiline;clofazimine,cross_class,191,1,1,190,0,169,inf,1.0,True,lineage2,100.0,1.0,False
katG|p.Ser315Thr,mmpR5|c.214delC,katG,p.Ser315Thr,mmpR5,c.214delC,isoniazid,bedaquiline;clofazimine,cross_class,191,1,1,190,0,169,inf,1.0,True,lineage2,100.0,1.0,False
katG|p.Ser315Thr,mmpR5|c.19delG,katG,p.Ser315Thr,mmpR5,c.19delG,isoniazid,bedaquiline;clofazimine,cross_class,191,1,0,191,1,168,0.0,0.46944444444444444,True,,,1.0,False
katG|p.Ser315Thr,mmpR5|c.198dupG,katG,p.Ser315Thr,mmpR5,c.198dupG,isoniazid,bedaquiline;clofazimine,cross_class,191,13,6,185,7,162,0.7505791505791506,0.7786540824573052,False,lineage2,100.0,1.0,False
katG|p.Ser315Thr,mmpR5|c.198delG,katG,p.Ser315Thr,mmpR5,c.198delG,isoniazid,bedaquiline;clofazimine,cross_class,191,1,1,190,0,169,inf,1.0,True,lineage2,100.0,1.0,False
katG|p.Ser315Thr,mmpR5|c.144dupC,katG,p.Ser315Thr,mmpR5,c.144dupC,isoniazid,bedaquiline;clofazimine,cross_class,191,20,11,180,9,160,1.0864197530864197,1.0,False,lineage2,100.0,1.0,False
katG|p.Ser315Thr,mmpR5|c.144delC,katG,p.Ser315Thr,mmpR5,c.144delC,isoniazid,bedaquiline;clofazimine,cross_class,191,1,0,191,1,168,0.0,0.46944444444444444,True,,,1.0,False
katG|p.Ser315Thr,mmpR5|c.141_142dupTC,katG,p.Ser315Thr,mmpR5,c.141_142dupTC,isoniazid,bedaquiline;clofazimine,cross_class,191,2,0,191,2,167,0.0,0.21968430826369548,True,,,1.0,False
katG|p.Ser315Thr,mmpR5|c.139_140dupGA,katG,p.Ser315Thr,mmpR5,c.139_140dupGA,isoniazid,bedaquiline;clofazimine,cross_class,191,1,0,191,1,168,0.0,0.46944444444444444,True,,,1.0,False
katG|p.Ser315Asn,tlyA|c.585_588delTGGG,katG,p.Ser315Asn,tlyA,c.585_588delTGGG,isoniazid,capreomycin,cross_class,5,30,0,5,30,325,0.0,1.0,False,,,1.0,False
katG|p.Ser315Asn,tlyA|c.388dupG,katG,p.Ser315Asn,tlyA,c.388dupG,isoniazid,capreomycin,cross_class,5,1,0,5,1,354,0.0,1.0,True,,,1.0,False
katG|p.Ser315Asn,rrs|n.517C>T,katG,p.Ser315Asn,rrs,n.517C>T,isoniazid,streptomycin,cross_class,5,2,0,5,2,353,0.0,1.0,True,,,1.0,False
katG|p.Ser315Asn,rrs|n.514A>C,katG,p.Ser315Asn,rrs,n.514A>C,isoniazid,streptomycin,cross_class,5,164,0,5,164,191,0.0,0.06569654207366954,False,,,1.0,False
katG|p.Ser315Asn,rrs|n.1402C>T,katG,p.Ser315Asn,rrs,n.1402C>T,isoniazid,amikacin;capreomycin;kanamycin,cross_class,5,2,0,5,2,353,0.0,1.0,True,,,1.0,False
katG|p.Ser315Thr,pncA|c.393dupC,katG,p.Ser315Thr,pncA,c.393dupC,isoniazid,pyrazinamide,cross_class,191,1,0,191,1,168,0.0,0.46944444444444444,True,,,1.0,False
katG|p.Ser315Thr,pncA|c.169delC,katG,p.Ser315Thr,pncA,c.169delC,isoniazid,pyrazinamide,cross_class,191,1,1,190,0,169,inf,1.0,True,lineage2,100.0,1.0,False
katG|p.Ser315Thr,mmpR5|p.Val1?,katG,p.Ser315Thr,mmpR5,p.Val1?,isoniazid,bedaquiline;clofazimine,cross_class,191,1,0,191,1,168,0.0,0.46944444444444444,True,,,1.0,False
katG|p.Ser315Thr,mmpR5|p.Tyr145*,katG,p.Ser315Thr,mmpR5,p.Tyr145*,isoniazid,bedaquiline;clofazimine,cross_class,191,2,2,189,0,169,inf,0.500479727638502,True,lineage2,100.0,1.0,False
katG|p.Ser315Thr,mmpR5|p.Ile67Ser,katG,p.Ser315Thr,mmpR5,p.Ile67Ser,isoniazid,bedaquiline;clofazimine,cross_class,191,2,2,189,0,169,inf,0.500479727638502,True,lineage2,100.0,1.0,False
katG|p.Ser315Thr,mmpR5|p.Gly121Arg,katG,p.Ser315Thr,mmpR5,p.Gly121Arg,isoniazid,bedaquiline;clofazimine,cross_class,191,1,0,191,1,168,0.0,0.46944444444444444,True,,,1.0,False
katG|p.Ser315Thr,mmpR5|p.Gln76*,katG,p.Ser315Thr,mmpR5,p.Gln76*,isoniazid,bedaquiline;clofazimine,cross_class,191,2,2,189,0,169,inf,0.500479727638502,True,lineage2,100.0,1.0,False
katG|p.Ser315Thr,mmpR5|p.Asn70Asp,katG,p.Ser315Thr,mmpR5,p.Asn70Asp,isoniazid,bedaquiline;clofazimine,cross_class,191,1,1,190,0,169,inf,1.0,True,lineage2,100.0,1.0,False
katG|p.Ser315Thr,mmpR5|p.Arg156*,katG,p.Ser315Thr,mmpR5,p.Arg156*,isoniazid,bedaquiline;clofazimine,cross_class,191,1,1,190,0,169,inf,1.0,True,lineage2,100.0,1.0,False
katG|p.Ser315Thr,mmpR5|p.Arg134*,katG,p.Ser315Thr,mmpR5,p.Arg134*,isoniazid,bedaquiline;clofazimine,cross_class,191,1,1,190,0,169,inf,1.0,True,lineage2,100.0,1.0,False
katG|p.Ser315Thr,mmpR5|c.466dupC,katG,p.Ser315Thr,mmpR5,c.466dupC,isoniazid,bedaquiline;clofazimine,cross_class,191,1,1,190,0,169,inf,1.0,True,lineage2,100.0,1.0,False
katG|p.Ser315Thr,mmpR5|c.441_442delGA,katG,p.Ser315Thr,mmpR5,c.441_442delGA,isoniazid,bedaquiline;clofazimine,cross_class,191,2,2,189,0,169,inf,0.500479727638502,True,lineage2,100.0,1.0,False
katG|p.Ser315Thr,mmpR5|c.430dupG,katG,p.Ser315Thr,mmpR5,c.430dupG,isoniazid,bedaquiline;clofazimine,cross_class,191,1,0,191,1,168,0.0,0.46944444444444444,True,,,1.0,False
katG|p.Ser315Thr,mmpR5|c.386delC,katG,p.Ser315Thr,mmpR5,c.386delC,isoniazid,bedaquiline;clofazimine,cross_class,191,1,0,191,1,168,0.0,0.46944444444444444,True,,,1.0,False
katG|p.Ser315Thr,mmpR5|c.366dupG,katG,p.Ser315Thr,mmpR5,c.366dupG,isoniazid,bedaquiline;clofazimine,cross_class,191,1,1,190,0,169,inf,1.0,True,lineage2,100.0,1.0,False
ddn|c.365_366insC,gyrA|p.Asp94Tyr,ddn,c.365_366insC,gyrA,p.Asp94Tyr,delamanid;pretomanid,levofloxacin;moxifloxacin,cross_class,1,3,0,1,3,356,0.0,1.0,True,,,1.0,False
ddn|c.365_366insC,gyrA|p.Asp94His,ddn,c.365_366insC,gyrA,p.Asp94His,delamanid;pretomanid,levofloxacin;moxifloxacin,cross_class,1,13,0,1,13,346,0.0,1.0,True,,,1.0,False
ddn|c.365_366insC,gyrA|p.Asp94Gly,ddn,c.365_366insC,gyrA,p.Asp94Gly,delamanid;pretomanid,levofloxacin;moxifloxacin,cross_class,1,59,1,0,58,301,inf,0.1638888888888889,True,lineage2,100.0,1.0,False
ddn|c.365_366insC,gyrA|p.Asp94Asn,ddn,c.365_366insC,gyrA,p.Asp94Asn,delamanid;pretomanid,levofloxacin;moxifloxacin,cross_class,1,13,0,1,13,346,0.0,1.0,True,,,1.0,False
ddn|c.365_366insC,gyrA|p.Asp94Ala,ddn,c.365_366insC,gyrA,p.Asp94Ala,delamanid;pretomanid,levofloxacin;moxifloxacin,cross_class,1,5,0,1,5,354,0.0,1.0,True,,,1.0,False
ddn|c.365_366insC,gyrA|p.Ala90Val,ddn,c.365_366insC,gyrA,p.Ala90Val,delamanid;pretomanid,levofloxacin;moxifloxacin,cross_class,1,46,0,1,46,313,0.0,1.0,True,,,1.0,False
ddn|c.365_366insC,fbiC|p.Tyr104*,ddn,c.365_366insC,fbiC,p.Tyr104*,delamanid;pretomanid,delamanid;pretomanid,within_class,1,1,0,1,1,358,0.0,1.0,True,,,1.0,False
ddn|c.365_366insC,fbiC|p.Trp444*,ddn,c.365_366insC,fbiC,p.Trp444*,delamanid;pretomanid,delamanid;pretomanid,within_class,1,1,0,1,1,358,0.0,1.0,True,,,1.0,False
ddn|c.365_366insC,fbiC|p.Trp161*,ddn,c.365_366insC,fbiC,p.Trp161*,delamanid;pretomanid,delamanid;pretomanid,within_class,1,1,0,1,1,358,0.0,1.0,True,,,1.0,False
ddn|c.365_366insC,fbiC|c.930_931delAA,ddn,c.365_366insC,fbiC,c.930_931delAA,delamanid;pretomanid,delamanid;pretomanid,within_class,1,1,0,1,1,358,0.0,1.0,True,,,1.0,False
ddn|c.365_366insC,fbiC|c.181_191delAGCGCCGCGCG,ddn,c.365_366insC,fbiC,c.181_191delAGCGCCGCGCG,delamanid;pretomanid,delamanid;pretomanid,within_class,1,1,0,1,1,358,0.0,1.0,True,,,1.0,False
ddn|c.365_366insC,fbiC|c.1481_1511delATGTGCTTGCCGCCCTGCGATCGGCGGAGCG,ddn,c.365_366insC,fbiC,c.1481_1511delATGTGCTTGCCGCCCTGCGATCGGCGGAGCG,delamanid;pretomanid,delamanid;pretomanid,within_class,1,1,0,1,1,358,0.0,1.0,True,,,1.0,False
ddn|c.365_366insC,fbiA|c.373dupC,ddn,c.365_366insC,fbiA,c.373dupC,delamanid;pretomanid,delamanid;pretomanid,within_class,1,1,0,1,1,358,0.0,1.0,True,,,1.0,False
ddn|c.365_366insC,ethA|c.871delC,ddn,c.365_366insC,ethA,c.871delC,delamanid;pretomanid,ethionamide;prothionamide,cross_class,1,2,0,1,2,357,0.0,1.0,True,,,1.0,False
ddn|c.365_366insC,ethA|c.65delA,ddn,c.365_366insC,ethA,c.65delA,delamanid;pretomanid,ethionamide;prothionamide,cross_class,1,1,0,1,1,358,0.0,1.0,True,,,1.0,False
ddn|c.365_366insC,ethA|c.1047delT,ddn,c.365_366insC,ethA,c.1047delT,delamanid;pretomanid,ethionamide;prothionamide,cross_class,1,1,0,1,1,358,0.0,1.0,True,,,1.0,False
katG|p.Ser315Thr,rpoB|p.Asn437Ser,katG,p.Ser315Thr,rpoB,p.Asn437Ser,isoniazid,rifampicin;rifapentine,cross_class,191,2,0,191,2,167,0.0,0.21968430826369548,True,,,1.0,False
katG|p.Ser315Thr,rpoB|p.Ala451Val,katG,p.Ser315Thr,rpoB,p.Ala451Val,isoniazid,rifampicin;rifapentine,cross_class,191,3,3,188,0,169,inf,0.250719591457753,True,lineage2,100.0,1.0,False
katG|p.Ser315Thr,rpoB|c.1296_1304delATTCATGGA,katG,p.Ser315Thr,rpoB,c.1296_1304delATTCATGGA,isoniazid,rifampicin;rifapentine,cross_class,191,2,0,191,2,167,0.0,0.21968430826369548,True,,,1.0,False
katG|p.Ser315Thr,rpoB|c.1294_1299delCAATTC,katG,p.Ser315Thr,rpoB,c.1294_1299delCAATTC,isoniazid,rifampicin;rifapentine,cross_class,191,1,0,191,1,168,0.0,0.46944444444444444,True,,,1.0,False
katG|p.Ser315Thr,rplC|p.Cys154Arg,katG,p.Ser315Thr,rplC,p.Cys154Arg,isoniazid,linezolid,cross_class,191,4,4,187,0,169,inf,0.125716407953553,True,lineage2,100.0,1.0,False
katG|p.Ser315Thr,pncA|p.Val180Phe,katG,p.Ser315Thr,pncA,p.Val180Phe,isoniazid,pyrazinamide,cross_class,191,1,1,190,0,169,inf,1.0,True,lineage2,100.0,1.0,False
katG|p.Ser315Thr,pncA|p.Val139Gly,katG,p.Ser315Thr,pncA,p.Val139Gly,isoniazid,pyrazinamide,cross_class,191,1,0,191,1,168,0.0,0.46944444444444444,True,,,1.0,False
katG|p.Ser315Thr,pncA|p.Thr47Ala,katG,p.Ser315Thr,pncA,p.Thr47Ala,isoniazid,pyrazinamide,cross_class,191,1,1,190,0,169,inf,1.0,True,lineage2,100.0,1.0,False
katG|p.Ser315Thr,pncA|p.Ile31Ser,katG,p.Ser315Thr,pncA,p.Ile31Ser,isoniazid,pyrazinamide,cross_class,191,1,1,190,0,169,inf,1.0,True,lineage2,100.0,1.0,False
katG|p.Ser315Thr,pncA|p.Gln141Pro,katG,p.Ser315Thr,pncA,p.Gln141Pro,isoniazid,pyrazinamide,cross_class,191,1,0,191,1,168,0.0,0.46944444444444444,True,,,1.0,False
katG|p.Ser315Thr,pncA|p.Ala146Thr,katG,p.Ser315Thr,pncA,p.Ala146Thr,isoniazid,pyrazinamide,cross_class,191,2,2,189,0,169,inf,0.500479727638502,True,lineage2,100.0,1.0,False
katG|p.Ser315Thr,pncA|c.459_466delCAGGGTGC,katG,p.Ser315Thr,pncA,c.459_466delCAGGGTGC,isoniazid,pyrazinamide,cross_class,191,1,0,191,1,168,0.0,0.46944444444444444,True,,,1.0,False
katG|p.Ser315Thr,rpsL|p.Lys88Arg,katG,p.Ser315Thr,rpsL,p.Lys88Arg,isoniazid,streptomycin,cross_class,191,8,6,185,2,167,2.708108108108108,0.2909933097453029,False,lineage2,100.0,1.0,False
katG|p.Ser315Thr,rpsL|p.Lys43Arg,katG,p.Ser315Thr,rpsL,p.Lys43Arg,isoniazid,streptomycin,cross_class,191,26,13,178,13,156,0.8764044943820225,0.8392214790086792,False,lineage2,100.0,1.0,False
katG|p.Ser315Thr,rpoB|p.Val170Phe,katG,p.Ser315Thr,rpoB,p.Val170Phe,isoniazid,rifampicin;rifapentine,cross_class,191,2,0,191,2,167,0.0,0.21968430826369548,True,,,1.0,False
katG|p.Ser315Thr,rpoB|p.Ile491Phe,katG,p.Ser315Thr,rpoB,p.Ile491Phe,isoniazid,rifampicin;rifapentine,cross_class,191,1,1,190,0,169,inf,1.0,True,lineage2,100.0,1.0,False
katG|p.Ser315Thr,rpoB|p.His445Leu,katG,p.Ser315Thr,rpoB,p.His445Leu,isoniazid,rifampicin;rifapentine,cross_class,191,1,0,191,1,168,0.0,0.46944444444444444,True,,,1.0,False
katG|p.Ser315Thr,rpoB|p.His445Asp,katG,p.Ser315Thr,rpoB,p.His445Asp,isoniazid,rifampicin;rifapentine,cross_class,191,11,3,188,8,161,0.3211436170212766,0.12321909651673021,False,lineage2,100.0,1.0,False
katG|p.Ser315Thr,rpoB|p.His445Asn,katG,p.Ser315Thr,rpoB,p.His445Asn,isoniazid,rifampicin;rifapentine,cross_class,191,6,3,188,3,166,0.8829787234042553,1.0,False,lineage2,100.0,1.0,False
katG|p.Ser315Thr,rpoB|p.Gln432Lys,katG,p.Ser315Thr,rpoB,p.Gln432Lys,isoniazid,rifampicin;rifapentine,cross_class,191,1,0,191,1,168,0.0,0.46944444444444444,True,,,1.0,False
katG|p.Ser315Thr,rpoB|p.Asp435Tyr,katG,p.Ser315Thr,rpoB,p.Asp435Tyr,isoniazid,rifampicin;rifapentine,cross_class,191,9,5,186,4,165,1.1088709677419355,1.0,False,lineage2,100.0,1.0,False
katG|p.Ser315Thr,rpoB|p.Asp435Gly,katG,p.Ser315Thr,rpoB,p.Asp435Gly,isoniazid,rifampicin;rifapentine,cross_class,191,2,2,189,0,169,inf,0.500479727638502,True,lineage2,100.0,1.0,False
katG|p.Ser315Thr,rpoB|p.Asp435Ala,katG,p.Ser315Thr,rpoB,p.Asp435Ala,isoniazid,rifampicin;rifapentine,cross_class,191,1,0,191,1,168,0.0,0.46944444444444444,True,,,1.0,False
mmpR5|c.139_140dupGA,mmpR5|c.214delC,mmpR5,c.139_140dupGA,mmpR5,c.214delC,bedaquiline;clofazimine,bedaquiline;clofazimine,within_class,1,1,0,1,1,358,0.0,1.0,True,,,1.0,False
mmpR5|c.139_140dupGA,mmpR5|c.19delG,mmpR5,c.139_140dupGA,mmpR5,c.19delG,bedaquiline;clofazimine,bedaquiline;clofazimine,within_class,1,1,0,1,1,358,0.0,1.0,True,,,1.0,False
mmpR5|c.139_140dupGA,mmpR5|c.198dupG,mmpR5,c.139_140dupGA,mmpR5,c.198dupG,bedaquiline;clofazimine,bedaquiline;clofazimine,within_class,1,13,0,1,13,346,0.0,1.0,True,,,1.0,False
mmpR5|c.139_140dupGA,mmpR5|c.198delG,mmpR5,c.139_140dupGA,mmpR5,c.198delG,bedaquiline;clofazimine,bedaquiline;clofazimine,within_class,1,1,0,1,1,358,0.0,1.0,True,,,1.0,False
mmpR5|c.139_140dupGA,mmpR5|c.144dupC,mmpR5,c.139_140dupGA,mmpR5,c.144dupC,bedaquiline;clofazimine,bedaquiline;clofazimine,within_class,1,20,0,1,20,339,0.0,1.0,True,,,1.0,False
mmpR5|c.139_140dupGA,mmpR5|c.144delC,mmpR5,c.139_140dupGA,mmpR5,c.144delC,bedaquiline;clofazimine,bedaquiline;clofazimine,within_class,1,1,0,1,1,358,0.0,1.0,True,,,1.0,False
mmpR5|c.139_140dupGA,mmpR5|c.141_142dupTC,mmpR5,c.139_140dupGA,mmpR5,c.141_142dupTC,bedaquiline;clofazimine,bedaquiline;clofazimine,within_class,1,2,0,1,2,357,0.0,1.0,True,,,1.0,False
mmpR5|c.139_140dupGA,mmpR5|c.139dupG,mmpR5,c.139_140dupGA,mmpR5,c.139dupG,bedaquiline;clofazimine,bedaquiline;clofazimine,within_class,1,6,0,1,6,353,0.0,1.0,True,,,1.0,False
katG|p.Ser315Thr,tlyA|c.388dupG,katG,p.Ser315Thr,tlyA,c.388dupG,isoniazid,capreomycin,cross_class,191,1,1,190,0,169,inf,1.0,True,lineage2,100.0,1.0,False
katG|p.Ser315Thr,rrs|n.517C>T,katG,p.Ser315Thr,rrs,n.517C>T,isoniazid,streptomycin,cross_class,191,2,0,191,2,167,0.0,0.21968430826369548,True,,,1.0,False
katG|p.Ser315Thr,rrs|n.1402C>T,katG,p.Ser315Thr,rrs,n.1402C>T,isoniazid,amikacin;capreomycin;kanamycin,cross_class,191,2,2,189,0,169,inf,0.500479727638502,True,lineage2,100.0,1.0,False
katG|p.Ser315Thr,rrl|n.2814G>T,katG,p.Ser315Thr,rrl,n.2814G>T,isoniazid,linezolid,cross_class,191,2,1,190,1,168,0.8842105263157894,1.0,True,lineage2,100.0,1.0,False
katG|p.Ser315Thr,rrl|n.2270G>T,katG,p.Ser315Thr,rrl,n.2270G>T,isoniazid,linezolid,cross_class,191,2,2,189,0,169,inf,0.500479727638502,True,lineage2,100.0,1.0,False
mmpR5|c.139_140dupGA,mmpR5|p.Val1?,mmpR5,c.139_140dupGA,mmpR5,p.Val1?,bedaquiline;clofazimine,bedaquiline;clofazimine,within_class,1,1,0,1,1,358,0.0,1.0,True,,,1.0,False
mmpR5|c.139_140dupGA,mmpR5|p.Tyr145*,mmpR5,c.139_140dupGA,mmpR5,p.Tyr145*,bedaquiline;clofazimine,bedaquiline;clofazimine,within_class,1,2,0,1,2,357,0.0,1.0,True,,,1.0,False
mmpR5|c.139_140dupGA,mmpR5|p.Ile67Ser,mmpR5,c.139_140dupGA,mmpR5,p.Ile67Ser,bedaquiline;clofazimine,bedaquiline;clofazimine,within_class,1,2,0,1,2,357,0.0,1.0,True,,,1.0,False
mmpR5|c.139_140dupGA,mmpR5|p.Gly121Arg,mmpR5,c.139_140dupGA,mmpR5,p.Gly121Arg,bedaquiline;clofazimine,bedaquiline;clofazimine,within_class,1,1,0,1,1,358,0.0,1.0,True,,,1.0,False
mmpR5|c.139_140dupGA,mmpR5|p.Gln76*,mmpR5,c.139_140dupGA,mmpR5,p.Gln76*,bedaquiline;clofazimine,bedaquiline;clofazimine,within_class,1,2,0,1,2,357,0.0,1.0,True,,,1.0,False
mmpR5|c.139_140dupGA,mmpR5|p.Asn70Asp,mmpR5,c.139_140dupGA,mmpR5,p.Asn70Asp,bedaquiline;clofazimine,bedaquiline;clofazimine,within_class,1,1,0,1,1,358,0.0,1.0,True,,,1.0,False
mmpR5|c.139_140dupGA,mmpR5|p.Arg156*,mmpR5,c.139_140dupGA,mmpR5,p.Arg156*,bedaquiline;clofazimine,bedaquiline;clofazimine,within_class,1,1,0,1,1,358,0.0,1.0,True,,,1.0,False
mmpR5|c.139_140dupGA,mmpR5|p.Arg134*,mmpR5,c.139_140dupGA,mmpR5,p.Arg134*,bedaquiline;clofazimine,bedaquiline;clofazimine,within_class,1,1,0,1,1,358,0.0,1.0,True,,,1.0,False
mmpR5|c.139_140dupGA,mmpR5|c.466dupC,mmpR5,c.139_140dupGA,mmpR5,c.466dupC,bedaquiline;clofazimine,bedaquiline;clofazimine,within_class,1,1,0,1,1,358,0.0,1.0,True,,,1.0,False
mmpR5|c.139_140dupGA,mmpR5|c.441_442delGA,mmpR5,c.139_140dupGA,mmpR5,c.441_442delGA,bedaquiline;clofazimine,bedaquiline;clofazimine,within_class,1,2,0,1,2,357,0.0,1.0,True,,,1.0,False
mmpR5|c.139_140dupGA,mmpR5|c.430dupG,mmpR5,c.139_140dupGA,mmpR5,c.430dupG,bedaquiline;clofazimine,bedaquiline;clofazimine,within_class,1,1,0,1,1,358,0.0,1.0,True,,,1.0,False
mmpR5|c.139_140dupGA,mmpR5|c.424dupC,mmpR5,c.139_140dupGA,mmpR5,c.424dupC,bedaquiline;clofazimine,bedaquiline;clofazimine,within_class,1,14,0,1,14,345,0.0,1.0,True,,,1.0,False
mmpR5|c.139_140dupGA,mmpR5|c.386delC,mmpR5,c.139_140dupGA,mmpR5,c.386delC,bedaquiline;clofazimine,bedaquiline;clofazimine,within_class,1,1,0,1,1,358,0.0,1.0,True,,,1.0,False
mmpR5|c.139_140dupGA,mmpR5|c.366dupG,mmpR5,c.139_140dupGA,mmpR5,c.366dupG,bedaquiline;clofazimine,bedaquiline;clofazimine,within_class,1,1,0,1,1,358,0.0,1.0,True,,,1.0,False
mmpR5|c.139_140dupGA,mmpR5|c.321dupC,mmpR5,c.139_140dupGA,mmpR5,c.321dupC,bedaquiline;clofazimine,bedaquiline;clofazimine,within_class,1,1,0,1,1,358,0.0,1.0,True,,,1.0,False
mmpR5|c.139_140dupGA,mmpR5|c.291delC,mmpR5,c.139_140dupGA,mmpR5,c.291delC,bedaquiline;clofazimine,bedaquiline;clofazimine,within_class,1,1,0,1,1,358,0.0,1.0,True,,,1.0,False
mmpR5|c.139_140dupGA,rpoB|c.1296_1304delATTCATGGA,mmpR5,c.139_140dupGA,rpoB,c.1296_1304delATTCATGGA,bedaquiline;clofazimine,rifampicin;rifapentine,cross_class,1,2,0,1,2,357,0.0,1.0,True,,,1.0,False
mmpR5|c.139_140dupGA,rpoB|c.1294_1299delCAATTC,mmpR5,c.139_140dupGA,rpoB,c.1294_1299delCAATTC,bedaquiline;clofazimine,rifampicin;rifapentine,cross_class,1,1,0,1,1,358,0.0,1.0,True,,,1.0,False
mmpR5|c.139_140dupGA,rplC|p.Cys154Arg,mmpR5,c.139_140dupGA,rplC,p.Cys154Arg,bedaquiline;clofazimine,linezolid,cross_class,1,4,0,1,4,355,0.0,1.0,True,,,1.0,False
mmpR5|c.139_140dupGA,pncA|p.Val180Phe,mmpR5,c.139_140dupGA,pncA,p.Val180Phe,bedaquiline;clofazimine,pyrazinamide,cross_class,1,1,0,1,1,358,0.0,1.0,True,,,1.0,False
mmpR5|c.139_140dupGA,pncA|p.Val139Gly,mmpR5,c.139_140dupGA,pncA,p.Val139Gly,bedaquiline;clofazimine,pyrazinamide,cross_class,1,1,0,1,1,358,0.0,1.0,True,,,1.0,False
mmpR5|c.139_140dupGA,pncA|p.Thr47Ala,mmpR5,c.139_140dupGA,pncA,p.Thr47Ala,bedaquiline;clofazimine,pyrazinamide,cross_class,1,1,0,1,1,358,0.0,1.0,True,,,1.0,False
mmpR5|c.139_140dupGA,pncA|p.Ser104Arg,mmpR5,c.139_140dupGA,pncA,p.Ser104Arg,bedaquiline;clofazimine,pyrazinamide,cross_class,1,7,0,1,7,352,0.0,1.0,True,,,1.0,False
mmpR5|c.139_140dupGA,pncA|p.Ile31Ser,mmpR5,c.139_140dupGA,pncA,p.Ile31Ser,bedaquiline;clofazimine,pyrazinamide,cross_class,1,1,0,1,1,358,0.0,1.0,True,,,1.0,False
mmpR5|c.139_140dupGA,pncA|p.Gln141Pro,mmpR5,c.139_140dupGA,pncA,p.Gln141Pro,bedaquiline;clofazimine,pyrazinamide,cross_class,1,1,0,1,1,358,0.0,1.0,True,,,1.0,False
mmpR5|c.139_140dupGA,pncA|p.Cys14Arg,mmpR5,c.139_140dupGA,pncA,p.Cys14Arg,bedaquiline;clofazimine,pyrazinamide,cross_class,1,87,0,1,87,272,0.0,1.0,True,,,1.0,False
mmpR5|c.139_140dupGA,pncA|p.Asp8Asn,mmpR5,c.139_140dupGA,pncA,p.Asp8Asn,bedaquiline;clofazimine,pyrazinamide,cross_class,1,5,0,1,5,354,0.0,1.0,True,,,1.0,False
mmpR5|c.139_140dupGA,pncA|p.Ala146Thr,mmpR5,c.139_140dupGA,pncA,p.Ala146Thr,bedaquiline;clofazimine,pyrazinamide,cross_class,1,2,0,1,2,357,0.0,1.0,True,,,1.0,False
mmpR5|c.139_140dupGA,pncA|c.517dupG,mmpR5,c.139_140dupGA,pncA,c.517dupG,bedaquiline;clofazimine,pyrazinamide,cross_class,1,70,0,1,70,289,0.0,1.0,True,,,1.0,False
mmpR5|c.139_140dupGA,pncA|c.459_466delCAGGGTGC,mmpR5,c.139_140dupGA,pncA,c.459_466delCAGGGTGC,bedaquiline;clofazimine,pyrazinamide,cross_class,1,1,0,1,1,358,0.0,1.0,True,,,1.0,False
mmpR5|c.139_140dupGA,pncA|c.393dupC,mmpR5,c.139_140dupGA,pncA,c.393dupC,bedaquiline;clofazimine,pyrazinamide,cross_class,1,1,0,1,1,358,0.0,1.0,True,,,1.0,False
mmpR5|c.139_140dupGA,pncA|c.169delC,mmpR5,c.139_140dupGA,pncA,c.169delC,bedaquiline;clofazimine,pyrazinamide,cross_class,1,1,0,1,1,358,0.0,1.0,True,,,1.0,False
mmpR5|c.139_140dupGA,rpoB|p.Val170Phe,mmpR5,c.139_140dupGA,rpoB,p.Val170Phe,bedaquiline;clofazimine,rifampicin;rifapentine,cross_class,1,2,0,1,2,357,0.0,1.0,True,,,1.0,False
mmpR5|c.139_140dupGA,rpoB|p.Ser450Leu,mmpR5,c.139_140dupGA,rpoB,p.Ser450Leu,bedaquiline;clofazimine,rifampicin;rifapentine,cross_class,1,139,0,1,139,220,0.0,1.0,True,,,1.0,False
mmpR5|c.139_140dupGA,rpoB|p.Leu452Pro,mmpR5,c.139_140dupGA,rpoB,p.Leu452Pro,bedaquiline;clofazimine,rifampicin;rifapentine,cross_class,1,10,0,1,10,349,0.0,1.0,True,,,1.0,False
mmpR5|c.139_140dupGA,rpoB|p.Leu430Pro,mmpR5,c.139_140dupGA,rpoB,p.Leu430Pro,bedaquiline;clofazimine,rifampicin;rifapentine,cross_class,1,22,1,0,21,338,inf,0.061111111111111116,True,lineage2,100.0,1.0,False
mmpR5|c.139_140dupGA,rpoB|p.Ile491Phe,mmpR5,c.139_140dupGA,rpoB,p.Ile491Phe,bedaquiline;clofazimine,rifampicin;rifapentine,cross_class,1,1,0,1,1,358,0.0,1.0,True,,,1.0,False
mmpR5|c.139_140dupGA,rpoB|p.His445Tyr,mmpR5,c.139_140dupGA,rpoB,p.His445Tyr,bedaquiline;clofazimine,rifampicin;rifapentine,cross_class,1,5,0,1,5,354,0.0,1.0,True,,,1.0,False
mmpR5|c.139_140dupGA,rpoB|p.His445Leu,mmpR5,c.139_140dupGA,rpoB,p.His445Leu,bedaquiline;clofazimine,rifampicin;rifapentine,cross_class,1,1,0,1,1,358,0.0,1.0,True,,,1.0,False
mmpR5|c.139_140dupGA,rpoB|p.His445Asp,mmpR5,c.139_140dupGA,rpoB,p.His445Asp,bedaquiline;clofazimine,rifampicin;rifapentine,cross_class,1,11,0,1,11,348,0.0,1.0,True,,,1.0,False
mmpR5|c.139_140dupGA,rpoB|p.His445Asn,mmpR5,c.139_140dupGA,rpoB,p.His445Asn,bedaquiline;clofazimine,rifampicin;rifapentine,cross_class,1,6,0,1,6,353,0.0,1.0,True,,,1.0,False
mmpR5|c.139_140dupGA,rpoB|p.Gln432Lys,mmpR5,c.139_140dupGA,rpoB,p.Gln432Lys,bedaquiline;clofazimine,rifampicin;rifapentine,cross_class,1,1,0,1,1,358,0.0,1.0,True,,,1.0,False
mmpR5|c.139_140dupGA,rpoB|p.Asp435Val,mmpR5,c.139_140dupGA,rpoB,p.Asp435Val,bedaquiline;clofazimine,rifampicin;rifapentine,cross_class,1,73,0,1,73,286,0.0,1.0,True,,,1.0,False
mmpR5|c.139_140dupGA,rpoB|p.Asp435Tyr,mmpR5,c.139_140dupGA,rpoB,p.Asp435Tyr,bedaquiline;clofazimine,rifampicin;rifapentine,cross_class,1,9,0,1,9,350,0.0,1.0,True,,,1.0,False
mmpR5|c.139_140dupGA,rpoB|p.Asp435Gly,mmpR5,c.139_140dupGA,rpoB,p.Asp435Gly,bedaquiline;clofazimine,rifampicin;rifapentine,cross_class,1,2,0,1,2,357,0.0,1.0,True,,,1.0,False
mmpR5|c.139_140dupGA,rpoB|p.Asp435Ala,mmpR5,c.139_140dupGA,rpoB,p.Asp435Ala,bedaquiline;clofazimine,rifampicin;rifapentine,cross_class,1,1,0,1,1,358,0.0,1.0,True,,,1.0,False
mmpR5|c.139_140dupGA,rpoB|p.Asn437Ser,mmpR5,c.139_140dupGA,rpoB,p.Asn437Ser,bedaquiline;clofazimine,rifampicin;rifapentine,cross_class,1,2,0,1,2,357,0.0,1.0,True,,,1.0,False
mmpR5|c.139_140dupGA,rpoB|p.Ala451Val,mmpR5,c.139_140dupGA,rpoB,p.Ala451Val,bedaquiline;clofazimine,rifampicin;rifapentine,cross_class,1,3,0,1,3,356,0.0,1.0,True,,,1.0,False
mmpR5|c.139dupG,mmpR5|c.19delG,mmpR5,c.139dupG,mmpR5,c.19delG,bedaquiline;clofazimine,bedaquiline;clofazimine,within_class,6,1,0,6,1,353,0.0,1.0,True,,,1.0,False
mmpR5|c.139dupG,mmpR5|c.198dupG,mmpR5,c.139dupG,mmpR5,c.198dupG,bedaquiline;clofazimine,bedaquiline;clofazimine,within_class,6,13,0,6,13,341,0.0,1.0,False,,,1.0,False
mmpR5|c.139dupG,mmpR5|c.198delG,mmpR5,c.139dupG,mmpR5,c.198delG,bedaquiline;clofazimine,bedaquiline;clofazimine,within_class,6,1,0,6,1,353,0.0,1.0,True,,,1.0,False
mmpR5|c.139dupG,mmpR5|c.144dupC,mmpR5,c.139dupG,mmpR5,c.144dupC,bedaquiline;clofazimine,bedaquiline;clofazimine,within_class,6,20,0,6,20,334,0.0,1.0,False,,,1.0,False
mmpR5|c.139dupG,mmpR5|c.144delC,mmpR5,c.139dupG,mmpR5,c.144delC,bedaquiline;clofazimine,bedaquiline;clofazimine,within_class,6,1,0,6,1,353,0.0,1.0,True,,,1.0,False
mmpR5|c.139dupG,mmpR5|c.141_142dupTC,mmpR5,c.139dupG,mmpR5,c.141_142dupTC,bedaquiline;clofazimine,bedaquiline;clofazimine,within_class,6,2,0,6,2,352,0.0,1.0,True,,,1.0,False
mmpR5|c.139_140dupGA,tlyA|c.585_588delTGGG,mmpR5,c.139_140dupGA,tlyA,c.585_588delTGGG,bedaquiline;clofazimine,capreomycin,cross_class,1,30,0,1,30,329,0.0,1.0,True,,,1.0,False
mmpR5|c.139_140dupGA,tlyA|c.388dupG,mmpR5,c.139_140dupGA,tlyA,c.388dupG,bedaquiline;clofazimine,capreomycin,cross_class,1,1,0,1,1,358,0.0,1.0,True,,,1.0,False
mmpR5|c.139_140dupGA,rrs|n.517C>T,mmpR5,c.139_140dupGA,rrs,n.517C>T,bedaquiline;clofazimine,streptomycin,cross_class,1,2,0,1,2,357,0.0,1.0,True,,,1.0,False
mmpR5|c.139_140dupGA,rrs|n.514A>C,mmpR5,c.139_140dupGA,rrs,n.514A>C,bedaquiline;clofazimine,streptomycin,cross_class,1,164,0,1,164,195,0.0,1.0,True,,,1.0,False
mmpR5|c.139_140dupGA,rrs|n.1402C>T,mmpR5,c.139_140dupGA,rrs,n.1402C>T,bedaquiline;clofazimine,amikacin;capreomycin;kanamycin,cross_class,1,2,0,1,2,357,0.0,1.0,True,,,1.0,False
mmpR5|c.139_140dupGA,rrs|n.1401A>G,mmpR5,c.139_140dupGA,rrs,n.1401A>G,bedaquiline;clofazimine,amikacin;capreomycin;kanamycin,cross_class,1,85,0,1,85,274,0.0,1.0,True,,,1.0,False
mmpR5|c.139_140dupGA,rrl|n.2814G>T,mmpR5,c.139_140dupGA,rrl,n.2814G>T,bedaquiline;clofazimine,linezolid,cross_class,1,2,0,1,2,357,0.0,1.0,True,,,1.0,False
mmpR5|c.139_140dupGA,rrl|n.2270G>T,mmpR5,c.139_140dupGA,rrl,n.2270G>T,bedaquiline;clofazimine,linezolid,cross_class,1,2,0,1,2,357,0.0,1.0,True,,,1.0,False
mmpR5|c.139_140dupGA,rpsL|p.Lys88Arg,mmpR5,c.139_140dupGA,rpsL,p.Lys88Arg,bedaquiline;clofazimine,streptomycin,cross_class,1,8,0,1,8,351,0.0,1.0,True,,,1.0,False
mmpR5|c.139_140dupGA,rpsL|p.Lys43Arg,mmpR5,c.139_140dupGA,rpsL,p.Lys43Arg,bedaquiline;clofazimine,streptomycin,cross_class,1,26,0,1,26,333,0.0,1.0,True,,,1.0,False
mmpR5|c.139dupG,mmpR5|p.Tyr145*,mmpR5,c.139dupG,mmpR5,p.Tyr145*,bedaquiline;clofazimine,bedaquiline;clofazimine,within_class,6,2,0,6,2,352,0.0,1.0,True,,,1.0,False
mmpR5|c.139dupG,mmpR5|p.Ile67Ser,mmpR5,c.139dupG,mmpR5,p.Ile67Ser,bedaquiline;clofazimine,bedaquiline;clofazimine,within_class,6,2,0,6,2,352,0.0,1.0,True,,,1.0,False
mmpR5|c.139dupG,mmpR5|p.Gly121Arg,mmpR5,c.139dupG,mmpR5,p.Gly121Arg,bedaquiline;clofazimine,bedaquiline;clofazimine,within_class,6,1,0,6,1,353,0.0,1.0,True,,,1.0,False
mmpR5|c.139dupG,mmpR5|p.Gln76*,mmpR5,c.139dupG,mmpR5,p.Gln76*,bedaquiline;clofazimine,bedaquiline;clofazimine,within_class,6,2,0,6,2,352,0.0,1.0,True,,,1.0,False
mmpR5|c.139dupG,mmpR5|p.Asn70Asp,mmpR5,c.139dupG,mmpR5,p.Asn70Asp,bedaquiline;clofazimine,bedaquiline;clofazimine,within_class,6,1,0,6,1,353,0.0,1.0,True,,,1.0,False
mmpR5|c.139dupG,mmpR5|p.Arg156*,mmpR5,c.139dupG,mmpR5,p.Arg156*,bedaquiline;clofazimine,bedaquiline;clofazimine,within_class,6,1,0,6,1,353,0.0,1.0,True,,,1.0,False
mmpR5|c.139dupG,mmpR5|p.Arg134*,mmpR5,c.139dupG,mmpR5,p.Arg134*,bedaquiline;clofazimine,bedaquiline;clofazimine,within_class,6,1,0,6,1,353,0.0,1.0,True,,,1.0,False
mmpR5|c.139dupG,mmpR5|c.466dupC,mmpR5,c.139dupG,mmpR5,c.466dupC,bedaquiline;clofazimine,bedaquiline;clofazimine,within_class,6,1,0,6,1,353,0.0,1.0,True,,,1.0,False
mmpR5|c.139dupG,mmpR5|c.441_442delGA,mmpR5,c.139dupG,mmpR5,c.441_442delGA,bedaquiline;clofazimine,bedaquiline;clofazimine,within_class,6,2,0,6,2,352,0.0,1.0,True,,,1.0,False
mmpR5|c.139dupG,mmpR5|c.430dupG,mmpR5,c.139dupG,mmpR5,c.430dupG,bedaquiline;clofazimine,bedaquiline;clofazimine,within_class,6,1,0,6,1,353,0.0,1.0,True,,,1.0,False
mmpR5|c.139dupG,mmpR5|c.424dupC,mmpR5,c.139dupG,mmpR5,c.424dupC,bedaquiline;clofazimine,bedaquiline;clofazimine,within_class,6,14,0,6,14,340,0.0,1.0,False,,,1.0,False
mmpR5|c.139dupG,mmpR5|c.386delC,mmpR5,c.139dupG,mmpR5,c.386delC,bedaquiline;clofazimine,bedaquiline;clofazimine,within_class,6,1,0,6,1,353,0.0,1.0,True,,,1.0,False
mmpR5|c.139dupG,mmpR5|c.366dupG,mmpR5,c.139dupG,mmpR5,c.366dupG,bedaquiline;clofazimine,bedaquiline;clofazimine,within_class,6,1,0,6,1,353,0.0,1.0,True,,,1.0,False
mmpR5|c.139dupG,mmpR5|c.321dupC,mmpR5,c.139dupG,mmpR5,c.321dupC,bedaquiline;clofazimine,bedaquiline;clofazimine,within_class,6,1,0,6,1,353,0.0,1.0,True,,,1.0,False
mmpR5|c.139dupG,mmpR5|c.291delC,mmpR5,c.139dupG,mmpR5,c.291delC,bedaquiline;clofazimine,bedaquiline;clofazimine,within_class,6,1,0,6,1,353,0.0,1.0,True,,,1.0,False
mmpR5|c.139dupG,mmpR5|c.214delC,mmpR5,c.139dupG,mmpR5,c.214delC,bedaquiline;clofazimine,bedaquiline;clofazimine,within_class,6,1,0,6,1,353,0.0,1.0,True,,,1.0,False
mmpR5|c.139dupG,rpoB|c.1294_1299delCAATTC,mmpR5,c.139dupG,rpoB,c.1294_1299delCAATTC,bedaquiline;clofazimine,rifampicin;rifapentine,cross_class,6,1,0,6,1,353,0.0,1.0,True,,,1.0,False
mmpR5|c.139dupG,rplC|p.Cys154Arg,mmpR5,c.139dupG,rplC,p.Cys154Arg,bedaquiline;clofazimine,linezolid,cross_class,6,4,0,6,4,350,0.0,1.0,True,,,1.0,False
mmpR5|c.139dupG,pncA|p.Val180Phe,mmpR5,c.139dupG,pncA,p.Val180Phe,bedaquiline;clofazimine,pyrazinamide,cross_class,6,1,0,6,1,353,0.0,1.0,True,,,1.0,False
mmpR5|c.139dupG,pncA|p.Val139Gly,mmpR5,c.139dupG,pncA,p.Val139Gly,bedaquiline;clofazimine,pyrazinamide,cross_class,6,1,0,6,1,353,0.0,1.0,True,,,1.0,False
mmpR5|c.139dupG,pncA|p.Thr47Ala,mmpR5,c.139dupG,pncA,p.Thr47Ala,bedaquiline;clofazimine,pyrazinamide,cross_class,6,1,0,6,1,353,0.0,1.0,True,,,1.0,False
mmpR5|c.139dupG,pncA|p.Ser104Arg,mmpR5,c.139dupG,pncA,p.Ser104Arg,bedaquiline;clofazimine,pyrazinamide,cross_class,6,7,0,6,7,347,0.0,1.0,False,,,1.0,False
mmpR5|c.139dupG,pncA|p.Ile31Ser,mmpR5,c.139dupG,pncA,p.Ile31Ser,bedaquiline;clofazimine,pyrazinamide,cross_class,6,1,0,6,1,353,0.0,1.0,True,,,1.0,False
mmpR5|c.139dupG,pncA|p.Gln141Pro,mmpR5,c.139dupG,pncA,p.Gln141Pro,bedaquiline;clofazimine,pyrazinamide,cross_class,6,1,0,6,1,353,0.0,1.0,True,,,1.0,False
mmpR5|c.139dupG,pncA|p.Cys14Arg,mmpR5,c.139dupG,pncA,p.Cys14Arg,bedaquiline;clofazimine,pyrazinamide,cross_class,6,87,3,3,84,270,3.2142857142857144,0.1547720510608862,False,lineage2,100.0,1.0,False
mmpR5|c.139dupG,pncA|p.Asp8Asn,mmpR5,c.139dupG,pncA,p.Asp8Asn,bedaquiline;clofazimine,pyrazinamide,cross_class,6,5,0,6,5,349,0.0,1.0,False,,,1.0,False
mmpR5|c.139dupG,pncA|p.Ala146Thr,mmpR5,c.139dupG,pncA,p.Ala146Thr,bedaquiline;clofazimine,pyrazinamide,cross_class,6,2,0,6,2,352,0.0,1.0,True,,,1.0,False
mmpR5|c.139dupG,pncA|c.517dupG,mmpR5,c.139dupG,pncA,c.517dupG,bedaquiline;clofazimine,pyrazinamide,cross_class,6,70,2,4,68,286,2.1029411764705883,0.33088797926443647,False,lineage2,100.0,1.0,False
mmpR5|c.139dupG,pncA|c.459_466delCAGGGTGC,mmpR5,c.139dupG,pncA,c.459_466delCAGGGTGC,bedaquiline;clofazimine,pyrazinamide,cross_class,6,1,0,6,1,353,0.0,1.0,True,,,1.0,False
mmpR5|c.139dupG,pncA|c.393dupC,mmpR5,c.139dupG,pncA,c.393dupC,bedaquiline;clofazimine,pyrazinamide,cross_class,6,1,0,6,1,353,0.0,1.0,True,,,1.0,False
mmpR5|c.139dupG,pncA|c.169delC,mmpR5,c.139dupG,pncA,c.169delC,bedaquiline;clofazimine,pyrazinamide,cross_class,6,1,0,6,1,353,0.0,1.0,True,,,1.0,False
mmpR5|c.139dupG,mmpR5|p.Val1?,mmpR5,c.139dupG,mmpR5,p.Val1?,bedaquiline;clofazimine,bedaquiline;clofazimine,within_class,6,1,0,6,1,353,0.0,1.0,True,,,1.0,False
mmpR5|c.139dupG,rpoB|p.Ser450Leu,mmpR5,c.139dupG,rpoB,p.Ser450Leu,bedaquiline;clofazimine,rifampicin;rifapentine,cross_class,6,139,4,2,135,219,3.2444444444444445,0.2107278727310371,False,lineage2,100.0,1.0,False
mmpR5|c.139dupG,rpoB|p.Leu452Pro,mmpR5,c.139dupG,rpoB,p.Leu452Pro,bedaquiline;clofazimine,rifampicin;rifapentine,cross_class,6,10,0,6,10,344,0.0,1.0,False,,,1.0,False
mmpR5|c.139dupG,rpoB|p.Leu430Pro,mmpR5,c.139dupG,rpoB,p.Leu430Pro,bedaquiline;clofazimine,rifampicin;rifapentine,cross_class,6,22,0,6,22,332,0.0,1.0,False,,,1.0,False
mmpR5|c.139dupG,rpoB|p.Ile491Phe,mmpR5,c.139dupG,rpoB,p.Ile491Phe,bedaquiline;clofazimine,rifampicin;rifapentine,cross_class,6,1,0,6,1,353,0.0,1.0,True,,,1.0,False
mmpR5|c.139dupG,rpoB|p.His445Tyr,mmpR5,c.139dupG,rpoB,p.His445Tyr,bedaquiline;clofazimine,rifampicin;rifapentine,cross_class,6,5,0,6,5,349,0.0,1.0,False,,,1.0,False
mmpR5|c.139dupG,rpoB|p.His445Leu,mmpR5,c.139dupG,rpoB,p.His445Leu,bedaquiline;clofazimine,rifampicin;rifapentine,cross_class,6,1,0,6,1,353,0.0,1.0,True,,,1.0,False
mmpR5|c.139dupG,rpoB|p.His445Asp,mmpR5,c.139dupG,rpoB,p.His445Asp,bedaquiline;clofazimine,rifampicin;rifapentine,cross_class,6,11,0,6,11,343,0.0,1.0,False,,,1.0,False
mmpR5|c.139dupG,rpoB|p.His445Asn,mmpR5,c.139dupG,rpoB,p.His445Asn,bedaquiline;clofazimine,rifampicin;rifapentine,cross_class,6,6,0,6,6,348,0.0,1.0,False,,,1.0,False
mmpR5|c.139dupG,rpoB|p.Gln432Lys,mmpR5,c.139dupG,rpoB,p.Gln432Lys,bedaquiline;clofazimine,rifampicin;rifapentine,cross_class,6,1,0,6,1,353,0.0,1.0,True,,,1.0,False
mmpR5|c.139dupG,rpoB|p.Asp435Val,mmpR5,c.139dupG,rpoB,p.Asp435Val,bedaquiline;clofazimine,rifampicin;rifapentine,cross_class,6,73,2,4,71,283,1.9929577464788732,0.35150964867302714,False,lineage2,100.0,1.0,False
mmpR5|c.139dupG,rpoB|p.Asp435Tyr,mmpR5,c.139dupG,rpoB,p.Asp435Tyr,bedaquiline;clofazimine,rifampicin;rifapentine,cross_class,6,9,0,6,9,345,0.0,1.0,False,,,1.0,False
mmpR5|c.139dupG,rpoB|p.Asp435Gly,mmpR5,c.139dupG,rpoB,p.Asp435Gly,bedaquiline;clofazimine,rifampicin;rifapentine,cross_class,6,2,0,6,2,352,0.0,1.0,True,,,1.0,False
mmpR5|c.139dupG,rpoB|p.Asp435Ala,mmpR5,c.139dupG,rpoB,p.Asp435Ala,bedaquiline;clofazimine,rifampicin;rifapentine,cross_class,6,1,0,6,1,353,0.0,1.0,True,,,1.0,False
mmpR5|c.139dupG,rpoB|p.Asn437Ser,mmpR5,c.139dupG,rpoB,p.Asn437Ser,bedaquiline;clofazimine,rifampicin;rifapentine,cross_class,6,2,0,6,2,352,0.0,1.0,True,,,1.0,False
mmpR5|c.139dupG,rpoB|p.Ala451Val,mmpR5,c.139dupG,rpoB,p.Ala451Val,bedaquiline;clofazimine,rifampicin;rifapentine,cross_class,6,3,0,6,3,351,0.0,1.0,True,,,1.0,False
mmpR5|c.139dupG,rpoB|c.1296_1304delATTCATGGA,mmpR5,c.139dupG,rpoB,c.1296_1304delATTCATGGA,bedaquiline;clofazimine,rifampicin;rifapentine,cross_class,6,2,0,6,2,352,0.0,1.0,True,,,1.0,False
mmpR5|c.141_142dupTC,mmpR5|c.19delG,mmpR5,c.141_142dupTC,mmpR5,c.19delG,bedaquiline;clofazimine,bedaquiline;clofazimine,within_class,2,1,0,2,1,357,0.0,1.0,True,,,1.0,False
mmpR5|c.141_142dupTC,mmpR5|c.198dupG,mmpR5,c.141_142dupTC,mmpR5,c.198dupG,bedaquiline;clofazimine,bedaquiline;clofazimine,within_class,2,13,0,2,13,345,0.0,1.0,True,,,1.0,False
mmpR5|c.141_142dupTC,mmpR5|c.198delG,mmpR5,c.141_142dupTC,mmpR5,c.198delG,bedaquiline;clofazimine,bedaquiline;clofazimine,within_class,2,1,0,2,1,357,0.0,1.0,True,,,1.0,False
mmpR5|c.141_142dupTC,mmpR5|c.144dupC,mmpR5,c.141_142dupTC,mmpR5,c.144dupC,bedaquiline;clofazimine,bedaquiline;clofazimine,within_class,2,20,1,1,19,339,17.842105263157894,0.10817084493964717,True,lineage2,100.0,1.0,False
mmpR5|c.141_142dupTC,mmpR5|c.144delC,mmpR5,c.141_142dupTC,mmpR5,c.144delC,bedaquiline;clofazimine,bedaquiline;clofazimine,within_class,2,1,0,2,1,357,0.0,1.0,True,,,1.0,False
mmpR5|c.139dupG,tlyA|c.585_588delTGGG,mmpR5,c.139dupG,tlyA,c.585_588delTGGG,bedaquiline;clofazimine,capreomycin,cross_class,6,30,0,6,30,324,0.0,1.0,False,,,1.0,False
mmpR5|c.139dupG,tlyA|c.388dupG,mmpR5,c.139dupG,tlyA,c.388dupG,bedaquiline;clofazimine,capreomycin,cross_class,6,1,0,6,1,353,0.0,1.0,True,,,1.0,False
mmpR5|c.139dupG,rrs|n.517C>T,mmpR5,c.139dupG,rrs,n.517C>T,bedaquiline;clofazimine,streptomycin,cross_class,6,2,0,6,2,352,0.0,1.0,True,,,1.0,False
mmpR5|c.139dupG,rrs|n.514A>C,mmpR5,c.139dupG,rrs,n.514A>C,bedaquiline;clofazimine,streptomycin,cross_class,6,164,5,1,159,195,6.132075471698113,0.09648185636131176,False,lineage2,100.0,1.0,False
mmpR5|c.139dupG,rrs|n.1402C>T,mmpR5,c.139dupG,rrs,n.1402C>T,bedaquiline;clofazimine,amikacin;capreomycin;kanamycin,cross_class,6,2,0,6,2,352,0.0,1.0,True,,,1.0,False
mmpR5|c.139dupG,rrl|n.2814G>T,mmpR5,c.139dupG,rrl,n.2814G>T,bedaquiline;clofazimine,linezolid,cross_class,6,2,0,6,2,352,0.0,1.0,True,,,1.0,False
mmpR5|c.139dupG,rrl|n.2270G>T,mmpR5,c.139dupG,rrl,n.2270G>T,bedaquiline;clofazimine,linezolid,cross_class,6,2,0,6,2,352,0.0,1.0,True,,,1.0,False
mmpR5|c.139dupG,rpsL|p.Lys88Arg,mmpR5,c.139dupG,rpsL,p.Lys88Arg,bedaquiline;clofazimine,streptomycin,cross_class,6,8,0,6,8,346,0.0,1.0,False,,,1.0,False
mmpR5|c.139dupG,rpsL|p.Lys43Arg,mmpR5,c.139dupG,rpsL,p.Lys43Arg,bedaquiline;clofazimine,streptomycin,cross_class,6,26,1,5,25,329,2.632,0.36431776815778805,False,lineage2,100.0,1.0,False
mmpR5|c.139dupG,rpoB|p.Val170Phe,mmpR5,c.139dupG,rpoB,p.Val170Phe,bedaquiline;clofazimine,rifampicin;rifapentine,cross_class,6,2,0,6,2,352,0.0,1.0,True,,,1.0,False
mmpR5|c.141_142dupTC,mmpR5|p.Tyr145*,mmpR5,c.141_142dupTC,mmpR5,p.Tyr145*,bedaquiline;clofazimine,bedaquiline;clofazimine,within_class,2,2,0,2,2,356,0.0,1.0,True,,,1.0,False
mmpR5|c.141_142dupTC,mmpR5|p.Ile67Ser,mmpR5,c.141_142dupTC,mmpR5,p.Ile67Ser,bedaquiline;clofazimine,bedaquiline;clofazimine,within_class,2,2,0,2,2,356,0.0,1.0,True,,,1.0,False
mmpR5|c.141_142dupTC,mmpR5|p.Gly121Arg,mmpR5,c.141_142dupTC,mmpR5,p.Gly121Arg,bedaquiline;clofazimine,bedaquiline;clofazimine,within_class,2,1,0,2,1,357,0.0,1.0,True,,,1.0,False
mmpR5|c.141_142dupTC,mmpR5|p.Gln76*,mmpR5,c.141_142dupTC,mmpR5,p.Gln76*,bedaquiline;clofazimine,bedaquiline;clofazimine,within_class,2,2,0,2,2,356,0.0,1.0,True,,,1.0,False
mmpR5|c.141_142dupTC,mmpR5|p.Asn70Asp,mmpR5,c.141_142dupTC,mmpR5,p.Asn70Asp,bedaquiline;clofazimine,bedaquiline;clofazimine,within_class,2,1,0,2,1,357,0.0,1.0,True,,,1.0,False
mmpR5|c.141_142dupTC,mmpR5|p.Arg156*,mmpR5,c.141_142dupTC,mmpR5,p.Arg156*,bedaquiline;clofazimine,bedaquiline;clofazimine,within_class,2,1,0,2,1,357,0.0,1.0,True,,,1.0,False
mmpR5|c.141_142dupTC,mmpR5|p.Arg134*,mmpR5,c.141_142dupTC,mmpR5,p.Arg134*,bedaquiline;clofazimine,bedaquiline;clofazimine,within_class,2,1,0,2,1,357,0.0,1.0,True,,,1.0,False
mmpR5|c.141_142dupTC,mmpR5|c.466dupC,mmpR5,c.141_142dupTC,mmpR5,c.466dupC,bedaquiline;clofazimine,bedaquiline;clofazimine,within_class,2,1,0,2,1,357,0.0,1.0,True,,,1.0,False
mmpR5|c.141_142dupTC,mmpR5|c.441_442delGA,mmpR5,c.141_142dupTC,mmpR5,c.441_442delGA,bedaquiline;clofazimine,bedaquiline;clofazimine,within_class,2,2,0,2,2,356,0.0,1.0,True,,,1.0,False
mmpR5|c.141_142dupTC,mmpR5|c.430dupG,mmpR5,c.141_142dupTC,mmpR5,c.430dupG,bedaquiline;clofazimine,bedaquiline;clofazimine,within_class,2,1,0,2,1,357,0.0,1.0,True,,,1.0,False
mmpR5|c.141_142dupTC,mmpR5|c.424dupC,mmpR5,c.141_142dupTC,mmpR5,c.424dupC,bedaquiline;clofazimine,bedaquiline;clofazimine,within_class,2,14,0,2,14,344,0.0,1.0,True,,,1.0,False
mmpR5|c.141_142dupTC,mmpR5|c.386delC,mmpR5,c.141_142dupTC,mmpR5,c.386delC,bedaquiline;clofazimine,bedaquiline;clofazimine,within_class,2,1,0,2,1,357,0.0,1.0,True,,,1.0,False
mmpR5|c.141_142dupTC,mmpR5|c.366dupG,mmpR5,c.141_142dupTC,mmpR5,c.366dupG,bedaquiline;clofazimine,bedaquiline;clofazimine,within_class,2,1,0,2,1,357,0.0,1.0,True,,,1.0,False
mmpR5|c.141_142dupTC,mmpR5|c.321dupC,mmpR5,c.141_142dupTC,mmpR5,c.321dupC,bedaquiline;clofazimine,bedaquiline;clofazimine,within_class,2,1,0,2,1,357,0.0,1.0,True,,,1.0,False
mmpR5|c.141_142dupTC,mmpR5|c.291delC,mmpR5,c.141_142dupTC,mmpR5,c.291delC,bedaquiline;clofazimine,bedaquiline;clofazimine,within_class,2,1,0,2,1,357,0.0,1.0,True,,,1.0,False
mmpR5|c.141_142dupTC,mmpR5|c.214delC,mmpR5,c.141_142dupTC,mmpR5,c.214delC,bedaquiline;clofazimine,bedaquiline;clofazimine,within_class,2,1,0,2,1,357,0.0,1.0,True,,,1.0,False
mmpR5|c.141_142dupTC,rpoB|c.1294_1299delCAATTC,mmpR5,c.141_142dupTC,rpoB,c.1294_1299delCAATTC,bedaquiline;clofazimine,rifampicin;rifapentine,cross_class,2,1,0,2,1,357,0.0,1.0,True,,,1.0,False
mmpR5|c.141_142dupTC,rplC|p.Cys154Arg,mmpR5,c.141_142dupTC,rplC,p.Cys154Arg,bedaquiline;clofazimine,linezolid,cross_class,2,4,0,2,4,354,0.0,1.0,True,,,1.0,False
mmpR5|c.141_142dupTC,pncA|p.Val180Phe,mmpR5,c.141_142dupTC,pncA,p.Val180Phe,bedaquiline;clofazimine,pyrazinamide,cross_class,2,1,0,2,1,357,0.0,1.0,True,,,1.0,False
mmpR5|c.141_142dupTC,pncA|p.Val139Gly,mmpR5,c.141_142dupTC,pncA,p.Val139Gly,bedaquiline;clofazimine,pyrazinamide,cross_class,2,1,0,2,1,357,0.0,1.0,True,,,1.0,False
mmpR5|c.141_142dupTC,pncA|p.Thr47Ala,mmpR5,c.141_142dupTC,pncA,p.Thr47Ala,bedaquiline;clofazimine,pyrazinamide,cross_class,2,1,0,2,1,357,0.0,1.0,True,,,1.0,False
mmpR5|c.141_142dupTC,pncA|p.Ser104Arg,mmpR5,c.141_142dupTC,pncA,p.Ser104Arg,bedaquiline;clofazimine,pyrazinamide,cross_class,2,7,0,2,7,351,0.0,1.0,True,,,1.0,False
mmpR5|c.141_142dupTC,pncA|p.Ile31Ser,mmpR5,c.141_142dupTC,pncA,p.Ile31Ser,bedaquiline;clofazimine,pyrazinamide,cross_class,2,1,0,2,1,357,0.0,1.0,True,,,1.0,False
mmpR5|c.141_142dupTC,pncA|p.Gln141Pro,mmpR5,c.141_142dupTC,pncA,p.Gln141Pro,bedaquiline;clofazimine,pyrazinamide,cross_class,2,1,0,2,1,357,0.0,1.0,True,,,1.0,False
mmpR5|c.141_142dupTC,pncA|p.Cys14Arg,mmpR5,c.141_142dupTC,pncA,p.Cys14Arg,bedaquiline;clofazimine,pyrazinamide,cross_class,2,87,0,2,87,271,0.0,1.0,True,,,1.0,False
mmpR5|c.141_142dupTC,pncA|p.Asp8Asn,mmpR5,c.141_142dupTC,pncA,p.Asp8Asn,bedaquiline;clofazimine,pyrazinamide,cross_class,2,5,0,2,5,353,0.0,1.0,True,,,1.0,False
mmpR5|c.141_142dupTC,pncA|p.Ala146Thr,mmpR5,c.141_142dupTC,pncA,p.Ala146Thr,bedaquiline;clofazimine,pyrazinamide,cross_class,2,2,0,2,2,356,0.0,1.0,True,,,1.0,False
mmpR5|c.141_142dupTC,pncA|c.517dupG,mmpR5,c.141_142dupTC,pncA,c.517dupG,bedaquiline;clofazimine,pyrazinamide,cross_class,2,70,0,2,70,288,0.0,1.0,True,,,1.0,False
mmpR5|c.141_142dupTC,pncA|c.459_466delCAGGGTGC,mmpR5,c.141_142dupTC,pncA,c.459_466delCAGGGTGC,bedaquiline;clofazimine,pyrazinamide,cross_class,2,1,0,2,1,357,0.0,1.0,True,,,1.0,False
mmpR5|c.141_142dupTC,pncA|c.393dupC,mmpR5,c.141_142dupTC,pncA,c.393dupC,bedaquiline;clofazimine,pyrazinamide,cross_class,2,1,0,2,1,357,0.0,1.0,True,,,1.0,False
mmpR5|c.141_142dupTC,pncA|c.169delC,mmpR5,c.141_142dupTC,pncA,c.169delC,bedaquiline;clofazimine,pyrazinamide,cross_class,2,1,0,2,1,357,0.0,1.0,True,,,1.0,False
mmpR5|c.141_142dupTC,mmpR5|p.Val1?,mmpR5,c.141_142dupTC,mmpR5,p.Val1?,bedaquiline;clofazimine,bedaquiline;clofazimine,within_class,2,1,0,2,1,357,0.0,1.0,True,,,1.0,False
mmpR5|c.141_142dupTC,rpoB|p.Ser450Leu,mmpR5,c.141_142dupTC,rpoB,p.Ser450Leu,bedaquiline;clofazimine,rifampicin;rifapentine,cross_class,2,139,2,0,137,221,inf,0.14842154131847723,True,lineage2,100.0,1.0,False
mmpR5|c.141_142dupTC,rpoB|p.Leu452Pro,mmpR5,c.141_142dupTC,rpoB,p.Leu452Pro,bedaquiline;clofazimine,rifampicin;rifapentine,cross_class,2,10,0,2,10,348,0.0,1.0,True,,,1.0,False
mmpR5|c.141_142dupTC,rpoB|p.Leu430Pro,mmpR5,c.141_142dupTC,rpoB,p.Leu430Pro,bedaquiline;clofazimine,rifampicin;rifapentine,cross_class,2,22,0,2,22,336,0.0,1.0,True,,,1.0,False
mmpR5|c.141_142dupTC,rpoB|p.Ile491Phe,mmpR5,c.141_142dupTC,rpoB,p.Ile491Phe,bedaquiline;clofazimine,rifampicin;rifapentine,cross_class,2,1,0,2,1,357,0.0,1.0,True,,,1.0,False
mmpR5|c.141_142dupTC,rpoB|p.His445Tyr,mmpR5,c.141_142dupTC,rpoB,p.His445Tyr,bedaquiline;clofazimine,rifampicin;rifapentine,cross_class,2,5,0,2,5,353,0.0,1.0,True,,,1.0,False
mmpR5|c.141_142dupTC,rpoB|p.His445Leu,mmpR5,c.141_142dupTC,rpoB,p.His445Leu,bedaquiline;clofazimine,rifampicin;rifapentine,cross_class,2,1,0,2,1,357,0.0,1.0,True,,,1.0,False
mmpR5|c.141_142dupTC,rpoB|p.His445Asp,mmpR5,c.141_142dupTC,rpoB,p.His445Asp,bedaquiline;clofazimine,rifampicin;rifapentine,cross_class,2,11,0,2,11,347,0.0,1.0,True,,,1.0,False
mmpR5|c.141_142dupTC,rpoB|p.His445Asn,mmpR5,c.141_142dupTC,rpoB,p.His445Asn,bedaquiline;clofazimine,rifampicin;rifapentine,cross_class,2,6,0,2,6,352,0.0,1.0,True,,,1.0,False
mmpR5|c.141_142dupTC,rpoB|p.Gln432Lys,mmpR5,c.141_142dupTC,rpoB,p.Gln432Lys,bedaquiline;clofazimine,rifampicin;rifapentine,cross_class,2,1,0,2,1,357,0.0,1.0,True,,,1.0,False
mmpR5|c.141_142dupTC,rpoB|p.Asp435Val,mmpR5,c.141_142dupTC,rpoB,p.Asp435Val,bedaquiline;clofazimine,rifampicin;rifapentine,cross_class,2,73,0,2,73,285,0.0,1.0,True,,,1.0,False
mmpR5|c.141_142dupTC,rpoB|p.Asp435Tyr,mmpR5,c.141_142dupTC,rpoB,p.Asp435Tyr,bedaquiline;clofazimine,rifampicin;rifapentine,cross_class,2,9,0,2,9,349,0.0,1.0,True,,,1.0,False
mmpR5|c.141_142dupTC,rpoB|p.Asp435Gly,mmpR5,c.141_142dupTC,rpoB,p.Asp435Gly,bedaquiline;clofazimine,rifampicin;rifapentine,cross_class,2,2,0,2,2,356,0.0,1.0,True,,,1.0,False
mmpR5|c.141_142dupTC,rpoB|p.Asp435Ala,mmpR5,c.141_142dupTC,rpoB,p.Asp435Ala,bedaquiline;clofazimine,rifampicin;rifapentine,cross_class,2,1,0,2,1,357,0.0,1.0,True,,,1.0,False
mmpR5|c.141_142dupTC,rpoB|p.Asn437Ser,mmpR5,c.141_142dupTC,rpoB,p.Asn437Ser,bedaquiline;clofazimine,rifampicin;rifapentine,cross_class,2,2,0,2,2,356,0.0,1.0,True,,,1.0,False
mmpR5|c.141_142dupTC,rpoB|p.Ala451Val,mmpR5,c.141_142dupTC,rpoB,p.Ala451Val,bedaquiline;clofazimine,rifampicin;rifapentine,cross_class,2,3,0,2,3,355,0.0,1.0,True,,,1.0,False
mmpR5|c.141_142dupTC,rpoB|c.1296_1304delATTCATGGA,mmpR5,c.141_142dupTC,rpoB,c.1296_1304delATTCATGGA,bedaquiline;clofazimine,rifampicin;rifapentine,cross_class,2,2,0,2,2,356,0.0,1.0,True,,,1.0,False
mmpR5|c.144delC,mmpR5|c.214delC,mmpR5,c.144delC,mmpR5,c.214delC,bedaquiline;clofazimine,bedaquiline;clofazimine,within_class,1,1,0,1,1,358,0.0,1.0,True,,,1.0,False
mmpR5|c.144delC,mmpR5|c.19delG,mmpR5,c.144delC,mmpR5,c.19delG,bedaquiline;clofazimine,bedaquiline;clofazimine,within_class,1,1,0,1,1,358,0.0,1.0,True,,,1.0,False
mmpR5|c.144delC,mmpR5|c.198dupG,mmpR5,c.144delC,mmpR5,c.198dupG,bedaquiline;clofazimine,bedaquiline;clofazimine,within_class,1,13,0,1,13,346,0.0,1.0,True,,,1.0,False
mmpR5|c.144delC,mmpR5|c.198delG,mmpR5,c.144delC,mmpR5,c.198delG,bedaquiline;clofazimine,bedaquiline;clofazimine,within_class,1,1,0,1,1,358,0.0,1.0,True,,,1.0,False
mmpR5|c.144delC,mmpR5|c.144dupC,mmpR5,c.144delC,mmpR5,c.144dupC,bedaquiline;clofazimine,bedaquiline;clofazimine,within_class,1,20,0,1,20,339,0.0,1.0,True,,,1.0,False
mmpR5|c.141_142dupTC,tlyA|c.585_588delTGGG,mmpR5,c.141_142dupTC,tlyA,c.585_588delTGGG,bedaquiline;clofazimine,capreomycin,cross_class,2,30,0,2,30,328,0.0,1.0,True,,,1.0,False
mmpR5|c.141_142dupTC,tlyA|c.388dupG,mmpR5,c.141_142dupTC,tlyA,c.388dupG,bedaquiline;clofazimine,capreomycin,cross_class,2,1,0,2,1,357,0.0,1.0,True,,,1.0,False
mmpR5|c.141_142dupTC,rrs|n.517C>T,mmpR5,c.141_142dupTC,rrs,n.517C>T,bedaquiline;clofazimine,streptomycin,cross_class,2,2,0,2,2,356,0.0,1.0,True,,,1.0,False
mmpR5|c.141_142dupTC,rrs|n.514A>C,mmpR5,c.141_142dupTC,rrs,n.514A>C,bedaquiline;clofazimine,streptomycin,cross_class,2,164,0,2,164,194,0.0,0.5025688641287527,True,,,1.0,False
mmpR5|c.141_142dupTC,rrs|n.1402C>T,mmpR5,c.141_142dupTC,rrs,n.1402C>T,bedaquiline;clofazimine,amikacin;capreomycin;kanamycin,cross_class,2,2,0,2,2,356,0.0,1.0,True,,,1.0,False
mmpR5|c.141_142dupTC,rrs|n.1401A>G,mmpR5,c.141_142dupTC,rrs,n.1401A>G,bedaquiline;clofazimine,amikacin;capreomycin;kanamycin,cross_class,2,85,0,2,85,273,0.0,1.0,True,,,1.0,False
mmpR5|c.141_142dupTC,rrl|n.2814G>T,mmpR5,c.141_142dupTC,rrl,n.2814G>T,bedaquiline;clofazimine,linezolid,cross_class,2,2,0,2,2,356,0.0,1.0,True,,,1.0,False
mmpR5|c.141_142dupTC,rrl|n.2270G>T,mmpR5,c.141_142dupTC,rrl,n.2270G>T,bedaquiline;clofazimine,linezolid,cross_class,2,2,0,2,2,356,0.0,1.0,True,,,1.0,False
mmpR5|c.141_142dupTC,rpsL|p.Lys88Arg,mmpR5,c.141_142dupTC,rpsL,p.Lys88Arg,bedaquiline;clofazimine,streptomycin,cross_class,2,8,0,2,8,350,0.0,1.0,True,,,1.0,False
mmpR5|c.141_142dupTC,rpsL|p.Lys43Arg,mmpR5,c.141_142dupTC,rpsL,p.Lys43Arg,bedaquiline;clofazimine,streptomycin,cross_class,2,26,0,2,26,332,0.0,1.0,True,,,1.0,False
mmpR5|c.141_142dupTC,rpoB|p.Val170Phe,mmpR5,c.141_142dupTC,rpoB,p.Val170Phe,bedaquiline;clofazimine,rifampicin;rifapentine,cross_class,2,2,0,2,2,356,0.0,1.0,True,,,1.0,False
mmpR5|c.144delC,mmpR5|p.Val1?,mmpR5,c.144delC,mmpR5,p.Val1?,bedaquiline;clofazimine,bedaquiline;clofazimine,within_class,1,1,0,1,1,358,0.0,1.0,True,,,1.0,False
mmpR5|c.144delC,mmpR5|p.Tyr145*,mmpR5,c.144delC,mmpR5,p.Tyr145*,bedaquiline;clofazimine,bedaquiline;clofazimine,within_class,1,2,0,1,2,357,0.0,1.0,True,,,1.0,False
mmpR5|c.144delC,mmpR5|p.Ile67Ser,mmpR5,c.144delC,mmpR5,p.Ile67Ser,bedaquiline;clofazimine,bedaquiline;clofazimine,within_class,1,2,0,1,2,357,0.0,1.0,True,,,1.0,False
mmpR5|c.144delC,mmpR5|p.Gly121Arg,mmpR5,c.144delC,mmpR5,p.Gly121Arg,bedaquiline;clofazimine,bedaquiline;clofazimine,within_class,1,1,0,1,1,358,0.0,1.0,True,,,1.0,False
mmpR5|c.144delC,mmpR5|p.Gln76*,mmpR5,c.144delC,mmpR5,p.Gln76*,bedaquiline;clofazimine,bedaquiline;clofazimine,within_class,1,2,0,1,2,357,0.0,1.0,True,,,1.0,False
mmpR5|c.144delC,mmpR5|p.Asn70Asp,mmpR5,c.144delC,mmpR5,p.Asn70Asp,bedaquiline;clofazimine,bedaquiline;clofazimine,within_class,1,1,0,1,1,358,0.0,1.0,True,,,1.0,False
mmpR5|c.144delC,mmpR5|p.Arg156*,mmpR5,c.144delC,mmpR5,p.Arg156*,bedaquiline;clofazimine,bedaquiline;clofazimine,within_class,1,1,0,1,1,358,0.0,1.0,True,,,1.0,False
mmpR5|c.144delC,mmpR5|p.Arg134*,mmpR5,c.144delC,mmpR5,p.Arg134*,bedaquiline;clofazimine,bedaquiline;clofazimine,within_class,1,1,0,1,1,358,0.0,1.0,True,,,1.0,False
mmpR5|c.144delC,mmpR5|c.466dupC,mmpR5,c.144delC,mmpR5,c.466dupC,bedaquiline;clofazimine,bedaquiline;clofazimine,within_class,1,1,0,1,1,358,0.0,1.0,True,,,1.0,False
mmpR5|c.144delC,mmpR5|c.441_442delGA,mmpR5,c.144delC,mmpR5,c.441_442delGA,bedaquiline;clofazimine,bedaquiline;clofazimine,within_class,1,2,0,1,2,357,0.0,1.0,True,,,1.0,False
mmpR5|c.144delC,mmpR5|c.430dupG,mmpR5,c.144delC,mmpR5,c.430dupG,bedaquiline;clofazimine,bedaquiline;clofazimine,within_class,1,1,0,1,1,358,0.0,1.0,True,,,1.0,False
mmpR5|c.144delC,mmpR5|c.424dupC,mmpR5,c.144delC,mmpR5,c.424dupC,bedaquiline;clofazimine,bedaquiline;clofazimine,within_class,1,14,0,1,14,345,0.0,1.0,True,,,1.0,False
mmpR5|c.144delC,mmpR5|c.386delC,mmpR5,c.144delC,mmpR5,c.386delC,bedaquiline;clofazimine,bedaquiline;clofazimine,within_class,1,1,0,1,1,358,0.0,1.0,True,,,1.0,False
mmpR5|c.144delC,mmpR5|c.366dupG,mmpR5,c.144delC,mmpR5,c.366dupG,bedaquiline;clofazimine,bedaquiline;clofazimine,within_class,1,1,0,1,1,358,0.0,1.0,True,,,1.0,False
mmpR5|c.144delC,mmpR5|c.321dupC,mmpR5,c.144delC,mmpR5,c.321dupC,bedaquiline;clofazimine,bedaquiline;clofazimine,within_class,1,1,0,1,1,358,0.0,1.0,True,,,1.0,False
mmpR5|c.144delC,mmpR5|c.291delC,mmpR5,c.144delC,mmpR5,c.291delC,bedaquiline;clofazimine,bedaquiline;clofazimine,within_class,1,1,0,1,1,358,0.0,1.0,True,,,1.0,False
mmpR5|c.144delC,rpoB|c.1296_1304delATTCATGGA,mmpR5,c.144delC,rpoB,c.1296_1304delATTCATGGA,bedaquiline;clofazimine,rifampicin;rifapentine,cross_class,1,2,0,1,2,357,0.0,1.0,True,,,1.0,False
mmpR5|c.144delC,rpoB|c.1294_1299delCAATTC,mmpR5,c.144delC,rpoB,c.1294_1299delCAATTC,bedaquiline;clofazimine,rifampicin;rifapentine,cross_class,1,1,0,1,1,358,0.0,1.0,True,,,1.0,False
mmpR5|c.144delC,rplC|p.Cys154Arg,mmpR5,c.144delC,rplC,p.Cys154Arg,bedaquiline;clofazimine,linezolid,cross_class,1,4,0,1,4,355,0.0,1.0,True,,,1.0,False
mmpR5|c.144delC,pncA|p.Val180Phe,mmpR5,c.144delC,pncA,p.Val180Phe,bedaquiline;clofazimine,pyrazinamide,cross_class,1,1,0,1,1,358,0.0,1.0,True,,,1.0,False
mmpR5|c.144delC,pncA|p.Val139Gly,mmpR5,c.144delC,pncA,p.Val139Gly,bedaquiline;clofazimine,pyrazinamide,cross_class,1,1,0,1,1,358,0.0,1.0,True,,,1.0,False
mmpR5|c.144delC,pncA|p.Thr47Ala,mmpR5,c.144delC,pncA,p.Thr47Ala,bedaquiline;clofazimine,pyrazinamide,cross_class,1,1,0,1,1,358,0.0,1.0,True,,,1.0,False
mmpR5|c.144delC,pncA|p.Ser104Arg,mmpR5,c.144delC,pncA,p.Ser104Arg,bedaquiline;clofazimine,pyrazinamide,cross_class,1,7,0,1,7,352,0.0,1.0,True,,,1.0,False
mmpR5|c.144delC,pncA|p.Ile31Ser,mmpR5,c.144delC,pncA,p.Ile31Ser,bedaquiline;clofazimine,pyrazinamide,cross_class,1,1,0,1,1,358,0.0,1.0,True,,,1.0,False
mmpR5|c.144delC,pncA|p.Gln141Pro,mmpR5,c.144delC,pncA,p.Gln141Pro,bedaquiline;clofazimine,pyrazinamide,cross_class,1,1,0,1,1,358,0.0,1.0,True,,,1.0,False
mmpR5|c.144delC,pncA|p.Cys14Arg,mmpR5,c.144delC,pncA,p.Cys14Arg,bedaquiline;clofazimine,pyrazinamide,cross_class,1,87,0,1,87,272,0.0,1.0,True,,,1.0,False
mmpR5|c.144delC,pncA|p.Asp8Asn,mmpR5,c.144delC,pncA,p.Asp8Asn,bedaquiline;clofazimine,pyrazinamide,cross_class,1,5,0,1,5,354,0.0,1.0,True,,,1.0,False
mmpR5|c.144delC,pncA|p.Ala146Thr,mmpR5,c.144delC,pncA,p.Ala146Thr,bedaquiline;clofazimine,pyrazinamide,cross_class,1,2,0,1,2,357,0.0,1.0,True,,,1.0,False
mmpR5|c.144delC,pncA|c.517dupG,mmpR5,c.144delC,pncA,c.517dupG,bedaquiline;clofazimine,pyrazinamide,cross_class,1,70,0,1,70,289,0.0,1.0,True,,,1.0,False
mmpR5|c.144delC,pncA|c.459_466delCAGGGTGC,mmpR5,c.144delC,pncA,c.459_466delCAGGGTGC,bedaquiline;clofazimine,pyrazinamide,cross_class,1,1,0,1,1,358,0.0,1.0,True,,,1.0,False
mmpR5|c.144delC,pncA|c.393dupC,mmpR5,c.144delC,pncA,c.393dupC,bedaquiline;clofazimine,pyrazinamide,cross_class,1,1,0,1,1,358,0.0,1.0,True,,,1.0,False
mmpR5|c.144delC,pncA|c.169delC,mmpR5,c.144delC,pncA,c.169delC,bedaquiline;clofazimine,pyrazinamide,cross_class,1,1,0,1,1,358,0.0,1.0,True,,,1.0,False
mmpR5|c.144delC,rpoB|p.Val170Phe,mmpR5,c.144delC,rpoB,p.Val170Phe,bedaquiline;clofazimine,rifampicin;rifapentine,cross_class,1,2,0,1,2,357,0.0,1.0,True,,,1.0,False
mmpR5|c.144delC,rpoB|p.Ser450Leu,mmpR5,c.144delC,rpoB,p.Ser450Leu,bedaquiline;clofazimine,rifampicin;rifapentine,cross_class,1,139,0,1,139,220,0.0,1.0,True,,,1.0,False
mmpR5|c.144delC,rpoB|p.Leu452Pro,mmpR5,c.144delC,rpoB,p.Leu452Pro,bedaquiline;clofazimine,rifampicin;rifapentine,cross_class,1,10,0,1,10,349,0.0,1.0,True,,,1.0,False
mmpR5|c.144delC,rpoB|p.Leu430Pro,mmpR5,c.144delC,rpoB,p.Leu430Pro,bedaquiline;clofazimine,rifampicin;rifapentine,cross_class,1,22,1,0,21,338,inf,0.061111111111111116,True,lineage2,100.0,1.0,False
mmpR5|c.144delC,rpoB|p.Ile491Phe,mmpR5,c.144delC,rpoB,p.Ile491Phe,bedaquiline;clofazimine,rifampicin;rifapentine,cross_class,1,1,0,1,1,358,0.0,1.0,True,,,1.0,False
mmpR5|c.144delC,rpoB|p.His445Tyr,mmpR5,c.144delC,rpoB,p.His445Tyr,bedaquiline;clofazimine,rifampicin;rifapentine,cross_class,1,5,0,1,5,354,0.0,1.0,True,,,1.0,False
mmpR5|c.144delC,rpoB|p.His445Leu,mmpR5,c.144delC,rpoB,p.His445Leu,bedaquiline;clofazimine,rifampicin;rifapentine,cross_class,1,1,0,1,1,358,0.0,1.0,True,,,1.0,False
mmpR5|c.144delC,rpoB|p.His445Asp,mmpR5,c.144delC,rpoB,p.His445Asp,bedaquiline;clofazimine,rifampicin;rifapentine,cross_class,1,11,0,1,11,348,0.0,1.0,True,,,1.0,False
mmpR5|c.144delC,rpoB|p.His445Asn,mmpR5,c.144delC,rpoB,p.His445Asn,bedaquiline;clofazimine,rifampicin;rifapentine,cross_class,1,6,0,1,6,353,0.0,1.0,True,,,1.0,False
mmpR5|c.144delC,rpoB|p.Gln432Lys,mmpR5,c.144delC,rpoB,p.Gln432Lys,bedaquiline;clofazimine,rifampicin;rifapentine,cross_class,1,1,0,1,1,358,0.0,1.0,True,,,1.0,False
mmpR5|c.144delC,rpoB|p.Asp435Val,mmpR5,c.144delC,rpoB,p.Asp435Val,bedaquiline;clofazimine,rifampicin;rifapentine,cross_class,1,73,0,1,73,286,0.0,1.0,True,,,1.0,False
mmpR5|c.144delC,rpoB|p.Asp435Tyr,mmpR5,c.144delC,rpoB,p.Asp435Tyr,bedaquiline;clofazimine,rifampicin;rifapentine,cross_class,1,9,0,1,9,350,0.0,1.0,True,,,1.0,False
mmpR5|c.144delC,rpoB|p.Asp435Gly,mmpR5,c.144delC,rpoB,p.Asp435Gly,bedaquiline;clofazimine,rifampicin;rifapentine,cross_class,1,2,0,1,2,357,0.0,1.0,True,,,1.0,False
mmpR5|c.144delC,rpoB|p.Asp435Ala,mmpR5,c.144delC,rpoB,p.Asp435Ala,bedaquiline;clofazimine,rifampicin;rifapentine,cross_class,1,1,0,1,1,358,0.0,1.0,True,,,1.0,False
mmpR5|c.144delC,rpoB|p.Asn437Ser,mmpR5,c.144delC,rpoB,p.Asn437Ser,bedaquiline;clofazimine,rifampicin;rifapentine,cross_class,1,2,0,1,2,357,0.0,1.0,True,,,1.0,False
mmpR5|c.144delC,rpoB|p.Ala451Val,mmpR5,c.144delC,rpoB,p.Ala451Val,bedaquiline;clofazimine,rifampicin;rifapentine,cross_class,1,3,0,1,3,356,0.0,1.0,True,,,1.0,False
mmpR5|c.144dupC,mmpR5|c.321dupC,mmpR5,c.144dupC,mmpR5,c.321dupC,bedaquiline;clofazimine,bedaquiline;clofazimine,within_class,20,1,0,20,1,339,0.0,1.0,True,,,1.0,False
mmpR5|c.144dupC,mmpR5|c.291delC,mmpR5,c.144dupC,mmpR5,c.291delC,bedaquiline;clofazimine,bedaquiline;clofazimine,within_class,20,1,0,20,1,339,0.0,1.0,True,,,1.0,False
mmpR5|c.144dupC,mmpR5|c.214delC,mmpR5,c.144dupC,mmpR5,c.214delC,bedaquiline;clofazimine,bedaquiline;clofazimine,within_class,20,1,0,20,1,339,0.0,1.0,True,,,1.0,False
mmpR5|c.144dupC,mmpR5|c.19delG,mmpR5,c.144dupC,mmpR5,c.19delG,bedaquiline;clofazimine,bedaquiline;clofazimine,within_class,20,1,0,20,1,339,0.0,1.0,True,,,1.0,False
mmpR5|c.144dupC,mmpR5|c.198dupG,mmpR5,c.144dupC,mmpR5,c.198dupG,bedaquiline;clofazimine,bedaquiline;clofazimine,within_class,20,13,2,18,11,329,3.323232323232323,0.1583602537014495,False,lineage2,100.0,1.0,False
mmpR5|c.144dupC,mmpR5|c.198delG,mmpR5,c.144dupC,mmpR5,c.198delG,bedaquiline;clofazimine,bedaquiline;clofazimine,within_class,20,1,0,20,1,339,0.0,1.0,True,,,1.0,False
mmpR5|c.144delC,tlyA|c.585_588delTGGG,mmpR5,c.144delC,tlyA,c.585_588delTGGG,bedaquiline;clofazimine,capreomycin,cross_class,1,30,0,1,30,329,0.0,1.0,True,,,1.0,False
mmpR5|c.144delC,tlyA|c.388dupG,mmpR5,c.144delC,tlyA,c.388dupG,bedaquiline;clofazimine,capreomycin,cross_class,1,1,0,1,1,358,0.0,1.0,True,,,1.0,False
mmpR5|c.144delC,rrs|n.517C>T,mmpR5,c.144delC,rrs,n.517C>T,bedaquiline;clofazimine,streptomycin,cross_class,1,2,0,1,2,357,0.0,1.0,True,,,1.0,False
mmpR5|c.144delC,rrs|n.514A>C,mmpR5,c.144delC,rrs,n.514A>C,bedaquiline;clofazimine,streptomycin,cross_class,1,164,0,1,164,195,0.0,1.0,True,,,1.0,False
mmpR5|c.144delC,rrs|n.1402C>T,mmpR5,c.144delC,rrs,n.1402C>T,bedaquiline;clofazimine,amikacin;capreomycin;kanamycin,cross_class,1,2,0,1,2,357,0.0,1.0,True,,,1.0,False
mmpR5|c.144delC,rrs|n.1401A>G,mmpR5,c.144delC,rrs,n.1401A>G,bedaquiline;clofazimine,amikacin;capreomycin;kanamycin,cross_class,1,85,0,1,85,274,0.0,1.0,True,,,1.0,False
mmpR5|c.144delC,rrl|n.2814G>T,mmpR5,c.144delC,rrl,n.2814G>T,bedaquiline;clofazimine,linezolid,cross_class,1,2,0,1,2,357,0.0,1.0,True,,,1.0,False
mmpR5|c.144delC,rrl|n.2270G>T,mmpR5,c.144delC,rrl,n.2270G>T,bedaquiline;clofazimine,linezolid,cross_class,1,2,0,1,2,357,0.0,1.0,True,,,1.0,False
mmpR5|c.144delC,rpsL|p.Lys88Arg,mmpR5,c.144delC,rpsL,p.Lys88Arg,bedaquiline;clofazimine,streptomycin,cross_class,1,8,0,1,8,351,0.0,1.0,True,,,1.0,False
mmpR5|c.144delC,rpsL|p.Lys43Arg,mmpR5,c.144delC,rpsL,p.Lys43Arg,bedaquiline;clofazimine,streptomycin,cross_class,1,26,0,1,26,333,0.0,1.0,True,,,1.0,False
mmpR5|c.144dupC,pncA|c.393dupC,mmpR5,c.144dupC,pncA,c.393dupC,bedaquiline;clofazimine,pyrazinamide,cross_class,20,1,0,20,1,339,0.0,1.0,True,,,1.0,False
mmpR5|c.144dupC,pncA|c.169delC,mmpR5,c.144dupC,pncA,c.169delC,bedaquiline;clofazimine,pyrazinamide,cross_class,20,1,0,20,1,339,0.0,1.0,True,,,1.0,False
mmpR5|c.144dupC,mmpR5|p.Val1?,mmpR5,c.144dupC,mmpR5,p.Val1?,bedaquiline;clofazimine,bedaquiline;clofazimine,within_class,20,1,0,20,1,339,0.0,1.0,True,,,1.0,False
mmpR5|c.144dupC,mmpR5|p.Tyr145*,mmpR5,c.144dupC,mmpR5,p.Tyr145*,bedaquiline;clofazimine,bedaquiline;clofazimine,within_class,20,2,0,20,2,338,0.0,1.0,True,,,1.0,False
mmpR5|c.144dupC,mmpR5|p.Ile67Ser,mmpR5,c.144dupC,mmpR5,p.Ile67Ser,bedaquiline;clofazimine,bedaquiline;clofazimine,within_class,20,2,0,20,2,338,0.0,1.0,True,,,1.0,False
mmpR5|c.144dupC,mmpR5|p.Gly121Arg,mmpR5,c.144dupC,mmpR5,p.Gly121Arg,bedaquiline;clofazimine,bedaquiline;clofazimine,within_class,20,1,0,20,1,339,0.0,1.0,True,,,1.0,False
mmpR5|c.144dupC,mmpR5|p.Gln76*,mmpR5,c.144dupC,mmpR5,p.Gln76*,bedaquiline;clofazimine,bedaquiline;clofazimine,within_class,20,2,0,20,2,338,0.0,1.0,True,,,1.0,False
mmpR5|c.144dupC,mmpR5|p.Asn70Asp,mmpR5,c.144dupC,mmpR5,p.Asn70Asp,bedaquiline;clofazimine,bedaquiline;clofazimine,within_class,20,1,0,20,1,339,0.0,1.0,True,,,1.0,False
mmpR5|c.144dupC,mmpR5|p.Arg156*,mmpR5,c.144dupC,mmpR5,p.Arg156*,bedaquiline;clofazimine,bedaquiline;clofazimine,within_class,20,1,1,19,0,340,inf,0.05555555555555555,True,lineage2,100.0,1.0,False
mmpR5|c.144dupC,mmpR5|p.Arg134*,mmpR5,c.144dupC,mmpR5,p.Arg134*,bedaquiline;clofazimine,bedaquiline;clofazimine,within_class,20,1,0,20,1,339,0.0,1.0,True,,,1.0,False
mmpR5|c.144dupC,mmpR5|c.466dupC,mmpR5,c.144dupC,mmpR5,c.466dupC,bedaquiline;clofazimine,bedaquiline;clofazimine,within_class,20,1,0,20,1,339,0.0,1.0,True,,,1.0,False
mmpR5|c.144dupC,mmpR5|c.441_442delGA,mmpR5,c.144dupC,mmpR5,c.441_442delGA,bedaquiline;clofazimine,bedaquiline;clofazimine,within_class,20,2,0,20,2,338,0.0,1.0,True,,,1.0,False
mmpR5|c.144dupC,mmpR5|c.430dupG,mmpR5,c.144dupC,mmpR5,c.430dupG,bedaquiline;clofazimine,bedaquiline;clofazimine,within_class,20,1,0,20,1,339,0.0,1.0,True,,,1.0,False
mmpR5|c.144dupC,mmpR5|c.424dupC,mmpR5,c.144dupC,mmpR5,c.424dupC,bedaquiline;clofazimine,bedaquiline;clofazimine,within_class,20,14,0,20,14,326,0.0,1.0,False,,,1.0,False
mmpR5|c.144dupC,mmpR5|c.386delC,mmpR5,c.144dupC,mmpR5,c.386delC,bedaquiline;clofazimine,bedaquiline;clofazimine,within_class,20,1,0,20,1,339,0.0,1.0,True,,,1.0,False
mmpR5|c.144dupC,mmpR5|c.366dupG,mmpR5,c.144dupC,mmpR5,c.366dupG,bedaquiline;clofazimine,bedaquiline;clofazimine,within_class,20,1,0,20,1,339,0.0,1.0,True,,,1.0,False
mmpR5|c.144dupC,rpoB|p.Asn437Ser,mmpR5,c.144dupC,rpoB,p.Asn437Ser,bedaquiline;clofazimine,rifampicin;rifapentine,cross_class,20,2,0,20,2,338,0.0,1.0,True,,,1.0,False
mmpR5|c.144dupC,rpoB|p.Ala451Val,mmpR5,c.144dupC,rpoB,p.Ala451Val,bedaquiline;clofazimine,rifampicin;rifapentine,cross_class,20,3,0,20,3,337,0.0,1.0,True,,,1.0,False
mmpR5|c.144dupC,rpoB|c.1294_1299delCAATTC,mmpR5,c.144dupC,rpoB,c.1294_1299delCAATTC,bedaquiline;clofazimine,rifampicin;rifapentine,cross_class,20,1,0,20,1,339,0.0,1.0,True,,,1.0,False
mmpR5|c.144dupC,rplC|p.Cys154Arg,mmpR5,c.144dupC,rplC,p.Cys154Arg,bedaquiline;clofazimine,linezolid,cross_class,20,4,1,19,3,337,5.912280701754386,0.20516492389790347,True,lineage2,100.0,1.0,False
mmpR5|c.144dupC,pncA|p.Val180Phe,mmpR5,c.144dupC,pncA,p.Val180Phe,bedaquiline;clofazimine,pyrazinamide,cross_class,20,1,0,20,1,339,0.0,1.0,True,,,1.0,False
mmpR5|c.144dupC,pncA|p.Val139Gly,mmpR5,c.144dupC,pncA,p.Val139Gly,bedaquiline;clofazimine,pyrazinamide,cross_class,20,1,0,20,1,339,0.0,1.0,True,,,1.0,False
mmpR5|c.144dupC,pncA|p.Thr47Ala,mmpR5,c.144dupC,pncA,p.Thr47Ala,bedaquiline;clofazimine,pyrazinamide,cross_class,20,1,0,20,1,339,0.0,1.0,True,,,1.0,False
mmpR5|c.144dupC,pncA|p.Ser104Arg,mmpR5,c.144dupC,pncA,p.Ser104Arg,bedaquiline;clofazimine,pyrazinamide,cross_class,20,7,1,19,6,334,2.9298245614035086,0.3320776708871603,False,lineage2,100.0,1.0,False
mmpR5|c.144dupC,pncA|p.Ile31Ser,mmpR5,c.144dupC,pncA,p.Ile31Ser,bedaquiline;clofazimine,pyrazinamide,cross_class,20,1,0,20,1,339,0.0,1.0,True,,,1.0,False
mmpR5|c.144dupC,pncA|p.Gln141Pro,mmpR5,c.144dupC,pncA,p.Gln141Pro,bedaquiline;clofazimine,pyrazinamide,cross_class,20,1,0,20,1,339,0.0,1.0,True,,,1.0,False
mmpR5|c.144dupC,pncA|p.Cys14Arg,mmpR5,c.144dupC,pncA,p.Cys14Arg,bedaquiline;clofazimine,pyrazinamide,cross_class,20,87,3,17,84,256,0.5378151260504201,0.4267000710316894,False,lineage2,100.0,1.0,False
mmpR5|c.144dupC,pncA|p.Asp8Asn,mmpR5,c.144dupC,pncA,p.Asp8Asn,bedaquiline;clofazimine,pyrazinamide,cross_class,20,5,1,19,4,336,4.421052631578948,0.24981857985869546,False,lineage2,100.0,1.0,False
mmpR5|c.144dupC,pncA|p.Ala146Thr,mmpR5,c.144dupC,pncA,p.Ala146Thr,bedaquiline;clofazimine,pyrazinamide,cross_class,20,2,0,20,2,338,0.0,1.0,True,,,1.0,False
mmpR5|c.144dupC,pncA|c.517dupG,mmpR5,c.144dupC,pncA,c.517dupG,bedaquiline;clofazimine,pyrazinamide,cross_class,20,70,5,15,65,275,1.4102564102564104,0.560090230938474,False,lineage2,100.0,1.0,False
mmpR5|c.144dupC,pncA|c.459_466delCAGGGTGC,mmpR5,c.144dupC,pncA,c.459_466delCAGGGTGC,bedaquiline;clofazimine,pyrazinamide,cross_class,20,1,0,20,1,339,0.0,1.0,True,,,1.0,False
mmpR5|c.144dupC,rpsL|p.Lys88Arg,mmpR5,c.144dupC,rpsL,p.Lys88Arg,bedaquiline;clofazimine,streptomycin,cross_class,20,8,0,20,8,332,0.0,1.0,False,,,1.0,False
mmpR5|c.144dupC,rpsL|p.Lys43Arg,mmpR5,c.144dupC,rpsL,p.Lys43Arg,bedaquiline;clofazimine,streptomycin,cross_class,20,26,2,18,24,316,1.462962962962963,0.6467921416238397,False,lineage2,100.0,1.0,False
mmpR5|c.144dupC,rpoB|p.Val170Phe,mmpR5,c.144dupC,rpoB,p.Val170Phe,bedaquiline;clofazimine,rifampicin;rifapentine,cross_class,20,2,0,20,2,338,0.0,1.0,True,,,1.0,False
mmpR5|c.144dupC,rpoB|p.Ser450Leu,mmpR5,c.144dupC,rpoB,p.Ser450Leu,bedaquiline;clofazimine,rifampicin;rifapentine,cross_class,20,139,8,12,131,209,1.063613231552163,1.0,False,lineage2,100.0,1.0,False
mmpR5|c.144dupC,rpoB|p.Leu452Pro,mmpR5,c.144dupC,rpoB,p.Leu452Pro,bedaquiline;clofazimine,rifampicin;rifapentine,cross_class,20,10,0,20,10,330,0.0,1.0,False,,,1.0,False
mmpR5|c.144dupC,rpoB|p.Leu430Pro,mmpR5,c.144dupC,rpoB,p.Leu430Pro,bedaquiline;clofazimine,rifampicin;rifapentine,cross_class,20,22,1,19,21,319,0.7994987468671679,1.0,False,lineage2,100.0,1.0,False
mmpR5|c.144dupC,rpoB|p.Ile491Phe,mmpR5,c.144dupC,rpoB,p.Ile491Phe,bedaquiline;clofazimine,rifampicin;rifapentine,cross_class,20,1,0,20,1,339,0.0,1.0,True,,,1.0,False
mmpR5|c.144dupC,rpoB|p.His445Tyr,mmpR5,c.144dupC,rpoB,p.His445Tyr,bedaquiline;clofazimine,rifampicin;rifapentine,cross_class,20,5,0,20,5,335,0.0,1.0,False,,,1.0,False
mmpR5|c.144dupC,rpoB|p.His445Leu,mmpR5,c.144dupC,rpoB,p.His445Leu,bedaquiline;clofazimine,rifampicin;rifapentine,cross_class,20,1,1,19,0,340,inf,0.05555555555555555,True,lineage2,100.0,1.0,False
mmpR5|c.144dupC,rpoB|p.His445Asp,mmpR5,c.144dupC,rpoB,p.His445Asp,bedaquiline;clofazimine,rifampicin;rifapentine,cross_class,20,11,0,20,11,329,0.0,1.0,False,,,1.0,False
mmpR5|c.144dupC,rpoB|p.His445Asn,mmpR5,c.144dupC,rpoB,p.His445Asn,bedaquiline;clofazimine,rifampicin;rifapentine,cross_class,20,6,0,20,6,334,0.0,1.0,False,,,1.0,False
mmpR5|c.144dupC,rpoB|p.Gln432Lys,mmpR5,c.144dupC,rpoB,p.Gln432Lys,bedaquiline;clofazimine,rifampicin;rifapentine,cross_class,20,1,0,20,1,339,0.0,1.0,True,,,1.0,False
mmpR5|c.144dupC,rpoB|p.Asp435Val,mmpR5,c.144dupC,rpoB,p.Asp435Val,bedaquiline;clofazimine,rifampicin;rifapentine,cross_class,20,73,5,15,68,272,1.3333333333333333,0.5713251677024009,False,lineage2,100.0,1.0,False
mmpR5|c.144dupC,rpoB|p.Asp435Tyr,mmpR5,c.144dupC,rpoB,p.Asp435Tyr,bedaquiline;clofazimine,rifampicin;rifapentine,cross_class,20,9,2,18,7,333,5.285714285714286,0.08352043020519956,False,lineage2,100.0,1.0,False
mmpR5|c.144dupC,rpoB|p.Asp435Gly,mmpR5,c.144dupC,rpoB,p.Asp435Gly,bedaquiline;clofazimine,rifampicin;rifapentine,cross_class,20,2,0,20,2,338,0.0,1.0,True,,,1.0,False
mmpR5|c.144dupC,rpoB|p.Asp435Ala,mmpR5,c.144dupC,rpoB,p.Asp435Ala,bedaquiline;clofazimine,rifampicin;rifapentine,cross_class,20,1,0,20,1,339,0.0,1.0,True,,,1.0,False
mmpR5|c.198delG,mmpR5|c.424dupC,mmpR5,c.198delG,mmpR5,c.424dupC,bedaquiline;clofazimine,bedaquiline;clofazimine,within_class,1,14,0,1,14,345,0.0,1.0,True,,,1.0,False
mmpR5|c.198delG,mmpR5|c.386delC,mmpR5,c.198delG,mmpR5,c.386delC,bedaquiline;clofazimine,bedaquiline;clofazimine,within_class,1,1,0,1,1,358,0.0,1.0,True,,,1.0,False
mmpR5|c.198delG,mmpR5|c.366dupG,mmpR5,c.198delG,mmpR5,c.366dupG,bedaquiline;clofazimine,bedaquiline;clofazimine,within_class,1,1,0,1,1,358,0.0,1.0,True,,,1.0,False
mmpR5|c.198delG,mmpR5|c.321dupC,mmpR5,c.198delG,mmpR5,c.321dupC,bedaquiline;clofazimine,bedaquiline;clofazimine,within_class,1,1,0,1,1,358,0.0,1.0,True,,,1.0,False
mmpR5|c.198delG,mmpR5|c.291delC,mmpR5,c.198delG,mmpR5,c.291delC,bedaquiline;clofazimine,bedaquiline;clofazimine,within_class,1,1,0,1,1,358,0.0,1.0,True,,,1.0,False
mmpR5|c.198delG,mmpR5|c.214delC,mmpR5,c.198delG,mmpR5,c.214delC,bedaquiline;clofazimine,bedaquiline;clofazimine,within_class,1,1,0,1,1,358,0.0,1.0,True,,,1.0,False
mmpR5|c.198delG,mmpR5|c.19delG,mmpR5,c.198delG,mmpR5,c.19delG,bedaquiline;clofazimine,bedaquiline;clofazimine,within_class,1,1,0,1,1,358,0.0,1.0,True,,,1.0,False
mmpR5|c.198delG,mmpR5|c.198dupG,mmpR5,c.198delG,mmpR5,c.198dupG,bedaquiline;clofazimine,bedaquiline;clofazimine,within_class,1,13,0,1,13,346,0.0,1.0,True,,,1.0,False
mmpR5|c.144dupC,tlyA|c.585_588delTGGG,mmpR5,c.144dupC,tlyA,c.585_588delTGGG,bedaquiline;clofazimine,capreomycin,cross_class,20,30,1,19,29,311,0.5644283121597096,1.0,False,lineage2,100.0,1.0,False
mmpR5|c.144dupC,tlyA|c.388dupG,mmpR5,c.144dupC,tlyA,c.388dupG,bedaquiline;clofazimine,capreomycin,cross_class,20,1,1,19,0,340,inf,0.05555555555555555,True,lineage2,100.0,1.0,False
mmpR5|c.144dupC,rrs|n.517C>T,mmpR5,c.144dupC,rrs,n.517C>T,bedaquiline;clofazimine,streptomycin,cross_class,20,2,0,20,2,338,0.0,1.0,True,,,1.0,False
mmpR5|c.144dupC,rrs|n.514A>C,mmpR5,c.144dupC,rrs,n.514A>C,bedaquiline;clofazimine,streptomycin,cross_class,20,164,8,12,156,184,0.7863247863247863,0.6513010462162125,False,lineage2,100.0,1.0,False
mmpR5|c.144dupC,rrs|n.1402C>T,mmpR5,c.144dupC,rrs,n.1402C>T,bedaquiline;clofazimine,amikacin;capreomycin;kanamycin,cross_class,20,2,0,20,2,338,0.0,1.0,True,,,1.0,False
mmpR5|c.144dupC,rrs|n.1401A>G,mmpR5,c.144dupC,rrs,n.1401A>G,bedaquiline;clofazimine,amikacin;capreomycin;kanamycin,cross_class,20,85,5,15,80,260,1.0833333333333333,0.7932489391719999,False,lineage2,100.0,1.0,False
mmpR5|c.144dupC,rrl|n.2814G>T,mmpR5,c.144dupC,rrl,n.2814G>T,bedaquiline;clofazimine,linezolid,cross_class,20,2,0,20,2,338,0.0,1.0,True,,,1.0,False
mmpR5|c.144dupC,rrl|n.2270G>T,mmpR5,c.144dupC,rrl,n.2270G>T,bedaquiline;clofazimine,linezolid,cross_class,20,2,0,20,2,338,0.0,1.0,True,,,1.0,False
mmpR5|c.198delG,pncA|p.Ala146Thr,mmpR5,c.198delG,pncA,p.Ala146Thr,bedaquiline;clofazimine,pyrazinamide,cross_class,1,2,0,1,2,357,0.0,1.0,True,,,1.0,False
mmpR5|c.198delG,pncA|c.517dupG,mmpR5,c.198delG,pncA,c.517dupG,bedaquiline;clofazimine,pyrazinamide,cross_class,1,70,0,1,70,289,0.0,1.0,True,,,1.0,False
mmpR5|c.198delG,pncA|c.459_466delCAGGGTGC,mmpR5,c.198delG,pncA,c.459_466delCAGGGTGC,bedaquiline;clofazimine,pyrazinamide,cross_class,1,1,0,1,1,358,0.0,1.0,True,,,1.0,False
mmpR5|c.198delG,pncA|c.393dupC,mmpR5,c.198delG,pncA,c.393dupC,bedaquiline;clofazimine,pyrazinamide,cross_class,1,1,0,1,1,358,0.0,1.0,True,,,1.0,False
mmpR5|c.198delG,pncA|c.169delC,mmpR5,c.198delG,pncA,c.169delC,bedaquiline;clofazimine,pyrazinamide,cross_class,1,1,0,1,1,358,0.0,1.0,True,,,1.0,False
mmpR5|c.198delG,mmpR5|p.Val1?,mmpR5,c.198delG,mmpR5,p.Val1?,bedaquiline;clofazimine,bedaquiline;clofazimine,within_class,1,1,0,1,1,358,0.0,1.0,True,,,1.0,False
mmpR5|c.198delG,mmpR5|p.Tyr145*,mmpR5,c.198delG,mmpR5,p.Tyr145*,bedaquiline;clofazimine,bedaquiline;clofazimine,within_class,1,2,0,1,2,357,0.0,1.0,True,,,1.0,False
mmpR5|c.198delG,mmpR5|p.Ile67Ser,mmpR5,c.198delG,mmpR5,p.Ile67Ser,bedaquiline;clofazimine,bedaquiline;clofazimine,within_class,1,2,0,1,2,357,0.0,1.0,True,,,1.0,False
mmpR5|c.198delG,mmpR5|p.Gly121Arg,mmpR5,c.198delG,mmpR5,p.Gly121Arg,bedaquiline;clofazimine,bedaquiline;clofazimine,within_class,1,1,0,1,1,358,0.0,1.0,True,,,1.0,False
mmpR5|c.198delG,mmpR5|p.Gln76*,mmpR5,c.198delG,mmpR5,p.Gln76*,bedaquiline;clofazimine,bedaquiline;clofazimine,within_class,1,2,0,1,2,357,0.0,1.0,True,,,1.0,False
mmpR5|c.198delG,mmpR5|p.Asn70Asp,mmpR5,c.198delG,mmpR5,p.Asn70Asp,bedaquiline;clofazimine,bedaquiline;clofazimine,within_class,1,1,0,1,1,358,0.0,1.0,True,,,1.0,False
mmpR5|c.198delG,mmpR5|p.Arg156*,mmpR5,c.198delG,mmpR5,p.Arg156*,bedaquiline;clofazimine,bedaquiline;clofazimine,within_class,1,1,0,1,1,358,0.0,1.0,True,,,1.0,False
mmpR5|c.198delG,mmpR5|p.Arg134*,mmpR5,c.198delG,mmpR5,p.Arg134*,bedaquiline;clofazimine,bedaquiline;clofazimine,within_class,1,1,0,1,1,358,0.0,1.0,True,,,1.0,False
mmpR5|c.198delG,mmpR5|c.466dupC,mmpR5,c.198delG,mmpR5,c.466dupC,bedaquiline;clofazimine,bedaquiline;clofazimine,within_class,1,1,0,1,1,358,0.0,1.0,True,,,1.0,False
mmpR5|c.198delG,mmpR5|c.441_442delGA,mmpR5,c.198delG,mmpR5,c.441_442delGA,bedaquiline;clofazimine,bedaquiline;clofazimine,within_class,1,2,0,1,2,357,0.0,1.0,True,,,1.0,False
mmpR5|c.198delG,mmpR5|c.430dupG,mmpR5,c.198delG,mmpR5,c.430dupG,bedaquiline;clofazimine,bedaquiline;clofazimine,within_class,1,1,0,1,1,358,0.0,1.0,True,,,1.0,False
mmpR5|c.198delG,rpoB|p.Asp435Tyr,mmpR5,c.198delG,rpoB,p.Asp435Tyr,bedaquiline;clofazimine,rifampicin;rifapentine,cross_class,1,9,0,1,9,350,0.0,1.0,True,,,1.0,False
mmpR5|c.198delG,rpoB|p.Asp435Gly,mmpR5,c.198delG,rpoB,p.Asp435Gly,bedaquiline;clofazimine,rifampicin;rifapentine,cross_class,1,2,0,1,2,357,0.0,1.0,True,,,1.0,False
mmpR5|c.198delG,rpoB|p.Asp435Ala,mmpR5,c.198delG,rpoB,p.Asp435Ala,bedaquiline;clofazimine,rifampicin;rifapentine,cross_class,1,1,0,1,1,358,0.0,1.0,True,,,1.0,False
mmpR5|c.198delG,rpoB|p.Asn437Ser,mmpR5,c.198delG,rpoB,p.Asn437Ser,bedaquiline;clofazimine,rifampicin;rifapentine,cross_class,1,2,0,1,2,357,0.0,1.0,True,,,1.0,False
mmpR5|c.198delG,rpoB|p.Ala451Val,mmpR5,c.198delG,rpoB,p.Ala451Val,bedaquiline;clofazimine,rifampicin;rifapentine,cross_class,1,3,0,1,3,356,0.0,1.0,True,,,1.0,False
mmpR5|c.198delG,rpoB|c.1296_1304delATTCATGGA,mmpR5,c.198delG,rpoB,c.1296_1304delATTCATGGA,bedaquiline;clofazimine,rifampicin;rifapentine,cross_class,1,2,0,1,2,357,0.0,1.0,True,,,1.0,False
mmpR5|c.198delG,rpoB|c.1294_1299delCAATTC,mmpR5,c.198delG,rpoB,c.1294_1299delCAATTC,bedaquiline;clofazimine,rifampicin;rifapentine,cross_class,1,1,0,1,1,358,0.0,1.0,True,,,1.0,False
mmpR5|c.198delG,rplC|p.Cys154Arg,mmpR5,c.198delG,rplC,p.Cys154Arg,bedaquiline;clofazimine,linezolid,cross_class,1,4,0,1,4,355,0.0,1.0,True,,,1.0,False
mmpR5|c.198delG,pncA|p.Val180Phe,mmpR5,c.198delG,pncA,p.Val180Phe,bedaquiline;clofazimine,pyrazinamide,cross_class,1,1,0,1,1,358,0.0,1.0,True,,,1.0,False
mmpR5|c.198delG,pncA|p.Val139Gly,mmpR5,c.198delG,pncA,p.Val139Gly,bedaquiline;clofazimine,pyrazinamide,cross_class,1,1,0,1,1,358,0.0,1.0,True,,,1.0,False
mmpR5|c.198delG,pncA|p.Thr47Ala,mmpR5,c.198delG,pncA,p.Thr47Ala,bedaquiline;clofazimine,pyrazinamide,cross_class,1,1,0,1,1,358,0.0,1.0,True,,,1.0,False
mmpR5|c.198delG,pncA|p.Ser104Arg,mmpR5,c.198delG,pncA,p.Ser104Arg,bedaquiline;clofazimine,pyrazinamide,cross_class,1,7,0,1,7,352,0.0,1.0,True,,,1.0,False
mmpR5|c.198delG,pncA|p.Ile31Ser,mmpR5,c.198delG,pncA,p.Ile31Ser,bedaquiline;clofazimine,pyrazinamide,cross_class,1,1,0,1,1,358,0.0,1.0,True,,,1.0,False
mmpR5|c.198delG,pncA|p.Gln141Pro,mmpR5,c.198delG,pncA,p.Gln141Pro,bedaquiline;clofazimine,pyrazinamide,cross_class,1,1,0,1,1,358,0.0,1.0,True,,,1.0,False
mmpR5|c.198delG,pncA|p.Cys14Arg,mmpR5,c.198delG,pncA,p.Cys14Arg,bedaquiline;clofazimine,pyrazinamide,cross_class,1,87,1,0,86,273,inf,0.24166666666666667,True,lineage2,100.0,1.0,False
mmpR5|c.198delG,pncA|p.Asp8Asn,mmpR5,c.198delG,pncA,p.Asp8Asn,bedaquiline;clofazimine,pyrazinamide,cross_class,1,5,0,1,5,354,0.0,1.0,True,,,1.0,False
mmpR5|c.198delG,rrs|n.1401A>G,mmpR5,c.198delG,rrs,n.1401A>G,bedaquiline;clofazimine,amikacin;capreomycin;kanamycin,cross_class,1,85,0,1,85,274,0.0,1.0,True,,,1.0,False
mmpR5|c.198delG,rrl|n.2814G>T,mmpR5,c.198delG,rrl,n.2814G>T,bedaquiline;clofazimine,linezolid,cross_class,1,2,0,1,2,357,0.0,1.0,True,,,1.0,False
mmpR5|c.198delG,rrl|n.2270G>T,mmpR5,c.198delG,rrl,n.2270G>T,bedaquiline;clofazimine,linezolid,cross_class,1,2,0,1,2,357,0.0,1.0,True,,,1.0,False
mmpR5|c.198delG,rpsL|p.Lys88Arg,mmpR5,c.198delG,rpsL,p.Lys88Arg,bedaquiline;clofazimine,streptomycin,cross_class,1,8,0,1,8,351,0.0,1.0,True,,,1.0,False
mmpR5|c.198delG,rpsL|p.Lys43Arg,mmpR5,c.198delG,rpsL,p.Lys43Arg,bedaquiline;clofazimine,streptomycin,cross_class,1,26,0,1,26,333,0.0,1.0,True,,,1.0,False
mmpR5|c.198delG,rpoB|p.Val170Phe,mmpR5,c.198delG,rpoB,p.Val170Phe,bedaquiline;clofazimine,rifampicin;rifapentine,cross_class,1,2,0,1,2,357,0.0,1.0,True,,,1.0,False
mmpR5|c.198delG,rpoB|p.Ser450Leu,mmpR5,c.198delG,rpoB,p.Ser450Leu,bedaquiline;clofazimine,rifampicin;rifapentine,cross_class,1,139,1,0,138,221,inf,0.3861111111111111,True,lineage2,100.0,1.0,False
mmpR5|c.198delG,rpoB|p.Leu452Pro,mmpR5,c.198delG,rpoB,p.Leu452Pro,bedaquiline;clofazimine,rifampicin;rifapentine,cross_class,1,10,0,1,10,349,0.0,1.0,True,,,1.0,False
mmpR5|c.198delG,rpoB|p.Leu430Pro,mmpR5,c.198delG,rpoB,p.Leu430Pro,bedaquiline;clofazimine,rifampicin;rifapentine,cross_class,1,22,0,1,22,337,0.0,1.0,True,,,1.0,False
mmpR5|c.198delG,rpoB|p.Ile491Phe,mmpR5,c.198delG,rpoB,p.Ile491Phe,bedaquiline;clofazimine,rifampicin;rifapentine,cross_class,1,1,0,1,1,358,0.0,1.0,True,,,1.0,False
mmpR5|c.198delG,rpoB|p.His445Tyr,mmpR5,c.198delG,rpoB,p.His445Tyr,bedaquiline;clofazimine,rifampicin;rifapentine,cross_class,1,5,0,1,5,354,0.0,1.0,True,,,1.0,False
mmpR5|c.198delG,rpoB|p.His445Leu,mmpR5,c.198delG,rpoB,p.His445Leu,bedaquiline;clofazimine,rifampicin;rifapentine,cross_class,1,1,0,1,1,358,0.0,1.0,True,,,1.0,False
mmpR5|c.198delG,rpoB|p.His445Asp,mmpR5,c.198delG,rpoB,p.His445Asp,bedaquiline;clofazimine,rifampicin;rifapentine,cross_class,1,11,0,1,11,348,0.0,1.0,True,,,1.0,False
mmpR5|c.198delG,rpoB|p.His445Asn,mmpR5,c.198delG,rpoB,p.His445Asn,bedaquiline;clofazimine,rifampicin;rifapentine,cross_class,1,6,0,1,6,353,0.0,1.0,True,,,1.0,False
mmpR5|c.198delG,rpoB|p.Gln432Lys,mmpR5,c.198delG,rpoB,p.Gln432Lys,bedaquiline;clofazimine,rifampicin;rifapentine,cross_class,1,1,0,1,1,358,0.0,1.0,True,,,1.0,False
mmpR5|c.198delG,rpoB|p.Asp435Val,mmpR5,c.198delG,rpoB,p.Asp435Val,bedaquiline;clofazimine,rifampicin;rifapentine,cross_class,1,73,0,1,73,286,0.0,1.0,True,,,1.0,False
mmpR5|c.198dupG,mmpR5|p.Arg134*,mmpR5,c.198dupG,mmpR5,p.Arg134*,bedaquiline;clofazimine,bedaquiline;clofazimine,within_class,13,1,0,13,1,346,0.0,1.0,True,,,1.0,False
mmpR5|c.198dupG,mmpR5|c.466dupC,mmpR5,c.198dupG,mmpR5,c.466dupC,bedaquiline;clofazimine,bedaquiline;clofazimine,within_class,13,1,0,13,1,346,0.0,1.0,True,,,1.0,False
mmpR5|c.198dupG,mmpR5|c.441_442delGA,mmpR5,c.198dupG,mmpR5,c.441_442delGA,bedaquiline;clofazimine,bedaquiline;clofazimine,within_class,13,2,0,13,2,345,0.0,1.0,True,,,1.0,False
mmpR5|c.198dupG,mmpR5|c.430dupG,mmpR5,c.198dupG,mmpR5,c.430dupG,bedaquiline;clofazimine,bedaquiline;clofazimine,within_class,13,1,0,13,1,346,0.0,1.0,True,,,1.0,False
mmpR5|c.198dupG,mmpR5|c.424dupC,mmpR5,c.198dupG,mmpR5,c.424dupC,bedaquiline;clofazimine,bedaquiline;clofazimine,within_class,13,14,2,11,12,335,5.075757575757576,0.08575995888431409,False,lineage2,100.0,1.0,False
mmpR5|c.198dupG,mmpR5|c.386delC,mmpR5,c.198dupG,mmpR5,c.386delC,bedaquiline;clofazimine,bedaquiline;clofazimine,within_class,13,1,0,13,1,346,0.0,1.0,True,,,1.0,False
mmpR5|c.198dupG,mmpR5|c.366dupG,mmpR5,c.198dupG,mmpR5,c.366dupG,bedaquiline;clofazimine,bedaquiline;clofazimine,within_class,13,1,0,13,1,346,0.0,1.0,True,,,1.0,False
mmpR5|c.198dupG,mmpR5|c.321dupC,mmpR5,c.198dupG,mmpR5,c.321dupC,bedaquiline;clofazimine,bedaquiline;clofazimine,within_class,13,1,0,13,1,346,0.0,1.0,True,,,1.0,False
mmpR5|c.198dupG,mmpR5|c.291delC,mmpR5,c.198dupG,mmpR5,c.291delC,bedaquiline;clofazimine,bedaquiline;clofazimine,within_class,13,1,0,13,1,346,0.0,1.0,True,,,1.0,False
mmpR5|c.198dupG,mmpR5|c.214delC,mmpR5,c.198dupG,mmpR5,c.214delC,bedaquiline;clofazimine,bedaquiline;clofazimine,within_class,13,1,0,13,1,346,0.0,1.0,True,,,1.0,False
mmpR5|c.198dupG,mmpR5|c.19delG,mmpR5,c.198dupG,mmpR5,c.19delG,bedaquiline;clofazimine,bedaquiline;clofazimine,within_class,13,1,0,13,1,346,0.0,1.0,True,,,1.0,False
mmpR5|c.198delG,tlyA|c.585_588delTGGG,mmpR5,c.198delG,tlyA,c.585_588delTGGG,bedaquiline;clofazimine,capreomycin,cross_class,1,30,0,1,30,329,0.0,1.0,True,,,1.0,False
mmpR5|c.198delG,tlyA|c.388dupG,mmpR5,c.198delG,tlyA,c.388dupG,bedaquiline;clofazimine,capreomycin,cross_class,1,1,0,1,1,358,0.0,1.0,True,,,1.0,False
mmpR5|c.198delG,rrs|n.517C>T,mmpR5,c.198delG,rrs,n.517C>T,bedaquiline;clofazimine,streptomycin,cross_class,1,2,0,1,2,357,0.0,1.0,True,,,1.0,False
mmpR5|c.198delG,rrs|n.514A>C,mmpR5,c.198delG,rrs,n.514A>C,bedaquiline;clofazimine,streptomycin,cross_class,1,164,1,0,163,196,inf,0.45555555555555555,True,lineage2,100.0,1.0,False
mmpR5|c.198delG,rrs|n.1402C>T,mmpR5,c.198delG,rrs,n.1402C>T,bedaquiline;clofazimine,amikacin;capreomycin;kanamycin,cross_class,1,2,0,1,2,357,0.0,1.0,True,,,1.0,False
mmpR5|c.198dupG,pncA|p.Ile31Ser,mmpR5,c.198dupG,pncA,p.Ile31Ser,bedaquiline;clofazimine,pyrazinamide,cross_class,13,1,0,13,1,346,0.0,1.0,True,,,1.0,False
mmpR5|c.198dupG,pncA|p.Gln141Pro,mmpR5,c.198dupG,pncA,p.Gln141Pro,bedaquiline;clofazimine,pyrazinamide,cross_class,13,1,0,13,1,346,0.0,1.0,True,,,1.0,False
mmpR5|c.198dupG,pncA|p.Cys14Arg,mmpR5,c.198dupG,pncA,p.Cys14Arg,bedaquiline;clofazimine,pyrazinamide,cross_class,13,87,2,11,85,262,0.560427807486631,0.7416133710683626,False,lineage2,100.0,1.0,False
mmpR5|c.198dupG,pncA|p.Asp8Asn,mmpR5,c.198dupG,pncA,p.Asp8Asn,bedaquiline;clofazimine,pyrazinamide,cross_class,13,5,0,13,5,342,0.0,1.0,False,,,1.0,False
mmpR5|c.198dupG,pncA|p.Ala146Thr,mmpR5,c.198dupG,pncA,p.Ala146Thr,bedaquiline;clofazimine,pyrazinamide,cross_class,13,2,0,13,2,345,0.0,1.0,True,,,1.0,False
mmpR5|c.198dupG,pncA|c.517dupG,mmpR5,c.198dupG,pncA,c.517dupG,bedaquiline;clofazimine,pyrazinamide,cross_class,13,70,0,13,70,277,0.0,0.08104232261886092,False,,,1.0,False
mmpR5|c.198dupG,pncA|c.459_466delCAGGGTGC,mmpR5,c.198dupG,pncA,c.459_466delCAGGGTGC,bedaquiline;clofazimine,pyrazinamide,cross_class,13,1,0,13,1,346,0.0,1.0,True,,,1.0,False
mmpR5|c.198dupG,pncA|c.393dupC,mmpR5,c.198dupG,pncA,c.393dupC,bedaquiline;clofazimine,pyrazinamide,cross_class,13,1,0,13,1,346,0.0,1.0,True,,,1.0,False
mmpR5|c.198dupG,pncA|c.169delC,mmpR5,c.198dupG,pncA,c.169delC,bedaquiline;clofazimine,pyrazinamide,cross_class,13,1,0,13,1,346,0.0,1.0,True,,,1.0,False
mmpR5|c.198dupG,mmpR5|p.Val1?,mmpR5,c.198dupG,mmpR5,p.Val1?,bedaquiline;clofazimine,bedaquiline;clofazimine,within_class,13,1,0,13,1,346,0.0,1.0,True,,,1.0,False
mmpR5|c.198dupG,mmpR5|p.Tyr145*,mmpR5,c.198dupG,mmpR5,p.Tyr145*,bedaquiline;clofazimine,bedaquiline;clofazimine,within_class,13,2,0,13,2,345,0.0,1.0,True,,,1.0,False
mmpR5|c.198dupG,mmpR5|p.Ile67Ser,mmpR5,c.198dupG,mmpR5,p.Ile67Ser,bedaquiline;clofazimine,bedaquiline;clofazimine,within_class,13,2,0,13,2,345,0.0,1.0,True,,,1.0,False
mmpR5|c.198dupG,mmpR5|p.Gly121Arg,mmpR5,c.198dupG,mmpR5,p.Gly121Arg,bedaquiline;clofazimine,bedaquiline;clofazimine,within_class,13,1,0,13,1,346,0.0,1.0,True,,,1.0,False
mmpR5|c.198dupG,mmpR5|p.Gln76*,mmpR5,c.198dupG,mmpR5,p.Gln76*,bedaquiline;clofazimine,bedaquiline;clofazimine,within_class,13,2,0,13,2,345,0.0,1.0,True,,,1.0,False
mmpR5|c.198dupG,mmpR5|p.Asn70Asp,mmpR5,c.198dupG,mmpR5,p.Asn70Asp,bedaquiline;clofazimine,bedaquiline;clofazimine,within_class,13,1,0,13,1,346,0.0,1.0,True,,,1.0,False
ddn|c.365_366insC,embB|p.Tyr319Ser,ddn,c.365_366insC,embB,p.Tyr319Ser,delamanid;pretomanid,ethambutol,cross_class,1,1,0,1,1,358,0.0,1.0,True,,,1.0,False
ddn|c.365_366insC,embB|p.Met306Val,ddn,c.365_366insC,embB,p.Met306Val,delamanid;pretomanid,ethambutol,cross_class,1,23,0,1,23,336,0.0,1.0,True,,,1.0,False
ddn|c.365_366insC,embB|p.Met306Leu,ddn,c.365_366insC,embB,p.Met306Leu,delamanid;pretomanid,ethambutol,cross_class,1,1,0,1,1,358,0.0,1.0,True,,,1.0,False
ddn|c.365_366insC,embB|p.Met306Ile,ddn,c.365_366insC,embB,p.Met306Ile,delamanid;pretomanid,ethambutol,cross_class,1,166,1,0,165,194,inf,0.46111111111111114,True,lineage2,100.0,1.0,False
ddn|c.365_366insC,embB|p.Gly406Asp,ddn,c.365_366insC,embB,p.Gly406Asp,delamanid;pretomanid,ethambutol,cross_class,1,3,0,1,3,356,0.0,1.0,True,,,1.0,False
ddn|c.365_366insC,embB|p.Gly406Ala,ddn,c.365_366insC,embB,p.Gly406Ala,delamanid;pretomanid,ethambutol,cross_class,1,1,0,1,1,358,0.0,1.0,True,,,1.0,False
ddn|c.365_366insC,embB|p.Gln497Lys,ddn,c.365_366insC,embB,p.Gln497Lys,delamanid;pretomanid,ethambutol,cross_class,1,82,0,1,82,277,0.0,1.0,True,,,1.0,False
ddn|c.365_366insC,eis|c.-14C>T,ddn,c.365_366insC,eis,c.-14C>T,delamanid;pretomanid,amikacin;kanamycin,cross_class,1,1,0,1,1,358,0.0,1.0,True,,,1.0,False
ddn|c.365_366insC,eis|c.-10G>A,ddn,c.365_366insC,eis,c.-10G>A,delamanid;pretomanid,kanamycin,cross_class,1,1,0,1,1,358,0.0,1.0,True,,,1.0,False
atpE|p.Glu61Asp,tlyA|c.585_588delTGGG,atpE,p.Glu61Asp,tlyA,c.585_588delTGGG,bedaquiline,capreomycin,cross_class,1,30,0,1,30,329,0.0,1.0,True,,,1.0,False
atpE|p.Glu61Asp,tlyA|c.388dupG,atpE,p.Glu61Asp,tlyA,c.388dupG,bedaquiline,capreomycin,cross_class,1,1,0,1,1,358,0.0,1.0,True,,,1.0,False
atpE|p.Glu61Asp,rrs|n.517C>T,atpE,p.Glu61Asp,rrs,n.517C>T,bedaquiline,streptomycin,cross_class,1,2,0,1,2,357,0.0,1.0,True,,,1.0,False
atpE|p.Glu61Asp,rrs|n.514A>C,atpE,p.Glu61Asp,rrs,n.514A>C,bedaquiline,streptomycin,cross_class,1,164,0,1,164,195,0.0,1.0,True,,,1.0,False
atpE|p.Glu61Asp,rrs|n.1402C>T,atpE,p.Glu61Asp,rrs,n.1402C>T,bedaquiline,amikacin;capreomycin;kanamycin,cross_class,1,2,0,1,2,357,0.0,1.0,True,,,1.0,False
atpE|p.Glu61Asp,rrs|n.1401A>G,atpE,p.Glu61Asp,rrs,n.1401A>G,bedaquiline,amikacin;capreomycin;kanamycin,cross_class,1,85,0,1,85,274,0.0,1.0,True,,,1.0,False
atpE|p.Glu61Asp,rrl|n.2814G>T,atpE,p.Glu61Asp,rrl,n.2814G>T,bedaquiline,linezolid,cross_class,1,2,0,1,2,357,0.0,1.0,True,,,1.0,False
mmpR5|c.198dupG,rpoB|p.His445Asp,mmpR5,c.198dupG,rpoB,p.His445Asp,bedaquiline;clofazimine,rifampicin;rifapentine,cross_class,13,11,0,13,11,336,0.0,1.0,False,,,1.0,False
mmpR5|c.198dupG,rpoB|p.His445Asn,mmpR5,c.198dupG,rpoB,p.His445Asn,bedaquiline;clofazimine,rifampicin;rifapentine,cross_class,13,6,0,13,6,341,0.0,1.0,False,,,1.0,False
mmpR5|c.198dupG,rpoB|p.Gln432Lys,mmpR5,c.198dupG,rpoB,p.Gln432Lys,bedaquiline;clofazimine,rifampicin;rifapentine,cross_class,13,1,0,13,1,346,0.0,1.0,True,,,1.0,False
mmpR5|c.198dupG,rpoB|p.Asp435Val,mmpR5,c.198dupG,rpoB,p.Asp435Val,bedaquiline;clofazimine,rifampicin;rifapentine,cross_class,13,73,0,13,73,274,0.0,0.0790712075783366,False,,,1.0,False
mmpR5|c.198dupG,rpoB|p.Asp435Tyr,mmpR5,c.198dupG,rpoB,p.Asp435Tyr,bedaquiline;clofazimine,rifampicin;rifapentine,cross_class,13,9,0,13,9,338,0.0,1.0,False,,,1.0,False
mmpR5|c.198dupG,rpoB|p.Asp435Gly,mmpR5,c.198dupG,rpoB,p.Asp435Gly,bedaquiline;clofazimine,rifampicin;rifapentine,cross_class,13,2,0,13,2,345,0.0,1.0,True,,,1.0,False
mmpR5|c.198dupG,rpoB|p.Asp435Ala,mmpR5,c.198dupG,rpoB,p.Asp435Ala,bedaquiline;clofazimine,rifampicin;rifapentine,cross_class,13,1,0,13,1,346,0.0,1.0,True,,,1.0,False
mmpR5|c.198dupG,rpoB|p.Ala451Val,mmpR5,c.198dupG,rpoB,p.Ala451Val,bedaquiline;clofazimine,rifampicin;rifapentine,cross_class,13,3,0,13,3,344,0.0,1.0,True,,,1.0,False
mmpR5|c.198dupG,rpoB|c.1296_1304delATTCATGGA,mmpR5,c.198dupG,rpoB,c.1296_1304delATTCATGGA,bedaquiline;clofazimine,rifampicin;rifapentine,cross_class,13,2,0,13,2,345,0.0,1.0,True,,,1.0,False
mmpR5|c.198dupG,rpoB|c.1294_1299delCAATTC,mmpR5,c.198dupG,rpoB,c.1294_1299delCAATTC,bedaquiline;clofazimine,rifampicin;rifapentine,cross_class,13,1,0,13,1,346,0.0,1.0,True,,,1.0,False
mmpR5|c.198dupG,rplC|p.Cys154Arg,mmpR5,c.198dupG,rplC,p.Cys154Arg,bedaquiline;clofazimine,linezolid,cross_class,13,4,0,13,4,343,0.0,1.0,True,,,1.0,False
mmpR5|c.198dupG,pncA|p.Val180Phe,mmpR5,c.198dupG,pncA,p.Val180Phe,bedaquiline;clofazimine,pyrazinamide,cross_class,13,1,0,13,1,346,0.0,1.0,True,,,1.0,False
mmpR5|c.198dupG,pncA|p.Val139Gly,mmpR5,c.198dupG,pncA,p.Val139Gly,bedaquiline;clofazimine,pyrazinamide,cross_class,13,1,0,13,1,346,0.0,1.0,True,,,1.0,False
mmpR5|c.198dupG,pncA|p.Thr47Ala,mmpR5,c.198dupG,pncA,p.Thr47Ala,bedaquiline;clofazimine,pyrazinamide,cross_class,13,1,0,13,1,346,0.0,1.0,True,,,1.0,False
mmpR5|c.198dupG,tlyA|c.388dupG,mmpR5,c.198dupG,tlyA,c.388dupG,bedaquiline;clofazimine,capreomycin,cross_class,13,1,0,13,1,346,0.0,1.0,True,,,1.0,False
mmpR5|c.198dupG,rrs|n.517C>T,mmpR5,c.198dupG,rrs,n.517C>T,bedaquiline;clofazimine,streptomycin,cross_class,13,2,1,12,1,346,28.833333333333332,0.07101516558341071,True,lineage2,100.0,1.0,False
mmpR5|c.198dupG,rrs|n.1402C>T,mmpR5,c.198dupG,rrs,n.1402C>T,bedaquiline;clofazimine,amikacin;capreomycin;kanamycin,cross_class,13,2,0,13,2,345,0.0,1.0,True,,,1.0,False
mmpR5|c.198dupG,rrl|n.2814G>T,mmpR5,c.198dupG,rrl,n.2814G>T,bedaquiline;clofazimine,linezolid,cross_class,13,2,0,13,2,345,0.0,1.0,True,,,1.0,False
mmpR5|c.198dupG,rrl|n.2270G>T,mmpR5,c.198dupG,rrl,n.2270G>T,bedaquiline;clofazimine,linezolid,cross_class,13,2,0,13,2,345,0.0,1.0,True,,,1.0,False
mmpR5|c.198dupG,rpsL|p.Lys88Arg,mmpR5,c.198dupG,rpsL,p.Lys88Arg,bedaquiline;clofazimine,streptomycin,cross_class,13,8,1,12,7,340,4.0476190476190474,0.25709698170802997,False,lineage2,100.0,1.0,False
mmpR5|c.198dupG,rpoB|p.Val170Phe,mmpR5,c.198dupG,rpoB,p.Val170Phe,bedaquiline;clofazimine,rifampicin;rifapentine,cross_class,13,2,0,13,2,345,0.0,1.0,True,,,1.0,False
mmpR5|c.198dupG,rpoB|p.Ser450Leu,mmpR5,c.198dupG,rpoB,p.Ser450Leu,bedaquiline;clofazimine,rifampicin;rifapentine,cross_class,13,139,7,6,132,215,1.9002525252525253,0.2607880371920822,False,lineage2,100.0,1.0,False
mmpR5|c.198dupG,rpoB|p.Ile491Phe,mmpR5,c.198dupG,rpoB,p.Ile491Phe,bedaquiline;clofazimine,rifampicin;rifapentine,cross_class,13,1,0,13,1,346,0.0,1.0,True,,,1.0,False
mmpR5|c.198dupG,rpoB|p.His445Tyr,mmpR5,c.198dupG,rpoB,p.His445Tyr,bedaquiline;clofazimine,rifampicin;rifapentine,cross_class,13,5,0,13,5,342,0.0,1.0,False,,,1.0,False
mmpR5|c.198dupG,rpoB|p.His445Leu,mmpR5,c.198dupG,rpoB,p.His445Leu,bedaquiline;clofazimine,rifampicin;rifapentine,cross_class,13,1,0,13,1,346,0.0,1.0,True,,,1.0,False
mmpR5|c.19delG,mmpR5|p.Ile67Ser,mmpR5,c.19delG,mmpR5,p.Ile67Ser,bedaquiline;clofazimine,bedaquiline;clofazimine,within_class,1,2,0,1,2,357,0.0,1.0,True,,,1.0,False
mmpR5|c.19delG,mmpR5|p.Gly121Arg,mmpR5,c.19delG,mmpR5,p.Gly121Arg,bedaquiline;clofazimine,bedaquiline;clofazimine,within_class,1,1,0,1,1,358,0.0,1.0,True,,,1.0,False
mmpR5|c.19delG,mmpR5|p.Gln76*,mmpR5,c.19delG,mmpR5,p.Gln76*,bedaquiline;clofazimine,bedaquiline;clofazimine,within_class,1,2,0,1,2,357,0.0,1.0,True,,,1.0,False
mmpR5|c.19delG,mmpR5|p.Asn70Asp,mmpR5,c.19delG,mmpR5,p.Asn70Asp,bedaquiline;clofazimine,bedaquiline;clofazimine,within_class,1,1,0,1,1,358,0.0,1.0,True,,,1.0,False
mmpR5|c.19delG,mmpR5|p.Arg156*,mmpR5,c.19delG,mmpR5,p.Arg156*,bedaquiline;clofazimine,bedaquiline;clofazimine,within_class,1,1,0,1,1,358,0.0,1.0,True,,,1.0,False
mmpR5|c.19delG,mmpR5|p.Arg134*,mmpR5,c.19delG,mmpR5,p.Arg134*,bedaquiline;clofazimine,bedaquiline;clofazimine,within_class,1,1,0,1,1,358,0.0,1.0,True,,,1.0,False
mmpR5|c.19delG,mmpR5|c.466dupC,mmpR5,c.19delG,mmpR5,c.466dupC,bedaquiline;clofazimine,bedaquiline;clofazimine,within_class,1,1,0,1,1,358,0.0,1.0,True,,,1.0,False
mmpR5|c.19delG,mmpR5|c.441_442delGA,mmpR5,c.19delG,mmpR5,c.441_442delGA,bedaquiline;clofazimine,bedaquiline;clofazimine,within_class,1,2,0,1,2,357,0.0,1.0,True,,,1.0,False
mmpR5|c.19delG,mmpR5|c.430dupG,mmpR5,c.19delG,mmpR5,c.430dupG,bedaquiline;clofazimine,bedaquiline;clofazimine,within_class,1,1,0,1,1,358,0.0,1.0,True,,,1.0,False
mmpR5|c.19delG,mmpR5|c.424dupC,mmpR5,c.19delG,mmpR5,c.424dupC,bedaquiline;clofazimine,bedaquiline;clofazimine,within_class,1,14,0,1,14,345,0.0,1.0,True,,,1.0,False
mmpR5|c.19delG,mmpR5|c.386delC,mmpR5,c.19delG,mmpR5,c.386delC,bedaquiline;clofazimine,bedaquiline;clofazimine,within_class,1,1,0,1,1,358,0.0,1.0,True,,,1.0,False
mmpR5|c.19delG,mmpR5|c.366dupG,mmpR5,c.19delG,mmpR5,c.366dupG,bedaquiline;clofazimine,bedaquiline;clofazimine,within_class,1,1,0,1,1,358,0.0,1.0,True,,,1.0,False
mmpR5|c.19delG,mmpR5|c.321dupC,mmpR5,c.19delG,mmpR5,c.321dupC,bedaquiline;clofazimine,bedaquiline;clofazimine,within_class,1,1,0,1,1,358,0.0,1.0,True,,,1.0,False
mmpR5|c.19delG,mmpR5|c.291delC,mmpR5,c.19delG,mmpR5,c.291delC,bedaquiline;clofazimine,bedaquiline;clofazimine,within_class,1,1,0,1,1,358,0.0,1.0,True,,,1.0,False
mmpR5|c.19delG,mmpR5|c.214delC,mmpR5,c.19delG,mmpR5,c.214delC,bedaquiline;clofazimine,bedaquiline;clofazimine,within_class,1,1,0,1,1,358,0.0,1.0,True,,,1.0,False
mmpR5|c.198dupG,tlyA|c.585_588delTGGG,mmpR5,c.198dupG,tlyA,c.585_588delTGGG,bedaquiline;clofazimine,capreomycin,cross_class,13,30,2,11,28,319,2.0714285714285716,0.2959755447610681,False,lineage2,100.0,1.0,False
mmpR5|c.19delG,rplC|p.Cys154Arg,mmpR5,c.19delG,rplC,p.Cys154Arg,bedaquiline;clofazimine,linezolid,cross_class,1,4,0,1,4,355,0.0,1.0,True,,,1.0,False
mmpR5|c.19delG,pncA|p.Val180Phe,mmpR5,c.19delG,pncA,p.Val180Phe,bedaquiline;clofazimine,pyrazinamide,cross_class,1,1,0,1,1,358,0.0,1.0,True,,,1.0,False
mmpR5|c.19delG,pncA|p.Val139Gly,mmpR5,c.19delG,pncA,p.Val139Gly,bedaquiline;clofazimine,pyrazinamide,cross_class,1,1,0,1,1,358,0.0,1.0,True,,,1.0,False
mmpR5|c.19delG,pncA|p.Thr47Ala,mmpR5,c.19delG,pncA,p.Thr47Ala,bedaquiline;clofazimine,pyrazinamide,cross_class,1,1,0,1,1,358,0.0,1.0,True,,,1.0,False
mmpR5|c.19delG,pncA|p.Ser104Arg,mmpR5,c.19delG,pncA,p.Ser104Arg,bedaquiline;clofazimine,pyrazinamide,cross_class,1,7,0,1,7,352,0.0,1.0,True,,,1.0,False
mmpR5|c.19delG,pncA|p.Ile31Ser,mmpR5,c.19delG,pncA,p.Ile31Ser,bedaquiline;clofazimine,pyrazinamide,cross_class,1,1,0,1,1,358,0.0,1.0,True,,,1.0,False
mmpR5|c.19delG,pncA|p.Gln141Pro,mmpR5,c.19delG,pncA,p.Gln141Pro,bedaquiline;clofazimine,pyrazinamide,cross_class,1,1,0,1,1,358,0.0,1.0,True,,,1.0,False
mmpR5|c.19delG,pncA|p.Cys14Arg,mmpR5,c.19delG,pncA,p.Cys14Arg,bedaquiline;clofazimine,pyrazinamide,cross_class,1,87,0,1,87,272,0.0,1.0,True,,,1.0,False
mmpR5|c.19delG,pncA|p.Asp8Asn,mmpR5,c.19delG,pncA,p.Asp8Asn,bedaquiline;clofazimine,pyrazinamide,cross_class,1,5,0,1,5,354,0.0,1.0,True,,,1.0,False
mmpR5|c.19delG,pncA|p.Ala146Thr,mmpR5,c.19delG,pncA,p.Ala146Thr,bedaquiline;clofazimine,pyrazinamide,cross_class,1,2,0,1,2,357,0.0,1.0,True,,,1.0,False
mmpR5|c.19delG,pncA|c.517dupG,mmpR5,c.19delG,pncA,c.517dupG,bedaquiline;clofazimine,pyrazinamide,cross_class,1,70,0,1,70,289,0.0,1.0,True,,,1.0,False
mmpR5|c.19delG,pncA|c.459_466delCAGGGTGC,mmpR5,c.19delG,pncA,c.459_466delCAGGGTGC,bedaquiline;clofazimine,pyrazinamide,cross_class,1,1,0,1,1,358,0.0,1.0,True,,,1.0,False
mmpR5|c.19delG,pncA|c.393dupC,mmpR5,c.19delG,pncA,c.393dupC,bedaquiline;clofazimine,pyrazinamide,cross_class,1,1,0,1,1,358,0.0,1.0,True,,,1.0,False
mmpR5|c.19delG,pncA|c.169delC,mmpR5,c.19delG,pncA,c.169delC,bedaquiline;clofazimine,pyrazinamide,cross_class,1,1,0,1,1,358,0.0,1.0,True,,,1.0,False
mmpR5|c.19delG,mmpR5|p.Val1?,mmpR5,c.19delG,mmpR5,p.Val1?,bedaquiline;clofazimine,bedaquiline;clofazimine,within_class,1,1,0,1,1,358,0.0,1.0,True,,,1.0,False
mmpR5|c.19delG,mmpR5|p.Tyr145*,mmpR5,c.19delG,mmpR5,p.Tyr145*,bedaquiline;clofazimine,bedaquiline;clofazimine,within_class,1,2,0,1,2,357,0.0,1.0,True,,,1.0,False
mmpR5|c.19delG,rpoB|p.Leu452Pro,mmpR5,c.19delG,rpoB,p.Leu452Pro,bedaquiline;clofazimine,rifampicin;rifapentine,cross_class,1,10,0,1,10,349,0.0,1.0,True,,,1.0,False
mmpR5|c.19delG,rpoB|p.Leu430Pro,mmpR5,c.19delG,rpoB,p.Leu430Pro,bedaquiline;clofazimine,rifampicin;rifapentine,cross_class,1,22,0,1,22,337,0.0,1.0,True,,,1.0,False
mmpR5|c.19delG,rpoB|p.Ile491Phe,mmpR5,c.19delG,rpoB,p.Ile491Phe,bedaquiline;clofazimine,rifampicin;rifapentine,cross_class,1,1,0,1,1,358,0.0,1.0,True,,,1.0,False
mmpR5|c.19delG,rpoB|p.His445Tyr,mmpR5,c.19delG,rpoB,p.His445Tyr,bedaquiline;clofazimine,rifampicin;rifapentine,cross_class,1,5,0,1,5,354,0.0,1.0,True,,,1.0,False
mmpR5|c.19delG,rpoB|p.His445Leu,mmpR5,c.19delG,rpoB,p.His445Leu,bedaquiline;clofazimine,rifampicin;rifapentine,cross_class,1,1,0,1,1,358,0.0,1.0,True,,,1.0,False
mmpR5|c.19delG,rpoB|p.His445Asp,mmpR5,c.19delG,rpoB,p.His445Asp,bedaquiline;clofazimine,rifampicin;rifapentine,cross_class,1,11,0,1,11,348,0.0,1.0,True,,,1.0,False
mmpR5|c.19delG,rpoB|p.His445Asn,mmpR5,c.19delG,rpoB,p.His445Asn,bedaquiline;clofazimine,rifampicin;rifapentine,cross_class,1,6,0,1,6,353,0.0,1.0,True,,,1.0,False
mmpR5|c.19delG,rpoB|p.Gln432Lys,mmpR5,c.19delG,rpoB,p.Gln432Lys,bedaquiline;clofazimine,rifampicin;rifapentine,cross_class,1,1,0,1,1,358,0.0,1.0,True,,,1.0,False
mmpR5|c.19delG,rpoB|p.Asp435Val,mmpR5,c.19delG,rpoB,p.Asp435Val,bedaquiline;clofazimine,rifampicin;rifapentine,cross_class,1,73,0,1,73,286,0.0,1.0,True,,,1.0,False
mmpR5|c.19delG,rpoB|p.Asp435Tyr,mmpR5,c.19delG,rpoB,p.Asp435Tyr,bedaquiline;clofazimine,rifampicin;rifapentine,cross_class,1,9,0,1,9,350,0.0,1.0,True,,,1.0,False
mmpR5|c.19delG,rpoB|p.Asp435Gly,mmpR5,c.19delG,rpoB,p.Asp435Gly,bedaquiline;clofazimine,rifampicin;rifapentine,cross_class,1,2,0,1,2,357,0.0,1.0,True,,,1.0,False
mmpR5|c.19delG,rpoB|p.Asp435Ala,mmpR5,c.19delG,rpoB,p.Asp435Ala,bedaquiline;clofazimine,rifampicin;rifapentine,cross_class,1,1,0,1,1,358,0.0,1.0,True,,,1.0,False
mmpR5|c.19delG,rpoB|p.Asn437Ser,mmpR5,c.19delG,rpoB,p.Asn437Ser,bedaquiline;clofazimine,rifampicin;rifapentine,cross_class,1,2,0,1,2,357,0.0,1.0,True,,,1.0,False
mmpR5|c.19delG,rpoB|p.Ala451Val,mmpR5,c.19delG,rpoB,p.Ala451Val,bedaquiline;clofazimine,rifampicin;rifapentine,cross_class,1,3,0,1,3,356,0.0,1.0,True,,,1.0,False
mmpR5|c.19delG,rpoB|c.1296_1304delATTCATGGA,mmpR5,c.19delG,rpoB,c.1296_1304delATTCATGGA,bedaquiline;clofazimine,rifampicin;rifapentine,cross_class,1,2,0,1,2,357,0.0,1.0,True,,,1.0,False
mmpR5|c.19delG,rpoB|c.1294_1299delCAATTC,mmpR5,c.19delG,rpoB,c.1294_1299delCAATTC,bedaquiline;clofazimine,rifampicin;rifapentine,cross_class,1,1,0,1,1,358,0.0,1.0,True,,,1.0,False
mmpR5|c.214delC,mmpR5|c.386delC,mmpR5,c.214delC,mmpR5,c.386delC,bedaquiline;clofazimine,bedaquiline;clofazimine,within_class,1,1,0,1,1,358,0.0,1.0,True,,,1.0,False
mmpR5|c.214delC,mmpR5|c.366dupG,mmpR5,c.214delC,mmpR5,c.366dupG,bedaquiline;clofazimine,bedaquiline;clofazimine,within_class,1,1,0,1,1,358,0.0,1.0,True,,,1.0,False
mmpR5|c.214delC,mmpR5|c.321dupC,mmpR5,c.214delC,mmpR5,c.321dupC,bedaquiline;clofazimine,bedaquiline;clofazimine,within_class,1,1,0,1,1,358,0.0,1.0,True,,,1.0,False
mmpR5|c.214delC,mmpR5|c.291delC,mmpR5,c.214delC,mmpR5,c.291delC,bedaquiline;clofazimine,bedaquiline;clofazimine,within_class,1,1,0,1,1,358,0.0,1.0,True,,,1.0,False
mmpR5|c.19delG,tlyA|c.585_588delTGGG,mmpR5,c.19delG,tlyA,c.585_588delTGGG,bedaquiline;clofazimine,capreomycin,cross_class,1,30,0,1,30,329,0.0,1.0,True,,,1.0,False
mmpR5|c.19delG,tlyA|c.388dupG,mmpR5,c.19delG,tlyA,c.388dupG,bedaquiline;clofazimine,capreomycin,cross_class,1,1,0,1,1,358,0.0,1.0,True,,,1.0,False
mmpR5|c.19delG,rrs|n.517C>T,mmpR5,c.19delG,rrs,n.517C>T,bedaquiline;clofazimine,streptomycin,cross_class,1,2,0,1,2,357,0.0,1.0,True,,,1.0,False
mmpR5|c.19delG,rrs|n.514A>C,mmpR5,c.19delG,rrs,n.514A>C,bedaquiline;clofazimine,streptomycin,cross_class,1,164,0,1,164,195,0.0,1.0,True,,,1.0,False
mmpR5|c.19delG,rrs|n.1402C>T,mmpR5,c.19delG,rrs,n.1402C>T,bedaquiline;clofazimine,amikacin;capreomycin;kanamycin,cross_class,1,2,0,1,2,357,0.0,1.0,True,,,1.0,False
mmpR5|c.19delG,rrs|n.1401A>G,mmpR5,c.19delG,rrs,n.1401A>G,bedaquiline;clofazimine,amikacin;capreomycin;kanamycin,cross_class,1,85,0,1,85,274,0.0,1.0,True,,,1.0,False
mmpR5|c.19delG,rrl|n.2814G>T,mmpR5,c.19delG,rrl,n.2814G>T,bedaquiline;clofazimine,linezolid,cross_class,1,2,0,1,2,357,0.0,1.0,True,,,1.0,False
mmpR5|c.19delG,rrl|n.2270G>T,mmpR5,c.19delG,rrl,n.2270G>T,bedaquiline;clofazimine,linezolid,cross_class,1,2,0,1,2,357,0.0,1.0,True,,,1.0,False
mmpR5|c.19delG,rpsL|p.Lys88Arg,mmpR5,c.19delG,rpsL,p.Lys88Arg,bedaquiline;clofazimine,streptomycin,cross_class,1,8,0,1,8,351,0.0,1.0,True,,,1.0,False
mmpR5|c.19delG,rpsL|p.Lys43Arg,mmpR5,c.19delG,rpsL,p.Lys43Arg,bedaquiline;clofazimine,streptomycin,cross_class,1,26,0,1,26,333,0.0,1.0,True,,,1.0,False
mmpR5|c.19delG,rpoB|p.Val170Phe,mmpR5,c.19delG,rpoB,p.Val170Phe,bedaquiline;clofazimine,rifampicin;rifapentine,cross_class,1,2,0,1,2,357,0.0,1.0,True,,,1.0,False
mmpR5|c.19delG,rpoB|p.Ser450Leu,mmpR5,c.19delG,rpoB,p.Ser450Leu,bedaquiline;clofazimine,rifampicin;rifapentine,cross_class,1,139,0,1,139,220,0.0,1.0,True,,,1.0,False
mmpR5|c.214delC,pncA|c.517dupG,mmpR5,c.214delC,pncA,c.517dupG,bedaquiline;clofazimine,pyrazinamide,cross_class,1,70,0,1,70,289,0.0,1.0,True,,,1.0,False
mmpR5|c.214delC,pncA|c.459_466delCAGGGTGC,mmpR5,c.214delC,pncA,c.459_466delCAGGGTGC,bedaquiline;clofazimine,pyrazinamide,cross_class,1,1,0,1,1,358,0.0,1.0,True,,,1.0,False
mmpR5|c.214delC,pncA|c.393dupC,mmpR5,c.214delC,pncA,c.393dupC,bedaquiline;clofazimine,pyrazinamide,cross_class,1,1,0,1,1,358,0.0,1.0,True,,,1.0,False
mmpR5|c.214delC,pncA|c.169delC,mmpR5,c.214delC,pncA,c.169delC,bedaquiline;clofazimine,pyrazinamide,cross_class,1,1,0,1,1,358,0.0,1.0,True,,,1.0,False
mmpR5|c.214delC,mmpR5|p.Val1?,mmpR5,c.214delC,mmpR5,p.Val1?,bedaquiline;clofazimine,bedaquiline;clofazimine,within_class,1,1,0,1,1,358,0.0,1.0,True,,,1.0,False
mmpR5|c.214delC,mmpR5|p.Tyr145*,mmpR5,c.214delC,mmpR5,p.Tyr145*,bedaquiline;clofazimine,bedaquiline;clofazimine,within_class,1,2,0,1,2,357,0.0,1.0,True,,,1.0,False
mmpR5|c.214delC,mmpR5|p.Ile67Ser,mmpR5,c.214delC,mmpR5,p.Ile67Ser,bedaquiline;clofazimine,bedaquiline;clofazimine,within_class,1,2,0,1,2,357,0.0,1.0,True,,,1.0,False
mmpR5|c.214delC,mmpR5|p.Gly121Arg,mmpR5,c.214delC,mmpR5,p.Gly121Arg,bedaquiline;clofazimine,bedaquiline;clofazimine,within_class,1,1,0,1,1,358,0.0,1.0,True,,,1.0,False
mmpR5|c.214delC,mmpR5|p.Gln76*,mmpR5,c.214delC,mmpR5,p.Gln76*,bedaquiline;clofazimine,bedaquiline;clofazimine,within_class,1,2,0,1,2,357,0.0,1.0,True,,,1.0,False
mmpR5|c.214delC,mmpR5|p.Asn70Asp,mmpR5,c.214delC,mmpR5,p.Asn70Asp,bedaquiline;clofazimine,bedaquiline;clofazimine,within_class,1,1,0,1,1,358,0.0,1.0,True,,,1.0,False
mmpR5|c.214delC,mmpR5|p.Arg156*,mmpR5,c.214delC,mmpR5,p.Arg156*,bedaquiline;clofazimine,bedaquiline;clofazimine,within_class,1,1,0,1,1,358,0.0,1.0,True,,,1.0,False
mmpR5|c.214delC,mmpR5|p.Arg134*,mmpR5,c.214delC,mmpR5,p.Arg134*,bedaquiline;clofazimine,bedaquiline;clofazimine,within_class,1,1,0,1,1,358,0.0,1.0,True,,,1.0,False
mmpR5|c.214delC,mmpR5|c.466dupC,mmpR5,c.214delC,mmpR5,c.466dupC,bedaquiline;clofazimine,bedaquiline;clofazimine,within_class,1,1,0,1,1,358,0.0,1.0,True,,,1.0,False
mmpR5|c.214delC,mmpR5|c.441_442delGA,mmpR5,c.214delC,mmpR5,c.441_442delGA,bedaquiline;clofazimine,bedaquiline;clofazimine,within_class,1,2,0,1,2,357,0.0,1.0,True,,,1.0,False
mmpR5|c.214delC,mmpR5|c.430dupG,mmpR5,c.214delC,mmpR5,c.430dupG,bedaquiline;clofazimine,bedaquiline;clofazimine,within_class,1,1,0,1,1,358,0.0,1.0,True,,,1.0,False
mmpR5|c.214delC,mmpR5|c.424dupC,mmpR5,c.214delC,mmpR5,c.424dupC,bedaquiline;clofazimine,bedaquiline;clofazimine,within_class,1,14,0,1,14,345,0.0,1.0,True,,,1.0,False
mmpR5|c.214delC,rpoB|p.Asp435Gly,mmpR5,c.214delC,rpoB,p.Asp435Gly,bedaquiline;clofazimine,rifampicin;rifapentine,cross_class,1,2,0,1,2,357,0.0,1.0,True,,,1.0,False
mmpR5|c.214delC,rpoB|p.Asp435Ala,mmpR5,c.214delC,rpoB,p.Asp435Ala,bedaquiline;clofazimine,rifampicin;rifapentine,cross_class,1,1,0,1,1,358,0.0,1.0,True,,,1.0,False
mmpR5|c.214delC,rpoB|p.Asn437Ser,mmpR5,c.214delC,rpoB,p.Asn437Ser,bedaquiline;clofazimine,rifampicin;rifapentine,cross_class,1,2,0,1,2,357,0.0,1.0,True,,,1.0,False
mmpR5|c.214delC,rpoB|p.Ala451Val,mmpR5,c.214delC,rpoB,p.Ala451Val,bedaquiline;clofazimine,rifampicin;rifapentine,cross_class,1,3,0,1,3,356,0.0,1.0,True,,,1.0,False
mmpR5|c.214delC,rpoB|c.1296_1304delATTCATGGA,mmpR5,c.214delC,rpoB,c.1296_1304delATTCATGGA,bedaquiline;clofazimine,rifampicin;rifapentine,cross_class,1,2,0,1,2,357,0.0,1.0,True,,,1.0,False
mmpR5|c.214delC,rpoB|c.1294_1299delCAATTC,mmpR5,c.214delC,rpoB,c.1294_1299delCAATTC,bedaquiline;clofazimine,rifampicin;rifapentine,cross_class,1,1,0,1,1,358,0.0,1.0,True,,,1.0,False
mmpR5|c.214delC,rplC|p.Cys154Arg,mmpR5,c.214delC,rplC,p.Cys154Arg,bedaquiline;clofazimine,linezolid,cross_class,1,4,0,1,4,355,0.0,1.0,True,,,1.0,False
mmpR5|c.214delC,pncA|p.Val180Phe,mmpR5,c.214delC,pncA,p.Val180Phe,bedaquiline;clofazimine,pyrazinamide,cross_class,1,1,0,1,1,358,0.0,1.0,True,,,1.0,False
mmpR5|c.214delC,pncA|p.Val139Gly,mmpR5,c.214delC,pncA,p.Val139Gly,bedaquiline;clofazimine,pyrazinamide,cross_class,1,1,0,1,1,358,0.0,1.0,True,,,1.0,False
mmpR5|c.214delC,pncA|p.Thr47Ala,mmpR5,c.214delC,pncA,p.Thr47Ala,bedaquiline;clofazimine,pyrazinamide,cross_class,1,1,0,1,1,358,0.0,1.0,True,,,1.0,False
mmpR5|c.214delC,pncA|p.Ser104Arg,mmpR5,c.214delC,pncA,p.Ser104Arg,bedaquiline;clofazimine,pyrazinamide,cross_class,1,7,0,1,7,352,0.0,1.0,True,,,1.0,False
mmpR5|c.214delC,pncA|p.Ile31Ser,mmpR5,c.214delC,pncA,p.Ile31Ser,bedaquiline;clofazimine,pyrazinamide,cross_class,1,1,0,1,1,358,0.0,1.0,True,,,1.0,False
mmpR5|c.214delC,pncA|p.Gln141Pro,mmpR5,c.214delC,pncA,p.Gln141Pro,bedaquiline;clofazimine,pyrazinamide,cross_class,1,1,0,1,1,358,0.0,1.0,True,,,1.0,False
mmpR5|c.214delC,pncA|p.Cys14Arg,mmpR5,c.214delC,pncA,p.Cys14Arg,bedaquiline;clofazimine,pyrazinamide,cross_class,1,87,1,0,86,273,inf,0.24166666666666667,True,lineage2,100.0,1.0,False
mmpR5|c.214delC,pncA|p.Asp8Asn,mmpR5,c.214delC,pncA,p.Asp8Asn,bedaquiline;clofazimine,pyrazinamide,cross_class,1,5,0,1,5,354,0.0,1.0,True,,,1.0,False
mmpR5|c.214delC,pncA|p.Ala146Thr,mmpR5,c.214delC,pncA,p.Ala146Thr,bedaquiline;clofazimine,pyrazinamide,cross_class,1,2,0,1,2,357,0.0,1.0,True,,,1.0,False
mmpR5|c.214delC,rrl|n.2814G>T,mmpR5,c.214delC,rrl,n.2814G>T,bedaquiline;clofazimine,linezolid,cross_class,1,2,0,1,2,357,0.0,1.0,True,,,1.0,False
mmpR5|c.214delC,rrl|n.2270G>T,mmpR5,c.214delC,rrl,n.2270G>T,bedaquiline;clofazimine,linezolid,cross_class,1,2,0,1,2,357,0.0,1.0,True,,,1.0,False
mmpR5|c.214delC,rpsL|p.Lys88Arg,mmpR5,c.214delC,rpsL,p.Lys88Arg,bedaquiline;clofazimine,streptomycin,cross_class,1,8,0,1,8,351,0.0,1.0,True,,,1.0,False
mmpR5|c.214delC,rpsL|p.Lys43Arg,mmpR5,c.214delC,rpsL,p.Lys43Arg,bedaquiline;clofazimine,streptomycin,cross_class,1,26,0,1,26,333,0.0,1.0,True,,,1.0,False
mmpR5|c.214delC,rpoB|p.Val170Phe,mmpR5,c.214delC,rpoB,p.Val170Phe,bedaquiline;clofazimine,rifampicin;rifapentine,cross_class,1,2,0,1,2,357,0.0,1.0,True,,,1.0,False
mmpR5|c.214delC,rpoB|p.Ser450Leu,mmpR5,c.214delC,rpoB,p.Ser450Leu,bedaquiline;clofazimine,rifampicin;rifapentine,cross_class,1,139,1,0,138,221,inf,0.3861111111111111,True,lineage2,100.0,1.0,False
mmpR5|c.214delC,rpoB|p.Leu452Pro,mmpR5,c.214delC,rpoB,p.Leu452Pro,bedaquiline;clofazimine,rifampicin;rifapentine,cross_class,1,10,0,1,10,349,0.0,1.0,True,,,1.0,False
mmpR5|c.214delC,rpoB|p.Leu430Pro,mmpR5,c.214delC,rpoB,p.Leu430Pro,bedaquiline;clofazimine,rifampicin;rifapentine,cross_class,1,22,0,1,22,337,0.0,1.0,True,,,1.0,False
mmpR5|c.214delC,rpoB|p.Ile491Phe,mmpR5,c.214delC,rpoB,p.Ile491Phe,bedaquiline;clofazimine,rifampicin;rifapentine,cross_class,1,1,0,1,1,358,0.0,1.0,True,,,1.0,False
mmpR5|c.214delC,rpoB|p.His445Tyr,mmpR5,c.214delC,rpoB,p.His445Tyr,bedaquiline;clofazimine,rifampicin;rifapentine,cross_class,1,5,0,1,5,354,0.0,1.0,True,,,1.0,False
mmpR5|c.214delC,rpoB|p.His445Leu,mmpR5,c.214delC,rpoB,p.His445Leu,bedaquiline;clofazimine,rifampicin;rifapentine,cross_class,1,1,0,1,1,358,0.0,1.0,True,,,1.0,False
mmpR5|c.214delC,rpoB|p.His445Asp,mmpR5,c.214delC,rpoB,p.His445Asp,bedaquiline;clofazimine,rifampicin;rifapentine,cross_class,1,11,0,1,11,348,0.0,1.0,True,,,1.0,False
mmpR5|c.214delC,rpoB|p.His445Asn,mmpR5,c.214delC,rpoB,p.His445Asn,bedaquiline;clofazimine,rifampicin;rifapentine,cross_class,1,6,0,1,6,353,0.0,1.0,True,,,1.0,False
mmpR5|c.214delC,rpoB|p.Gln432Lys,mmpR5,c.214delC,rpoB,p.Gln432Lys,bedaquiline;clofazimine,rifampicin;rifapentine,cross_class,1,1,0,1,1,358,0.0,1.0,True,,,1.0,False
mmpR5|c.214delC,rpoB|p.Asp435Val,mmpR5,c.214delC,rpoB,p.Asp435Val,bedaquiline;clofazimine,rifampicin;rifapentine,cross_class,1,73,0,1,73,286,0.0,1.0,True,,,1.0,False
mmpR5|c.214delC,rpoB|p.Asp435Tyr,mmpR5,c.214delC,rpoB,p.Asp435Tyr,bedaquiline;clofazimine,rifampicin;rifapentine,cross_class,1,9,0,1,9,350,0.0,1.0,True,,,1.0,False
mmpR5|c.291delC,mmpR5|p.Asn70Asp,mmpR5,c.291delC,mmpR5,p.Asn70Asp,bedaquiline;clofazimine,bedaquiline;clofazimine,within_class,1,1,0,1,1,358,0.0,1.0,True,,,1.0,False
mmpR5|c.291delC,mmpR5|p.Arg156*,mmpR5,c.291delC,mmpR5,p.Arg156*,bedaquiline;clofazimine,bedaquiline;clofazimine,within_class,1,1,0,1,1,358,0.0,1.0,True,,,1.0,False
mmpR5|c.291delC,mmpR5|p.Arg134*,mmpR5,c.291delC,mmpR5,p.Arg134*,bedaquiline;clofazimine,bedaquiline;clofazimine,within_class,1,1,0,1,1,358,0.0,1.0,True,,,1.0,False
mmpR5|c.291delC,mmpR5|c.466dupC,mmpR5,c.291delC,mmpR5,c.466dupC,bedaquiline;clofazimine,bedaquiline;clofazimine,within_class,1,1,0,1,1,358,0.0,1.0,True,,,1.0,False
mmpR5|c.291delC,mmpR5|c.441_442delGA,mmpR5,c.291delC,mmpR5,c.441_442delGA,bedaquiline;clofazimine,bedaquiline;clofazimine,within_class,1,2,0,1,2,357,0.0,1.0,True,,,1.0,False
mmpR5|c.291delC,mmpR5|c.430dupG,mmpR5,c.291delC,mmpR5,c.430dupG,bedaquiline;clofazimine,bedaquiline;clofazimine,within_class,1,1,0,1,1,358,0.0,1.0,True,,,1.0,False
mmpR5|c.291delC,mmpR5|c.424dupC,mmpR5,c.291delC,mmpR5,c.424dupC,bedaquiline;clofazimine,bedaquiline;clofazimine,within_class,1,14,0,1,14,345,0.0,1.0,True,,,1.0,False
mmpR5|c.291delC,mmpR5|c.386delC,mmpR5,c.291delC,mmpR5,c.386delC,bedaquiline;clofazimine,bedaquiline;clofazimine,within_class,1,1,0,1,1,358,0.0,1.0,True,,,1.0,False
mmpR5|c.291delC,mmpR5|c.366dupG,mmpR5,c.291delC,mmpR5,c.366dupG,bedaquiline;clofazimine,bedaquiline;clofazimine,within_class,1,1,0,1,1,358,0.0,1.0,True,,,1.0,False
mmpR5|c.291delC,mmpR5|c.321dupC,mmpR5,c.291delC,mmpR5,c.321dupC,bedaquiline;clofazimine,bedaquiline;clofazimine,within_class,1,1,0,1,1,358,0.0,1.0,True,,,1.0,False
mmpR5|c.214delC,tlyA|c.585_588delTGGG,mmpR5,c.214delC,tlyA,c.585_588delTGGG,bedaquiline;clofazimine,capreomycin,cross_class,1,30,0,1,30,329,0.0,1.0,True,,,1.0,False
mmpR5|c.214delC,tlyA|c.388dupG,mmpR5,c.214delC,tlyA,c.388dupG,bedaquiline;clofazimine,capreomycin,cross_class,1,1,0,1,1,358,0.0,1.0,True,,,1.0,False
mmpR5|c.214delC,rrs|n.517C>T,mmpR5,c.214delC,rrs,n.517C>T,bedaquiline;clofazimine,streptomycin,cross_class,1,2,0,1,2,357,0.0,1.0,True,,,1.0,False
mmpR5|c.214delC,rrs|n.514A>C,mmpR5,c.214delC,rrs,n.514A>C,bedaquiline;clofazimine,streptomycin,cross_class,1,164,1,0,163,196,inf,0.45555555555555555,True,lineage2,100.0,1.0,False
mmpR5|c.214delC,rrs|n.1402C>T,mmpR5,c.214delC,rrs,n.1402C>T,bedaquiline;clofazimine,amikacin;capreomycin;kanamycin,cross_class,1,2,0,1,2,357,0.0,1.0,True,,,1.0,False
mmpR5|c.214delC,rrs|n.1401A>G,mmpR5,c.214delC,rrs,n.1401A>G,bedaquiline;clofazimine,amikacin;capreomycin;kanamycin,cross_class,1,85,0,1,85,274,0.0,1.0,True,,,1.0,False
mmpR5|c.291delC,pncA|p.Thr47Ala,mmpR5,c.291delC,pncA,p.Thr47Ala,bedaquiline;clofazimine,pyrazinamide,cross_class,1,1,0,1,1,358,0.0,1.0,True,,,1.0,False
mmpR5|c.291delC,pncA|p.Ile31Ser,mmpR5,c.291delC,pncA,p.Ile31Ser,bedaquiline;clofazimine,pyrazinamide,cross_class,1,1,0,1,1,358,0.0,1.0,True,,,1.0,False
mmpR5|c.291delC,pncA|p.Gln141Pro,mmpR5,c.291delC,pncA,p.Gln141Pro,bedaquiline;clofazimine,pyrazinamide,cross_class,1,1,0,1,1,358,0.0,1.0,True,,,1.0,False
mmpR5|c.291delC,pncA|p.Cys14Arg,mmpR5,c.291delC,pncA,p.Cys14Arg,bedaquiline;clofazimine,pyrazinamide,cross_class,1,87,0,1,87,272,0.0,1.0,True,,,1.0,False
mmpR5|c.291delC,pncA|p.Asp8Asn,mmpR5,c.291delC,pncA,p.Asp8Asn,bedaquiline;clofazimine,pyrazinamide,cross_class,1,5,0,1,5,354,0.0,1.0,True,,,1.0,False
mmpR5|c.291delC,pncA|p.Ala146Thr,mmpR5,c.291delC,pncA,p.Ala146Thr,bedaquiline;clofazimine,pyrazinamide,cross_class,1,2,0,1,2,357,0.0,1.0,True,,,1.0,False
mmpR5|c.291delC,pncA|c.517dupG,mmpR5,c.291delC,pncA,c.517dupG,bedaquiline;clofazimine,pyrazinamide,cross_class,1,70,0,1,70,289,0.0,1.0,True,,,1.0,False
mmpR5|c.291delC,pncA|c.459_466delCAGGGTGC,mmpR5,c.291delC,pncA,c.459_466delCAGGGTGC,bedaquiline;clofazimine,pyrazinamide,cross_class,1,1,0,1,1,358,0.0,1.0,True,,,1.0,False
mmpR5|c.291delC,pncA|c.393dupC,mmpR5,c.291delC,pncA,c.393dupC,bedaquiline;clofazimine,pyrazinamide,cross_class,1,1,0,1,1,358,0.0,1.0,True,,,1.0,False
mmpR5|c.291delC,pncA|c.169delC,mmpR5,c.291delC,pncA,c.169delC,bedaquiline;clofazimine,pyrazinamide,cross_class,1,1,0,1,1,358,0.0,1.0,True,,,1.0,False
mmpR5|c.291delC,mmpR5|p.Val1?,mmpR5,c.291delC,mmpR5,p.Val1?,bedaquiline;clofazimine,bedaquiline;clofazimine,within_class,1,1,0,1,1,358,0.0,1.0,True,,,1.0,False
mmpR5|c.291delC,mmpR5|p.Ile67Ser,mmpR5,c.291delC,mmpR5,p.Ile67Ser,bedaquiline;clofazimine,bedaquiline;clofazimine,within_class,1,2,0,1,2,357,0.0,1.0,True,,,1.0,False
mmpR5|c.291delC,mmpR5|p.Gly121Arg,mmpR5,c.291delC,mmpR5,p.Gly121Arg,bedaquiline;clofazimine,bedaquiline;clofazimine,within_class,1,1,0,1,1,358,0.0,1.0,True,,,1.0,False
mmpR5|c.291delC,mmpR5|p.Gln76*,mmpR5,c.291delC,mmpR5,p.Gln76*,bedaquiline;clofazimine,bedaquiline;clofazimine,within_class,1,2,0,1,2,357,0.0,1.0,True,,,1.0,False
mmpR5|c.291delC,rpoB|p.His445Tyr,mmpR5,c.291delC,rpoB,p.His445Tyr,bedaquiline;clofazimine,rifampicin;rifapentine,cross_class,1,5,0,1,5,354,0.0,1.0,True,,,1.0,False
mmpR5|c.291delC,rpoB|p.His445Leu,mmpR5,c.291delC,rpoB,p.His445Leu,bedaquiline;clofazimine,rifampicin;rifapentine,cross_class,1,1,0,1,1,358,0.0,1.0,True,,,1.0,False
mmpR5|c.291delC,rpoB|p.His445Asp,mmpR5,c.291delC,rpoB,p.His445Asp,bedaquiline;clofazimine,rifampicin;rifapentine,cross_class,1,11,0,1,11,348,0.0,1.0,True,,,1.0,False
mmpR5|c.291delC,rpoB|p.His445Asn,mmpR5,c.291delC,rpoB,p.His445Asn,bedaquiline;clofazimine,rifampicin;rifapentine,cross_class,1,6,0,1,6,353,0.0,1.0,True,,,1.0,False
mmpR5|c.291delC,rpoB|p.Gln432Lys,mmpR5,c.291delC,rpoB,p.Gln432Lys,bedaquiline;clofazimine,rifampicin;rifapentine,cross_class,1,1,0,1,1,358,0.0,1.0,True,,,1.0,False
mmpR5|c.291delC,rpoB|p.Asp435Val,mmpR5,c.291delC,rpoB,p.Asp435Val,bedaquiline;clofazimine,rifampicin;rifapentine,cross_class,1,73,0,1,73,286,0.0,1.0,True,,,1.0,False
mmpR5|c.291delC,rpoB|p.Asp435Tyr,mmpR5,c.291delC,rpoB,p.Asp435Tyr,bedaquiline;clofazimine,rifampicin;rifapentine,cross_class,1,9,0,1,9,350,0.0,1.0,True,,,1.0,False
mmpR5|c.291delC,rpoB|p.Asp435Gly,mmpR5,c.291delC,rpoB,p.Asp435Gly,bedaquiline;clofazimine,rifampicin;rifapentine,cross_class,1,2,0,1,2,357,0.0,1.0,True,,,1.0,False
mmpR5|c.291delC,rpoB|p.Asp435Ala,mmpR5,c.291delC,rpoB,p.Asp435Ala,bedaquiline;clofazimine,rifampicin;rifapentine,cross_class,1,1,0,1,1,358,0.0,1.0,True,,,1.0,False
mmpR5|c.291delC,rpoB|p.Asn437Ser,mmpR5,c.291delC,rpoB,p.Asn437Ser,bedaquiline;clofazimine,rifampicin;rifapentine,cross_class,1,2,0,1,2,357,0.0,1.0,True,,,1.0,False
mmpR5|c.291delC,rpoB|p.Ala451Val,mmpR5,c.291delC,rpoB,p.Ala451Val,bedaquiline;clofazimine,rifampicin;rifapentine,cross_class,1,3,0,1,3,356,0.0,1.0,True,,,1.0,False
mmpR5|c.291delC,rpoB|c.1296_1304delATTCATGGA,mmpR5,c.291delC,rpoB,c.1296_1304delATTCATGGA,bedaquiline;clofazimine,rifampicin;rifapentine,cross_class,1,2,0,1,2,357,0.0,1.0,True,,,1.0,False
mmpR5|c.291delC,rpoB|c.1294_1299delCAATTC,mmpR5,c.291delC,rpoB,c.1294_1299delCAATTC,bedaquiline;clofazimine,rifampicin;rifapentine,cross_class,1,1,0,1,1,358,0.0,1.0,True,,,1.0,False
mmpR5|c.291delC,rplC|p.Cys154Arg,mmpR5,c.291delC,rplC,p.Cys154Arg,bedaquiline;clofazimine,linezolid,cross_class,1,4,0,1,4,355,0.0,1.0,True,,,1.0,False
mmpR5|c.291delC,pncA|p.Val180Phe,mmpR5,c.291delC,pncA,p.Val180Phe,bedaquiline;clofazimine,pyrazinamide,cross_class,1,1,0,1,1,358,0.0,1.0,True,,,1.0,False
mmpR5|c.291delC,pncA|p.Val139Gly,mmpR5,c.291delC,pncA,p.Val139Gly,bedaquiline;clofazimine,pyrazinamide,cross_class,1,1,0,1,1,358,0.0,1.0,True,,,1.0,False
mmpR5|c.321dupC,mmpR5|c.366dupG,mmpR5,c.321dupC,mmpR5,c.366dupG,bedaquiline;clofazimine,bedaquiline;clofazimine,within_class,1,1,0,1,1,358,0.0,1.0,True,,,1.0,False
mmpR5|c.291delC,tlyA|c.585_588delTGGG,mmpR5,c.291delC,tlyA,c.585_588delTGGG,bedaquiline;clofazimine,capreomycin,cross_class,1,30,0,1,30,329,0.0,1.0,True,,,1.0,False
mmpR5|c.291delC,tlyA|c.388dupG,mmpR5,c.291delC,tlyA,c.388dupG,bedaquiline;clofazimine,capreomycin,cross_class,1,1,0,1,1,358,0.0,1.0,True,,,1.0,False
mmpR5|c.291delC,rrs|n.517C>T,mmpR5,c.291delC,rrs,n.517C>T,bedaquiline;clofazimine,streptomycin,cross_class,1,2,0,1,2,357,0.0,1.0,True,,,1.0,False
mmpR5|c.291delC,rrs|n.514A>C,mmpR5,c.291delC,rrs,n.514A>C,bedaquiline;clofazimine,streptomycin,cross_class,1,164,0,1,164,195,0.0,1.0,True,,,1.0,False
mmpR5|c.291delC,rrs|n.1402C>T,mmpR5,c.291delC,rrs,n.1402C>T,bedaquiline;clofazimine,amikacin;capreomycin;kanamycin,cross_class,1,2,0,1,2,357,0.0,1.0,True,,,1.0,False
mmpR5|c.291delC,rrs|n.1401A>G,mmpR5,c.291delC,rrs,n.1401A>G,bedaquiline;clofazimine,amikacin;capreomycin;kanamycin,cross_class,1,85,0,1,85,274,0.0,1.0,True,,,1.0,False
mmpR5|c.291delC,rrl|n.2814G>T,mmpR5,c.291delC,rrl,n.2814G>T,bedaquiline;clofazimine,linezolid,cross_class,1,2,0,1,2,357,0.0,1.0,True,,,1.0,False
mmpR5|c.291delC,rrl|n.2270G>T,mmpR5,c.291delC,rrl,n.2270G>T,bedaquiline;clofazimine,linezolid,cross_class,1,2,0,1,2,357,0.0,1.0,True,,,1.0,False
mmpR5|c.291delC,rpsL|p.Lys88Arg,mmpR5,c.291delC,rpsL,p.Lys88Arg,bedaquiline;clofazimine,streptomycin,cross_class,1,8,0,1,8,351,0.0,1.0,True,,,1.0,False
mmpR5|c.291delC,rpsL|p.Lys43Arg,mmpR5,c.291delC,rpsL,p.Lys43Arg,bedaquiline;clofazimine,streptomycin,cross_class,1,26,1,0,25,334,inf,0.07222222222222223,True,lineage2,100.0,1.0,False
mmpR5|c.291delC,rpoB|p.Val170Phe,mmpR5,c.291delC,rpoB,p.Val170Phe,bedaquiline;clofazimine,rifampicin;rifapentine,cross_class,1,2,0,1,2,357,0.0,1.0,True,,,1.0,False
mmpR5|c.291delC,rpoB|p.Ser450Leu,mmpR5,c.291delC,rpoB,p.Ser450Leu,bedaquiline;clofazimine,rifampicin;rifapentine,cross_class,1,139,1,0,138,221,inf,0.3861111111111111,True,lineage2,100.0,1.0,False
mmpR5|c.291delC,rpoB|p.Leu452Pro,mmpR5,c.291delC,rpoB,p.Leu452Pro,bedaquiline;clofazimine,rifampicin;rifapentine,cross_class,1,10,0,1,10,349,0.0,1.0,True,,,1.0,False
mmpR5|c.291delC,rpoB|p.Leu430Pro,mmpR5,c.291delC,rpoB,p.Leu430Pro,bedaquiline;clofazimine,rifampicin;rifapentine,cross_class,1,22,0,1,22,337,0.0,1.0,True,,,1.0,False
mmpR5|c.291delC,rpoB|p.Ile491Phe,mmpR5,c.291delC,rpoB,p.Ile491Phe,bedaquiline;clofazimine,rifampicin;rifapentine,cross_class,1,1,0,1,1,358,0.0,1.0,True,,,1.0,False
mmpR5|c.321dupC,pncA|c.459_466delCAGGGTGC,mmpR5,c.321dupC,pncA,c.459_466delCAGGGTGC,bedaquiline;clofazimine,pyrazinamide,cross_class,1,1,0,1,1,358,0.0,1.0,True,,,1.0,False
mmpR5|c.321dupC,pncA|c.393dupC,mmpR5,c.321dupC,pncA,c.393dupC,bedaquiline;clofazimine,pyrazinamide,cross_class,1,1,0,1,1,358,0.0,1.0,True,,,1.0,False
mmpR5|c.321dupC,pncA|c.169delC,mmpR5,c.321dupC,pncA,c.169delC,bedaquiline;clofazimine,pyrazinamide,cross_class,1,1,0,1,1,358,0.0,1.0,True,,,1.0,False
mmpR5|c.321dupC,mmpR5|p.Val1?,mmpR5,c.321dupC,mmpR5,p.Val1?,bedaquiline;clofazimine,bedaquiline;clofazimine,within_class,1,1,0,1,1,358,0.0,1.0,True,,,1.0,False
mmpR5|c.321dupC,mmpR5|p.Tyr145*,mmpR5,c.321dupC,mmpR5,p.Tyr145*,bedaquiline;clofazimine,bedaquiline;clofazimine,within_class,1,2,0,1,2,357,0.0,1.0,True,,,1.0,False
mmpR5|c.321dupC,mmpR5|p.Ile67Ser,mmpR5,c.321dupC,mmpR5,p.Ile67Ser,bedaquiline;clofazimine,bedaquiline;clofazimine,within_class,1,2,0,1,2,357,0.0,1.0,True,,,1.0,False
mmpR5|c.321dupC,mmpR5|p.Gly121Arg,mmpR5,c.321dupC,mmpR5,p.Gly121Arg,bedaquiline;clofazimine,bedaquiline;clofazimine,within_class,1,1,0,1,1,358,0.0,1.0,True,,,1.0,False
mmpR5|c.321dupC,mmpR5|p.Gln76*,mmpR5,c.321dupC,mmpR5,p.Gln76*,bedaquiline;clofazimine,bedaquiline;clofazimine,within_class,1,2,0,1,2,357,0.0,1.0,True,,,1.0,False
mmpR5|c.321dupC,mmpR5|p.Asn70Asp,mmpR5,c.321dupC,mmpR5,p.Asn70Asp,bedaquiline;clofazimine,bedaquiline;clofazimine,within_class,1,1,0,1,1,358,0.0,1.0,True,,,1.0,False
mmpR5|c.321dupC,mmpR5|p.Arg156*,mmpR5,c.321dupC,mmpR5,p.Arg156*,bedaquiline;clofazimine,bedaquiline;clofazimine,within_class,1,1,0,1,1,358,0.0,1.0,True,,,1.0,False
mmpR5|c.321dupC,mmpR5|p.Arg134*,mmpR5,c.321dupC,mmpR5,p.Arg134*,bedaquiline;clofazimine,bedaquiline;clofazimine,within_class,1,1,0,1,1,358,0.0,1.0,True,,,1.0,False
mmpR5|c.321dupC,mmpR5|c.466dupC,mmpR5,c.321dupC,mmpR5,c.466dupC,bedaquiline;clofazimine,bedaquiline;clofazimine,within_class,1,1,0,1,1,358,0.0,1.0,True,,,1.0,False
mmpR5|c.321dupC,mmpR5|c.441_442delGA,mmpR5,c.321dupC,mmpR5,c.441_442delGA,bedaquiline;clofazimine,bedaquiline;clofazimine,within_class,1,2,0,1,2,357,0.0,1.0,True,,,1.0,False
mmpR5|c.321dupC,mmpR5|c.430dupG,mmpR5,c.321dupC,mmpR5,c.430dupG,bedaquiline;clofazimine,bedaquiline;clofazimine,within_class,1,1,0,1,1,358,0.0,1.0,True,,,1.0,False
mmpR5|c.321dupC,mmpR5|c.386delC,mmpR5,c.321dupC,mmpR5,c.386delC,bedaquiline;clofazimine,bedaquiline;clofazimine,within_class,1,1,0,1,1,358,0.0,1.0,True,,,1.0,False
mmpR5|c.321dupC,rpoB|p.Asp435Ala,mmpR5,c.321dupC,rpoB,p.Asp435Ala,bedaquiline;clofazimine,rifampicin;rifapentine,cross_class,1,1,0,1,1,358,0.0,1.0,True,,,1.0,False
mmpR5|c.321dupC,rpoB|p.Asn437Ser,mmpR5,c.321dupC,rpoB,p.Asn437Ser,bedaquiline;clofazimine,rifampicin;rifapentine,cross_class,1,2,0,1,2,357,0.0,1.0,True,,,1.0,False
mmpR5|c.321dupC,rpoB|p.Ala451Val,mmpR5,c.321dupC,rpoB,p.Ala451Val,bedaquiline;clofazimine,rifampicin;rifapentine,cross_class,1,3,0,1,3,356,0.0,1.0,True,,,1.0,False
mmpR5|c.321dupC,rpoB|c.1296_1304delATTCATGGA,mmpR5,c.321dupC,rpoB,c.1296_1304delATTCATGGA,bedaquiline;clofazimine,rifampicin;rifapentine,cross_class,1,2,0,1,2,357,0.0,1.0,True,,,1.0,False
mmpR5|c.321dupC,rpoB|c.1294_1299delCAATTC,mmpR5,c.321dupC,rpoB,c.1294_1299delCAATTC,bedaquiline;clofazimine,rifampicin;rifapentine,cross_class,1,1,0,1,1,358,0.0,1.0,True,,,1.0,False
mmpR5|c.321dupC,rplC|p.Cys154Arg,mmpR5,c.321dupC,rplC,p.Cys154Arg,bedaquiline;clofazimine,linezolid,cross_class,1,4,0,1,4,355,0.0,1.0,True,,,1.0,False
mmpR5|c.321dupC,pncA|p.Val180Phe,mmpR5,c.321dupC,pncA,p.Val180Phe,bedaquiline;clofazimine,pyrazinamide,cross_class,1,1,0,1,1,358,0.0,1.0,True,,,1.0,False
mmpR5|c.321dupC,pncA|p.Val139Gly,mmpR5,c.321dupC,pncA,p.Val139Gly,bedaquiline;clofazimine,pyrazinamide,cross_class,1,1,0,1,1,358,0.0,1.0,True,,,1.0,False
mmpR5|c.321dupC,pncA|p.Thr47Ala,mmpR5,c.321dupC,pncA,p.Thr47Ala,bedaquiline;clofazimine,pyrazinamide,cross_class,1,1,0,1,1,358,0.0,1.0,True,,,1.0,False
mmpR5|c.321dupC,pncA|p.Ser104Arg,mmpR5,c.321dupC,pncA,p.Ser104Arg,bedaquiline;clofazimine,pyrazinamide,cross_class,1,7,0,1,7,352,0.0,1.0,True,,,1.0,False
mmpR5|c.321dupC,pncA|p.Ile31Ser,mmpR5,c.321dupC,pncA,p.Ile31Ser,bedaquiline;clofazimine,pyrazinamide,cross_class,1,1,0,1,1,358,0.0,1.0,True,,,1.0,False
mmpR5|c.321dupC,pncA|p.Gln141Pro,mmpR5,c.321dupC,pncA,p.Gln141Pro,bedaquiline;clofazimine,pyrazinamide,cross_class,1,1,0,1,1,358,0.0,1.0,True,,,1.0,False
mmpR5|c.321dupC,pncA|p.Cys14Arg,mmpR5,c.321dupC,pncA,p.Cys14Arg,bedaquiline;clofazimine,pyrazinamide,cross_class,1,87,0,1,87,272,0.0,1.0,True,,,1.0,False
mmpR5|c.321dupC,pncA|p.Asp8Asn,mmpR5,c.321dupC,pncA,p.Asp8Asn,bedaquiline;clofazimine,pyrazinamide,cross_class,1,5,0,1,5,354,0.0,1.0,True,,,1.0,False
mmpR5|c.321dupC,pncA|p.Ala146Thr,mmpR5,c.321dupC,pncA,p.Ala146Thr,bedaquiline;clofazimine,pyrazinamide,cross_class,1,2,0,1,2,357,0.0,1.0,True,,,1.0,False
mmpR5|c.321dupC,pncA|c.517dupG,mmpR5,c.321dupC,pncA,c.517dupG,bedaquiline;clofazimine,pyrazinamide,cross_class,1,70,0,1,70,289,0.0,1.0,True,,,1.0,False
mmpR5|c.321dupC,rrl|n.2270G>T,mmpR5,c.321dupC,rrl,n.2270G>T,bedaquiline;clofazimine,linezolid,cross_class,1,2,0,1,2,357,0.0,1.0,True,,,1.0,False
mmpR5|c.321dupC,rpsL|p.Lys88Arg,mmpR5,c.321dupC,rpsL,p.Lys88Arg,bedaquiline;clofazimine,streptomycin,cross_class,1,8,0,1,8,351,0.0,1.0,True,,,1.0,False
mmpR5|c.321dupC,rpsL|p.Lys43Arg,mmpR5,c.321dupC,rpsL,p.Lys43Arg,bedaquiline;clofazimine,streptomycin,cross_class,1,26,0,1,26,333,0.0,1.0,True,,,1.0,False
mmpR5|c.321dupC,rpoB|p.Val170Phe,mmpR5,c.321dupC,rpoB,p.Val170Phe,bedaquiline;clofazimine,rifampicin;rifapentine,cross_class,1,2,0,1,2,357,0.0,1.0,True,,,1.0,False
mmpR5|c.321dupC,rpoB|p.Ser450Leu,mmpR5,c.321dupC,rpoB,p.Ser450Leu,bedaquiline;clofazimine,rifampicin;rifapentine,cross_class,1,139,0,1,139,220,0.0,1.0,True,,,1.0,False
mmpR5|c.321dupC,rpoB|p.Leu452Pro,mmpR5,c.321dupC,rpoB,p.Leu452Pro,bedaquiline;clofazimine,rifampicin;rifapentine,cross_class,1,10,0,1,10,349,0.0,1.0,True,,,1.0,False
mmpR5|c.321dupC,rpoB|p.Leu430Pro,mmpR5,c.321dupC,rpoB,p.Leu430Pro,bedaquiline;clofazimine,rifampicin;rifapentine,cross_class,1,22,0,1,22,337,0.0,1.0,True,,,1.0,False
mmpR5|c.321dupC,rpoB|p.Ile491Phe,mmpR5,c.321dupC,rpoB,p.Ile491Phe,bedaquiline;clofazimine,rifampicin;rifapentine,cross_class,1,1,0,1,1,358,0.0,1.0,True,,,1.0,False
mmpR5|c.321dupC,rpoB|p.His445Tyr,mmpR5,c.321dupC,rpoB,p.His445Tyr,bedaquiline;clofazimine,rifampicin;rifapentine,cross_class,1,5,0,1,5,354,0.0,1.0,True,,,1.0,False
mmpR5|c.321dupC,rpoB|p.His445Leu,mmpR5,c.321dupC,rpoB,p.His445Leu,bedaquiline;clofazimine,rifampicin;rifapentine,cross_class,1,1,0,1,1,358,0.0,1.0,True,,,1.0,False
mmpR5|c.321dupC,rpoB|p.His445Asp,mmpR5,c.321dupC,rpoB,p.His445Asp,bedaquiline;clofazimine,rifampicin;rifapentine,cross_class,1,11,0,1,11,348,0.0,1.0,True,,,1.0,False
mmpR5|c.321dupC,rpoB|p.Gln432Lys,mmpR5,c.321dupC,rpoB,p.Gln432Lys,bedaquiline;clofazimine,rifampicin;rifapentine,cross_class,1,1,0,1,1,358,0.0,1.0,True,,,1.0,False
mmpR5|c.321dupC,rpoB|p.Asp435Val,mmpR5,c.321dupC,rpoB,p.Asp435Val,bedaquiline;clofazimine,rifampicin;rifapentine,cross_class,1,73,0,1,73,286,0.0,1.0,True,,,1.0,False
mmpR5|c.321dupC,rpoB|p.Asp435Tyr,mmpR5,c.321dupC,rpoB,p.Asp435Tyr,bedaquiline;clofazimine,rifampicin;rifapentine,cross_class,1,9,0,1,9,350,0.0,1.0,True,,,1.0,False
mmpR5|c.321dupC,rpoB|p.Asp435Gly,mmpR5,c.321dupC,rpoB,p.Asp435Gly,bedaquiline;clofazimine,rifampicin;rifapentine,cross_class,1,2,0,1,2,357,0.0,1.0,True,,,1.0,False
mmpR5|c.366dupG,mmpR5|p.Asn70Asp,mmpR5,c.366dupG,mmpR5,p.Asn70Asp,bedaquiline;clofazimine,bedaquiline;clofazimine,within_class,1,1,0,1,1,358,0.0,1.0,True,,,1.0,False
mmpR5|c.366dupG,mmpR5|p.Arg156*,mmpR5,c.366dupG,mmpR5,p.Arg156*,bedaquiline;clofazimine,bedaquiline;clofazimine,within_class,1,1,0,1,1,358,0.0,1.0,True,,,1.0,False
mmpR5|c.366dupG,mmpR5|p.Arg134*,mmpR5,c.366dupG,mmpR5,p.Arg134*,bedaquiline;clofazimine,bedaquiline;clofazimine,within_class,1,1,0,1,1,358,0.0,1.0,True,,,1.0,False
mmpR5|c.366dupG,mmpR5|c.466dupC,mmpR5,c.366dupG,mmpR5,c.466dupC,bedaquiline;clofazimine,bedaquiline;clofazimine,within_class,1,1,0,1,1,358,0.0,1.0,True,,,1.0,False
mmpR5|c.366dupG,mmpR5|c.441_442delGA,mmpR5,c.366dupG,mmpR5,c.441_442delGA,bedaquiline;clofazimine,bedaquiline;clofazimine,within_class,1,2,0,1,2,357,0.0,1.0,True,,,1.0,False
mmpR5|c.366dupG,mmpR5|c.430dupG,mmpR5,c.366dupG,mmpR5,c.430dupG,bedaquiline;clofazimine,bedaquiline;clofazimine,within_class,1,1,0,1,1,358,0.0,1.0,True,,,1.0,False
mmpR5|c.366dupG,mmpR5|c.424dupC,mmpR5,c.366dupG,mmpR5,c.424dupC,bedaquiline;clofazimine,bedaquiline;clofazimine,within_class,1,14,0,1,14,345,0.0,1.0,True,,,1.0,False
mmpR5|c.366dupG,mmpR5|c.386delC,mmpR5,c.366dupG,mmpR5,c.386delC,bedaquiline;clofazimine,bedaquiline;clofazimine,within_class,1,1,0,1,1,358,0.0,1.0,True,,,1.0,False
mmpR5|c.321dupC,tlyA|c.585_588delTGGG,mmpR5,c.321dupC,tlyA,c.585_588delTGGG,bedaquiline;clofazimine,capreomycin,cross_class,1,30,0,1,30,329,0.0,1.0,True,,,1.0,False
mmpR5|c.321dupC,tlyA|c.388dupG,mmpR5,c.321dupC,tlyA,c.388dupG,bedaquiline;clofazimine,capreomycin,cross_class,1,1,0,1,1,358,0.0,1.0,True,,,1.0,False
mmpR5|c.321dupC,rrs|n.517C>T,mmpR5,c.321dupC,rrs,n.517C>T,bedaquiline;clofazimine,streptomycin,cross_class,1,2,0,1,2,357,0.0,1.0,True,,,1.0,False
mmpR5|c.321dupC,rrs|n.514A>C,mmpR5,c.321dupC,rrs,n.514A>C,bedaquiline;clofazimine,streptomycin,cross_class,1,164,0,1,164,195,0.0,1.0,True,,,1.0,False
mmpR5|c.321dupC,rrs|n.1402C>T,mmpR5,c.321dupC,rrs,n.1402C>T,bedaquiline;clofazimine,amikacin;capreomycin;kanamycin,cross_class,1,2,0,1,2,357,0.0,1.0,True,,,1.0,False
mmpR5|c.321dupC,rrs|n.1401A>G,mmpR5,c.321dupC,rrs,n.1401A>G,bedaquiline;clofazimine,amikacin;capreomycin;kanamycin,cross_class,1,85,0,1,85,274,0.0,1.0,True,,,1.0,False
mmpR5|c.321dupC,rrl|n.2814G>T,mmpR5,c.321dupC,rrl,n.2814G>T,bedaquiline;clofazimine,linezolid,cross_class,1,2,0,1,2,357,0.0,1.0,True,,,1.0,False
mmpR5|c.366dupG,pncA|p.Val139Gly,mmpR5,c.366dupG,pncA,p.Val139Gly,bedaquiline;clofazimine,pyrazinamide,cross_class,1,1,0,1,1,358,0.0,1.0,True,,,1.0,False
mmpR5|c.366dupG,pncA|p.Thr47Ala,mmpR5,c.366dupG,pncA,p.Thr47Ala,bedaquiline;clofazimine,pyrazinamide,cross_class,1,1,0,1,1,358,0.0,1.0,True,,,1.0,False
mmpR5|c.366dupG,pncA|p.Ser104Arg,mmpR5,c.366dupG,pncA,p.Ser104Arg,bedaquiline;clofazimine,pyrazinamide,cross_class,1,7,0,1,7,352,0.0,1.0,True,,,1.0,False
mmpR5|c.366dupG,pncA|p.Ile31Ser,mmpR5,c.366dupG,pncA,p.Ile31Ser,bedaquiline;clofazimine,pyrazinamide,cross_class,1,1,0,1,1,358,0.0,1.0,True,,,1.0,False
mmpR5|c.366dupG,pncA|p.Gln141Pro,mmpR5,c.366dupG,pncA,p.Gln141Pro,bedaquiline;clofazimine,pyrazinamide,cross_class,1,1,0,1,1,358,0.0,1.0,True,,,1.0,False
mmpR5|c.366dupG,pncA|p.Cys14Arg,mmpR5,c.366dupG,pncA,p.Cys14Arg,bedaquiline;clofazimine,pyrazinamide,cross_class,1,87,0,1,87,272,0.0,1.0,True,,,1.0,False
mmpR5|c.366dupG,pncA|p.Asp8Asn,mmpR5,c.366dupG,pncA,p.Asp8Asn,bedaquiline;clofazimine,pyrazinamide,cross_class,1,5,0,1,5,354,0.0,1.0,True,,,1.0,False
mmpR5|c.366dupG,pncA|p.Ala146Thr,mmpR5,c.366dupG,pncA,p.Ala146Thr,bedaquiline;clofazimine,pyrazinamide,cross_class,1,2,0,1,2,357,0.0,1.0,True,,,1.0,False
mmpR5|c.366dupG,pncA|c.517dupG,mmpR5,c.366dupG,pncA,c.517dupG,bedaquiline;clofazimine,pyrazinamide,cross_class,1,70,1,0,69,290,inf,0.19444444444444442,True,lineage2,100.0,1.0,False
mmpR5|c.366dupG,pncA|c.459_466delCAGGGTGC,mmpR5,c.366dupG,pncA,c.459_466delCAGGGTGC,bedaquiline;clofazimine,pyrazinamide,cross_class,1,1,0,1,1,358,0.0,1.0,True,,,1.0,False
mmpR5|c.366dupG,pncA|c.393dupC,mmpR5,c.366dupG,pncA,c.393dupC,bedaquiline;clofazimine,pyrazinamide,cross_class,1,1,0,1,1,358,0.0,1.0,True,,,1.0,False
mmpR5|c.366dupG,pncA|c.169delC,mmpR5,c.366dupG,pncA,c.169delC,bedaquiline;clofazimine,pyrazinamide,cross_class,1,1,0,1,1,358,0.0,1.0,True,,,1.0,False
mmpR5|c.366dupG,mmpR5|p.Val1?,mmpR5,c.366dupG,mmpR5,p.Val1?,bedaquiline;clofazimine,bedaquiline;clofazimine,within_class,1,1,0,1,1,358,0.0,1.0,True,,,1.0,False
mmpR5|c.366dupG,mmpR5|p.Tyr145*,mmpR5,c.366dupG,mmpR5,p.Tyr145*,bedaquiline;clofazimine,bedaquiline;clofazimine,within_class,1,2,0,1,2,357,0.0,1.0,True,,,1.0,False
mmpR5|c.366dupG,mmpR5|p.Ile67Ser,mmpR5,c.366dupG,mmpR5,p.Ile67Ser,bedaquiline;clofazimine,bedaquiline;clofazimine,within_class,1,2,0,1,2,357,0.0,1.0,True,,,1.0,False
mmpR5|c.366dupG,mmpR5|p.Gly121Arg,mmpR5,c.366dupG,mmpR5,p.Gly121Arg,bedaquiline;clofazimine,bedaquiline;clofazimine,within_class,1,1,0,1,1,358,0.0,1.0,True,,,1.0,False
mmpR5|c.366dupG,rpoB|p.Ile491Phe,mmpR5,c.366dupG,rpoB,p.Ile491Phe,bedaquiline;clofazimine,rifampicin;rifapentine,cross_class,1,1,0,1,1,358,0.0,1.0,True,,,1.0,False
mmpR5|c.366dupG,rpoB|p.His445Tyr,mmpR5,c.366dupG,rpoB,p.His445Tyr,bedaquiline;clofazimine,rifampicin;rifapentine,cross_class,1,5,0,1,5,354,0.0,1.0,True,,,1.0,False
mmpR5|c.366dupG,rpoB|p.His445Leu,mmpR5,c.366dupG,rpoB,p.His445Leu,bedaquiline;clofazimine,rifampicin;rifapentine,cross_class,1,1,0,1,1,358,0.0,1.0,True,,,1.0,False
mmpR5|c.366dupG,rpoB|p.His445Asp,mmpR5,c.366dupG,rpoB,p.His445Asp,bedaquiline;clofazimine,rifampicin;rifapentine,cross_class,1,11,0,1,11,348,0.0,1.0,True,,,1.0,False
mmpR5|c.366dupG,rpoB|p.His445Asn,mmpR5,c.366dupG,rpoB,p.His445Asn,bedaquiline;clofazimine,rifampicin;rifapentine,cross_class,1,6,0,1,6,353,0.0,1.0,True,,,1.0,False
mmpR5|c.366dupG,rpoB|p.Gln432Lys,mmpR5,c.366dupG,rpoB,p.Gln432Lys,bedaquiline;clofazimine,rifampicin;rifapentine,cross_class,1,1,0,1,1,358,0.0,1.0,True,,,1.0,False
mmpR5|c.366dupG,rpoB|p.Asp435Val,mmpR5,c.366dupG,rpoB,p.Asp435Val,bedaquiline;clofazimine,rifampicin;rifapentine,cross_class,1,73,1,0,72,287,inf,0.20277777777777778,True,lineage2,100.0,1.0,False
mmpR5|c.366dupG,rpoB|p.Asp435Tyr,mmpR5,c.366dupG,rpoB,p.Asp435Tyr,bedaquiline;clofazimine,rifampicin;rifapentine,cross_class,1,9,0,1,9,350,0.0,1.0,True,,,1.0,False
mmpR5|c.366dupG,rpoB|p.Asp435Gly,mmpR5,c.366dupG,rpoB,p.Asp435Gly,bedaquiline;clofazimine,rifampicin;rifapentine,cross_class,1,2,0,1,2,357,0.0,1.0,True,,,1.0,False
mmpR5|c.366dupG,rpoB|p.Asp435Ala,mmpR5,c.366dupG,rpoB,p.Asp435Ala,bedaquiline;clofazimine,rifampicin;rifapentine,cross_class,1,1,0,1,1,358,0.0,1.0,True,,,1.0,False
mmpR5|c.366dupG,rpoB|p.Asn437Ser,mmpR5,c.366dupG,rpoB,p.Asn437Ser,bedaquiline;clofazimine,rifampicin;rifapentine,cross_class,1,2,0,1,2,357,0.0,1.0,True,,,1.0,False
mmpR5|c.366dupG,rpoB|p.Ala451Val,mmpR5,c.366dupG,rpoB,p.Ala451Val,bedaquiline;clofazimine,rifampicin;rifapentine,cross_class,1,3,0,1,3,356,0.0,1.0,True,,,1.0,False
mmpR5|c.366dupG,rpoB|c.1296_1304delATTCATGGA,mmpR5,c.366dupG,rpoB,c.1296_1304delATTCATGGA,bedaquiline;clofazimine,rifampicin;rifapentine,cross_class,1,2,0,1,2,357,0.0,1.0,True,,,1.0,False
mmpR5|c.366dupG,rpoB|c.1294_1299delCAATTC,mmpR5,c.366dupG,rpoB,c.1294_1299delCAATTC,bedaquiline;clofazimine,rifampicin;rifapentine,cross_class,1,1,0,1,1,358,0.0,1.0,True,,,1.0,False
mmpR5|c.366dupG,rplC|p.Cys154Arg,mmpR5,c.366dupG,rplC,p.Cys154Arg,bedaquiline;clofazimine,linezolid,cross_class,1,4,0,1,4,355,0.0,1.0,True,,,1.0,False
mmpR5|c.366dupG,pncA|p.Val180Phe,mmpR5,c.366dupG,pncA,p.Val180Phe,bedaquiline;clofazimine,pyrazinamide,cross_class,1,1,0,1,1,358,0.0,1.0,True,,,1.0,False
mmpR5|c.386delC,mmpR5|c.430dupG,mmpR5,c.386delC,mmpR5,c.430dupG,bedaquiline;clofazimine,bedaquiline;clofazimine,within_class,1,1,0,1,1,358,0.0,1.0,True,,,1.0,False
mmpR5|c.386delC,mmpR5|c.424dupC,mmpR5,c.386delC,mmpR5,c.424dupC,bedaquiline;clofazimine,bedaquiline;clofazimine,within_class,1,14,0,1,14,345,0.0,1.0,True,,,1.0,False
mmpR5|c.366dupG,tlyA|c.585_588delTGGG,mmpR5,c.366dupG,tlyA,c.585_588delTGGG,bedaquiline;clofazimine,capreomycin,cross_class,1,30,0,1,30,329,0.0,1.0,True,,,1.0,False
mmpR5|c.366dupG,tlyA|c.388dupG,mmpR5,c.366dupG,tlyA,c.388dupG,bedaquiline;clofazimine,capreomycin,cross_class,1,1,0,1,1,358,0.0,1.0,True,,,1.0,False
mmpR5|c.366dupG,rrs|n.517C>T,mmpR5,c.366dupG,rrs,n.517C>T,bedaquiline;clofazimine,streptomycin,cross_class,1,2,0,1,2,357,0.0,1.0,True,,,1.0,False
mmpR5|c.366dupG,rrs|n.514A>C,mmpR5,c.366dupG,rrs,n.514A>C,bedaquiline;clofazimine,streptomycin,cross_class,1,164,1,0,163,196,inf,0.45555555555555555,True,lineage2,100.0,1.0,False
mmpR5|c.366dupG,rrs|n.1402C>T,mmpR5,c.366dupG,rrs,n.1402C>T,bedaquiline;clofazimine,amikacin;capreomycin;kanamycin,cross_class,1,2,0,1,2,357,0.0,1.0,True,,,1.0,False
mmpR5|c.366dupG,rrs|n.1401A>G,mmpR5,c.366dupG,rrs,n.1401A>G,bedaquiline;clofazimine,amikacin;capreomycin;kanamycin,cross_class,1,85,1,0,84,275,inf,0.2361111111111111,True,lineage2,100.0,1.0,False
mmpR5|c.366dupG,rrl|n.2814G>T,mmpR5,c.366dupG,rrl,n.2814G>T,bedaquiline;clofazimine,linezolid,cross_class,1,2,0,1,2,357,0.0,1.0,True,,,1.0,False
mmpR5|c.366dupG,rrl|n.2270G>T,mmpR5,c.366dupG,rrl,n.2270G>T,bedaquiline;clofazimine,linezolid,cross_class,1,2,0,1,2,357,0.0,1.0,True,,,1.0,False
mmpR5|c.366dupG,rpsL|p.Lys88Arg,mmpR5,c.366dupG,rpsL,p.Lys88Arg,bedaquiline;clofazimine,streptomycin,cross_class,1,8,0,1,8,351,0.0,1.0,True,,,1.0,False
mmpR5|c.366dupG,rpsL|p.Lys43Arg,mmpR5,c.366dupG,rpsL,p.Lys43Arg,bedaquiline;clofazimine,streptomycin,cross_class,1,26,0,1,26,333,0.0,1.0,True,,,1.0,False
mmpR5|c.366dupG,rpoB|p.Val170Phe,mmpR5,c.366dupG,rpoB,p.Val170Phe,bedaquiline;clofazimine,rifampicin;rifapentine,cross_class,1,2,0,1,2,357,0.0,1.0,True,,,1.0,False
mmpR5|c.366dupG,rpoB|p.Ser450Leu,mmpR5,c.366dupG,rpoB,p.Ser450Leu,bedaquiline;clofazimine,rifampicin;rifapentine,cross_class,1,139,0,1,139,220,0.0,1.0,True,,,1.0,False
mmpR5|c.366dupG,rpoB|p.Leu452Pro,mmpR5,c.366dupG,rpoB,p.Leu452Pro,bedaquiline;clofazimine,rifampicin;rifapentine,cross_class,1,10,0,1,10,349,0.0,1.0,True,,,1.0,False
mmpR5|c.366dupG,rpoB|p.Leu430Pro,mmpR5,c.366dupG,rpoB,p.Leu430Pro,bedaquiline;clofazimine,rifampicin;rifapentine,cross_class,1,22,0,1,22,337,0.0,1.0,True,,,1.0,False
mmpR5|c.386delC,pncA|p.Asp8Asn,mmpR5,c.386delC,pncA,p.Asp8Asn,bedaquiline;clofazimine,pyrazinamide,cross_class,1,5,0,1,5,354,0.0,1.0,True,,,1.0,False
mmpR5|c.386delC,pncA|p.Ala146Thr,mmpR5,c.386delC,pncA,p.Ala146Thr,bedaquiline;clofazimine,pyrazinamide,cross_class,1,2,0,1,2,357,0.0,1.0,True,,,1.0,False
mmpR5|c.386delC,pncA|c.517dupG,mmpR5,c.386delC,pncA,c.517dupG,bedaquiline;clofazimine,pyrazinamide,cross_class,1,70,0,1,70,289,0.0,1.0,True,,,1.0,False
mmpR5|c.386delC,pncA|c.459_466delCAGGGTGC,mmpR5,c.386delC,pncA,c.459_466delCAGGGTGC,bedaquiline;clofazimine,pyrazinamide,cross_class,1,1,0,1,1,358,0.0,1.0,True,,,1.0,False
mmpR5|c.386delC,pncA|c.393dupC,mmpR5,c.386delC,pncA,c.393dupC,bedaquiline;clofazimine,pyrazinamide,cross_class,1,1,0,1,1,358,0.0,1.0,True,,,1.0,False
mmpR5|c.386delC,pncA|c.169delC,mmpR5,c.386delC,pncA,c.169delC,bedaquiline;clofazimine,pyrazinamide,cross_class,1,1,0,1,1,358,0.0,1.0,True,,,1.0,False
mmpR5|c.386delC,mmpR5|p.Val1?,mmpR5,c.386delC,mmpR5,p.Val1?,bedaquiline;clofazimine,bedaquiline;clofazimine,within_class,1,1,0,1,1,358,0.0,1.0,True,,,1.0,False
mmpR5|c.386delC,mmpR5|p.Tyr145*,mmpR5,c.386delC,mmpR5,p.Tyr145*,bedaquiline;clofazimine,bedaquiline;clofazimine,within_class,1,2,0,1,2,357,0.0,1.0,True,,,1.0,False
mmpR5|c.386delC,mmpR5|p.Ile67Ser,mmpR5,c.386delC,mmpR5,p.Ile67Ser,bedaquiline;clofazimine,bedaquiline;clofazimine,within_class,1,2,0,1,2,357,0.0,1.0,True,,,1.0,False
mmpR5|c.386delC,mmpR5|p.Gly121Arg,mmpR5,c.386delC,mmpR5,p.Gly121Arg,bedaquiline;clofazimine,bedaquiline;clofazimine,within_class,1,1,0,1,1,358,0.0,1.0,True,,,1.0,False
mmpR5|c.386delC,mmpR5|p.Gln76*,mmpR5,c.386delC,mmpR5,p.Gln76*,bedaquiline;clofazimine,bedaquiline;clofazimine,within_class,1,2,0,1,2,357,0.0,1.0,True,,,1.0,False
mmpR5|c.386delC,mmpR5|p.Asn70Asp,mmpR5,c.386delC,mmpR5,p.Asn70Asp,bedaquiline;clofazimine,bedaquiline;clofazimine,within_class,1,1,0,1,1,358,0.0,1.0,True,,,1.0,False
mmpR5|c.386delC,mmpR5|p.Arg156*,mmpR5,c.386delC,mmpR5,p.Arg156*,bedaquiline;clofazimine,bedaquiline;clofazimine,within_class,1,1,0,1,1,358,0.0,1.0,True,,,1.0,False
mmpR5|c.386delC,mmpR5|p.Arg134*,mmpR5,c.386delC,mmpR5,p.Arg134*,bedaquiline;clofazimine,bedaquiline;clofazimine,within_class,1,1,0,1,1,358,0.0,1.0,True,,,1.0,False
mmpR5|c.386delC,mmpR5|c.466dupC,mmpR5,c.386delC,mmpR5,c.466dupC,bedaquiline;clofazimine,bedaquiline;clofazimine,within_class,1,1,0,1,1,358,0.0,1.0,True,,,1.0,False
mmpR5|c.386delC,mmpR5|c.441_442delGA,mmpR5,c.386delC,mmpR5,c.441_442delGA,bedaquiline;clofazimine,bedaquiline;clofazimine,within_class,1,2,0,1,2,357,0.0,1.0,True,,,1.0,False
mmpR5|c.386delC,rpoB|p.Asp435Val,mmpR5,c.386delC,rpoB,p.Asp435Val,bedaquiline;clofazimine,rifampicin;rifapentine,cross_class,1,73,0,1,73,286,0.0,1.0,True,,,1.0,False
mmpR5|c.386delC,rpoB|p.Asp435Tyr,mmpR5,c.386delC,rpoB,p.Asp435Tyr,bedaquiline;clofazimine,rifampicin;rifapentine,cross_class,1,9,0,1,9,350,0.0,1.0,True,,,1.0,False
mmpR5|c.386delC,rpoB|p.Asp435Gly,mmpR5,c.386delC,rpoB,p.Asp435Gly,bedaquiline;clofazimine,rifampicin;rifapentine,cross_class,1,2,0,1,2,357,0.0,1.0,True,,,1.0,False
mmpR5|c.386delC,rpoB|p.Asp435Ala,mmpR5,c.386delC,rpoB,p.Asp435Ala,bedaquiline;clofazimine,rifampicin;rifapentine,cross_class,1,1,0,1,1,358,0.0,1.0,True,,,1.0,False
mmpR5|c.386delC,rpoB|p.Asn437Ser,mmpR5,c.386delC,rpoB,p.Asn437Ser,bedaquiline;clofazimine,rifampicin;rifapentine,cross_class,1,2,0,1,2,357,0.0,1.0,True,,,1.0,False
mmpR5|c.386delC,rpoB|p.Ala451Val,mmpR5,c.386delC,rpoB,p.Ala451Val,bedaquiline;clofazimine,rifampicin;rifapentine,cross_class,1,3,0,1,3,356,0.0,1.0,True,,,1.0,False
mmpR5|c.386delC,rpoB|c.1296_1304delATTCATGGA,mmpR5,c.386delC,rpoB,c.1296_1304delATTCATGGA,bedaquiline;clofazimine,rifampicin;rifapentine,cross_class,1,2,0,1,2,357,0.0,1.0,True,,,1.0,False
mmpR5|c.386delC,rpoB|c.1294_1299delCAATTC,mmpR5,c.386delC,rpoB,c.1294_1299delCAATTC,bedaquiline;clofazimine,rifampicin;rifapentine,cross_class,1,1,0,1,1,358,0.0,1.0,True,,,1.0,False
mmpR5|c.386delC,rplC|p.Cys154Arg,mmpR5,c.386delC,rplC,p.Cys154Arg,bedaquiline;clofazimine,linezolid,cross_class,1,4,0,1,4,355,0.0,1.0,True,,,1.0,False
mmpR5|c.386delC,pncA|p.Val180Phe,mmpR5,c.386delC,pncA,p.Val180Phe,bedaquiline;clofazimine,pyrazinamide,cross_class,1,1,0,1,1,358,0.0,1.0,True,,,1.0,False
mmpR5|c.386delC,pncA|p.Val139Gly,mmpR5,c.386delC,pncA,p.Val139Gly,bedaquiline;clofazimine,pyrazinamide,cross_class,1,1,0,1,1,358,0.0,1.0,True,,,1.0,False
mmpR5|c.386delC,pncA|p.Thr47Ala,mmpR5,c.386delC,pncA,p.Thr47Ala,bedaquiline;clofazimine,pyrazinamide,cross_class,1,1,0,1,1,358,0.0,1.0,True,,,1.0,False
mmpR5|c.386delC,pncA|p.Ser104Arg,mmpR5,c.386delC,pncA,p.Ser104Arg,bedaquiline;clofazimine,pyrazinamide,cross_class,1,7,0,1,7,352,0.0,1.0,True,,,1.0,False
mmpR5|c.386delC,pncA|p.Ile31Ser,mmpR5,c.386delC,pncA,p.Ile31Ser,bedaquiline;clofazimine,pyrazinamide,cross_class,1,1,0,1,1,358,0.0,1.0,True,,,1.0,False
mmpR5|c.386delC,pncA|p.Gln141Pro,mmpR5,c.386delC,pncA,p.Gln141Pro,bedaquiline;clofazimine,pyrazinamide,cross_class,1,1,0,1,1,358,0.0,1.0,True,,,1.0,False
mmpR5|c.386delC,pncA|p.Cys14Arg,mmpR5,c.386delC,pncA,p.Cys14Arg,bedaquiline;clofazimine,pyrazinamide,cross_class,1,87,0,1,87,272,0.0,1.0,True,,,1.0,False
mmpR5|c.386delC,rrs|n.1402C>T,mmpR5,c.386delC,rrs,n.1402C>T,bedaquiline;clofazimine,amikacin;capreomycin;kanamycin,cross_class,1,2,0,1,2,357,0.0,1.0,True,,,1.0,False
mmpR5|c.386delC,rrs|n.1401A>G,mmpR5,c.386delC,rrs,n.1401A>G,bedaquiline;clofazimine,amikacin;capreomycin;kanamycin,cross_class,1,85,0,1,85,274,0.0,1.0,True,,,1.0,False
mmpR5|c.386delC,rrl|n.2814G>T,mmpR5,c.386delC,rrl,n.2814G>T,bedaquiline;clofazimine,linezolid,cross_class,1,2,0,1,2,357,0.0,1.0,True,,,1.0,False
mmpR5|c.386delC,rrl|n.2270G>T,mmpR5,c.386delC,rrl,n.2270G>T,bedaquiline;clofazimine,linezolid,cross_class,1,2,0,1,2,357,0.0,1.0,True,,,1.0,False
mmpR5|c.386delC,rpsL|p.Lys88Arg,mmpR5,c.386delC,rpsL,p.Lys88Arg,bedaquiline;clofazimine,streptomycin,cross_class,1,8,0,1,8,351,0.0,1.0,True,,,1.0,False
mmpR5|c.386delC,rpsL|p.Lys43Arg,mmpR5,c.386delC,rpsL,p.Lys43Arg,bedaquiline;clofazimine,streptomycin,cross_class,1,26,0,1,26,333,0.0,1.0,True,,,1.0,False
mmpR5|c.386delC,rpoB|p.Val170Phe,mmpR5,c.386delC,rpoB,p.Val170Phe,bedaquiline;clofazimine,rifampicin;rifapentine,cross_class,1,2,0,1,2,357,0.0,1.0,True,,,1.0,False
mmpR5|c.386delC,rpoB|p.Ser450Leu,mmpR5,c.386delC,rpoB,p.Ser450Leu,bedaquiline;clofazimine,rifampicin;rifapentine,cross_class,1,139,1,0,138,221,inf,0.3861111111111111,True,lineage2,100.0,1.0,False
mmpR5|c.386delC,rpoB|p.Leu452Pro,mmpR5,c.386delC,rpoB,p.Leu452Pro,bedaquiline;clofazimine,rifampicin;rifapentine,cross_class,1,10,0,1,10,349,0.0,1.0,True,,,1.0,False
mmpR5|c.386delC,rpoB|p.Leu430Pro,mmpR5,c.386delC,rpoB,p.Leu430Pro,bedaquiline;clofazimine,rifampicin;rifapentine,cross_class,1,22,0,1,22,337,0.0,1.0,True,,,1.0,False
mmpR5|c.386delC,rpoB|p.Ile491Phe,mmpR5,c.386delC,rpoB,p.Ile491Phe,bedaquiline;clofazimine,rifampicin;rifapentine,cross_class,1,1,0,1,1,358,0.0,1.0,True,,,1.0,False
mmpR5|c.386delC,rpoB|p.His445Tyr,mmpR5,c.386delC,rpoB,p.His445Tyr,bedaquiline;clofazimine,rifampicin;rifapentine,cross_class,1,5,0,1,5,354,0.0,1.0,True,,,1.0,False
mmpR5|c.386delC,rpoB|p.His445Leu,mmpR5,c.386delC,rpoB,p.His445Leu,bedaquiline;clofazimine,rifampicin;rifapentine,cross_class,1,1,0,1,1,358,0.0,1.0,True,,,1.0,False
mmpR5|c.386delC,rpoB|p.His445Asp,mmpR5,c.386delC,rpoB,p.His445Asp,bedaquiline;clofazimine,rifampicin;rifapentine,cross_class,1,11,0,1,11,348,0.0,1.0,True,,,1.0,False
mmpR5|c.386delC,rpoB|p.His445Asn,mmpR5,c.386delC,rpoB,p.His445Asn,bedaquiline;clofazimine,rifampicin;rifapentine,cross_class,1,6,0,1,6,353,0.0,1.0,True,,,1.0,False
mmpR5|c.386delC,rpoB|p.Gln432Lys,mmpR5,c.386delC,rpoB,p.Gln432Lys,bedaquiline;clofazimine,rifampicin;rifapentine,cross_class,1,1,0,1,1,358,0.0,1.0,True,,,1.0,False
mmpR5|c.424dupC,pncA|c.169delC,mmpR5,c.424dupC,pncA,c.169delC,bedaquiline;clofazimine,pyrazinamide,cross_class,14,1,0,14,1,345,0.0,1.0,True,,,1.0,False
mmpR5|c.424dupC,mmpR5|p.Val1?,mmpR5,c.424dupC,mmpR5,p.Val1?,bedaquiline;clofazimine,bedaquiline;clofazimine,within_class,14,1,0,14,1,345,0.0,1.0,True,,,1.0,False
mmpR5|c.424dupC,mmpR5|p.Tyr145*,mmpR5,c.424dupC,mmpR5,p.Tyr145*,bedaquiline;clofazimine,bedaquiline;clofazimine,within_class,14,2,0,14,2,344,0.0,1.0,True,,,1.0,False
mmpR5|c.424dupC,mmpR5|p.Ile67Ser,mmpR5,c.424dupC,mmpR5,p.Ile67Ser,bedaquiline;clofazimine,bedaquiline;clofazimine,within_class,14,2,0,14,2,344,0.0,1.0,True,,,1.0,False
mmpR5|c.424dupC,mmpR5|p.Gly121Arg,mmpR5,c.424dupC,mmpR5,p.Gly121Arg,bedaquiline;clofazimine,bedaquiline;clofazimine,within_class,14,1,0,14,1,345,0.0,1.0,True,,,1.0,False
mmpR5|c.424dupC,mmpR5|p.Gln76*,mmpR5,c.424dupC,mmpR5,p.Gln76*,bedaquiline;clofazimine,bedaquiline;clofazimine,within_class,14,2,0,14,2,344,0.0,1.0,True,,,1.0,False
mmpR5|c.424dupC,mmpR5|p.Asn70Asp,mmpR5,c.424dupC,mmpR5,p.Asn70Asp,bedaquiline;clofazimine,bedaquiline;clofazimine,within_class,14,1,0,14,1,345,0.0,1.0,True,,,1.0,False
mmpR5|c.424dupC,mmpR5|p.Arg156*,mmpR5,c.424dupC,mmpR5,p.Arg156*,bedaquiline;clofazimine,bedaquiline;clofazimine,within_class,14,1,0,14,1,345,0.0,1.0,True,,,1.0,False
mmpR5|c.424dupC,mmpR5|p.Arg134*,mmpR5,c.424dupC,mmpR5,p.Arg134*,bedaquiline;clofazimine,bedaquiline;clofazimine,within_class,14,1,0,14,1,345,0.0,1.0,True,,,1.0,False
mmpR5|c.424dupC,mmpR5|c.466dupC,mmpR5,c.424dupC,mmpR5,c.466dupC,bedaquiline;clofazimine,bedaquiline;clofazimine,within_class,14,1,0,14,1,345,0.0,1.0,True,,,1.0,False
mmpR5|c.424dupC,mmpR5|c.441_442delGA,mmpR5,c.424dupC,mmpR5,c.441_442delGA,bedaquiline;clofazimine,bedaquiline;clofazimine,within_class,14,2,0,14,2,344,0.0,1.0,True,,,1.0,False
mmpR5|c.424dupC,mmpR5|c.430dupG,mmpR5,c.424dupC,mmpR5,c.430dupG,bedaquiline;clofazimine,bedaquiline;clofazimine,within_class,14,1,0,14,1,345,0.0,1.0,True,,,1.0,False
mmpR5|c.386delC,tlyA|c.585_588delTGGG,mmpR5,c.386delC,tlyA,c.585_588delTGGG,bedaquiline;clofazimine,capreomycin,cross_class,1,30,0,1,30,329,0.0,1.0,True,,,1.0,False
mmpR5|c.386delC,tlyA|c.388dupG,mmpR5,c.386delC,tlyA,c.388dupG,bedaquiline;clofazimine,capreomycin,cross_class,1,1,0,1,1,358,0.0,1.0,True,,,1.0,False
mmpR5|c.386delC,rrs|n.517C>T,mmpR5,c.386delC,rrs,n.517C>T,bedaquiline;clofazimine,streptomycin,cross_class,1,2,0,1,2,357,0.0,1.0,True,,,1.0,False
mmpR5|c.386delC,rrs|n.514A>C,mmpR5,c.386delC,rrs,n.514A>C,bedaquiline;clofazimine,streptomycin,cross_class,1,164,1,0,163,196,inf,0.45555555555555555,True,lineage2,100.0,1.0,False
mmpR5|c.424dupC,rpoB|p.Ala451Val,mmpR5,c.424dupC,rpoB,p.Ala451Val,bedaquiline;clofazimine,rifampicin;rifapentine,cross_class,14,3,0,14,3,343,0.0,1.0,True,,,1.0,False
mmpR5|c.424dupC,rpoB|c.1296_1304delATTCATGGA,mmpR5,c.424dupC,rpoB,c.1296_1304delATTCATGGA,bedaquiline;clofazimine,rifampicin;rifapentine,cross_class,14,2,0,14,2,344,0.0,1.0,True,,,1.0,False
mmpR5|c.424dupC,rpoB|c.1294_1299delCAATTC,mmpR5,c.424dupC,rpoB,c.1294_1299delCAATTC,bedaquiline;clofazimine,rifampicin;rifapentine,cross_class,14,1,0,14,1,345,0.0,1.0,True,,,1.0,False
mmpR5|c.424dupC,rplC|p.Cys154Arg,mmpR5,c.424dupC,rplC,p.Cys154Arg,bedaquiline;clofazimine,linezolid,cross_class,14,4,0,14,4,342,0.0,1.0,True,,,1.0,False
mmpR5|c.424dupC,pncA|p.Val180Phe,mmpR5,c.424dupC,pncA,p.Val180Phe,bedaquiline;clofazimine,pyrazinamide,cross_class,14,1,0,14,1,345,0.0,1.0,True,,,1.0,False
mmpR5|c.424dupC,pncA|p.Val139Gly,mmpR5,c.424dupC,pncA,p.Val139Gly,bedaquiline;clofazimine,pyrazinamide,cross_class,14,1,0,14,1,345,0.0,1.0,True,,,1.0,False
mmpR5|c.424dupC,pncA|p.Thr47Ala,mmpR5,c.424dupC,pncA,p.Thr47Ala,bedaquiline;clofazimine,pyrazinamide,cross_class,14,1,0,14,1,345,0.0,1.0,True,,,1.0,False
mmpR5|c.424dupC,pncA|p.Ile31Ser,mmpR5,c.424dupC,pncA,p.Ile31Ser,bedaquiline;clofazimine,pyrazinamide,cross_class,14,1,0,14,1,345,0.0,1.0,True,,,1.0,False
mmpR5|c.424dupC,pncA|p.Gln141Pro,mmpR5,c.424dupC,pncA,p.Gln141Pro,bedaquiline;clofazimine,pyrazinamide,cross_class,14,1,0,14,1,345,0.0,1.0,True,,,1.0,False
mmpR5|c.424dupC,pncA|p.Asp8Asn,mmpR5,c.424dupC,pncA,p.Asp8Asn,bedaquiline;clofazimine,pyrazinamide,cross_class,14,5,0,14,5,341,0.0,1.0,False,,,1.0,False
mmpR5|c.424dupC,pncA|p.Ala146Thr,mmpR5,c.424dupC,pncA,p.Ala146Thr,bedaquiline;clofazimine,pyrazinamide,cross_class,14,2,0,14,2,344,0.0,1.0,True,,,1.0,False
mmpR5|c.424dupC,pncA|c.517dupG,mmpR5,c.424dupC,pncA,c.517dupG,bedaquiline;clofazimine,pyrazinamide,cross_class,14,70,0,14,70,276,0.0,0.08114087957422161,False,,,1.0,False
mmpR5|c.424dupC,pncA|c.459_466delCAGGGTGC,mmpR5,c.424dupC,pncA,c.459_466delCAGGGTGC,bedaquiline;clofazimine,pyrazinamide,cross_class,14,1,0,14,1,345,0.0,1.0,True,,,1.0,False
mmpR5|c.424dupC,pncA|c.393dupC,mmpR5,c.424dupC,pncA,c.393dupC,bedaquiline;clofazimine,pyrazinamide,cross_class,14,1,0,14,1,345,0.0,1.0,True,,,1.0,False
mmpR5|c.424dupC,rpsL|p.Lys43Arg,mmpR5,c.424dupC,rpsL,p.Lys43Arg,bedaquiline;clofazimine,streptomycin,cross_class,14,26,2,12,24,322,2.236111111111111,0.2678051527752412,False,lineage2,100.0,1.0,False
mmpR5|c.424dupC,rpoB|p.Val170Phe,mmpR5,c.424dupC,rpoB,p.Val170Phe,bedaquiline;clofazimine,rifampicin;rifapentine,cross_class,14,2,0,14,2,344,0.0,1.0,True,,,1.0,False
mmpR5|c.424dupC,rpoB|p.Leu452Pro,mmpR5,c.424dupC,rpoB,p.Leu452Pro,bedaquiline;clofazimine,rifampicin;rifapentine,cross_class,14,10,0,14,10,336,0.0,1.0,False,,,1.0,False
mmpR5|c.424dupC,rpoB|p.Leu430Pro,mmpR5,c.424dupC,rpoB,p.Leu430Pro,bedaquiline;clofazimine,rifampicin;rifapentine,cross_class,14,22,0,14,22,324,0.0,1.0,False,,,1.0,False
mmpR5|c.424dupC,rpoB|p.Ile491Phe,mmpR5,c.424dupC,rpoB,p.Ile491Phe,bedaquiline;clofazimine,rifampicin;rifapentine,cross_class,14,1,0,14,1,345,0.0,1.0,True,,,1.0,False
mmpR5|c.424dupC,rpoB|p.His445Tyr,mmpR5,c.424dupC,rpoB,p.His445Tyr,bedaquiline;clofazimine,rifampicin;rifapentine,cross_class,14,5,0,14,5,341,0.0,1.0,False,,,1.0,False
mmpR5|c.424dupC,rpoB|p.His445Leu,mmpR5,c.424dupC,rpoB,p.His445Leu,bedaquiline;clofazimine,rifampicin;rifapentine,cross_class,14,1,0,14,1,345,0.0,1.0,True,,,1.0,False
mmpR5|c.424dupC,rpoB|p.His445Asp,mmpR5,c.424dupC,rpoB,p.His445Asp,bedaquiline;clofazimine,rifampicin;rifapentine,cross_class,14,11,0,14,11,335,0.0,1.0,False,,,1.0,False
mmpR5|c.424dupC,rpoB|p.His445Asn,mmpR5,c.424dupC,rpoB,p.His445Asn,bedaquiline;clofazimine,rifampicin;rifapentine,cross_class,14,6,1,13,5,341,5.246153846153846,0.21313233622816455,False,lineage2,100.0,1.0,False
mmpR5|c.424dupC,rpoB|p.Gln432Lys,mmpR5,c.424dupC,rpoB,p.Gln432Lys,bedaquiline;clofazimine,rifampicin;rifapentine,cross_class,14,1,0,14,1,345,0.0,1.0,True,,,1.0,False
mmpR5|c.424dupC,rpoB|p.Asp435Val,mmpR5,c.424dupC,rpoB,p.Asp435Val,bedaquiline;clofazimine,rifampicin;rifapentine,cross_class,14,73,0,14,73,273,0.0,0.08246738477099594,False,,,1.0,False
mmpR5|c.424dupC,rpoB|p.Asp435Tyr,mmpR5,c.424dupC,rpoB,p.Asp435Tyr,bedaquiline;clofazimine,rifampicin;rifapentine,cross_class,14,9,0,14,9,337,0.0,1.0,False,,,1.0,False
mmpR5|c.424dupC,rpoB|p.Asp435Gly,mmpR5,c.424dupC,rpoB,p.Asp435Gly,bedaquiline;clofazimine,rifampicin;rifapentine,cross_class,14,2,0,14,2,344,0.0,1.0,True,,,1.0,False
mmpR5|c.424dupC,rpoB|p.Asp435Ala,mmpR5,c.424dupC,rpoB,p.Asp435Ala,bedaquiline;clofazimine,rifampicin;rifapentine,cross_class,14,1,0,14,1,345,0.0,1.0,True,,,1.0,False
mmpR5|c.424dupC,rpoB|p.Asn437Ser,mmpR5,c.424dupC,rpoB,p.Asn437Ser,bedaquiline;clofazimine,rifampicin;rifapentine,cross_class,14,2,0,14,2,344,0.0,1.0,True,,,1.0,False
mmpR5|c.430dupG,mmpR5|p.Gly121Arg,mmpR5,c.430dupG,mmpR5,p.Gly121Arg,bedaquiline;clofazimine,bedaquiline;clofazimine,within_class,1,1,0,1,1,358,0.0,1.0,True,,,1.0,False
mmpR5|c.430dupG,mmpR5|p.Gln76*,mmpR5,c.430dupG,mmpR5,p.Gln76*,bedaquiline;clofazimine,bedaquiline;clofazimine,within_class,1,2,0,1,2,357,0.0,1.0,True,,,1.0,False
mmpR5|c.430dupG,mmpR5|p.Asn70Asp,mmpR5,c.430dupG,mmpR5,p.Asn70Asp,bedaquiline;clofazimine,bedaquiline;clofazimine,within_class,1,1,0,1,1,358,0.0,1.0,True,,,1.0,False
mmpR5|c.430dupG,mmpR5|p.Arg156*,mmpR5,c.430dupG,mmpR5,p.Arg156*,bedaquiline;clofazimine,bedaquiline;clofazimine,within_class,1,1,0,1,1,358,0.0,1.0,True,,,1.0,False
mmpR5|c.430dupG,mmpR5|p.Arg134*,mmpR5,c.430dupG,mmpR5,p.Arg134*,bedaquiline;clofazimine,bedaquiline;clofazimine,within_class,1,1,0,1,1,358,0.0,1.0,True,,,1.0,False
mmpR5|c.430dupG,mmpR5|c.466dupC,mmpR5,c.430dupG,mmpR5,c.466dupC,bedaquiline;clofazimine,bedaquiline;clofazimine,within_class,1,1,0,1,1,358,0.0,1.0,True,,,1.0,False
mmpR5|c.430dupG,mmpR5|c.441_442delGA,mmpR5,c.430dupG,mmpR5,c.441_442delGA,bedaquiline;clofazimine,bedaquiline;clofazimine,within_class,1,2,0,1,2,357,0.0,1.0,True,,,1.0,False
mmpR5|c.424dupC,tlyA|c.585_588delTGGG,mmpR5,c.424dupC,tlyA,c.585_588delTGGG,bedaquiline;clofazimine,capreomycin,cross_class,14,30,0,14,30,316,0.0,0.6172621410243093,False,,,1.0,False
mmpR5|c.424dupC,tlyA|c.388dupG,mmpR5,c.424dupC,tlyA,c.388dupG,bedaquiline;clofazimine,capreomycin,cross_class,14,1,0,14,1,345,0.0,1.0,True,,,1.0,False
mmpR5|c.424dupC,rrs|n.517C>T,mmpR5,c.424dupC,rrs,n.517C>T,bedaquiline;clofazimine,streptomycin,cross_class,14,2,0,14,2,344,0.0,1.0,True,,,1.0,False
mmpR5|c.424dupC,rrs|n.514A>C,mmpR5,c.424dupC,rrs,n.514A>C,bedaquiline;clofazimine,streptomycin,cross_class,14,164,10,4,154,192,3.116883116883117,0.057277950439689,False,lineage2,100.0,1.0,False
mmpR5|c.424dupC,rrs|n.1402C>T,mmpR5,c.424dupC,rrs,n.1402C>T,bedaquiline;clofazimine,amikacin;capreomycin;kanamycin,cross_class,14,2,0,14,2,344,0.0,1.0,True,,,1.0,False
mmpR5|c.424dupC,rrl|n.2814G>T,mmpR5,c.424dupC,rrl,n.2814G>T,bedaquiline;clofazimine,linezolid,cross_class,14,2,0,14,2,344,0.0,1.0,True,,,1.0,False
mmpR5|c.424dupC,rrl|n.2270G>T,mmpR5,c.424dupC,rrl,n.2270G>T,bedaquiline;clofazimine,linezolid,cross_class,14,2,0,14,2,344,0.0,1.0,True,,,1.0,False
mmpR5|c.424dupC,rpsL|p.Lys88Arg,mmpR5,c.424dupC,rpsL,p.Lys88Arg,bedaquiline;clofazimine,streptomycin,cross_class,14,8,0,14,8,338,0.0,1.0,False,,,1.0,False
mmpR5|c.430dupG,pncA|p.Val180Phe,mmpR5,c.430dupG,pncA,p.Val180Phe,bedaquiline;clofazimine,pyrazinamide,cross_class,1,1,0,1,1,358,0.0,1.0,True,,,1.0,False
mmpR5|c.430dupG,pncA|p.Val139Gly,mmpR5,c.430dupG,pncA,p.Val139Gly,bedaquiline;clofazimine,pyrazinamide,cross_class,1,1,0,1,1,358,0.0,1.0,True,,,1.0,False
mmpR5|c.430dupG,pncA|p.Thr47Ala,mmpR5,c.430dupG,pncA,p.Thr47Ala,bedaquiline;clofazimine,pyrazinamide,cross_class,1,1,0,1,1,358,0.0,1.0,True,,,1.0,False
mmpR5|c.430dupG,pncA|p.Ser104Arg,mmpR5,c.430dupG,pncA,p.Ser104Arg,bedaquiline;clofazimine,pyrazinamide,cross_class,1,7,0,1,7,352,0.0,1.0,True,,,1.0,False
mmpR5|c.430dupG,pncA|p.Ile31Ser,mmpR5,c.430dupG,pncA,p.Ile31Ser,bedaquiline;clofazimine,pyrazinamide,cross_class,1,1,0,1,1,358,0.0,1.0,True,,,1.0,False
mmpR5|c.430dupG,pncA|p.Gln141Pro,mmpR5,c.430dupG,pncA,p.Gln141Pro,bedaquiline;clofazimine,pyrazinamide,cross_class,1,1,0,1,1,358,0.0,1.0,True,,,1.0,False
mmpR5|c.430dupG,pncA|p.Cys14Arg,mmpR5,c.430dupG,pncA,p.Cys14Arg,bedaquiline;clofazimine,pyrazinamide,cross_class,1,87,0,1,87,272,0.0,1.0,True,,,1.0,False
mmpR5|c.430dupG,pncA|p.Asp8Asn,mmpR5,c.430dupG,pncA,p.Asp8Asn,bedaquiline;clofazimine,pyrazinamide,cross_class,1,5,0,1,5,354,0.0,1.0,True,,,1.0,False
mmpR5|c.430dupG,pncA|p.Ala146Thr,mmpR5,c.430dupG,pncA,p.Ala146Thr,bedaquiline;clofazimine,pyrazinamide,cross_class,1,2,0,1,2,357,0.0,1.0,True,,,1.0,False
mmpR5|c.430dupG,pncA|c.517dupG,mmpR5,c.430dupG,pncA,c.517dupG,bedaquiline;clofazimine,pyrazinamide,cross_class,1,70,0,1,70,289,0.0,1.0,True,,,1.0,False
mmpR5|c.430dupG,pncA|c.459_466delCAGGGTGC,mmpR5,c.430dupG,pncA,c.459_466delCAGGGTGC,bedaquiline;clofazimine,pyrazinamide,cross_class,1,1,0,1,1,358,0.0,1.0,True,,,1.0,False
mmpR5|c.430dupG,pncA|c.393dupC,mmpR5,c.430dupG,pncA,c.393dupC,bedaquiline;clofazimine,pyrazinamide,cross_class,1,1,0,1,1,358,0.0,1.0,True,,,1.0,False
mmpR5|c.430dupG,pncA|c.169delC,mmpR5,c.430dupG,pncA,c.169delC,bedaquiline;clofazimine,pyrazinamide,cross_class,1,1,0,1,1,358,0.0,1.0,True,,,1.0,False
mmpR5|c.430dupG,mmpR5|p.Val1?,mmpR5,c.430dupG,mmpR5,p.Val1?,bedaquiline;clofazimine,bedaquiline;clofazimine,within_class,1,1,0,1,1,358,0.0,1.0,True,,,1.0,False
mmpR5|c.430dupG,mmpR5|p.Tyr145*,mmpR5,c.430dupG,mmpR5,p.Tyr145*,bedaquiline;clofazimine,bedaquiline;clofazimine,within_class,1,2,0,1,2,357,0.0,1.0,True,,,1.0,False
mmpR5|c.430dupG,mmpR5|p.Ile67Ser,mmpR5,c.430dupG,mmpR5,p.Ile67Ser,bedaquiline;clofazimine,bedaquiline;clofazimine,within_class,1,2,0,1,2,357,0.0,1.0,True,,,1.0,False
mmpR5|c.430dupG,rpoB|p.Leu430Pro,mmpR5,c.430dupG,rpoB,p.Leu430Pro,bedaquiline;clofazimine,rifampicin;rifapentine,cross_class,1,22,0,1,22,337,0.0,1.0,True,,,1.0,False
mmpR5|c.430dupG,rpoB|p.Ile491Phe,mmpR5,c.430dupG,rpoB,p.Ile491Phe,bedaquiline;clofazimine,rifampicin;rifapentine,cross_class,1,1,0,1,1,358,0.0,1.0,True,,,1.0,False
mmpR5|c.430dupG,rpoB|p.His445Tyr,mmpR5,c.430dupG,rpoB,p.His445Tyr,bedaquiline;clofazimine,rifampicin;rifapentine,cross_class,1,5,0,1,5,354,0.0,1.0,True,,,1.0,False
mmpR5|c.430dupG,rpoB|p.His445Leu,mmpR5,c.430dupG,rpoB,p.His445Leu,bedaquiline;clofazimine,rifampicin;rifapentine,cross_class,1,1,0,1,1,358,0.0,1.0,True,,,1.0,False
mmpR5|c.430dupG,rpoB|p.His445Asp,mmpR5,c.430dupG,rpoB,p.His445Asp,bedaquiline;clofazimine,rifampicin;rifapentine,cross_class,1,11,0,1,11,348,0.0,1.0,True,,,1.0,False
mmpR5|c.430dupG,rpoB|p.His445Asn,mmpR5,c.430dupG,rpoB,p.His445Asn,bedaquiline;clofazimine,rifampicin;rifapentine,cross_class,1,6,0,1,6,353,0.0,1.0,True,,,1.0,False
mmpR5|c.430dupG,rpoB|p.Asp435Val,mmpR5,c.430dupG,rpoB,p.Asp435Val,bedaquiline;clofazimine,rifampicin;rifapentine,cross_class,1,73,0,1,73,286,0.0,1.0,True,,,1.0,False
mmpR5|c.430dupG,rpoB|p.Asp435Tyr,mmpR5,c.430dupG,rpoB,p.Asp435Tyr,bedaquiline;clofazimine,rifampicin;rifapentine,cross_class,1,9,0,1,9,350,0.0,1.0,True,,,1.0,False
mmpR5|c.430dupG,rpoB|p.Asp435Gly,mmpR5,c.430dupG,rpoB,p.Asp435Gly,bedaquiline;clofazimine,rifampicin;rifapentine,cross_class,1,2,0,1,2,357,0.0,1.0,True,,,1.0,False
mmpR5|c.430dupG,rpoB|p.Asp435Ala,mmpR5,c.430dupG,rpoB,p.Asp435Ala,bedaquiline;clofazimine,rifampicin;rifapentine,cross_class,1,1,0,1,1,358,0.0,1.0,True,,,1.0,False
mmpR5|c.430dupG,rpoB|p.Asn437Ser,mmpR5,c.430dupG,rpoB,p.Asn437Ser,bedaquiline;clofazimine,rifampicin;rifapentine,cross_class,1,2,0,1,2,357,0.0,1.0,True,,,1.0,False
mmpR5|c.430dupG,rpoB|p.Ala451Val,mmpR5,c.430dupG,rpoB,p.Ala451Val,bedaquiline;clofazimine,rifampicin;rifapentine,cross_class,1,3,0,1,3,356,0.0,1.0,True,,,1.0,False
mmpR5|c.430dupG,rpoB|c.1296_1304delATTCATGGA,mmpR5,c.430dupG,rpoB,c.1296_1304delATTCATGGA,bedaquiline;clofazimine,rifampicin;rifapentine,cross_class,1,2,0,1,2,357,0.0,1.0,True,,,1.0,False
mmpR5|c.430dupG,rpoB|c.1294_1299delCAATTC,mmpR5,c.430dupG,rpoB,c.1294_1299delCAATTC,bedaquiline;clofazimine,rifampicin;rifapentine,cross_class,1,1,0,1,1,358,0.0,1.0,True,,,1.0,False
mmpR5|c.430dupG,rplC|p.Cys154Arg,mmpR5,c.430dupG,rplC,p.Cys154Arg,bedaquiline;clofazimine,linezolid,cross_class,1,4,0,1,4,355,0.0,1.0,True,,,1.0,False
mmpR5|c.441_442delGA,mmpR5|p.Arg156*,mmpR5,c.441_442delGA,mmpR5,p.Arg156*,bedaquiline;clofazimine,bedaquiline;clofazimine,within_class,2,1,0,2,1,357,0.0,1.0,True,,,1.0,False
mmpR5|c.441_442delGA,mmpR5|p.Arg134*,mmpR5,c.441_442delGA,mmpR5,p.Arg134*,bedaquiline;clofazimine,bedaquiline;clofazimine,within_class,2,1,0,2,1,357,0.0,1.0,True,,,1.0,False
mmpR5|c.441_442delGA,mmpR5|c.466dupC,mmpR5,c.441_442delGA,mmpR5,c.466dupC,bedaquiline;clofazimine,bedaquiline;clofazimine,within_class,2,1,0,2,1,357,0.0,1.0,True,,,1.0,False
mmpR5|c.430dupG,tlyA|c.585_588delTGGG,mmpR5,c.430dupG,tlyA,c.585_588delTGGG,bedaquiline;clofazimine,capreomycin,cross_class,1,30,0,1,30,329,0.0,1.0,True,,,1.0,False
mmpR5|c.430dupG,tlyA|c.388dupG,mmpR5,c.430dupG,tlyA,c.388dupG,bedaquiline;clofazimine,capreomycin,cross_class,1,1,0,1,1,358,0.0,1.0,True,,,1.0,False
mmpR5|c.430dupG,rrs|n.517C>T,mmpR5,c.430dupG,rrs,n.517C>T,bedaquiline;clofazimine,streptomycin,cross_class,1,2,0,1,2,357,0.0,1.0,True,,,1.0,False
mmpR5|c.430dupG,rrs|n.514A>C,mmpR5,c.430dupG,rrs,n.514A>C,bedaquiline;clofazimine,streptomycin,cross_class,1,164,0,1,164,195,0.0,1.0,True,,,1.0,False
mmpR5|c.430dupG,rrs|n.1402C>T,mmpR5,c.430dupG,rrs,n.1402C>T,bedaquiline;clofazimine,amikacin;capreomycin;kanamycin,cross_class,1,2,0,1,2,357,0.0,1.0,True,,,1.0,False
mmpR5|c.430dupG,rrs|n.1401A>G,mmpR5,c.430dupG,rrs,n.1401A>G,bedaquiline;clofazimine,amikacin;capreomycin;kanamycin,cross_class,1,85,0,1,85,274,0.0,1.0,True,,,1.0,False
mmpR5|c.430dupG,rrl|n.2814G>T,mmpR5,c.430dupG,rrl,n.2814G>T,bedaquiline;clofazimine,linezolid,cross_class,1,2,0,1,2,357,0.0,1.0,True,,,1.0,False
mmpR5|c.430dupG,rrl|n.2270G>T,mmpR5,c.430dupG,rrl,n.2270G>T,bedaquiline;clofazimine,linezolid,cross_class,1,2,0,1,2,357,0.0,1.0,True,,,1.0,False
mmpR5|c.430dupG,rpsL|p.Lys88Arg,mmpR5,c.430dupG,rpsL,p.Lys88Arg,bedaquiline;clofazimine,streptomycin,cross_class,1,8,0,1,8,351,0.0,1.0,True,,,1.0,False
mmpR5|c.430dupG,rpsL|p.Lys43Arg,mmpR5,c.430dupG,rpsL,p.Lys43Arg,bedaquiline;clofazimine,streptomycin,cross_class,1,26,0,1,26,333,0.0,1.0,True,,,1.0,False
mmpR5|c.430dupG,rpoB|p.Val170Phe,mmpR5,c.430dupG,rpoB,p.Val170Phe,bedaquiline;clofazimine,rifampicin;rifapentine,cross_class,1,2,0,1,2,357,0.0,1.0,True,,,1.0,False
mmpR5|c.430dupG,rpoB|p.Ser450Leu,mmpR5,c.430dupG,rpoB,p.Ser450Leu,bedaquiline;clofazimine,rifampicin;rifapentine,cross_class,1,139,0,1,139,220,0.0,1.0,True,,,1.0,False
mmpR5|c.430dupG,rpoB|p.Leu452Pro,mmpR5,c.430dupG,rpoB,p.Leu452Pro,bedaquiline;clofazimine,rifampicin;rifapentine,cross_class,1,10,0,1,10,349,0.0,1.0,True,,,1.0,False
atpE|p.Glu61Asp,rrl|n.2270G>T,atpE,p.Glu61Asp,rrl,n.2270G>T,bedaquiline,linezolid,cross_class,1,2,0,1,2,357,0.0,1.0,True,,,1.0,False
atpE|p.Glu61Asp,rpsL|p.Lys88Arg,atpE,p.Glu61Asp,rpsL,p.Lys88Arg,bedaquiline,streptomycin,cross_class,1,8,0,1,8,351,0.0,1.0,True,,,1.0,False
atpE|p.Glu61Asp,rpsL|p.Lys43Arg,atpE,p.Glu61Asp,rpsL,p.Lys43Arg,bedaquiline,streptomycin,cross_class,1,26,0,1,26,333,0.0,1.0,True,,,1.0,False
atpE|p.Glu61Asp,rpoB|p.Val170Phe,atpE,p.Glu61Asp,rpoB,p.Val170Phe,bedaquiline,rifampicin;rifapentine,cross_class,1,2,0,1,2,357,0.0,1.0,True,,,1.0,False
atpE|p.Glu61Asp,rpoB|p.Ser450Leu,atpE,p.Glu61Asp,rpoB,p.Ser450Leu,bedaquiline,rifampicin;rifapentine,cross_class,1,139,1,0,138,221,inf,0.3861111111111111,True,lineage2,100.0,1.0,False
atpE|p.Glu61Asp,rpoB|p.Leu452Pro,atpE,p.Glu61Asp,rpoB,p.Leu452Pro,bedaquiline,rifampicin;rifapentine,cross_class,1,10,0,1,10,349,0.0,1.0,True,,,1.0,False
atpE|p.Glu61Asp,rpoB|p.Leu430Pro,atpE,p.Glu61Asp,rpoB,p.Leu430Pro,bedaquiline,rifampicin;rifapentine,cross_class,1,22,0,1,22,337,0.0,1.0,True,,,1.0,False
atpE|p.Glu61Asp,rpoB|p.Ile491Phe,atpE,p.Glu61Asp,rpoB,p.Ile491Phe,bedaquiline,rifampicin;rifapentine,cross_class,1,1,0,1,1,358,0.0,1.0,True,,,1.0,False
atpE|p.Glu61Asp,rpoB|p.His445Tyr,atpE,p.Glu61Asp,rpoB,p.His445Tyr,bedaquiline,rifampicin;rifapentine,cross_class,1,5,0,1,5,354,0.0,1.0,True,,,1.0,False
atpE|p.Glu61Asp,rpoB|p.His445Leu,atpE,p.Glu61Asp,rpoB,p.His445Leu,bedaquiline,rifampicin;rifapentine,cross_class,1,1,0,1,1,358,0.0,1.0,True,,,1.0,False
atpE|p.Glu61Asp,rpoB|p.His445Asp,atpE,p.Glu61Asp,rpoB,p.His445Asp,bedaquiline,rifampicin;rifapentine,cross_class,1,11,0,1,11,348,0.0,1.0,True,,,1.0,False
atpE|p.Glu61Asp,rpoB|p.His445Asn,atpE,p.Glu61Asp,rpoB,p.His445Asn,bedaquiline,rifampicin;rifapentine,cross_class,1,6,0,1,6,353,0.0,1.0,True,,,1.0,False
atpE|p.Glu61Asp,rpoB|p.Gln432Lys,atpE,p.Glu61Asp,rpoB,p.Gln432Lys,bedaquiline,rifampicin;rifapentine,cross_class,1,1,0,1,1,358,0.0,1.0,True,,,1.0,False
atpE|p.Glu61Asp,rpoB|p.Asp435Val,atpE,p.Glu61Asp,rpoB,p.Asp435Val,bedaquiline,rifampicin;rifapentine,cross_class,1,73,0,1,73,286,0.0,1.0,True,,,1.0,False
atpE|p.Glu61Asp,rpoB|p.Asp435Tyr,atpE,p.Glu61Asp,rpoB,p.Asp435Tyr,bedaquiline,rifampicin;rifapentine,cross_class,1,9,0,1,9,350,0.0,1.0,True,,,1.0,False
atpE|p.Glu61Asp,rpoB|p.Asp435Gly,atpE,p.Glu61Asp,rpoB,p.Asp435Gly,bedaquiline,rifampicin;rifapentine,cross_class,1,2,0,1,2,357,0.0,1.0,True,,,1.0,False
mmpR5|c.441_442delGA,pncA|p.Ser104Arg,mmpR5,c.441_442delGA,pncA,p.Ser104Arg,bedaquiline;clofazimine,pyrazinamide,cross_class,2,7,0,2,7,351,0.0,1.0,True,,,1.0,False
mmpR5|c.441_442delGA,pncA|p.Ile31Ser,mmpR5,c.441_442delGA,pncA,p.Ile31Ser,bedaquiline;clofazimine,pyrazinamide,cross_class,2,1,0,2,1,357,0.0,1.0,True,,,1.0,False
mmpR5|c.441_442delGA,pncA|p.Gln141Pro,mmpR5,c.441_442delGA,pncA,p.Gln141Pro,bedaquiline;clofazimine,pyrazinamide,cross_class,2,1,0,2,1,357,0.0,1.0,True,,,1.0,False
mmpR5|c.441_442delGA,pncA|p.Cys14Arg,mmpR5,c.441_442delGA,pncA,p.Cys14Arg,bedaquiline;clofazimine,pyrazinamide,cross_class,2,87,0,2,87,271,0.0,1.0,True,,,1.0,False
mmpR5|c.441_442delGA,pncA|p.Asp8Asn,mmpR5,c.441_442delGA,pncA,p.Asp8Asn,bedaquiline;clofazimine,pyrazinamide,cross_class,2,5,0,2,5,353,0.0,1.0,True,,,1.0,False
mmpR5|c.441_442delGA,pncA|p.Ala146Thr,mmpR5,c.441_442delGA,pncA,p.Ala146Thr,bedaquiline;clofazimine,pyrazinamide,cross_class,2,2,0,2,2,356,0.0,1.0,True,,,1.0,False
mmpR5|c.441_442delGA,pncA|c.459_466delCAGGGTGC,mmpR5,c.441_442delGA,pncA,c.459_466delCAGGGTGC,bedaquiline;clofazimine,pyrazinamide,cross_class,2,1,0,2,1,357,0.0,1.0,True,,,1.0,False
mmpR5|c.441_442delGA,pncA|c.393dupC,mmpR5,c.441_442delGA,pncA,c.393dupC,bedaquiline;clofazimine,pyrazinamide,cross_class,2,1,0,2,1,357,0.0,1.0,True,,,1.0,False
mmpR5|c.441_442delGA,pncA|c.169delC,mmpR5,c.441_442delGA,pncA,c.169delC,bedaquiline;clofazimine,pyrazinamide,cross_class,2,1,0,2,1,357,0.0,1.0,True,,,1.0,False
mmpR5|c.441_442delGA,mmpR5|p.Val1?,mmpR5,c.441_442delGA,mmpR5,p.Val1?,bedaquiline;clofazimine,bedaquiline;clofazimine,within_class,2,1,0,2,1,357,0.0,1.0,True,,,1.0,False
mmpR5|c.441_442delGA,mmpR5|p.Tyr145*,mmpR5,c.441_442delGA,mmpR5,p.Tyr145*,bedaquiline;clofazimine,bedaquiline;clofazimine,within_class,2,2,0,2,2,356,0.0,1.0,True,,,1.0,False
mmpR5|c.441_442delGA,mmpR5|p.Ile67Ser,mmpR5,c.441_442delGA,mmpR5,p.Ile67Ser,bedaquiline;clofazimine,bedaquiline;clofazimine,within_class,2,2,0,2,2,356,0.0,1.0,True,,,1.0,False
mmpR5|c.441_442delGA,mmpR5|p.Gly121Arg,mmpR5,c.441_442delGA,mmpR5,p.Gly121Arg,bedaquiline;clofazimine,bedaquiline;clofazimine,within_class,2,1,0,2,1,357,0.0,1.0,True,,,1.0,False
mmpR5|c.441_442delGA,mmpR5|p.Gln76*,mmpR5,c.441_442delGA,mmpR5,p.Gln76*,bedaquiline;clofazimine,bedaquiline;clofazimine,within_class,2,2,0,2,2,356,0.0,1.0,True,,,1.0,False
mmpR5|c.441_442delGA,mmpR5|p.Asn70Asp,mmpR5,c.441_442delGA,mmpR5,p.Asn70Asp,bedaquiline;clofazimine,bedaquiline;clofazimine,within_class,2,1,0,2,1,357,0.0,1.0,True,,,1.0,False
mmpR5|c.441_442delGA,rpoB|p.His445Leu,mmpR5,c.441_442delGA,rpoB,p.His445Leu,bedaquiline;clofazimine,rifampicin;rifapentine,cross_class,2,1,0,2,1,357,0.0,1.0,True,,,1.0,False
mmpR5|c.441_442delGA,rpoB|p.His445Asp,mmpR5,c.441_442delGA,rpoB,p.His445Asp,bedaquiline;clofazimine,rifampicin;rifapentine,cross_class,2,11,0,2,11,347,0.0,1.0,True,,,1.0,False
mmpR5|c.441_442delGA,rpoB|p.His445Asn,mmpR5,c.441_442delGA,rpoB,p.His445Asn,bedaquiline;clofazimine,rifampicin;rifapentine,cross_class,2,6,0,2,6,352,0.0,1.0,True,,,1.0,False
mmpR5|c.441_442delGA,rpoB|p.Gln432Lys,mmpR5,c.441_442delGA,rpoB,p.Gln432Lys,bedaquiline;clofazimine,rifampicin;rifapentine,cross_class,2,1,0,2,1,357,0.0,1.0,True,,,1.0,False
mmpR5|c.441_442delGA,rpoB|p.Asp435Tyr,mmpR5,c.441_442delGA,rpoB,p.Asp435Tyr,bedaquiline;clofazimine,rifampicin;rifapentine,cross_class,2,9,0,2,9,349,0.0,1.0,True,,,1.0,False
mmpR5|c.441_442delGA,rpoB|p.Asp435Gly,mmpR5,c.441_442delGA,rpoB,p.Asp435Gly,bedaquiline;clofazimine,rifampicin;rifapentine,cross_class,2,2,0,2,2,356,0.0,1.0,True,,,1.0,False
mmpR5|c.441_442delGA,rpoB|p.Asp435Ala,mmpR5,c.441_442delGA,rpoB,p.Asp435Ala,bedaquiline;clofazimine,rifampicin;rifapentine,cross_class,2,1,0,2,1,357,0.0,1.0,True,,,1.0,False
mmpR5|c.441_442delGA,rpoB|p.Asn437Ser,mmpR5,c.441_442delGA,rpoB,p.Asn437Ser,bedaquiline;clofazimine,rifampicin;rifapentine,cross_class,2,2,0,2,2,356,0.0,1.0,True,,,1.0,False
mmpR5|c.441_442delGA,rpoB|p.Ala451Val,mmpR5,c.441_442delGA,rpoB,p.Ala451Val,bedaquiline;clofazimine,rifampicin;rifapentine,cross_class,2,3,0,2,3,355,0.0,1.0,True,,,1.0,False
mmpR5|c.441_442delGA,rpoB|c.1296_1304delATTCATGGA,mmpR5,c.441_442delGA,rpoB,c.1296_1304delATTCATGGA,bedaquiline;clofazimine,rifampicin;rifapentine,cross_class,2,2,0,2,2,356,0.0,1.0,True,,,1.0,False
mmpR5|c.441_442delGA,rpoB|c.1294_1299delCAATTC,mmpR5,c.441_442delGA,rpoB,c.1294_1299delCAATTC,bedaquiline;clofazimine,rifampicin;rifapentine,cross_class,2,1,0,2,1,357,0.0,1.0,True,,,1.0,False
mmpR5|c.441_442delGA,rplC|p.Cys154Arg,mmpR5,c.441_442delGA,rplC,p.Cys154Arg,bedaquiline;clofazimine,linezolid,cross_class,2,4,0,2,4,354,0.0,1.0,True,,,1.0,False
mmpR5|c.441_442delGA,pncA|p.Val180Phe,mmpR5,c.441_442delGA,pncA,p.Val180Phe,bedaquiline;clofazimine,pyrazinamide,cross_class,2,1,0,2,1,357,0.0,1.0,True,,,1.0,False
mmpR5|c.441_442delGA,pncA|p.Val139Gly,mmpR5,c.441_442delGA,pncA,p.Val139Gly,bedaquiline;clofazimine,pyrazinamide,cross_class,2,1,0,2,1,357,0.0,1.0,True,,,1.0,False
mmpR5|c.441_442delGA,pncA|p.Thr47Ala,mmpR5,c.441_442delGA,pncA,p.Thr47Ala,bedaquiline;clofazimine,pyrazinamide,cross_class,2,1,0,2,1,357,0.0,1.0,True,,,1.0,False
mmpR5|c.441_442delGA,tlyA|c.585_588delTGGG,mmpR5,c.441_442delGA,tlyA,c.585_588delTGGG,bedaquiline;clofazimine,capreomycin,cross_class,2,30,0,2,30,328,0.0,1.0,True,,,1.0,False
mmpR5|c.441_442delGA,tlyA|c.388dupG,mmpR5,c.441_442delGA,tlyA,c.388dupG,bedaquiline;clofazimine,capreomycin,cross_class,2,1,0,2,1,357,0.0,1.0,True,,,1.0,False
mmpR5|c.441_442delGA,rrs|n.517C>T,mmpR5,c.441_442delGA,rrs,n.517C>T,bedaquiline;clofazimine,streptomycin,cross_class,2,2,0,2,2,356,0.0,1.0,True,,,1.0,False
mmpR5|c.441_442delGA,rrs|n.514A>C,mmpR5,c.441_442delGA,rrs,n.514A>C,bedaquiline;clofazimine,streptomycin,cross_class,2,164,2,0,162,196,inf,0.20683998761993191,True,lineage2,100.0,1.0,False
mmpR5|c.441_442delGA,rrs|n.1402C>T,mmpR5,c.441_442delGA,rrs,n.1402C>T,bedaquiline;clofazimine,amikacin;capreomycin;kanamycin,cross_class,2,2,0,2,2,356,0.0,1.0,True,,,1.0,False
mmpR5|c.441_442delGA,rrs|n.1401A>G,mmpR5,c.441_442delGA,rrs,n.1401A>G,bedaquiline;clofazimine,amikacin;capreomycin;kanamycin,cross_class,2,85,2,0,83,275,inf,0.05524605385329619,True,lineage2,100.0,1.0,False
mmpR5|c.441_442delGA,rrl|n.2814G>T,mmpR5,c.441_442delGA,rrl,n.2814G>T,bedaquiline;clofazimine,linezolid,cross_class,2,2,0,2,2,356,0.0,1.0,True,,,1.0,False
mmpR5|c.441_442delGA,rrl|n.2270G>T,mmpR5,c.441_442delGA,rrl,n.2270G>T,bedaquiline;clofazimine,linezolid,cross_class,2,2,0,2,2,356,0.0,1.0,True,,,1.0,False
mmpR5|c.441_442delGA,rpsL|p.Lys88Arg,mmpR5,c.441_442delGA,rpsL,p.Lys88Arg,bedaquiline;clofazimine,streptomycin,cross_class,2,8,0,2,8,350,0.0,1.0,True,,,1.0,False
mmpR5|c.441_442delGA,rpsL|p.Lys43Arg,mmpR5,c.441_442delGA,rpsL,p.Lys43Arg,bedaquiline;clofazimine,streptomycin,cross_class,2,26,0,2,26,332,0.0,1.0,True,,,1.0,False
mmpR5|c.441_442delGA,rpoB|p.Val170Phe,mmpR5,c.441_442delGA,rpoB,p.Val170Phe,bedaquiline;clofazimine,rifampicin;rifapentine,cross_class,2,2,0,2,2,356,0.0,1.0,True,,,1.0,False
mmpR5|c.441_442delGA,rpoB|p.Ser450Leu,mmpR5,c.441_442delGA,rpoB,p.Ser450Leu,bedaquiline;clofazimine,rifampicin;rifapentine,cross_class,2,139,0,2,139,219,0.0,0.5246208604147322,True,,,1.0,False
mmpR5|c.441_442delGA,rpoB|p.Leu452Pro,mmpR5,c.441_442delGA,rpoB,p.Leu452Pro,bedaquiline;clofazimine,rifampicin;rifapentine,cross_class,2,10,0,2,10,348,0.0,1.0,True,,,1.0,False
mmpR5|c.441_442delGA,rpoB|p.Leu430Pro,mmpR5,c.441_442delGA,rpoB,p.Leu430Pro,bedaquiline;clofazimine,rifampicin;rifapentine,cross_class,2,22,0,2,22,336,0.0,1.0,True,,,1.0,False
mmpR5|c.441_442delGA,rpoB|p.Ile491Phe,mmpR5,c.441_442delGA,rpoB,p.Ile491Phe,bedaquiline;clofazimine,rifampicin;rifapentine,cross_class,2,1,0,2,1,357,0.0,1.0,True,,,1.0,False
mmpR5|c.441_442delGA,rpoB|p.His445Tyr,mmpR5,c.441_442delGA,rpoB,p.His445Tyr,bedaquiline;clofazimine,rifampicin;rifapentine,cross_class,2,5,0,2,5,353,0.0,1.0,True,,,1.0,False
mmpR5|c.466dupC,pncA|p.Gln141Pro,mmpR5,c.466dupC,pncA,p.Gln141Pro,bedaquiline;clofazimine,pyrazinamide,cross_class,1,1,0,1,1,358,0.0,1.0,True,,,1.0,False
mmpR5|c.466dupC,pncA|p.Cys14Arg,mmpR5,c.466dupC,pncA,p.Cys14Arg,bedaquiline;clofazimine,pyrazinamide,cross_class,1,87,1,0,86,273,inf,0.24166666666666667,True,lineage2,100.0,1.0,False
mmpR5|c.466dupC,pncA|p.Asp8Asn,mmpR5,c.466dupC,pncA,p.Asp8Asn,bedaquiline;clofazimine,pyrazinamide,cross_class,1,5,0,1,5,354,0.0,1.0,True,,,1.0,False
mmpR5|c.466dupC,pncA|p.Ala146Thr,mmpR5,c.466dupC,pncA,p.Ala146Thr,bedaquiline;clofazimine,pyrazinamide,cross_class,1,2,0,1,2,357,0.0,1.0,True,,,1.0,False
mmpR5|c.466dupC,pncA|c.517dupG,mmpR5,c.466dupC,pncA,c.517dupG,bedaquiline;clofazimine,pyrazinamide,cross_class,1,70,0,1,70,289,0.0,1.0,True,,,1.0,False
mmpR5|c.466dupC,pncA|c.459_466delCAGGGTGC,mmpR5,c.466dupC,pncA,c.459_466delCAGGGTGC,bedaquiline;clofazimine,pyrazinamide,cross_class,1,1,0,1,1,358,0.0,1.0,True,,,1.0,False
mmpR5|c.466dupC,pncA|c.393dupC,mmpR5,c.466dupC,pncA,c.393dupC,bedaquiline;clofazimine,pyrazinamide,cross_class,1,1,0,1,1,358,0.0,1.0,True,,,1.0,False
mmpR5|c.466dupC,pncA|c.169delC,mmpR5,c.466dupC,pncA,c.169delC,bedaquiline;clofazimine,pyrazinamide,cross_class,1,1,0,1,1,358,0.0,1.0,True,,,1.0,False
mmpR5|c.466dupC,mmpR5|p.Val1?,mmpR5,c.466dupC,mmpR5,p.Val1?,bedaquiline;clofazimine,bedaquiline;clofazimine,within_class,1,1,0,1,1,358,0.0,1.0,True,,,1.0,False
mmpR5|c.466dupC,mmpR5|p.Tyr145*,mmpR5,c.466dupC,mmpR5,p.Tyr145*,bedaquiline;clofazimine,bedaquiline;clofazimine,within_class,1,2,0,1,2,357,0.0,1.0,True,,,1.0,False
mmpR5|c.466dupC,mmpR5|p.Ile67Ser,mmpR5,c.466dupC,mmpR5,p.Ile67Ser,bedaquiline;clofazimine,bedaquiline;clofazimine,within_class,1,2,0,1,2,357,0.0,1.0,True,,,1.0,False
mmpR5|c.466dupC,mmpR5|p.Gly121Arg,mmpR5,c.466dupC,mmpR5,p.Gly121Arg,bedaquiline;clofazimine,bedaquiline;clofazimine,within_class,1,1,0,1,1,358,0.0,1.0,True,,,1.0,False
mmpR5|c.466dupC,mmpR5|p.Gln76*,mmpR5,c.466dupC,mmpR5,p.Gln76*,bedaquiline;clofazimine,bedaquiline;clofazimine,within_class,1,2,0,1,2,357,0.0,1.0,True,,,1.0,False
mmpR5|c.466dupC,mmpR5|p.Asn70Asp,mmpR5,c.466dupC,mmpR5,p.Asn70Asp,bedaquiline;clofazimine,bedaquiline;clofazimine,within_class,1,1,0,1,1,358,0.0,1.0,True,,,1.0,False
mmpR5|c.466dupC,mmpR5|p.Arg156*,mmpR5,c.466dupC,mmpR5,p.Arg156*,bedaquiline;clofazimine,bedaquiline;clofazimine,within_class,1,1,0,1,1,358,0.0,1.0,True,,,1.0,False
mmpR5|c.466dupC,mmpR5|p.Arg134*,mmpR5,c.466dupC,mmpR5,p.Arg134*,bedaquiline;clofazimine,bedaquiline;clofazimine,within_class,1,1,0,1,1,358,0.0,1.0,True,,,1.0,False
mmpR5|c.466dupC,rpoB|p.His445Asn,mmpR5,c.466dupC,rpoB,p.His445Asn,bedaquiline;clofazimine,rifampicin;rifapentine,cross_class,1,6,0,1,6,353,0.0,1.0,True,,,1.0,False
mmpR5|c.466dupC,rpoB|p.Gln432Lys,mmpR5,c.466dupC,rpoB,p.Gln432Lys,bedaquiline;clofazimine,rifampicin;rifapentine,cross_class,1,1,0,1,1,358,0.0,1.0,True,,,1.0,False
mmpR5|c.466dupC,rpoB|p.Asp435Val,mmpR5,c.466dupC,rpoB,p.Asp435Val,bedaquiline;clofazimine,rifampicin;rifapentine,cross_class,1,73,0,1,73,286,0.0,1.0,True,,,1.0,False
mmpR5|c.466dupC,rpoB|p.Asp435Tyr,mmpR5,c.466dupC,rpoB,p.Asp435Tyr,bedaquiline;clofazimine,rifampicin;rifapentine,cross_class,1,9,0,1,9,350,0.0,1.0,True,,,1.0,False
mmpR5|c.466dupC,rpoB|p.Asp435Gly,mmpR5,c.466dupC,rpoB,p.Asp435Gly,bedaquiline;clofazimine,rifampicin;rifapentine,cross_class,1,2,0,1,2,357,0.0,1.0,True,,,1.0,False
mmpR5|c.466dupC,rpoB|p.Asp435Ala,mmpR5,c.466dupC,rpoB,p.Asp435Ala,bedaquiline;clofazimine,rifampicin;rifapentine,cross_class,1,1,0,1,1,358,0.0,1.0,True,,,1.0,False
mmpR5|c.466dupC,rpoB|p.Asn437Ser,mmpR5,c.466dupC,rpoB,p.Asn437Ser,bedaquiline;clofazimine,rifampicin;rifapentine,cross_class,1,2,0,1,2,357,0.0,1.0,True,,,1.0,False
mmpR5|c.466dupC,rpoB|p.Ala451Val,mmpR5,c.466dupC,rpoB,p.Ala451Val,bedaquiline;clofazimine,rifampicin;rifapentine,cross_class,1,3,0,1,3,356,0.0,1.0,True,,,1.0,False
mmpR5|c.466dupC,rpoB|c.1296_1304delATTCATGGA,mmpR5,c.466dupC,rpoB,c.1296_1304delATTCATGGA,bedaquiline;clofazimine,rifampicin;rifapentine,cross_class,1,2,0,1,2,357,0.0,1.0,True,,,1.0,False
mmpR5|c.466dupC,rpoB|c.1294_1299delCAATTC,mmpR5,c.466dupC,rpoB,c.1294_1299delCAATTC,bedaquiline;clofazimine,rifampicin;rifapentine,cross_class,1,1,0,1,1,358,0.0,1.0,True,,,1.0,False
mmpR5|c.466dupC,rplC|p.Cys154Arg,mmpR5,c.466dupC,rplC,p.Cys154Arg,bedaquiline;clofazimine,linezolid,cross_class,1,4,0,1,4,355,0.0,1.0,True,,,1.0,False
mmpR5|c.466dupC,pncA|p.Val180Phe,mmpR5,c.466dupC,pncA,p.Val180Phe,bedaquiline;clofazimine,pyrazinamide,cross_class,1,1,0,1,1,358,0.0,1.0,True,,,1.0,False
mmpR5|c.466dupC,pncA|p.Val139Gly,mmpR5,c.466dupC,pncA,p.Val139Gly,bedaquiline;clofazimine,pyrazinamide,cross_class,1,1,0,1,1,358,0.0,1.0,True,,,1.0,False
mmpR5|c.466dupC,pncA|p.Thr47Ala,mmpR5,c.466dupC,pncA,p.Thr47Ala,bedaquiline;clofazimine,pyrazinamide,cross_class,1,1,0,1,1,358,0.0,1.0,True,,,1.0,False
mmpR5|c.466dupC,pncA|p.Ser104Arg,mmpR5,c.466dupC,pncA,p.Ser104Arg,bedaquiline;clofazimine,pyrazinamide,cross_class,1,7,0,1,7,352,0.0,1.0,True,,,1.0,False
mmpR5|c.466dupC,pncA|p.Ile31Ser,mmpR5,c.466dupC,pncA,p.Ile31Ser,bedaquiline;clofazimine,pyrazinamide,cross_class,1,1,0,1,1,358,0.0,1.0,True,,,1.0,False
mmpR5|c.466dupC,rrs|n.517C>T,mmpR5,c.466dupC,rrs,n.517C>T,bedaquiline;clofazimine,streptomycin,cross_class,1,2,0,1,2,357,0.0,1.0,True,,,1.0,False
mmpR5|c.466dupC,rrs|n.514A>C,mmpR5,c.466dupC,rrs,n.514A>C,bedaquiline;clofazimine,streptomycin,cross_class,1,164,1,0,163,196,inf,0.45555555555555555,True,lineage2,100.0,1.0,False
mmpR5|c.466dupC,rrs|n.1402C>T,mmpR5,c.466dupC,rrs,n.1402C>T,bedaquiline;clofazimine,amikacin;capreomycin;kanamycin,cross_class,1,2,0,1,2,357,0.0,1.0,True,,,1.0,False
mmpR5|c.466dupC,rrs|n.1401A>G,mmpR5,c.466dupC,rrs,n.1401A>G,bedaquiline;clofazimine,amikacin;capreomycin;kanamycin,cross_class,1,85,0,1,85,274,0.0,1.0,True,,,1.0,False
mmpR5|c.466dupC,rrl|n.2814G>T,mmpR5,c.466dupC,rrl,n.2814G>T,bedaquiline;clofazimine,linezolid,cross_class,1,2,0,1,2,357,0.0,1.0,True,,,1.0,False
mmpR5|c.466dupC,rrl|n.2270G>T,mmpR5,c.466dupC,rrl,n.2270G>T,bedaquiline;clofazimine,linezolid,cross_class,1,2,0,1,2,357,0.0,1.0,True,,,1.0,False
mmpR5|c.466dupC,rpsL|p.Lys88Arg,mmpR5,c.466dupC,rpsL,p.Lys88Arg,bedaquiline;clofazimine,streptomycin,cross_class,1,8,0,1,8,351,0.0,1.0,True,,,1.0,False
mmpR5|c.466dupC,rpsL|p.Lys43Arg,mmpR5,c.466dupC,rpsL,p.Lys43Arg,bedaquiline;clofazimine,streptomycin,cross_class,1,26,0,1,26,333,0.0,1.0,True,,,1.0,False
mmpR5|c.466dupC,rpoB|p.Val170Phe,mmpR5,c.466dupC,rpoB,p.Val170Phe,bedaquiline;clofazimine,rifampicin;rifapentine,cross_class,1,2,0,1,2,357,0.0,1.0,True,,,1.0,False
mmpR5|c.466dupC,rpoB|p.Ser450Leu,mmpR5,c.466dupC,rpoB,p.Ser450Leu,bedaquiline;clofazimine,rifampicin;rifapentine,cross_class,1,139,1,0,138,221,inf,0.3861111111111111,True,lineage2,100.0,1.0,False
mmpR5|c.466dupC,rpoB|p.Leu452Pro,mmpR5,c.466dupC,rpoB,p.Leu452Pro,bedaquiline;clofazimine,rifampicin;rifapentine,cross_class,1,10,0,1,10,349,0.0,1.0,True,,,1.0,False
mmpR5|c.466dupC,rpoB|p.Leu430Pro,mmpR5,c.466dupC,rpoB,p.Leu430Pro,bedaquiline;clofazimine,rifampicin;rifapentine,cross_class,1,22,0,1,22,337,0.0,1.0,True,,,1.0,False
mmpR5|c.466dupC,rpoB|p.Ile491Phe,mmpR5,c.466dupC,rpoB,p.Ile491Phe,bedaquiline;clofazimine,rifampicin;rifapentine,cross_class,1,1,0,1,1,358,0.0,1.0,True,,,1.0,False
mmpR5|c.466dupC,rpoB|p.His445Tyr,mmpR5,c.466dupC,rpoB,p.His445Tyr,bedaquiline;clofazimine,rifampicin;rifapentine,cross_class,1,5,0,1,5,354,0.0,1.0,True,,,1.0,False
mmpR5|c.466dupC,rpoB|p.His445Leu,mmpR5,c.466dupC,rpoB,p.His445Leu,bedaquiline;clofazimine,rifampicin;rifapentine,cross_class,1,1,0,1,1,358,0.0,1.0,True,,,1.0,False
mmpR5|c.466dupC,rpoB|p.His445Asp,mmpR5,c.466dupC,rpoB,p.His445Asp,bedaquiline;clofazimine,rifampicin;rifapentine,cross_class,1,11,0,1,11,348,0.0,1.0,True,,,1.0,False
mmpR5|p.Arg134*,pncA|p.Cys14Arg,mmpR5,p.Arg134*,pncA,p.Cys14Arg,bedaquiline;clofazimine,pyrazinamide,cross_class,1,87,0,1,87,272,0.0,1.0,True,,,1.0,False
mmpR5|p.Arg134*,pncA|p.Asp8Asn,mmpR5,p.Arg134*,pncA,p.Asp8Asn,bedaquiline;clofazimine,pyrazinamide,cross_class,1,5,0,1,5,354,0.0,1.0,True,,,1.0,False
mmpR5|p.Arg134*,pncA|p.Ala146Thr,mmpR5,p.Arg134*,pncA,p.Ala146Thr,bedaquiline;clofazimine,pyrazinamide,cross_class,1,2,0,1,2,357,0.0,1.0,True,,,1.0,False
mmpR5|p.Arg134*,pncA|c.517dupG,mmpR5,p.Arg134*,pncA,c.517dupG,bedaquiline;clofazimine,pyrazinamide,cross_class,1,70,0,1,70,289,0.0,1.0,True,,,1.0,False
mmpR5|p.Arg134*,pncA|c.459_466delCAGGGTGC,mmpR5,p.Arg134*,pncA,c.459_466delCAGGGTGC,bedaquiline;clofazimine,pyrazinamide,cross_class,1,1,0,1,1,358,0.0,1.0,True,,,1.0,False
mmpR5|p.Arg134*,pncA|c.393dupC,mmpR5,p.Arg134*,pncA,c.393dupC,bedaquiline;clofazimine,pyrazinamide,cross_class,1,1,0,1,1,358,0.0,1.0,True,,,1.0,False
mmpR5|p.Arg134*,pncA|c.169delC,mmpR5,p.Arg134*,pncA,c.169delC,bedaquiline;clofazimine,pyrazinamide,cross_class,1,1,0,1,1,358,0.0,1.0,True,,,1.0,False
mmpR5|p.Arg134*,mmpR5|p.Val1?,mmpR5,p.Arg134*,mmpR5,p.Val1?,bedaquiline;clofazimine,bedaquiline;clofazimine,within_class,1,1,0,1,1,358,0.0,1.0,True,,,1.0,False
mmpR5|p.Arg134*,mmpR5|p.Tyr145*,mmpR5,p.Arg134*,mmpR5,p.Tyr145*,bedaquiline;clofazimine,bedaquiline;clofazimine,within_class,1,2,0,1,2,357,0.0,1.0,True,,,1.0,False
mmpR5|p.Arg134*,mmpR5|p.Ile67Ser,mmpR5,p.Arg134*,mmpR5,p.Ile67Ser,bedaquiline;clofazimine,bedaquiline;clofazimine,within_class,1,2,0,1,2,357,0.0,1.0,True,,,1.0,False
mmpR5|p.Arg134*,mmpR5|p.Gly121Arg,mmpR5,p.Arg134*,mmpR5,p.Gly121Arg,bedaquiline;clofazimine,bedaquiline;clofazimine,within_class,1,1,0,1,1,358,0.0,1.0,True,,,1.0,False
mmpR5|p.Arg134*,mmpR5|p.Gln76*,mmpR5,p.Arg134*,mmpR5,p.Gln76*,bedaquiline;clofazimine,bedaquiline;clofazimine,within_class,1,2,0,1,2,357,0.0,1.0,True,,,1.0,False
mmpR5|p.Arg134*,mmpR5|p.Asn70Asp,mmpR5,p.Arg134*,mmpR5,p.Asn70Asp,bedaquiline;clofazimine,bedaquiline;clofazimine,within_class,1,1,0,1,1,358,0.0,1.0,True,,,1.0,False
mmpR5|p.Arg134*,mmpR5|p.Arg156*,mmpR5,p.Arg134*,mmpR5,p.Arg156*,bedaquiline;clofazimine,bedaquiline;clofazimine,within_class,1,1,0,1,1,358,0.0,1.0,True,,,1.0,False
mmpR5|c.466dupC,tlyA|c.585_588delTGGG,mmpR5,c.466dupC,tlyA,c.585_588delTGGG,bedaquiline;clofazimine,capreomycin,cross_class,1,30,0,1,30,329,0.0,1.0,True,,,1.0,False
mmpR5|c.466dupC,tlyA|c.388dupG,mmpR5,c.466dupC,tlyA,c.388dupG,bedaquiline;clofazimine,capreomycin,cross_class,1,1,0,1,1,358,0.0,1.0,True,,,1.0,False
mmpR5|p.Arg134*,rpoB|p.Gln432Lys,mmpR5,p.Arg134*,rpoB,p.Gln432Lys,bedaquiline;clofazimine,rifampicin;rifapentine,cross_class,1,1,0,1,1,358,0.0,1.0,True,,,1.0,False
mmpR5|p.Arg134*,rpoB|p.Asp435Val,mmpR5,p.Arg134*,rpoB,p.Asp435Val,bedaquiline;clofazimine,rifampicin;rifapentine,cross_class,1,73,0,1,73,286,0.0,1.0,True,,,1.0,False
mmpR5|p.Arg134*,rpoB|p.Asp435Tyr,mmpR5,p.Arg134*,rpoB,p.Asp435Tyr,bedaquiline;clofazimine,rifampicin;rifapentine,cross_class,1,9,0,1,9,350,0.0,1.0,True,,,1.0,False
mmpR5|p.Arg134*,rpoB|p.Asp435Gly,mmpR5,p.Arg134*,rpoB,p.Asp435Gly,bedaquiline;clofazimine,rifampicin;rifapentine,cross_class,1,2,0,1,2,357,0.0,1.0,True,,,1.0,False
mmpR5|p.Arg134*,rpoB|p.Asp435Ala,mmpR5,p.Arg134*,rpoB,p.Asp435Ala,bedaquiline;clofazimine,rifampicin;rifapentine,cross_class,1,1,0,1,1,358,0.0,1.0,True,,,1.0,False
mmpR5|p.Arg134*,rpoB|p.Asn437Ser,mmpR5,p.Arg134*,rpoB,p.Asn437Ser,bedaquiline;clofazimine,rifampicin;rifapentine,cross_class,1,2,0,1,2,357,0.0,1.0,True,,,1.0,False
mmpR5|p.Arg134*,rpoB|p.Ala451Val,mmpR5,p.Arg134*,rpoB,p.Ala451Val,bedaquiline;clofazimine,rifampicin;rifapentine,cross_class,1,3,0,1,3,356,0.0,1.0,True,,,1.0,False
mmpR5|p.Arg134*,rpoB|c.1296_1304delATTCATGGA,mmpR5,p.Arg134*,rpoB,c.1296_1304delATTCATGGA,bedaquiline;clofazimine,rifampicin;rifapentine,cross_class,1,2,0,1,2,357,0.0,1.0,True,,,1.0,False
mmpR5|p.Arg134*,rpoB|c.1294_1299delCAATTC,mmpR5,p.Arg134*,rpoB,c.1294_1299delCAATTC,bedaquiline;clofazimine,rifampicin;rifapentine,cross_class,1,1,0,1,1,358,0.0,1.0,True,,,1.0,False
mmpR5|p.Arg134*,rplC|p.Cys154Arg,mmpR5,p.Arg134*,rplC,p.Cys154Arg,bedaquiline;clofazimine,linezolid,cross_class,1,4,0,1,4,355,0.0,1.0,True,,,1.0,False
mmpR5|p.Arg134*,pncA|p.Val180Phe,mmpR5,p.Arg134*,pncA,p.Val180Phe,bedaquiline;clofazimine,pyrazinamide,cross_class,1,1,0,1,1,358,0.0,1.0,True,,,1.0,False
mmpR5|p.Arg134*,pncA|p.Val139Gly,mmpR5,p.Arg134*,pncA,p.Val139Gly,bedaquiline;clofazimine,pyrazinamide,cross_class,1,1,0,1,1,358,0.0,1.0,True,,,1.0,False
mmpR5|p.Arg134*,pncA|p.Thr47Ala,mmpR5,p.Arg134*,pncA,p.Thr47Ala,bedaquiline;clofazimine,pyrazinamide,cross_class,1,1,0,1,1,358,0.0,1.0,True,,,1.0,False
mmpR5|p.Arg134*,pncA|p.Ser104Arg,mmpR5,p.Arg134*,pncA,p.Ser104Arg,bedaquiline;clofazimine,pyrazinamide,cross_class,1,7,0,1,7,352,0.0,1.0,True,,,1.0,False
mmpR5|p.Arg134*,pncA|p.Ile31Ser,mmpR5,p.Arg134*,pncA,p.Ile31Ser,bedaquiline;clofazimine,pyrazinamide,cross_class,1,1,0,1,1,358,0.0,1.0,True,,,1.0,False
mmpR5|p.Arg134*,pncA|p.Gln141Pro,mmpR5,p.Arg134*,pncA,p.Gln141Pro,bedaquiline;clofazimine,pyrazinamide,cross_class,1,1,0,1,1,358,0.0,1.0,True,,,1.0,False
mmpR5|p.Arg134*,rrs|n.514A>C,mmpR5,p.Arg134*,rrs,n.514A>C,bedaquiline;clofazimine,streptomycin,cross_class,1,164,0,1,164,195,0.0,1.0,True,,,1.0,False
mmpR5|p.Arg134*,rrs|n.1402C>T,mmpR5,p.Arg134*,rrs,n.1402C>T,bedaquiline;clofazimine,amikacin;capreomycin;kanamycin,cross_class,1,2,0,1,2,357,0.0,1.0,True,,,1.0,False
mmpR5|p.Arg134*,rrs|n.1401A>G,mmpR5,p.Arg134*,rrs,n.1401A>G,bedaquiline;clofazimine,amikacin;capreomycin;kanamycin,cross_class,1,85,0,1,85,274,0.0,1.0,True,,,1.0,False
mmpR5|p.Arg134*,rrl|n.2814G>T,mmpR5,p.Arg134*,rrl,n.2814G>T,bedaquiline;clofazimine,linezolid,cross_class,1,2,0,1,2,357,0.0,1.0,True,,,1.0,False
mmpR5|p.Arg134*,rrl|n.2270G>T,mmpR5,p.Arg134*,rrl,n.2270G>T,bedaquiline;clofazimine,linezolid,cross_class,1,2,0,1,2,357,0.0,1.0,True,,,1.0,False
mmpR5|p.Arg134*,rpsL|p.Lys88Arg,mmpR5,p.Arg134*,rpsL,p.Lys88Arg,bedaquiline;clofazimine,streptomycin,cross_class,1,8,0,1,8,351,0.0,1.0,True,,,1.0,False
mmpR5|p.Arg134*,rpsL|p.Lys43Arg,mmpR5,p.Arg134*,rpsL,p.Lys43Arg,bedaquiline;clofazimine,streptomycin,cross_class,1,26,0,1,26,333,0.0,1.0,True,,,1.0,False
mmpR5|p.Arg134*,rpoB|p.Val170Phe,mmpR5,p.Arg134*,rpoB,p.Val170Phe,bedaquiline;clofazimine,rifampicin;rifapentine,cross_class,1,2,0,1,2,357,0.0,1.0,True,,,1.0,False
mmpR5|p.Arg134*,rpoB|p.Ser450Leu,mmpR5,p.Arg134*,rpoB,p.Ser450Leu,bedaquiline;clofazimine,rifampicin;rifapentine,cross_class,1,139,0,1,139,220,0.0,1.0,True,,,1.0,False
mmpR5|p.Arg134*,rpoB|p.Leu452Pro,mmpR5,p.Arg134*,rpoB,p.Leu452Pro,bedaquiline;clofazimine,rifampicin;rifapentine,cross_class,1,10,0,1,10,349,0.0,1.0,True,,,1.0,False
mmpR5|p.Arg134*,rpoB|p.Leu430Pro,mmpR5,p.Arg134*,rpoB,p.Leu430Pro,bedaquiline;clofazimine,rifampicin;rifapentine,cross_class,1,22,0,1,22,337,0.0,1.0,True,,,1.0,False
mmpR5|p.Arg134*,rpoB|p.Ile491Phe,mmpR5,p.Arg134*,rpoB,p.Ile491Phe,bedaquiline;clofazimine,rifampicin;rifapentine,cross_class,1,1,0,1,1,358,0.0,1.0,True,,,1.0,False
mmpR5|p.Arg134*,rpoB|p.His445Tyr,mmpR5,p.Arg134*,rpoB,p.His445Tyr,bedaquiline;clofazimine,rifampicin;rifapentine,cross_class,1,5,0,1,5,354,0.0,1.0,True,,,1.0,False
mmpR5|p.Arg134*,rpoB|p.His445Leu,mmpR5,p.Arg134*,rpoB,p.His445Leu,bedaquiline;clofazimine,rifampicin;rifapentine,cross_class,1,1,0,1,1,358,0.0,1.0,True,,,1.0,False
mmpR5|p.Arg134*,rpoB|p.His445Asn,mmpR5,p.Arg134*,rpoB,p.His445Asn,bedaquiline;clofazimine,rifampicin;rifapentine,cross_class,1,6,0,1,6,353,0.0,1.0,True,,,1.0,False
mmpR5|p.Arg156*,pncA|p.Cys14Arg,mmpR5,p.Arg156*,pncA,p.Cys14Arg,bedaquiline;clofazimine,pyrazinamide,cross_class,1,87,1,0,86,273,inf,0.24166666666666667,True,lineage2,100.0,1.0,False
mmpR5|p.Arg156*,pncA|p.Asp8Asn,mmpR5,p.Arg156*,pncA,p.Asp8Asn,bedaquiline;clofazimine,pyrazinamide,cross_class,1,5,0,1,5,354,0.0,1.0,True,,,1.0,False
mmpR5|p.Arg156*,pncA|p.Ala146Thr,mmpR5,p.Arg156*,pncA,p.Ala146Thr,bedaquiline;clofazimine,pyrazinamide,cross_class,1,2,0,1,2,357,0.0,1.0,True,,,1.0,False
mmpR5|p.Arg156*,pncA|c.517dupG,mmpR5,p.Arg156*,pncA,c.517dupG,bedaquiline;clofazimine,pyrazinamide,cross_class,1,70,0,1,70,289,0.0,1.0,True,,,1.0,False
mmpR5|p.Arg156*,pncA|c.459_466delCAGGGTGC,mmpR5,p.Arg156*,pncA,c.459_466delCAGGGTGC,bedaquiline;clofazimine,pyrazinamide,cross_class,1,1,0,1,1,358,0.0,1.0,True,,,1.0,False
mmpR5|p.Arg156*,pncA|c.393dupC,mmpR5,p.Arg156*,pncA,c.393dupC,bedaquiline;clofazimine,pyrazinamide,cross_class,1,1,0,1,1,358,0.0,1.0,True,,,1.0,False
mmpR5|p.Arg156*,pncA|c.169delC,mmpR5,p.Arg156*,pncA,c.169delC,bedaquiline;clofazimine,pyrazinamide,cross_class,1,1,0,1,1,358,0.0,1.0,True,,,1.0,False
mmpR5|p.Arg156*,mmpR5|p.Val1?,mmpR5,p.Arg156*,mmpR5,p.Val1?,bedaquiline;clofazimine,bedaquiline;clofazimine,within_class,1,1,0,1,1,358,0.0,1.0,True,,,1.0,False
mmpR5|p.Arg156*,mmpR5|p.Tyr145*,mmpR5,p.Arg156*,mmpR5,p.Tyr145*,bedaquiline;clofazimine,bedaquiline;clofazimine,within_class,1,2,0,1,2,357,0.0,1.0,True,,,1.0,False
mmpR5|p.Arg156*,mmpR5|p.Ile67Ser,mmpR5,p.Arg156*,mmpR5,p.Ile67Ser,bedaquiline;clofazimine,bedaquiline;clofazimine,within_class,1,2,0,1,2,357,0.0,1.0,True,,,1.0,False
mmpR5|p.Arg156*,mmpR5|p.Gly121Arg,mmpR5,p.Arg156*,mmpR5,p.Gly121Arg,bedaquiline;clofazimine,bedaquiline;clofazimine,within_class,1,1,0,1,1,358,0.0,1.0,True,,,1.0,False
mmpR5|p.Arg156*,mmpR5|p.Gln76*,mmpR5,p.Arg156*,mmpR5,p.Gln76*,bedaquiline;clofazimine,bedaquiline;clofazimine,within_class,1,2,0,1,2,357,0.0,1.0,True,,,1.0,False
mmpR5|p.Arg156*,mmpR5|p.Asn70Asp,mmpR5,p.Arg156*,mmpR5,p.Asn70Asp,bedaquiline;clofazimine,bedaquiline;clofazimine,within_class,1,1,0,1,1,358,0.0,1.0,True,,,1.0,False
mmpR5|p.Arg134*,tlyA|c.585_588delTGGG,mmpR5,p.Arg134*,tlyA,c.585_588delTGGG,bedaquiline;clofazimine,capreomycin,cross_class,1,30,0,1,30,329,0.0,1.0,True,,,1.0,False
mmpR5|p.Arg134*,tlyA|c.388dupG,mmpR5,p.Arg134*,tlyA,c.388dupG,bedaquiline;clofazimine,capreomycin,cross_class,1,1,0,1,1,358,0.0,1.0,True,,,1.0,False
mmpR5|p.Arg134*,rrs|n.517C>T,mmpR5,p.Arg134*,rrs,n.517C>T,bedaquiline;clofazimine,streptomycin,cross_class,1,2,0,1,2,357,0.0,1.0,True,,,1.0,False
mmpR5|p.Arg156*,rpoB|p.Gln432Lys,mmpR5,p.Arg156*,rpoB,p.Gln432Lys,bedaquiline;clofazimine,rifampicin;rifapentine,cross_class,1,1,0,1,1,358,0.0,1.0,True,,,1.0,False
mmpR5|p.Arg156*,rpoB|p.Asp435Val,mmpR5,p.Arg156*,rpoB,p.Asp435Val,bedaquiline;clofazimine,rifampicin;rifapentine,cross_class,1,73,0,1,73,286,0.0,1.0,True,,,1.0,False
mmpR5|p.Arg156*,rpoB|p.Asp435Tyr,mmpR5,p.Arg156*,rpoB,p.Asp435Tyr,bedaquiline;clofazimine,rifampicin;rifapentine,cross_class,1,9,0,1,9,350,0.0,1.0,True,,,1.0,False
mmpR5|p.Arg156*,rpoB|p.Asp435Gly,mmpR5,p.Arg156*,rpoB,p.Asp435Gly,bedaquiline;clofazimine,rifampicin;rifapentine,cross_class,1,2,0,1,2,357,0.0,1.0,True,,,1.0,False
mmpR5|p.Arg156*,rpoB|p.Asp435Ala,mmpR5,p.Arg156*,rpoB,p.Asp435Ala,bedaquiline;clofazimine,rifampicin;rifapentine,cross_class,1,1,0,1,1,358,0.0,1.0,True,,,1.0,False
mmpR5|p.Arg156*,rpoB|p.Asn437Ser,mmpR5,p.Arg156*,rpoB,p.Asn437Ser,bedaquiline;clofazimine,rifampicin;rifapentine,cross_class,1,2,0,1,2,357,0.0,1.0,True,,,1.0,False
mmpR5|p.Arg156*,rpoB|p.Ala451Val,mmpR5,p.Arg156*,rpoB,p.Ala451Val,bedaquiline;clofazimine,rifampicin;rifapentine,cross_class,1,3,0,1,3,356,0.0,1.0,True,,,1.0,False
mmpR5|p.Arg156*,rpoB|c.1296_1304delATTCATGGA,mmpR5,p.Arg156*,rpoB,c.1296_1304delATTCATGGA,bedaquiline;clofazimine,rifampicin;rifapentine,cross_class,1,2,0,1,2,357,0.0,1.0,True,,,1.0,False
mmpR5|p.Arg156*,rpoB|c.1294_1299delCAATTC,mmpR5,p.Arg156*,rpoB,c.1294_1299delCAATTC,bedaquiline;clofazimine,rifampicin;rifapentine,cross_class,1,1,0,1,1,358,0.0,1.0,True,,,1.0,False
mmpR5|p.Arg156*,rplC|p.Cys154Arg,mmpR5,p.Arg156*,rplC,p.Cys154Arg,bedaquiline;clofazimine,linezolid,cross_class,1,4,0,1,4,355,0.0,1.0,True,,,1.0,False
mmpR5|p.Arg156*,pncA|p.Val180Phe,mmpR5,p.Arg156*,pncA,p.Val180Phe,bedaquiline;clofazimine,pyrazinamide,cross_class,1,1,0,1,1,358,0.0,1.0,True,,,1.0,False
mmpR5|p.Arg156*,pncA|p.Val139Gly,mmpR5,p.Arg156*,pncA,p.Val139Gly,bedaquiline;clofazimine,pyrazinamide,cross_class,1,1,0,1,1,358,0.0,1.0,True,,,1.0,False
mmpR5|p.Arg156*,pncA|p.Thr47Ala,mmpR5,p.Arg156*,pncA,p.Thr47Ala,bedaquiline;clofazimine,pyrazinamide,cross_class,1,1,0,1,1,358,0.0,1.0,True,,,1.0,False
mmpR5|p.Arg156*,pncA|p.Ser104Arg,mmpR5,p.Arg156*,pncA,p.Ser104Arg,bedaquiline;clofazimine,pyrazinamide,cross_class,1,7,0,1,7,352,0.0,1.0,True,,,1.0,False
mmpR5|p.Arg156*,pncA|p.Ile31Ser,mmpR5,p.Arg156*,pncA,p.Ile31Ser,bedaquiline;clofazimine,pyrazinamide,cross_class,1,1,0,1,1,358,0.0,1.0,True,,,1.0,False
mmpR5|p.Arg156*,pncA|p.Gln141Pro,mmpR5,p.Arg156*,pncA,p.Gln141Pro,bedaquiline;clofazimine,pyrazinamide,cross_class,1,1,0,1,1,358,0.0,1.0,True,,,1.0,False
mmpR5|p.Arg156*,rrs|n.514A>C,mmpR5,p.Arg156*,rrs,n.514A>C,bedaquiline;clofazimine,streptomycin,cross_class,1,164,1,0,163,196,inf,0.45555555555555555,True,lineage2,100.0,1.0,False
mmpR5|p.Arg156*,rrs|n.1402C>T,mmpR5,p.Arg156*,rrs,n.1402C>T,bedaquiline;clofazimine,amikacin;capreomycin;kanamycin,cross_class,1,2,0,1,2,357,0.0,1.0,True,,,1.0,False
mmpR5|p.Arg156*,rrs|n.1401A>G,mmpR5,p.Arg156*,rrs,n.1401A>G,bedaquiline;clofazimine,amikacin;capreomycin;kanamycin,cross_class,1,85,0,1,85,274,0.0,1.0,True,,,1.0,False
mmpR5|p.Arg156*,rrl|n.2814G>T,mmpR5,p.Arg156*,rrl,n.2814G>T,bedaquiline;clofazimine,linezolid,cross_class,1,2,0,1,2,357,0.0,1.0,True,,,1.0,False
mmpR5|p.Arg156*,rrl|n.2270G>T,mmpR5,p.Arg156*,rrl,n.2270G>T,bedaquiline;clofazimine,linezolid,cross_class,1,2,0,1,2,357,0.0,1.0,True,,,1.0,False
mmpR5|p.Arg156*,rpsL|p.Lys88Arg,mmpR5,p.Arg156*,rpsL,p.Lys88Arg,bedaquiline;clofazimine,streptomycin,cross_class,1,8,0,1,8,351,0.0,1.0,True,,,1.0,False
mmpR5|p.Arg156*,rpsL|p.Lys43Arg,mmpR5,p.Arg156*,rpsL,p.Lys43Arg,bedaquiline;clofazimine,streptomycin,cross_class,1,26,0,1,26,333,0.0,1.0,True,,,1.0,False
mmpR5|p.Arg156*,rpoB|p.Val170Phe,mmpR5,p.Arg156*,rpoB,p.Val170Phe,bedaquiline;clofazimine,rifampicin;rifapentine,cross_class,1,2,0,1,2,357,0.0,1.0,True,,,1.0,False
mmpR5|p.Arg156*,rpoB|p.Ser450Leu,mmpR5,p.Arg156*,rpoB,p.Ser450Leu,bedaquiline;clofazimine,rifampicin;rifapentine,cross_class,1,139,1,0,138,221,inf,0.3861111111111111,True,lineage2,100.0,1.0,False
mmpR5|p.Arg156*,rpoB|p.Leu452Pro,mmpR5,p.Arg156*,rpoB,p.Leu452Pro,bedaquiline;clofazimine,rifampicin;rifapentine,cross_class,1,10,0,1,10,349,0.0,1.0,True,,,1.0,False
mmpR5|p.Arg156*,rpoB|p.Leu430Pro,mmpR5,p.Arg156*,rpoB,p.Leu430Pro,bedaquiline;clofazimine,rifampicin;rifapentine,cross_class,1,22,0,1,22,337,0.0,1.0,True,,,1.0,False
mmpR5|p.Arg156*,rpoB|p.Ile491Phe,mmpR5,p.Arg156*,rpoB,p.Ile491Phe,bedaquiline;clofazimine,rifampicin;rifapentine,cross_class,1,1,0,1,1,358,0.0,1.0,True,,,1.0,False
mmpR5|p.Arg156*,rpoB|p.His445Tyr,mmpR5,p.Arg156*,rpoB,p.His445Tyr,bedaquiline;clofazimine,rifampicin;rifapentine,cross_class,1,5,0,1,5,354,0.0,1.0,True,,,1.0,False
mmpR5|p.Arg156*,rpoB|p.His445Leu,mmpR5,p.Arg156*,rpoB,p.His445Leu,bedaquiline;clofazimine,rifampicin;rifapentine,cross_class,1,1,0,1,1,358,0.0,1.0,True,,,1.0,False
mmpR5|p.Arg156*,rpoB|p.His445Asp,mmpR5,p.Arg156*,rpoB,p.His445Asp,bedaquiline;clofazimine,rifampicin;rifapentine,cross_class,1,11,0,1,11,348,0.0,1.0,True,,,1.0,False
mmpR5|p.Arg156*,rpoB|p.His445Asn,mmpR5,p.Arg156*,rpoB,p.His445Asn,bedaquiline;clofazimine,rifampicin;rifapentine,cross_class,1,6,0,1,6,353,0.0,1.0,True,,,1.0,False
mmpR5|p.Asn70Asp,pncA|p.Gln141Pro,mmpR5,p.Asn70Asp,pncA,p.Gln141Pro,bedaquiline;clofazimine,pyrazinamide,cross_class,1,1,0,1,1,358,0.0,1.0,True,,,1.0,False
mmpR5|p.Asn70Asp,pncA|p.Cys14Arg,mmpR5,p.Asn70Asp,pncA,p.Cys14Arg,bedaquiline;clofazimine,pyrazinamide,cross_class,1,87,0,1,87,272,0.0,1.0,True,,,1.0,False
mmpR5|p.Asn70Asp,pncA|p.Asp8Asn,mmpR5,p.Asn70Asp,pncA,p.Asp8Asn,bedaquiline;clofazimine,pyrazinamide,cross_class,1,5,0,1,5,354,0.0,1.0,True,,,1.0,False
mmpR5|p.Asn70Asp,pncA|p.Ala146Thr,mmpR5,p.Asn70Asp,pncA,p.Ala146Thr,bedaquiline;clofazimine,pyrazinamide,cross_class,1,2,0,1,2,357,0.0,1.0,True,,,1.0,False
mmpR5|p.Asn70Asp,pncA|c.517dupG,mmpR5,p.Asn70Asp,pncA,c.517dupG,bedaquiline;clofazimine,pyrazinamide,cross_class,1,70,1,0,69,290,inf,0.19444444444444442,True,lineage2,100.0,1.0,False
mmpR5|p.Asn70Asp,pncA|c.459_466delCAGGGTGC,mmpR5,p.Asn70Asp,pncA,c.459_466delCAGGGTGC,bedaquiline;clofazimine,pyrazinamide,cross_class,1,1,0,1,1,358,0.0,1.0,True,,,1.0,False
mmpR5|p.Asn70Asp,pncA|c.393dupC,mmpR5,p.Asn70Asp,pncA,c.393dupC,bedaquiline;clofazimine,pyrazinamide,cross_class,1,1,0,1,1,358,0.0,1.0,True,,,1.0,False
mmpR5|p.Asn70Asp,pncA|c.169delC,mmpR5,p.Asn70Asp,pncA,c.169delC,bedaquiline;clofazimine,pyrazinamide,cross_class,1,1,0,1,1,358,0.0,1.0,True,,,1.0,False
mmpR5|p.Asn70Asp,mmpR5|p.Val1?,mmpR5,p.Asn70Asp,mmpR5,p.Val1?,bedaquiline;clofazimine,bedaquiline;clofazimine,within_class,1,1,0,1,1,358,0.0,1.0,True,,,1.0,False
mmpR5|p.Asn70Asp,mmpR5|p.Tyr145*,mmpR5,p.Asn70Asp,mmpR5,p.Tyr145*,bedaquiline;clofazimine,bedaquiline;clofazimine,within_class,1,2,0,1,2,357,0.0,1.0,True,,,1.0,False
mmpR5|p.Asn70Asp,mmpR5|p.Ile67Ser,mmpR5,p.Asn70Asp,mmpR5,p.Ile67Ser,bedaquiline;clofazimine,bedaquiline;clofazimine,within_class,1,2,0,1,2,357,0.0,1.0,True,,,1.0,False
mmpR5|p.Asn70Asp,mmpR5|p.Gly121Arg,mmpR5,p.Asn70Asp,mmpR5,p.Gly121Arg,bedaquiline;clofazimine,bedaquiline;clofazimine,within_class,1,1,0,1,1,358,0.0,1.0,True,,,1.0,False
mmpR5|p.Asn70Asp,mmpR5|p.Gln76*,mmpR5,p.Asn70Asp,mmpR5,p.Gln76*,bedaquiline;clofazimine,bedaquiline;clofazimine,within_class,1,2,0,1,2,357,0.0,1.0,True,,,1.0,False
mmpR5|p.Arg156*,tlyA|c.585_588delTGGG,mmpR5,p.Arg156*,tlyA,c.585_588delTGGG,bedaquiline;clofazimine,capreomycin,cross_class,1,30,1,0,29,330,inf,0.08333333333333333,True,lineage2,100.0,1.0,False
mmpR5|p.Arg156*,tlyA|c.388dupG,mmpR5,p.Arg156*,tlyA,c.388dupG,bedaquiline;clofazimine,capreomycin,cross_class,1,1,0,1,1,358,0.0,1.0,True,,,1.0,False
mmpR5|p.Arg156*,rrs|n.517C>T,mmpR5,p.Arg156*,rrs,n.517C>T,bedaquiline;clofazimine,streptomycin,cross_class,1,2,0,1,2,357,0.0,1.0,True,,,1.0,False
mmpR5|p.Asn70Asp,rpoB|p.His445Asn,mmpR5,p.Asn70Asp,rpoB,p.His445Asn,bedaquiline;clofazimine,rifampicin;rifapentine,cross_class,1,6,0,1,6,353,0.0,1.0,True,,,1.0,False
mmpR5|p.Asn70Asp,rpoB|p.Gln432Lys,mmpR5,p.Asn70Asp,rpoB,p.Gln432Lys,bedaquiline;clofazimine,rifampicin;rifapentine,cross_class,1,1,0,1,1,358,0.0,1.0,True,,,1.0,False
mmpR5|p.Asn70Asp,rpoB|p.Asp435Val,mmpR5,p.Asn70Asp,rpoB,p.Asp435Val,bedaquiline;clofazimine,rifampicin;rifapentine,cross_class,1,73,1,0,72,287,inf,0.20277777777777778,True,lineage2,100.0,1.0,False
mmpR5|p.Asn70Asp,rpoB|p.Asp435Tyr,mmpR5,p.Asn70Asp,rpoB,p.Asp435Tyr,bedaquiline;clofazimine,rifampicin;rifapentine,cross_class,1,9,0,1,9,350,0.0,1.0,True,,,1.0,False
mmpR5|p.Asn70Asp,rpoB|p.Asp435Gly,mmpR5,p.Asn70Asp,rpoB,p.Asp435Gly,bedaquiline;clofazimine,rifampicin;rifapentine,cross_class,1,2,0,1,2,357,0.0,1.0,True,,,1.0,False
mmpR5|p.Asn70Asp,rpoB|p.Asp435Ala,mmpR5,p.Asn70Asp,rpoB,p.Asp435Ala,bedaquiline;clofazimine,rifampicin;rifapentine,cross_class,1,1,0,1,1,358,0.0,1.0,True,,,1.0,False
mmpR5|p.Asn70Asp,rpoB|p.Asn437Ser,mmpR5,p.Asn70Asp,rpoB,p.Asn437Ser,bedaquiline;clofazimine,rifampicin;rifapentine,cross_class,1,2,0,1,2,357,0.0,1.0,True,,,1.0,False
mmpR5|p.Asn70Asp,rpoB|p.Ala451Val,mmpR5,p.Asn70Asp,rpoB,p.Ala451Val,bedaquiline;clofazimine,rifampicin;rifapentine,cross_class,1,3,0,1,3,356,0.0,1.0,True,,,1.0,False
mmpR5|p.Asn70Asp,rpoB|c.1296_1304delATTCATGGA,mmpR5,p.Asn70Asp,rpoB,c.1296_1304delATTCATGGA,bedaquiline;clofazimine,rifampicin;rifapentine,cross_class,1,2,0,1,2,357,0.0,1.0,True,,,1.0,False
mmpR5|p.Asn70Asp,rpoB|c.1294_1299delCAATTC,mmpR5,p.Asn70Asp,rpoB,c.1294_1299delCAATTC,bedaquiline;clofazimine,rifampicin;rifapentine,cross_class,1,1,0,1,1,358,0.0,1.0,True,,,1.0,False
mmpR5|p.Asn70Asp,rplC|p.Cys154Arg,mmpR5,p.Asn70Asp,rplC,p.Cys154Arg,bedaquiline;clofazimine,linezolid,cross_class,1,4,0,1,4,355,0.0,1.0,True,,,1.0,False
mmpR5|p.Asn70Asp,pncA|p.Val180Phe,mmpR5,p.Asn70Asp,pncA,p.Val180Phe,bedaquiline;clofazimine,pyrazinamide,cross_class,1,1,0,1,1,358,0.0,1.0,True,,,1.0,False
mmpR5|p.Asn70Asp,pncA|p.Val139Gly,mmpR5,p.Asn70Asp,pncA,p.Val139Gly,bedaquiline;clofazimine,pyrazinamide,cross_class,1,1,0,1,1,358,0.0,1.0,True,,,1.0,False
mmpR5|p.Asn70Asp,pncA|p.Thr47Ala,mmpR5,p.Asn70Asp,pncA,p.Thr47Ala,bedaquiline;clofazimine,pyrazinamide,cross_class,1,1,0,1,1,358,0.0,1.0,True,,,1.0,False
mmpR5|p.Asn70Asp,pncA|p.Ser104Arg,mmpR5,p.Asn70Asp,pncA,p.Ser104Arg,bedaquiline;clofazimine,pyrazinamide,cross_class,1,7,0,1,7,352,0.0,1.0,True,,,1.0,False
mmpR5|p.Asn70Asp,pncA|p.Ile31Ser,mmpR5,p.Asn70Asp,pncA,p.Ile31Ser,bedaquiline;clofazimine,pyrazinamide,cross_class,1,1,0,1,1,358,0.0,1.0,True,,,1.0,False
mmpR5|p.Asn70Asp,rrs|n.517C>T,mmpR5,p.Asn70Asp,rrs,n.517C>T,bedaquiline;clofazimine,streptomycin,cross_class,1,2,0,1,2,357,0.0,1.0,True,,,1.0,False
mmpR5|p.Asn70Asp,rrs|n.514A>C,mmpR5,p.Asn70Asp,rrs,n.514A>C,bedaquiline;clofazimine,streptomycin,cross_class,1,164,1,0,163,196,inf,0.45555555555555555,True,lineage2,100.0,1.0,False
mmpR5|p.Asn70Asp,rrs|n.1402C>T,mmpR5,p.Asn70Asp,rrs,n.1402C>T,bedaquiline;clofazimine,amikacin;capreomycin;kanamycin,cross_class,1,2,0,1,2,357,0.0,1.0,True,,,1.0,False
mmpR5|p.Asn70Asp,rrs|n.1401A>G,mmpR5,p.Asn70Asp,rrs,n.1401A>G,bedaquiline;clofazimine,amikacin;capreomycin;kanamycin,cross_class,1,85,1,0,84,275,inf,0.2361111111111111,True,lineage2,100.0,1.0,False
mmpR5|p.Asn70Asp,rrl|n.2814G>T,mmpR5,p.Asn70Asp,rrl,n.2814G>T,bedaquiline;clofazimine,linezolid,cross_class,1,2,0,1,2,357,0.0,1.0,True,,,1.0,False
mmpR5|p.Asn70Asp,rrl|n.2270G>T,mmpR5,p.Asn70Asp,rrl,n.2270G>T,bedaquiline;clofazimine,linezolid,cross_class,1,2,0,1,2,357,0.0,1.0,True,,,1.0,False
mmpR5|p.Asn70Asp,rpsL|p.Lys88Arg,mmpR5,p.Asn70Asp,rpsL,p.Lys88Arg,bedaquiline;clofazimine,streptomycin,cross_class,1,8,0,1,8,351,0.0,1.0,True,,,1.0,False
mmpR5|p.Asn70Asp,rpsL|p.Lys43Arg,mmpR5,p.Asn70Asp,rpsL,p.Lys43Arg,bedaquiline;clofazimine,streptomycin,cross_class,1,26,0,1,26,333,0.0,1.0,True,,,1.0,False
mmpR5|p.Asn70Asp,rpoB|p.Val170Phe,mmpR5,p.Asn70Asp,rpoB,p.Val170Phe,bedaquiline;clofazimine,rifampicin;rifapentine,cross_class,1,2,0,1,2,357,0.0,1.0,True,,,1.0,False
mmpR5|p.Asn70Asp,rpoB|p.Ser450Leu,mmpR5,p.Asn70Asp,rpoB,p.Ser450Leu,bedaquiline;clofazimine,rifampicin;rifapentine,cross_class,1,139,0,1,139,220,0.0,1.0,True,,,1.0,False
mmpR5|p.Asn70Asp,rpoB|p.Leu452Pro,mmpR5,p.Asn70Asp,rpoB,p.Leu452Pro,bedaquiline;clofazimine,rifampicin;rifapentine,cross_class,1,10,0,1,10,349,0.0,1.0,True,,,1.0,False
mmpR5|p.Asn70Asp,rpoB|p.Leu430Pro,mmpR5,p.Asn70Asp,rpoB,p.Leu430Pro,bedaquiline;clofazimine,rifampicin;rifapentine,cross_class,1,22,0,1,22,337,0.0,1.0,True,,,1.0,False
mmpR5|p.Asn70Asp,rpoB|p.Ile491Phe,mmpR5,p.Asn70Asp,rpoB,p.Ile491Phe,bedaquiline;clofazimine,rifampicin;rifapentine,cross_class,1,1,0,1,1,358,0.0,1.0,True,,,1.0,False
mmpR5|p.Asn70Asp,rpoB|p.His445Tyr,mmpR5,p.Asn70Asp,rpoB,p.His445Tyr,bedaquiline;clofazimine,rifampicin;rifapentine,cross_class,1,5,0,1,5,354,0.0,1.0,True,,,1.0,False
mmpR5|p.Asn70Asp,rpoB|p.His445Leu,mmpR5,p.Asn70Asp,rpoB,p.His445Leu,bedaquiline;clofazimine,rifampicin;rifapentine,cross_class,1,1,0,1,1,358,0.0,1.0,True,,,1.0,False
mmpR5|p.Asn70Asp,rpoB|p.His445Asp,mmpR5,p.Asn70Asp,rpoB,p.His445Asp,bedaquiline;clofazimine,rifampicin;rifapentine,cross_class,1,11,0,1,11,348,0.0,1.0,True,,,1.0,False
mmpR5|p.Gln76*,pncA|p.Ser104Arg,mmpR5,p.Gln76*,pncA,p.Ser104Arg,bedaquiline;clofazimine,pyrazinamide,cross_class,2,7,0,2,7,351,0.0,1.0,True,,,1.0,False
mmpR5|p.Gln76*,pncA|p.Ile31Ser,mmpR5,p.Gln76*,pncA,p.Ile31Ser,bedaquiline;clofazimine,pyrazinamide,cross_class,2,1,0,2,1,357,0.0,1.0,True,,,1.0,False
mmpR5|p.Gln76*,pncA|p.Gln141Pro,mmpR5,p.Gln76*,pncA,p.Gln141Pro,bedaquiline;clofazimine,pyrazinamide,cross_class,2,1,0,2,1,357,0.0,1.0,True,,,1.0,False
mmpR5|p.Gln76*,pncA|p.Cys14Arg,mmpR5,p.Gln76*,pncA,p.Cys14Arg,bedaquiline;clofazimine,pyrazinamide,cross_class,2,87,1,1,86,272,3.1627906976744184,0.42544103992571963,True,lineage2,100.0,1.0,False
mmpR5|p.Gln76*,pncA|p.Asp8Asn,mmpR5,p.Gln76*,pncA,p.Asp8Asn,bedaquiline;clofazimine,pyrazinamide,cross_class,2,5,0,2,5,353,0.0,1.0,True,,,1.0,False
mmpR5|p.Gln76*,pncA|p.Ala146Thr,mmpR5,p.Gln76*,pncA,p.Ala146Thr,bedaquiline;clofazimine,pyrazinamide,cross_class,2,2,0,2,2,356,0.0,1.0,True,,,1.0,False
mmpR5|p.Gln76*,pncA|c.517dupG,mmpR5,p.Gln76*,pncA,c.517dupG,bedaquiline;clofazimine,pyrazinamide,cross_class,2,70,1,1,69,289,4.188405797101449,0.35151655834107093,True,lineage2,100.0,1.0,False
mmpR5|p.Gln76*,pncA|c.459_466delCAGGGTGC,mmpR5,p.Gln76*,pncA,c.459_466delCAGGGTGC,bedaquiline;clofazimine,pyrazinamide,cross_class,2,1,0,2,1,357,0.0,1.0,True,,,1.0,False
mmpR5|p.Gln76*,pncA|c.393dupC,mmpR5,p.Gln76*,pncA,c.393dupC,bedaquiline;clofazimine,pyrazinamide,cross_class,2,1,0,2,1,357,0.0,1.0,True,,,1.0,False
mmpR5|p.Gln76*,pncA|c.169delC,mmpR5,p.Gln76*,pncA,c.169delC,bedaquiline;clofazimine,pyrazinamide,cross_class,2,1,0,2,1,357,0.0,1.0,True,,,1.0,False
mmpR5|p.Gln76*,mmpR5|p.Val1?,mmpR5,p.Gln76*,mmpR5,p.Val1?,bedaquiline;clofazimine,bedaquiline;clofazimine,within_class,2,1,0,2,1,357,0.0,1.0,True,,,1.0,False
mmpR5|p.Gln76*,mmpR5|p.Tyr145*,mmpR5,p.Gln76*,mmpR5,p.Tyr145*,bedaquiline;clofazimine,bedaquiline;clofazimine,within_class,2,2,0,2,2,356,0.0,1.0,True,,,1.0,False
mmpR5|p.Gln76*,mmpR5|p.Ile67Ser,mmpR5,p.Gln76*,mmpR5,p.Ile67Ser,bedaquiline;clofazimine,bedaquiline;clofazimine,within_class,2,2,0,2,2,356,0.0,1.0,True,,,1.0,False
mmpR5|p.Gln76*,mmpR5|p.Gly121Arg,mmpR5,p.Gln76*,mmpR5,p.Gly121Arg,bedaquiline;clofazimine,bedaquiline;clofazimine,within_class,2,1,0,2,1,357,0.0,1.0,True,,,1.0,False
mmpR5|p.Asn70Asp,tlyA|c.585_588delTGGG,mmpR5,p.Asn70Asp,tlyA,c.585_588delTGGG,bedaquiline;clofazimine,capreomycin,cross_class,1,30,0,1,30,329,0.0,1.0,True,,,1.0,False
mmpR5|p.Asn70Asp,tlyA|c.388dupG,mmpR5,p.Asn70Asp,tlyA,c.388dupG,bedaquiline;clofazimine,capreomycin,cross_class,1,1,0,1,1,358,0.0,1.0,True,,,1.0,False
mmpR5|p.Gln76*,rpoB|p.His445Leu,mmpR5,p.Gln76*,rpoB,p.His445Leu,bedaquiline;clofazimine,rifampicin;rifapentine,cross_class,2,1,0,2,1,357,0.0,1.0,True,,,1.0,False
mmpR5|p.Gln76*,rpoB|p.His445Asp,mmpR5,p.Gln76*,rpoB,p.His445Asp,bedaquiline;clofazimine,rifampicin;rifapentine,cross_class,2,11,0,2,11,347,0.0,1.0,True,,,1.0,False
mmpR5|p.Gln76*,rpoB|p.His445Asn,mmpR5,p.Gln76*,rpoB,p.His445Asn,bedaquiline;clofazimine,rifampicin;rifapentine,cross_class,2,6,0,2,6,352,0.0,1.0,True,,,1.0,False
mmpR5|p.Gln76*,rpoB|p.Gln432Lys,mmpR5,p.Gln76*,rpoB,p.Gln432Lys,bedaquiline;clofazimine,rifampicin;rifapentine,cross_class,2,1,0,2,1,357,0.0,1.0,True,,,1.0,False
mmpR5|p.Gln76*,rpoB|p.Asp435Val,mmpR5,p.Gln76*,rpoB,p.Asp435Val,bedaquiline;clofazimine,rifampicin;rifapentine,cross_class,2,73,1,1,72,286,3.9722222222222223,0.3648870318786753,True,lineage2,100.0,1.0,False
mmpR5|p.Gln76*,rpoB|p.Asp435Tyr,mmpR5,p.Gln76*,rpoB,p.Asp435Tyr,bedaquiline;clofazimine,rifampicin;rifapentine,cross_class,2,9,0,2,9,349,0.0,1.0,True,,,1.0,False
mmpR5|p.Gln76*,rpoB|p.Asp435Gly,mmpR5,p.Gln76*,rpoB,p.Asp435Gly,bedaquiline;clofazimine,rifampicin;rifapentine,cross_class,2,2,0,2,2,356,0.0,1.0,True,,,1.0,False
mmpR5|p.Gln76*,rpoB|p.Asp435Ala,mmpR5,p.Gln76*,rpoB,p.Asp435Ala,bedaquiline;clofazimine,rifampicin;rifapentine,cross_class,2,1,0,2,1,357,0.0,1.0,True,,,1.0,False
mmpR5|p.Gln76*,rpoB|p.Asn437Ser,mmpR5,p.Gln76*,rpoB,p.Asn437Ser,bedaquiline;clofazimine,rifampicin;rifapentine,cross_class,2,2,0,2,2,356,0.0,1.0,True,,,1.0,False
mmpR5|p.Gln76*,rpoB|p.Ala451Val,mmpR5,p.Gln76*,rpoB,p.Ala451Val,bedaquiline;clofazimine,rifampicin;rifapentine,cross_class,2,3,0,2,3,355,0.0,1.0,True,,,1.0,False
mmpR5|p.Gln76*,rpoB|c.1296_1304delATTCATGGA,mmpR5,p.Gln76*,rpoB,c.1296_1304delATTCATGGA,bedaquiline;clofazimine,rifampicin;rifapentine,cross_class,2,2,0,2,2,356,0.0,1.0,True,,,1.0,False
mmpR5|p.Gln76*,rpoB|c.1294_1299delCAATTC,mmpR5,p.Gln76*,rpoB,c.1294_1299delCAATTC,bedaquiline;clofazimine,rifampicin;rifapentine,cross_class,2,1,0,2,1,357,0.0,1.0,True,,,1.0,False
mmpR5|p.Gln76*,rplC|p.Cys154Arg,mmpR5,p.Gln76*,rplC,p.Cys154Arg,bedaquiline;clofazimine,linezolid,cross_class,2,4,0,2,4,354,0.0,1.0,True,,,1.0,False
mmpR5|p.Gln76*,pncA|p.Val180Phe,mmpR5,p.Gln76*,pncA,p.Val180Phe,bedaquiline;clofazimine,pyrazinamide,cross_class,2,1,0,2,1,357,0.0,1.0,True,,,1.0,False
mmpR5|p.Gln76*,pncA|p.Val139Gly,mmpR5,p.Gln76*,pncA,p.Val139Gly,bedaquiline;clofazimine,pyrazinamide,cross_class,2,1,0,2,1,357,0.0,1.0,True,,,1.0,False
mmpR5|p.Gln76*,pncA|p.Thr47Ala,mmpR5,p.Gln76*,pncA,p.Thr47Ala,bedaquiline;clofazimine,pyrazinamide,cross_class,2,1,0,2,1,357,0.0,1.0,True,,,1.0,False
mmpR5|p.Gln76*,tlyA|c.585_588delTGGG,mmpR5,p.Gln76*,tlyA,c.585_588delTGGG,bedaquiline;clofazimine,capreomycin,cross_class,2,30,0,2,30,328,0.0,1.0,True,,,1.0,False
mmpR5|p.Gln76*,tlyA|c.388dupG,mmpR5,p.Gln76*,tlyA,c.388dupG,bedaquiline;clofazimine,capreomycin,cross_class,2,1,0,2,1,357,0.0,1.0,True,,,1.0,False
mmpR5|p.Gln76*,rrs|n.517C>T,mmpR5,p.Gln76*,rrs,n.517C>T,bedaquiline;clofazimine,streptomycin,cross_class,2,2,0,2,2,356,0.0,1.0,True,,,1.0,False
mmpR5|p.Gln76*,rrs|n.514A>C,mmpR5,p.Gln76*,rrs,n.514A>C,bedaquiline;clofazimine,streptomycin,cross_class,2,164,2,0,162,196,inf,0.20683998761993191,True,lineage2,100.0,1.0,False
mmpR5|p.Gln76*,rrs|n.1402C>T,mmpR5,p.Gln76*,rrs,n.1402C>T,bedaquiline;clofazimine,amikacin;capreomycin;kanamycin,cross_class,2,2,0,2,2,356,0.0,1.0,True,,,1.0,False
mmpR5|p.Gln76*,rrs|n.1401A>G,mmpR5,p.Gln76*,rrs,n.1401A>G,bedaquiline;clofazimine,amikacin;capreomycin;kanamycin,cross_class,2,85,1,1,84,274,3.261904761904762,0.41697616836892604,True,lineage2,100.0,1.0,False
mmpR5|p.Gln76*,rrl|n.2814G>T,mmpR5,p.Gln76*,rrl,n.2814G>T,bedaquiline;clofazimine,linezolid,cross_class,2,2,0,2,2,356,0.0,1.0,True,,,1.0,False
mmpR5|p.Gln76*,rrl|n.2270G>T,mmpR5,p.Gln76*,rrl,n.2270G>T,bedaquiline;clofazimine,linezolid,cross_class,2,2,0,2,2,356,0.0,1.0,True,,,1.0,False
mmpR5|p.Gln76*,rpsL|p.Lys88Arg,mmpR5,p.Gln76*,rpsL,p.Lys88Arg,bedaquiline;clofazimine,streptomycin,cross_class,2,8,0,2,8,350,0.0,1.0,True,,,1.0,False
mmpR5|p.Gln76*,rpsL|p.Lys43Arg,mmpR5,p.Gln76*,rpsL,p.Lys43Arg,bedaquiline;clofazimine,streptomycin,cross_class,2,26,0,2,26,332,0.0,1.0,True,,,1.0,False
mmpR5|p.Gln76*,rpoB|p.Val170Phe,mmpR5,p.Gln76*,rpoB,p.Val170Phe,bedaquiline;clofazimine,rifampicin;rifapentine,cross_class,2,2,0,2,2,356,0.0,1.0,True,,,1.0,False
mmpR5|p.Gln76*,rpoB|p.Ser450Leu,mmpR5,p.Gln76*,rpoB,p.Ser450Leu,bedaquiline;clofazimine,rifampicin;rifapentine,cross_class,2,139,1,1,138,220,1.5942028985507246,1.0,True,lineage2,100.0,1.0,False
mmpR5|p.Gln76*,rpoB|p.Leu452Pro,mmpR5,p.Gln76*,rpoB,p.Leu452Pro,bedaquiline;clofazimine,rifampicin;rifapentine,cross_class,2,10,0,2,10,348,0.0,1.0,True,,,1.0,False
mmpR5|p.Gln76*,rpoB|p.Leu430Pro,mmpR5,p.Gln76*,rpoB,p.Leu430Pro,bedaquiline;clofazimine,rifampicin;rifapentine,cross_class,2,22,0,2,22,336,0.0,1.0,True,,,1.0,False
mmpR5|p.Gln76*,rpoB|p.Ile491Phe,mmpR5,p.Gln76*,rpoB,p.Ile491Phe,bedaquiline;clofazimine,rifampicin;rifapentine,cross_class,2,1,0,2,1,357,0.0,1.0,True,,,1.0,False
mmpR5|p.Gln76*,rpoB|p.His445Tyr,mmpR5,p.Gln76*,rpoB,p.His445Tyr,bedaquiline;clofazimine,rifampicin;rifapentine,cross_class,2,5,0,2,5,353,0.0,1.0,True,,,1.0,False
mmpR5|p.Gly121Arg,pncA|p.Val180Phe,mmpR5,p.Gly121Arg,pncA,p.Val180Phe,bedaquiline;clofazimine,pyrazinamide,cross_class,1,1,0,1,1,358,0.0,1.0,True,,,1.0,False
mmpR5|p.Gly121Arg,pncA|p.Val139Gly,mmpR5,p.Gly121Arg,pncA,p.Val139Gly,bedaquiline;clofazimine,pyrazinamide,cross_class,1,1,0,1,1,358,0.0,1.0,True,,,1.0,False
mmpR5|p.Gly121Arg,pncA|p.Thr47Ala,mmpR5,p.Gly121Arg,pncA,p.Thr47Ala,bedaquiline;clofazimine,pyrazinamide,cross_class,1,1,0,1,1,358,0.0,1.0,True,,,1.0,False
mmpR5|p.Gly121Arg,pncA|p.Ser104Arg,mmpR5,p.Gly121Arg,pncA,p.Ser104Arg,bedaquiline;clofazimine,pyrazinamide,cross_class,1,7,0,1,7,352,0.0,1.0,True,,,1.0,False
mmpR5|p.Gly121Arg,pncA|p.Ile31Ser,mmpR5,p.Gly121Arg,pncA,p.Ile31Ser,bedaquiline;clofazimine,pyrazinamide,cross_class,1,1,0,1,1,358,0.0,1.0,True,,,1.0,False
mmpR5|p.Gly121Arg,pncA|p.Gln141Pro,mmpR5,p.Gly121Arg,pncA,p.Gln141Pro,bedaquiline;clofazimine,pyrazinamide,cross_class,1,1,0,1,1,358,0.0,1.0,True,,,1.0,False
mmpR5|p.Gly121Arg,pncA|p.Cys14Arg,mmpR5,p.Gly121Arg,pncA,p.Cys14Arg,bedaquiline;clofazimine,pyrazinamide,cross_class,1,87,0,1,87,272,0.0,1.0,True,,,1.0,False
mmpR5|p.Gly121Arg,pncA|p.Asp8Asn,mmpR5,p.Gly121Arg,pncA,p.Asp8Asn,bedaquiline;clofazimine,pyrazinamide,cross_class,1,5,0,1,5,354,0.0,1.0,True,,,1.0,False
mmpR5|p.Gly121Arg,pncA|p.Ala146Thr,mmpR5,p.Gly121Arg,pncA,p.Ala146Thr,bedaquiline;clofazimine,pyrazinamide,cross_class,1,2,0,1,2,357,0.0,1.0,True,,,1.0,False
mmpR5|p.Gly121Arg,pncA|c.517dupG,mmpR5,p.Gly121Arg,pncA,c.517dupG,bedaquiline;clofazimine,pyrazinamide,cross_class,1,70,0,1,70,289,0.0,1.0,True,,,1.0,False
mmpR5|p.Gly121Arg,pncA|c.459_466delCAGGGTGC,mmpR5,p.Gly121Arg,pncA,c.459_466delCAGGGTGC,bedaquiline;clofazimine,pyrazinamide,cross_class,1,1,0,1,1,358,0.0,1.0,True,,,1.0,False
mmpR5|p.Gly121Arg,pncA|c.393dupC,mmpR5,p.Gly121Arg,pncA,c.393dupC,bedaquiline;clofazimine,pyrazinamide,cross_class,1,1,0,1,1,358,0.0,1.0,True,,,1.0,False
mmpR5|p.Gly121Arg,pncA|c.169delC,mmpR5,p.Gly121Arg,pncA,c.169delC,bedaquiline;clofazimine,pyrazinamide,cross_class,1,1,0,1,1,358,0.0,1.0,True,,,1.0,False
mmpR5|p.Gly121Arg,mmpR5|p.Val1?,mmpR5,p.Gly121Arg,mmpR5,p.Val1?,bedaquiline;clofazimine,bedaquiline;clofazimine,within_class,1,1,0,1,1,358,0.0,1.0,True,,,1.0,False
mmpR5|p.Gly121Arg,mmpR5|p.Tyr145*,mmpR5,p.Gly121Arg,mmpR5,p.Tyr145*,bedaquiline;clofazimine,bedaquiline;clofazimine,within_class,1,2,0,1,2,357,0.0,1.0,True,,,1.0,False
mmpR5|p.Gly121Arg,mmpR5|p.Ile67Ser,mmpR5,p.Gly121Arg,mmpR5,p.Ile67Ser,bedaquiline;clofazimine,bedaquiline;clofazimine,within_class,1,2,0,1,2,357,0.0,1.0,True,,,1.0,False
mmpR5|p.Gly121Arg,rpoB|p.Leu430Pro,mmpR5,p.Gly121Arg,rpoB,p.Leu430Pro,bedaquiline;clofazimine,rifampicin;rifapentine,cross_class,1,22,0,1,22,337,0.0,1.0,True,,,1.0,False
mmpR5|p.Gly121Arg,rpoB|p.Ile491Phe,mmpR5,p.Gly121Arg,rpoB,p.Ile491Phe,bedaquiline;clofazimine,rifampicin;rifapentine,cross_class,1,1,0,1,1,358,0.0,1.0,True,,,1.0,False
mmpR5|p.Gly121Arg,rpoB|p.His445Tyr,mmpR5,p.Gly121Arg,rpoB,p.His445Tyr,bedaquiline;clofazimine,rifampicin;rifapentine,cross_class,1,5,0,1,5,354,0.0,1.0,True,,,1.0,False
mmpR5|p.Gly121Arg,rpoB|p.His445Leu,mmpR5,p.Gly121Arg,rpoB,p.His445Leu,bedaquiline;clofazimine,rifampicin;rifapentine,cross_class,1,1,0,1,1,358,0.0,1.0,True,,,1.0,False
mmpR5|p.Gly121Arg,rpoB|p.His445Asp,mmpR5,p.Gly121Arg,rpoB,p.His445Asp,bedaquiline;clofazimine,rifampicin;rifapentine,cross_class,1,11,0,1,11,348,0.0,1.0,True,,,1.0,False
mmpR5|p.Gly121Arg,rpoB|p.His445Asn,mmpR5,p.Gly121Arg,rpoB,p.His445Asn,bedaquiline;clofazimine,rifampicin;rifapentine,cross_class,1,6,0,1,6,353,0.0,1.0,True,,,1.0,False
mmpR5|p.Gly121Arg,rpoB|p.Gln432Lys,mmpR5,p.Gly121Arg,rpoB,p.Gln432Lys,bedaquiline;clofazimine,rifampicin;rifapentine,cross_class,1,1,0,1,1,358,0.0,1.0,True,,,1.0,False
mmpR5|p.Gly121Arg,rpoB|p.Asp435Val,mmpR5,p.Gly121Arg,rpoB,p.Asp435Val,bedaquiline;clofazimine,rifampicin;rifapentine,cross_class,1,73,0,1,73,286,0.0,1.0,True,,,1.0,False
mmpR5|p.Gly121Arg,rpoB|p.Asp435Tyr,mmpR5,p.Gly121Arg,rpoB,p.Asp435Tyr,bedaquiline;clofazimine,rifampicin;rifapentine,cross_class,1,9,0,1,9,350,0.0,1.0,True,,,1.0,False
mmpR5|p.Gly121Arg,rpoB|p.Asp435Gly,mmpR5,p.Gly121Arg,rpoB,p.Asp435Gly,bedaquiline;clofazimine,rifampicin;rifapentine,cross_class,1,2,0,1,2,357,0.0,1.0,True,,,1.0,False
mmpR5|p.Gly121Arg,rpoB|p.Asp435Ala,mmpR5,p.Gly121Arg,rpoB,p.Asp435Ala,bedaquiline;clofazimine,rifampicin;rifapentine,cross_class,1,1,0,1,1,358,0.0,1.0,True,,,1.0,False
mmpR5|p.Gly121Arg,rpoB|p.Asn437Ser,mmpR5,p.Gly121Arg,rpoB,p.Asn437Ser,bedaquiline;clofazimine,rifampicin;rifapentine,cross_class,1,2,0,1,2,357,0.0,1.0,True,,,1.0,False
mmpR5|p.Gly121Arg,rpoB|p.Ala451Val,mmpR5,p.Gly121Arg,rpoB,p.Ala451Val,bedaquiline;clofazimine,rifampicin;rifapentine,cross_class,1,3,0,1,3,356,0.0,1.0,True,,,1.0,False
mmpR5|p.Gly121Arg,rpoB|c.1296_1304delATTCATGGA,mmpR5,p.Gly121Arg,rpoB,c.1296_1304delATTCATGGA,bedaquiline;clofazimine,rifampicin;rifapentine,cross_class,1,2,0,1,2,357,0.0,1.0,True,,,1.0,False
mmpR5|p.Gly121Arg,rpoB|c.1294_1299delCAATTC,mmpR5,p.Gly121Arg,rpoB,c.1294_1299delCAATTC,bedaquiline;clofazimine,rifampicin;rifapentine,cross_class,1,1,0,1,1,358,0.0,1.0,True,,,1.0,False
mmpR5|p.Gly121Arg,rplC|p.Cys154Arg,mmpR5,p.Gly121Arg,rplC,p.Cys154Arg,bedaquiline;clofazimine,linezolid,cross_class,1,4,0,1,4,355,0.0,1.0,True,,,1.0,False
mmpR5|p.Ile67Ser,pncA|c.169delC,mmpR5,p.Ile67Ser,pncA,c.169delC,bedaquiline;clofazimine,pyrazinamide,cross_class,2,1,0,2,1,357,0.0,1.0,True,,,1.0,False
mmpR5|p.Ile67Ser,mmpR5|p.Val1?,mmpR5,p.Ile67Ser,mmpR5,p.Val1?,bedaquiline;clofazimine,bedaquiline;clofazimine,within_class,2,1,0,2,1,357,0.0,1.0,True,,,1.0,False
mmpR5|p.Ile67Ser,mmpR5|p.Tyr145*,mmpR5,p.Ile67Ser,mmpR5,p.Tyr145*,bedaquiline;clofazimine,bedaquiline;clofazimine,within_class,2,2,0,2,2,356,0.0,1.0,True,,,1.0,False
mmpR5|p.Gly121Arg,tlyA|c.585_588delTGGG,mmpR5,p.Gly121Arg,tlyA,c.585_588delTGGG,bedaquiline;clofazimine,capreomycin,cross_class,1,30,0,1,30,329,0.0,1.0,True,,,1.0,False
mmpR5|p.Gly121Arg,tlyA|c.388dupG,mmpR5,p.Gly121Arg,tlyA,c.388dupG,bedaquiline;clofazimine,capreomycin,cross_class,1,1,0,1,1,358,0.0,1.0,True,,,1.0,False
mmpR5|p.Gly121Arg,rrs|n.517C>T,mmpR5,p.Gly121Arg,rrs,n.517C>T,bedaquiline;clofazimine,streptomycin,cross_class,1,2,0,1,2,357,0.0,1.0,True,,,1.0,False
mmpR5|p.Gly121Arg,rrs|n.514A>C,mmpR5,p.Gly121Arg,rrs,n.514A>C,bedaquiline;clofazimine,streptomycin,cross_class,1,164,0,1,164,195,0.0,1.0,True,,,1.0,False
mmpR5|p.Gly121Arg,rrs|n.1402C>T,mmpR5,p.Gly121Arg,rrs,n.1402C>T,bedaquiline;clofazimine,amikacin;capreomycin;kanamycin,cross_class,1,2,0,1,2,357,0.0,1.0,True,,,1.0,False
mmpR5|p.Gly121Arg,rrs|n.1401A>G,mmpR5,p.Gly121Arg,rrs,n.1401A>G,bedaquiline;clofazimine,amikacin;capreomycin;kanamycin,cross_class,1,85,1,0,84,275,inf,0.2361111111111111,True,lineage2,100.0,1.0,False
mmpR5|p.Gly121Arg,rrl|n.2814G>T,mmpR5,p.Gly121Arg,rrl,n.2814G>T,bedaquiline;clofazimine,linezolid,cross_class,1,2,0,1,2,357,0.0,1.0,True,,,1.0,False
mmpR5|p.Gly121Arg,rrl|n.2270G>T,mmpR5,p.Gly121Arg,rrl,n.2270G>T,bedaquiline;clofazimine,linezolid,cross_class,1,2,0,1,2,357,0.0,1.0,True,,,1.0,False
mmpR5|p.Gly121Arg,rpsL|p.Lys88Arg,mmpR5,p.Gly121Arg,rpsL,p.Lys88Arg,bedaquiline;clofazimine,streptomycin,cross_class,1,8,0,1,8,351,0.0,1.0,True,,,1.0,False
mmpR5|p.Gly121Arg,rpsL|p.Lys43Arg,mmpR5,p.Gly121Arg,rpsL,p.Lys43Arg,bedaquiline;clofazimine,streptomycin,cross_class,1,26,1,0,25,334,inf,0.07222222222222223,True,lineage2,100.0,1.0,False
mmpR5|p.Gly121Arg,rpoB|p.Val170Phe,mmpR5,p.Gly121Arg,rpoB,p.Val170Phe,bedaquiline;clofazimine,rifampicin;rifapentine,cross_class,1,2,0,1,2,357,0.0,1.0,True,,,1.0,False
mmpR5|p.Gly121Arg,rpoB|p.Ser450Leu,mmpR5,p.Gly121Arg,rpoB,p.Ser450Leu,bedaquiline;clofazimine,rifampicin;rifapentine,cross_class,1,139,1,0,138,221,inf,0.3861111111111111,True,lineage2,100.0,1.0,False
mmpR5|p.Gly121Arg,rpoB|p.Leu452Pro,mmpR5,p.Gly121Arg,rpoB,p.Leu452Pro,bedaquiline;clofazimine,rifampicin;rifapentine,cross_class,1,10,0,1,10,349,0.0,1.0,True,,,1.0,False
mmpR5|p.Ile67Ser,rpoB|p.Ala451Val,mmpR5,p.Ile67Ser,rpoB,p.Ala451Val,bedaquiline;clofazimine,rifampicin;rifapentine,cross_class,2,3,0,2,3,355,0.0,1.0,True,,,1.0,False
mmpR5|p.Ile67Ser,rpoB|c.1296_1304delATTCATGGA,mmpR5,p.Ile67Ser,rpoB,c.1296_1304delATTCATGGA,bedaquiline;clofazimine,rifampicin;rifapentine,cross_class,2,2,0,2,2,356,0.0,1.0,True,,,1.0,False
mmpR5|p.Ile67Ser,rpoB|c.1294_1299delCAATTC,mmpR5,p.Ile67Ser,rpoB,c.1294_1299delCAATTC,bedaquiline;clofazimine,rifampicin;rifapentine,cross_class,2,1,0,2,1,357,0.0,1.0,True,,,1.0,False
mmpR5|p.Ile67Ser,rplC|p.Cys154Arg,mmpR5,p.Ile67Ser,rplC,p.Cys154Arg,bedaquiline;clofazimine,linezolid,cross_class,2,4,0,2,4,354,0.0,1.0,True,,,1.0,False
mmpR5|p.Ile67Ser,pncA|p.Val180Phe,mmpR5,p.Ile67Ser,pncA,p.Val180Phe,bedaquiline;clofazimine,pyrazinamide,cross_class,2,1,0,2,1,357,0.0,1.0,True,,,1.0,False
mmpR5|p.Ile67Ser,pncA|p.Val139Gly,mmpR5,p.Ile67Ser,pncA,p.Val139Gly,bedaquiline;clofazimine,pyrazinamide,cross_class,2,1,0,2,1,357,0.0,1.0,True,,,1.0,False
mmpR5|p.Ile67Ser,pncA|p.Thr47Ala,mmpR5,p.Ile67Ser,pncA,p.Thr47Ala,bedaquiline;clofazimine,pyrazinamide,cross_class,2,1,0,2,1,357,0.0,1.0,True,,,1.0,False
mmpR5|p.Ile67Ser,pncA|p.Ser104Arg,mmpR5,p.Ile67Ser,pncA,p.Ser104Arg,bedaquiline;clofazimine,pyrazinamide,cross_class,2,7,0,2,7,351,0.0,1.0,True,,,1.0,False
mmpR5|p.Ile67Ser,pncA|p.Ile31Ser,mmpR5,p.Ile67Ser,pncA,p.Ile31Ser,bedaquiline;clofazimine,pyrazinamide,cross_class,2,1,0,2,1,357,0.0,1.0,True,,,1.0,False
mmpR5|p.Ile67Ser,pncA|p.Gln141Pro,mmpR5,p.Ile67Ser,pncA,p.Gln141Pro,bedaquiline;clofazimine,pyrazinamide,cross_class,2,1,0,2,1,357,0.0,1.0,True,,,1.0,False
mmpR5|p.Ile67Ser,pncA|p.Cys14Arg,mmpR5,p.Ile67Ser,pncA,p.Cys14Arg,bedaquiline;clofazimine,pyrazinamide,cross_class,2,87,2,0,85,273,inf,0.057892293407613746,True,lineage2,100.0,1.0,False
mmpR5|p.Ile67Ser,pncA|p.Asp8Asn,mmpR5,p.Ile67Ser,pncA,p.Asp8Asn,bedaquiline;clofazimine,pyrazinamide,cross_class,2,5,0,2,5,353,0.0,1.0,True,,,1.0,False
mmpR5|p.Ile67Ser,pncA|p.Ala146Thr,mmpR5,p.Ile67Ser,pncA,p.Ala146Thr,bedaquiline;clofazimine,pyrazinamide,cross_class,2,2,0,2,2,356,0.0,1.0,True,,,1.0,False
mmpR5|p.Ile67Ser,pncA|c.517dupG,mmpR5,p.Ile67Ser,pncA,c.517dupG,bedaquiline;clofazimine,pyrazinamide,cross_class,2,70,0,2,70,288,0.0,1.0,True,,,1.0,False
mmpR5|p.Ile67Ser,pncA|c.459_466delCAGGGTGC,mmpR5,p.Ile67Ser,pncA,c.459_466delCAGGGTGC,bedaquiline;clofazimine,pyrazinamide,cross_class,2,1,0,2,1,357,0.0,1.0,True,,,1.0,False
mmpR5|p.Ile67Ser,pncA|c.393dupC,mmpR5,p.Ile67Ser,pncA,c.393dupC,bedaquiline;clofazimine,pyrazinamide,cross_class,2,1,0,2,1,357,0.0,1.0,True,,,1.0,False
mmpR5|p.Ile67Ser,rpsL|p.Lys43Arg,mmpR5,p.Ile67Ser,rpsL,p.Lys43Arg,bedaquiline;clofazimine,streptomycin,cross_class,2,26,0,2,26,332,0.0,1.0,True,,,1.0,False
mmpR5|p.Ile67Ser,rpoB|p.Val170Phe,mmpR5,p.Ile67Ser,rpoB,p.Val170Phe,bedaquiline;clofazimine,rifampicin;rifapentine,cross_class,2,2,0,2,2,356,0.0,1.0,True,,,1.0,False
mmpR5|p.Ile67Ser,rpoB|p.Ser450Leu,mmpR5,p.Ile67Ser,rpoB,p.Ser450Leu,bedaquiline;clofazimine,rifampicin;rifapentine,cross_class,2,139,2,0,137,221,inf,0.14842154131847723,True,lineage2,100.0,1.0,False
mmpR5|p.Ile67Ser,rpoB|p.Leu452Pro,mmpR5,p.Ile67Ser,rpoB,p.Leu452Pro,bedaquiline;clofazimine,rifampicin;rifapentine,cross_class,2,10,0,2,10,348,0.0,1.0,True,,,1.0,False
mmpR5|p.Ile67Ser,rpoB|p.Leu430Pro,mmpR5,p.Ile67Ser,rpoB,p.Leu430Pro,bedaquiline;clofazimine,rifampicin;rifapentine,cross_class,2,22,0,2,22,336,0.0,1.0,True,,,1.0,False
mmpR5|p.Ile67Ser,rpoB|p.Ile491Phe,mmpR5,p.Ile67Ser,rpoB,p.Ile491Phe,bedaquiline;clofazimine,rifampicin;rifapentine,cross_class,2,1,0,2,1,357,0.0,1.0,True,,,1.0,False
mmpR5|p.Ile67Ser,rpoB|p.His445Tyr,mmpR5,p.Ile67Ser,rpoB,p.His445Tyr,bedaquiline;clofazimine,rifampicin;rifapentine,cross_class,2,5,0,2,5,353,0.0,1.0,True,,,1.0,False
mmpR5|p.Ile67Ser,rpoB|p.His445Leu,mmpR5,p.Ile67Ser,rpoB,p.His445Leu,bedaquiline;clofazimine,rifampicin;rifapentine,cross_class,2,1,0,2,1,357,0.0,1.0,True,,,1.0,False
mmpR5|p.Ile67Ser,rpoB|p.His445Asp,mmpR5,p.Ile67Ser,rpoB,p.His445Asp,bedaquiline;clofazimine,rifampicin;rifapentine,cross_class,2,11,0,2,11,347,0.0,1.0,True,,,1.0,False
mmpR5|p.Ile67Ser,rpoB|p.His445Asn,mmpR5,p.Ile67Ser,rpoB,p.His445Asn,bedaquiline;clofazimine,rifampicin;rifapentine,cross_class,2,6,0,2,6,352,0.0,1.0,True,,,1.0,False
mmpR5|p.Ile67Ser,rpoB|p.Gln432Lys,mmpR5,p.Ile67Ser,rpoB,p.Gln432Lys,bedaquiline;clofazimine,rifampicin;rifapentine,cross_class,2,1,0,2,1,357,0.0,1.0,True,,,1.0,False
mmpR5|p.Ile67Ser,rpoB|p.Asp435Val,mmpR5,p.Ile67Ser,rpoB,p.Asp435Val,bedaquiline;clofazimine,rifampicin;rifapentine,cross_class,2,73,0,2,73,285,0.0,1.0,True,,,1.0,False
mmpR5|p.Ile67Ser,rpoB|p.Asp435Tyr,mmpR5,p.Ile67Ser,rpoB,p.Asp435Tyr,bedaquiline;clofazimine,rifampicin;rifapentine,cross_class,2,9,0,2,9,349,0.0,1.0,True,,,1.0,False
mmpR5|p.Ile67Ser,rpoB|p.Asp435Gly,mmpR5,p.Ile67Ser,rpoB,p.Asp435Gly,bedaquiline;clofazimine,rifampicin;rifapentine,cross_class,2,2,0,2,2,356,0.0,1.0,True,,,1.0,False
mmpR5|p.Ile67Ser,rpoB|p.Asp435Ala,mmpR5,p.Ile67Ser,rpoB,p.Asp435Ala,bedaquiline;clofazimine,rifampicin;rifapentine,cross_class,2,1,0,2,1,357,0.0,1.0,True,,,1.0,False
mmpR5|p.Ile67Ser,rpoB|p.Asn437Ser,mmpR5,p.Ile67Ser,rpoB,p.Asn437Ser,bedaquiline;clofazimine,rifampicin;rifapentine,cross_class,2,2,0,2,2,356,0.0,1.0,True,,,1.0,False
mmpR5|p.Tyr145*,pncA|p.Asp8Asn,mmpR5,p.Tyr145*,pncA,p.Asp8Asn,bedaquiline;clofazimine,pyrazinamide,cross_class,2,5,0,2,5,353,0.0,1.0,True,,,1.0,False
mmpR5|p.Tyr145*,pncA|p.Ala146Thr,mmpR5,p.Tyr145*,pncA,p.Ala146Thr,bedaquiline;clofazimine,pyrazinamide,cross_class,2,2,0,2,2,356,0.0,1.0,True,,,1.0,False
mmpR5|p.Tyr145*,pncA|c.517dupG,mmpR5,p.Tyr145*,pncA,c.517dupG,bedaquiline;clofazimine,pyrazinamide,cross_class,2,70,0,2,70,288,0.0,1.0,True,,,1.0,False
mmpR5|p.Tyr145*,pncA|c.459_466delCAGGGTGC,mmpR5,p.Tyr145*,pncA,c.459_466delCAGGGTGC,bedaquiline;clofazimine,pyrazinamide,cross_class,2,1,0,2,1,357,0.0,1.0,True,,,1.0,False
mmpR5|p.Tyr145*,pncA|c.393dupC,mmpR5,p.Tyr145*,pncA,c.393dupC,bedaquiline;clofazimine,pyrazinamide,cross_class,2,1,0,2,1,357,0.0,1.0,True,,,1.0,False
mmpR5|p.Tyr145*,pncA|c.169delC,mmpR5,p.Tyr145*,pncA,c.169delC,bedaquiline;clofazimine,pyrazinamide,cross_class,2,1,0,2,1,357,0.0,1.0,True,,,1.0,False
mmpR5|p.Tyr145*,mmpR5|p.Val1?,mmpR5,p.Tyr145*,mmpR5,p.Val1?,bedaquiline;clofazimine,bedaquiline;clofazimine,within_class,2,1,0,2,1,357,0.0,1.0,True,,,1.0,False
mmpR5|p.Ile67Ser,tlyA|c.585_588delTGGG,mmpR5,p.Ile67Ser,tlyA,c.585_588delTGGG,bedaquiline;clofazimine,capreomycin,cross_class,2,30,0,2,30,328,0.0,1.0,True,,,1.0,False
mmpR5|p.Ile67Ser,tlyA|c.388dupG,mmpR5,p.Ile67Ser,tlyA,c.388dupG,bedaquiline;clofazimine,capreomycin,cross_class,2,1,0,2,1,357,0.0,1.0,True,,,1.0,False
mmpR5|p.Ile67Ser,rrs|n.517C>T,mmpR5,p.Ile67Ser,rrs,n.517C>T,bedaquiline;clofazimine,streptomycin,cross_class,2,2,0,2,2,356,0.0,1.0,True,,,1.0,False
mmpR5|p.Ile67Ser,rrs|n.514A>C,mmpR5,p.Ile67Ser,rrs,n.514A>C,bedaquiline;clofazimine,streptomycin,cross_class,2,164,2,0,162,196,inf,0.20683998761993191,True,lineage2,100.0,1.0,False
mmpR5|p.Ile67Ser,rrs|n.1402C>T,mmpR5,p.Ile67Ser,rrs,n.1402C>T,bedaquiline;clofazimine,amikacin;capreomycin;kanamycin,cross_class,2,2,0,2,2,356,0.0,1.0,True,,,1.0,False
mmpR5|p.Ile67Ser,rrs|n.1401A>G,mmpR5,p.Ile67Ser,rrs,n.1401A>G,bedaquiline;clofazimine,amikacin;capreomycin;kanamycin,cross_class,2,85,0,2,85,273,0.0,1.0,True,,,1.0,False
mmpR5|p.Ile67Ser,rrl|n.2814G>T,mmpR5,p.Ile67Ser,rrl,n.2814G>T,bedaquiline;clofazimine,linezolid,cross_class,2,2,0,2,2,356,0.0,1.0,True,,,1.0,False
mmpR5|p.Ile67Ser,rrl|n.2270G>T,mmpR5,p.Ile67Ser,rrl,n.2270G>T,bedaquiline;clofazimine,linezolid,cross_class,2,2,0,2,2,356,0.0,1.0,True,,,1.0,False
mmpR5|p.Ile67Ser,rpsL|p.Lys88Arg,mmpR5,p.Ile67Ser,rpsL,p.Lys88Arg,bedaquiline;clofazimine,streptomycin,cross_class,2,8,0,2,8,350,0.0,1.0,True,,,1.0,False
mmpR5|p.Tyr145*,rpoB|p.Asp435Val,mmpR5,p.Tyr145*,rpoB,p.Asp435Val,bedaquiline;clofazimine,rifampicin;rifapentine,cross_class,2,73,0,2,73,285,0.0,1.0,True,,,1.0,False
mmpR5|p.Tyr145*,rpoB|p.Asp435Tyr,mmpR5,p.Tyr145*,rpoB,p.Asp435Tyr,bedaquiline;clofazimine,rifampicin;rifapentine,cross_class,2,9,0,2,9,349,0.0,1.0,True,,,1.0,False
mmpR5|p.Tyr145*,rpoB|p.Asp435Gly,mmpR5,p.Tyr145*,rpoB,p.Asp435Gly,bedaquiline;clofazimine,rifampicin;rifapentine,cross_class,2,2,0,2,2,356,0.0,1.0,True,,,1.0,False
mmpR5|p.Tyr145*,rpoB|p.Asp435Ala,mmpR5,p.Tyr145*,rpoB,p.Asp435Ala,bedaquiline;clofazimine,rifampicin;rifapentine,cross_class,2,1,0,2,1,357,0.0,1.0,True,,,1.0,False
mmpR5|p.Tyr145*,rpoB|p.Asn437Ser,mmpR5,p.Tyr145*,rpoB,p.Asn437Ser,bedaquiline;clofazimine,rifampicin;rifapentine,cross_class,2,2,0,2,2,356,0.0,1.0,True,,,1.0,False
mmpR5|p.Tyr145*,rpoB|p.Ala451Val,mmpR5,p.Tyr145*,rpoB,p.Ala451Val,bedaquiline;clofazimine,rifampicin;rifapentine,cross_class,2,3,0,2,3,355,0.0,1.0,True,,,1.0,False
mmpR5|p.Tyr145*,rpoB|c.1296_1304delATTCATGGA,mmpR5,p.Tyr145*,rpoB,c.1296_1304delATTCATGGA,bedaquiline;clofazimine,rifampicin;rifapentine,cross_class,2,2,0,2,2,356,0.0,1.0,True,,,1.0,False
mmpR5|p.Tyr145*,rpoB|c.1294_1299delCAATTC,mmpR5,p.Tyr145*,rpoB,c.1294_1299delCAATTC,bedaquiline;clofazimine,rifampicin;rifapentine,cross_class,2,1,0,2,1,357,0.0,1.0,True,,,1.0,False
mmpR5|p.Tyr145*,rplC|p.Cys154Arg,mmpR5,p.Tyr145*,rplC,p.Cys154Arg,bedaquiline;clofazimine,linezolid,cross_class,2,4,0,2,4,354,0.0,1.0,True,,,1.0,False
mmpR5|p.Tyr145*,pncA|p.Val180Phe,mmpR5,p.Tyr145*,pncA,p.Val180Phe,bedaquiline;clofazimine,pyrazinamide,cross_class,2,1,0,2,1,357,0.0,1.0,True,,,1.0,False
mmpR5|p.Tyr145*,pncA|p.Val139Gly,mmpR5,p.Tyr145*,pncA,p.Val139Gly,bedaquiline;clofazimine,pyrazinamide,cross_class,2,1,0,2,1,357,0.0,1.0,True,,,1.0,False
mmpR5|p.Tyr145*,pncA|p.Thr47Ala,mmpR5,p.Tyr145*,pncA,p.Thr47Ala,bedaquiline;clofazimine,pyrazinamide,cross_class,2,1,0,2,1,357,0.0,1.0,True,,,1.0,False
mmpR5|p.Tyr145*,pncA|p.Ile31Ser,mmpR5,p.Tyr145*,pncA,p.Ile31Ser,bedaquiline;clofazimine,pyrazinamide,cross_class,2,1,0,2,1,357,0.0,1.0,True,,,1.0,False
mmpR5|p.Tyr145*,pncA|p.Gln141Pro,mmpR5,p.Tyr145*,pncA,p.Gln141Pro,bedaquiline;clofazimine,pyrazinamide,cross_class,2,1,0,2,1,357,0.0,1.0,True,,,1.0,False
mmpR5|p.Tyr145*,pncA|p.Cys14Arg,mmpR5,p.Tyr145*,pncA,p.Cys14Arg,bedaquiline;clofazimine,pyrazinamide,cross_class,2,87,0,2,87,271,0.0,1.0,True,,,1.0,False
mmpR5|p.Tyr145*,rrs|n.1402C>T,mmpR5,p.Tyr145*,rrs,n.1402C>T,bedaquiline;clofazimine,amikacin;capreomycin;kanamycin,cross_class,2,2,0,2,2,356,0.0,1.0,True,,,1.0,False
mmpR5|p.Tyr145*,rrs|n.1401A>G,mmpR5,p.Tyr145*,rrs,n.1401A>G,bedaquiline;clofazimine,amikacin;capreomycin;kanamycin,cross_class,2,85,0,2,85,273,0.0,1.0,True,,,1.0,False
mmpR5|p.Tyr145*,rrl|n.2814G>T,mmpR5,p.Tyr145*,rrl,n.2814G>T,bedaquiline;clofazimine,linezolid,cross_class,2,2,0,2,2,356,0.0,1.0,True,,,1.0,False
mmpR5|p.Tyr145*,rrl|n.2270G>T,mmpR5,p.Tyr145*,rrl,n.2270G>T,bedaquiline;clofazimine,linezolid,cross_class,2,2,0,2,2,356,0.0,1.0,True,,,1.0,False
mmpR5|p.Tyr145*,rpsL|p.Lys88Arg,mmpR5,p.Tyr145*,rpsL,p.Lys88Arg,bedaquiline;clofazimine,streptomycin,cross_class,2,8,0,2,8,350,0.0,1.0,True,,,1.0,False
mmpR5|p.Tyr145*,rpoB|p.Val170Phe,mmpR5,p.Tyr145*,rpoB,p.Val170Phe,bedaquiline;clofazimine,rifampicin;rifapentine,cross_class,2,2,0,2,2,356,0.0,1.0,True,,,1.0,False
mmpR5|p.Tyr145*,rpoB|p.Ser450Leu,mmpR5,p.Tyr145*,rpoB,p.Ser450Leu,bedaquiline;clofazimine,rifampicin;rifapentine,cross_class,2,139,2,0,137,221,inf,0.14842154131847723,True,lineage2,100.0,1.0,False
mmpR5|p.Tyr145*,rpoB|p.Leu452Pro,mmpR5,p.Tyr145*,rpoB,p.Leu452Pro,bedaquiline;clofazimine,rifampicin;rifapentine,cross_class,2,10,0,2,10,348,0.0,1.0,True,,,1.0,False
mmpR5|p.Tyr145*,rpoB|p.Leu430Pro,mmpR5,p.Tyr145*,rpoB,p.Leu430Pro,bedaquiline;clofazimine,rifampicin;rifapentine,cross_class,2,22,0,2,22,336,0.0,1.0,True,,,1.0,False
mmpR5|p.Tyr145*,rpoB|p.Ile491Phe,mmpR5,p.Tyr145*,rpoB,p.Ile491Phe,bedaquiline;clofazimine,rifampicin;rifapentine,cross_class,2,1,0,2,1,357,0.0,1.0,True,,,1.0,False
mmpR5|p.Tyr145*,rpoB|p.His445Tyr,mmpR5,p.Tyr145*,rpoB,p.His445Tyr,bedaquiline;clofazimine,rifampicin;rifapentine,cross_class,2,5,0,2,5,353,0.0,1.0,True,,,1.0,False
mmpR5|p.Tyr145*,rpoB|p.His445Leu,mmpR5,p.Tyr145*,rpoB,p.His445Leu,bedaquiline;clofazimine,rifampicin;rifapentine,cross_class,2,1,0,2,1,357,0.0,1.0,True,,,1.0,False
mmpR5|p.Tyr145*,rpoB|p.His445Asp,mmpR5,p.Tyr145*,rpoB,p.His445Asp,bedaquiline;clofazimine,rifampicin;rifapentine,cross_class,2,11,0,2,11,347,0.0,1.0,True,,,1.0,False
mmpR5|p.Tyr145*,rpoB|p.His445Asn,mmpR5,p.Tyr145*,rpoB,p.His445Asn,bedaquiline;clofazimine,rifampicin;rifapentine,cross_class,2,6,0,2,6,352,0.0,1.0,True,,,1.0,False
mmpR5|p.Tyr145*,rpoB|p.Gln432Lys,mmpR5,p.Tyr145*,rpoB,p.Gln432Lys,bedaquiline;clofazimine,rifampicin;rifapentine,cross_class,2,1,0,2,1,357,0.0,1.0,True,,,1.0,False
mmpR5|p.Val1?,pncA|p.Thr47Ala,mmpR5,p.Val1?,pncA,p.Thr47Ala,bedaquiline;clofazimine,pyrazinamide,cross_class,1,1,0,1,1,358,0.0,1.0,True,,,1.0,False
mmpR5|p.Val1?,pncA|p.Ser104Arg,mmpR5,p.Val1?,pncA,p.Ser104Arg,bedaquiline;clofazimine,pyrazinamide,cross_class,1,7,0,1,7,352,0.0,1.0,True,,,1.0,False
mmpR5|p.Val1?,pncA|p.Ile31Ser,mmpR5,p.Val1?,pncA,p.Ile31Ser,bedaquiline;clofazimine,pyrazinamide,cross_class,1,1,0,1,1,358,0.0,1.0,True,,,1.0,False
mmpR5|p.Val1?,pncA|p.Gln141Pro,mmpR5,p.Val1?,pncA,p.Gln141Pro,bedaquiline;clofazimine,pyrazinamide,cross_class,1,1,0,1,1,358,0.0,1.0,True,,,1.0,False
mmpR5|p.Val1?,pncA|p.Cys14Arg,mmpR5,p.Val1?,pncA,p.Cys14Arg,bedaquiline;clofazimine,pyrazinamide,cross_class,1,87,0,1,87,272,0.0,1.0,True,,,1.0,False
mmpR5|p.Val1?,pncA|p.Asp8Asn,mmpR5,p.Val1?,pncA,p.Asp8Asn,bedaquiline;clofazimine,pyrazinamide,cross_class,1,5,0,1,5,354,0.0,1.0,True,,,1.0,False
mmpR5|p.Val1?,pncA|p.Ala146Thr,mmpR5,p.Val1?,pncA,p.Ala146Thr,bedaquiline;clofazimine,pyrazinamide,cross_class,1,2,0,1,2,357,0.0,1.0,True,,,1.0,False
mmpR5|p.Val1?,pncA|c.517dupG,mmpR5,p.Val1?,pncA,c.517dupG,bedaquiline;clofazimine,pyrazinamide,cross_class,1,70,0,1,70,289,0.0,1.0,True,,,1.0,False
mmpR5|p.Val1?,pncA|c.459_466delCAGGGTGC,mmpR5,p.Val1?,pncA,c.459_466delCAGGGTGC,bedaquiline;clofazimine,pyrazinamide,cross_class,1,1,0,1,1,358,0.0,1.0,True,,,1.0,False
mmpR5|p.Val1?,pncA|c.393dupC,mmpR5,p.Val1?,pncA,c.393dupC,bedaquiline;clofazimine,pyrazinamide,cross_class,1,1,0,1,1,358,0.0,1.0,True,,,1.0,False
mmpR5|p.Val1?,pncA|c.169delC,mmpR5,p.Val1?,pncA,c.169delC,bedaquiline;clofazimine,pyrazinamide,cross_class,1,1,0,1,1,358,0.0,1.0,True,,,1.0,False
mmpR5|p.Tyr145*,tlyA|c.585_588delTGGG,mmpR5,p.Tyr145*,tlyA,c.585_588delTGGG,bedaquiline;clofazimine,capreomycin,cross_class,2,30,0,2,30,328,0.0,1.0,True,,,1.0,False
mmpR5|p.Tyr145*,tlyA|c.388dupG,mmpR5,p.Tyr145*,tlyA,c.388dupG,bedaquiline;clofazimine,capreomycin,cross_class,2,1,0,2,1,357,0.0,1.0,True,,,1.0,False
mmpR5|p.Tyr145*,rrs|n.517C>T,mmpR5,p.Tyr145*,rrs,n.517C>T,bedaquiline;clofazimine,streptomycin,cross_class,2,2,0,2,2,356,0.0,1.0,True,,,1.0,False
mmpR5|p.Tyr145*,rrs|n.514A>C,mmpR5,p.Tyr145*,rrs,n.514A>C,bedaquiline;clofazimine,streptomycin,cross_class,2,164,0,2,164,194,0.0,0.5025688641287527,True,,,1.0,False
mmpR5|p.Val1?,rpoB|p.Ile491Phe,mmpR5,p.Val1?,rpoB,p.Ile491Phe,bedaquiline;clofazimine,rifampicin;rifapentine,cross_class,1,1,0,1,1,358,0.0,1.0,True,,,1.0,False
mmpR5|p.Val1?,rpoB|p.His445Tyr,mmpR5,p.Val1?,rpoB,p.His445Tyr,bedaquiline;clofazimine,rifampicin;rifapentine,cross_class,1,5,0,1,5,354,0.0,1.0,True,,,1.0,False
mmpR5|p.Val1?,rpoB|p.His445Leu,mmpR5,p.Val1?,rpoB,p.His445Leu,bedaquiline;clofazimine,rifampicin;rifapentine,cross_class,1,1,0,1,1,358,0.0,1.0,True,,,1.0,False
mmpR5|p.Val1?,rpoB|p.His445Asp,mmpR5,p.Val1?,rpoB,p.His445Asp,bedaquiline;clofazimine,rifampicin;rifapentine,cross_class,1,11,0,1,11,348,0.0,1.0,True,,,1.0,False
mmpR5|p.Val1?,rpoB|p.His445Asn,mmpR5,p.Val1?,rpoB,p.His445Asn,bedaquiline;clofazimine,rifampicin;rifapentine,cross_class,1,6,0,1,6,353,0.0,1.0,True,,,1.0,False
mmpR5|p.Val1?,rpoB|p.Gln432Lys,mmpR5,p.Val1?,rpoB,p.Gln432Lys,bedaquiline;clofazimine,rifampicin;rifapentine,cross_class,1,1,0,1,1,358,0.0,1.0,True,,,1.0,False
mmpR5|p.Val1?,rpoB|p.Asp435Val,mmpR5,p.Val1?,rpoB,p.Asp435Val,bedaquiline;clofazimine,rifampicin;rifapentine,cross_class,1,73,0,1,73,286,0.0,1.0,True,,,1.0,False
mmpR5|p.Val1?,rpoB|p.Asp435Tyr,mmpR5,p.Val1?,rpoB,p.Asp435Tyr,bedaquiline;clofazimine,rifampicin;rifapentine,cross_class,1,9,0,1,9,350,0.0,1.0,True,,,1.0,False
mmpR5|p.Val1?,rpoB|p.Asp435Gly,mmpR5,p.Val1?,rpoB,p.Asp435Gly,bedaquiline;clofazimine,rifampicin;rifapentine,cross_class,1,2,0,1,2,357,0.0,1.0,True,,,1.0,False
mmpR5|p.Val1?,rpoB|p.Asp435Ala,mmpR5,p.Val1?,rpoB,p.Asp435Ala,bedaquiline;clofazimine,rifampicin;rifapentine,cross_class,1,1,0,1,1,358,0.0,1.0,True,,,1.0,False
mmpR5|p.Val1?,rpoB|p.Asn437Ser,mmpR5,p.Val1?,rpoB,p.Asn437Ser,bedaquiline;clofazimine,rifampicin;rifapentine,cross_class,1,2,0,1,2,357,0.0,1.0,True,,,1.0,False
mmpR5|p.Val1?,rpoB|p.Ala451Val,mmpR5,p.Val1?,rpoB,p.Ala451Val,bedaquiline;clofazimine,rifampicin;rifapentine,cross_class,1,3,0,1,3,356,0.0,1.0,True,,,1.0,False
mmpR5|p.Val1?,rpoB|c.1296_1304delATTCATGGA,mmpR5,p.Val1?,rpoB,c.1296_1304delATTCATGGA,bedaquiline;clofazimine,rifampicin;rifapentine,cross_class,1,2,0,1,2,357,0.0,1.0,True,,,1.0,False
mmpR5|p.Val1?,rpoB|c.1294_1299delCAATTC,mmpR5,p.Val1?,rpoB,c.1294_1299delCAATTC,bedaquiline;clofazimine,rifampicin;rifapentine,cross_class,1,1,0,1,1,358,0.0,1.0,True,,,1.0,False
mmpR5|p.Val1?,rplC|p.Cys154Arg,mmpR5,p.Val1?,rplC,p.Cys154Arg,bedaquiline;clofazimine,linezolid,cross_class,1,4,0,1,4,355,0.0,1.0,True,,,1.0,False
mmpR5|p.Val1?,pncA|p.Val180Phe,mmpR5,p.Val1?,pncA,p.Val180Phe,bedaquiline;clofazimine,pyrazinamide,cross_class,1,1,0,1,1,358,0.0,1.0,True,,,1.0,False
pncA|c.169delC,pncA|c.459_466delCAGGGTGC,pncA,c.169delC,pncA,c.459_466delCAGGGTGC,pyrazinamide,pyrazinamide,within_class,1,1,0,1,1,358,0.0,1.0,True,,,1.0,False
pncA|c.169delC,pncA|c.393dupC,pncA,c.169delC,pncA,c.393dupC,pyrazinamide,pyrazinamide,within_class,1,1,0,1,1,358,0.0,1.0,True,,,1.0,False
mmpR5|p.Val1?,tlyA|c.585_588delTGGG,mmpR5,p.Val1?,tlyA,c.585_588delTGGG,bedaquiline;clofazimine,capreomycin,cross_class,1,30,0,1,30,329,0.0,1.0,True,,,1.0,False
mmpR5|p.Val1?,tlyA|c.388dupG,mmpR5,p.Val1?,tlyA,c.388dupG,bedaquiline;clofazimine,capreomycin,cross_class,1,1,0,1,1,358,0.0,1.0,True,,,1.0,False
mmpR5|p.Val1?,rrs|n.517C>T,mmpR5,p.Val1?,rrs,n.517C>T,bedaquiline;clofazimine,streptomycin,cross_class,1,2,0,1,2,357,0.0,1.0,True,,,1.0,False
mmpR5|p.Val1?,rrs|n.514A>C,mmpR5,p.Val1?,rrs,n.514A>C,bedaquiline;clofazimine,streptomycin,cross_class,1,164,0,1,164,195,0.0,1.0,True,,,1.0,False
mmpR5|p.Val1?,rrs|n.1402C>T,mmpR5,p.Val1?,rrs,n.1402C>T,bedaquiline;clofazimine,amikacin;capreomycin;kanamycin,cross_class,1,2,0,1,2,357,0.0,1.0,True,,,1.0,False
mmpR5|p.Val1?,rrs|n.1401A>G,mmpR5,p.Val1?,rrs,n.1401A>G,bedaquiline;clofazimine,amikacin;capreomycin;kanamycin,cross_class,1,85,0,1,85,274,0.0,1.0,True,,,1.0,False
mmpR5|p.Val1?,rrl|n.2814G>T,mmpR5,p.Val1?,rrl,n.2814G>T,bedaquiline;clofazimine,linezolid,cross_class,1,2,0,1,2,357,0.0,1.0,True,,,1.0,False
mmpR5|p.Val1?,rrl|n.2270G>T,mmpR5,p.Val1?,rrl,n.2270G>T,bedaquiline;clofazimine,linezolid,cross_class,1,2,0,1,2,357,0.0,1.0,True,,,1.0,False
mmpR5|p.Val1?,rpsL|p.Lys43Arg,mmpR5,p.Val1?,rpsL,p.Lys43Arg,bedaquiline;clofazimine,streptomycin,cross_class,1,26,0,1,26,333,0.0,1.0,True,,,1.0,False
mmpR5|p.Val1?,rpoB|p.Val170Phe,mmpR5,p.Val1?,rpoB,p.Val170Phe,bedaquiline;clofazimine,rifampicin;rifapentine,cross_class,1,2,0,1,2,357,0.0,1.0,True,,,1.0,False
mmpR5|p.Val1?,rpoB|p.Ser450Leu,mmpR5,p.Val1?,rpoB,p.Ser450Leu,bedaquiline;clofazimine,rifampicin;rifapentine,cross_class,1,139,1,0,138,221,inf,0.3861111111111111,True,lineage2,100.0,1.0,False
mmpR5|p.Val1?,rpoB|p.Leu452Pro,mmpR5,p.Val1?,rpoB,p.Leu452Pro,bedaquiline;clofazimine,rifampicin;rifapentine,cross_class,1,10,0,1,10,349,0.0,1.0,True,,,1.0,False
mmpR5|p.Val1?,rpoB|p.Leu430Pro,mmpR5,p.Val1?,rpoB,p.Leu430Pro,bedaquiline;clofazimine,rifampicin;rifapentine,cross_class,1,22,0,1,22,337,0.0,1.0,True,,,1.0,False
pncA|c.169delC,rpoB|p.Asp435Ala,pncA,c.169delC,rpoB,p.Asp435Ala,pyrazinamide,rifampicin;rifapentine,cross_class,1,1,0,1,1,358,0.0,1.0,True,,,1.0,False
pncA|c.169delC,rpoB|p.Asn437Ser,pncA,c.169delC,rpoB,p.Asn437Ser,pyrazinamide,rifampicin;rifapentine,cross_class,1,2,0,1,2,357,0.0,1.0,True,,,1.0,False
pncA|c.169delC,rpoB|p.Ala451Val,pncA,c.169delC,rpoB,p.Ala451Val,pyrazinamide,rifampicin;rifapentine,cross_class,1,3,0,1,3,356,0.0,1.0,True,,,1.0,False
pncA|c.169delC,rpoB|c.1296_1304delATTCATGGA,pncA,c.169delC,rpoB,c.1296_1304delATTCATGGA,pyrazinamide,rifampicin;rifapentine,cross_class,1,2,0,1,2,357,0.0,1.0,True,,,1.0,False
pncA|c.169delC,rpoB|c.1294_1299delCAATTC,pncA,c.169delC,rpoB,c.1294_1299delCAATTC,pyrazinamide,rifampicin;rifapentine,cross_class,1,1,0,1,1,358,0.0,1.0,True,,,1.0,False
pncA|c.169delC,rplC|p.Cys154Arg,pncA,c.169delC,rplC,p.Cys154Arg,pyrazinamide,linezolid,cross_class,1,4,0,1,4,355,0.0,1.0,True,,,1.0,False
pncA|c.169delC,pncA|p.Val180Phe,pncA,c.169delC,pncA,p.Val180Phe,pyrazinamide,pyrazinamide,within_class,1,1,0,1,1,358,0.0,1.0,True,,,1.0,False
pncA|c.169delC,pncA|p.Val139Gly,pncA,c.169delC,pncA,p.Val139Gly,pyrazinamide,pyrazinamide,within_class,1,1,0,1,1,358,0.0,1.0,True,,,1.0,False
pncA|c.169delC,pncA|p.Thr47Ala,pncA,c.169delC,pncA,p.Thr47Ala,pyrazinamide,pyrazinamide,within_class,1,1,0,1,1,358,0.0,1.0,True,,,1.0,False
pncA|c.169delC,pncA|p.Ser104Arg,pncA,c.169delC,pncA,p.Ser104Arg,pyrazinamide,pyrazinamide,within_class,1,7,0,1,7,352,0.0,1.0,True,,,1.0,False
pncA|c.169delC,pncA|p.Ile31Ser,pncA,c.169delC,pncA,p.Ile31Ser,pyrazinamide,pyrazinamide,within_class,1,1,0,1,1,358,0.0,1.0,True,,,1.0,False
pncA|c.169delC,pncA|p.Gln141Pro,pncA,c.169delC,pncA,p.Gln141Pro,pyrazinamide,pyrazinamide,within_class,1,1,0,1,1,358,0.0,1.0,True,,,1.0,False
pncA|c.169delC,pncA|p.Cys14Arg,pncA,c.169delC,pncA,p.Cys14Arg,pyrazinamide,pyrazinamide,within_class,1,87,0,1,87,272,0.0,1.0,True,,,1.0,False
pncA|c.169delC,pncA|p.Asp8Asn,pncA,c.169delC,pncA,p.Asp8Asn,pyrazinamide,pyrazinamide,within_class,1,5,0,1,5,354,0.0,1.0,True,,,1.0,False
pncA|c.169delC,pncA|p.Ala146Thr,pncA,c.169delC,pncA,p.Ala146Thr,pyrazinamide,pyrazinamide,within_class,1,2,0,1,2,357,0.0,1.0,True,,,1.0,False
pncA|c.169delC,pncA|c.517dupG,pncA,c.169delC,pncA,c.517dupG,pyrazinamide,pyrazinamide,within_class,1,70,0,1,70,289,0.0,1.0,True,,,1.0,False
pncA|c.169delC,rrl|n.2270G>T,pncA,c.169delC,rrl,n.2270G>T,pyrazinamide,linezolid,cross_class,1,2,0,1,2,357,0.0,1.0,True,,,1.0,False
pncA|c.169delC,rpsL|p.Lys88Arg,pncA,c.169delC,rpsL,p.Lys88Arg,pyrazinamide,streptomycin,cross_class,1,8,0,1,8,351,0.0,1.0,True,,,1.0,False
pncA|c.169delC,rpsL|p.Lys43Arg,pncA,c.169delC,rpsL,p.Lys43Arg,pyrazinamide,streptomycin,cross_class,1,26,1,0,25,334,inf,0.07222222222222223,True,lineage2,100.0,1.0,False
pncA|c.169delC,rpoB|p.Val170Phe,pncA,c.169delC,rpoB,p.Val170Phe,pyrazinamide,rifampicin;rifapentine,cross_class,1,2,0,1,2,357,0.0,1.0,True,,,1.0,False
pncA|c.169delC,rpoB|p.Ser450Leu,pncA,c.169delC,rpoB,p.Ser450Leu,pyrazinamide,rifampicin;rifapentine,cross_class,1,139,0,1,139,220,0.0,1.0,True,,,1.0,False
pncA|c.169delC,rpoB|p.Leu452Pro,pncA,c.169delC,rpoB,p.Leu452Pro,pyrazinamide,rifampicin;rifapentine,cross_class,1,10,0,1,10,349,0.0,1.0,True,,,1.0,False
pncA|c.169delC,rpoB|p.Leu430Pro,pncA,c.169delC,rpoB,p.Leu430Pro,pyrazinamide,rifampicin;rifapentine,cross_class,1,22,0,1,22,337,0.0,1.0,True,,,1.0,False
pncA|c.169delC,rpoB|p.Ile491Phe,pncA,c.169delC,rpoB,p.Ile491Phe,pyrazinamide,rifampicin;rifapentine,cross_class,1,1,0,1,1,358,0.0,1.0,True,,,1.0,False
pncA|c.169delC,rpoB|p.His445Tyr,pncA,c.169delC,rpoB,p.His445Tyr,pyrazinamide,rifampicin;rifapentine,cross_class,1,5,0,1,5,354,0.0,1.0,True,,,1.0,False
pncA|c.169delC,rpoB|p.His445Leu,pncA,c.169delC,rpoB,p.His445Leu,pyrazinamide,rifampicin;rifapentine,cross_class,1,1,0,1,1,358,0.0,1.0,True,,,1.0,False
pncA|c.169delC,rpoB|p.His445Asp,pncA,c.169delC,rpoB,p.His445Asp,pyrazinamide,rifampicin;rifapentine,cross_class,1,11,0,1,11,348,0.0,1.0,True,,,1.0,False
pncA|c.169delC,rpoB|p.His445Asn,pncA,c.169delC,rpoB,p.His445Asn,pyrazinamide,rifampicin;rifapentine,cross_class,1,6,0,1,6,353,0.0,1.0,True,,,1.0,False
pncA|c.169delC,rpoB|p.Gln432Lys,pncA,c.169delC,rpoB,p.Gln432Lys,pyrazinamide,rifampicin;rifapentine,cross_class,1,1,0,1,1,358,0.0,1.0,True,,,1.0,False
pncA|c.169delC,rpoB|p.Asp435Val,pncA,c.169delC,rpoB,p.Asp435Val,pyrazinamide,rifampicin;rifapentine,cross_class,1,73,0,1,73,286,0.0,1.0,True,,,1.0,False
pncA|c.169delC,rpoB|p.Asp435Tyr,pncA,c.169delC,rpoB,p.Asp435Tyr,pyrazinamide,rifampicin;rifapentine,cross_class,1,9,0,1,9,350,0.0,1.0,True,,,1.0,False
pncA|c.169delC,rpoB|p.Asp435Gly,pncA,c.169delC,rpoB,p.Asp435Gly,pyrazinamide,rifampicin;rifapentine,cross_class,1,2,0,1,2,357,0.0,1.0,True,,,1.0,False
pncA|c.393dupC,pncA|p.Thr47Ala,pncA,c.393dupC,pncA,p.Thr47Ala,pyrazinamide,pyrazinamide,within_class,1,1,0,1,1,358,0.0,1.0,True,,,1.0,False
pncA|c.393dupC,pncA|p.Ser104Arg,pncA,c.393dupC,pncA,p.Ser104Arg,pyrazinamide,pyrazinamide,within_class,1,7,0,1,7,352,0.0,1.0,True,,,1.0,False
pncA|c.393dupC,pncA|p.Ile31Ser,pncA,c.393dupC,pncA,p.Ile31Ser,pyrazinamide,pyrazinamide,within_class,1,1,0,1,1,358,0.0,1.0,True,,,1.0,False
pncA|c.393dupC,pncA|p.Gln141Pro,pncA,c.393dupC,pncA,p.Gln141Pro,pyrazinamide,pyrazinamide,within_class,1,1,0,1,1,358,0.0,1.0,True,,,1.0,False
pncA|c.393dupC,pncA|p.Cys14Arg,pncA,c.393dupC,pncA,p.Cys14Arg,pyrazinamide,pyrazinamide,within_class,1,87,0,1,87,272,0.0,1.0,True,,,1.0,False
pncA|c.393dupC,pncA|p.Asp8Asn,pncA,c.393dupC,pncA,p.Asp8Asn,pyrazinamide,pyrazinamide,within_class,1,5,0,1,5,354,0.0,1.0,True,,,1.0,False
pncA|c.393dupC,pncA|p.Ala146Thr,pncA,c.393dupC,pncA,p.Ala146Thr,pyrazinamide,pyrazinamide,within_class,1,2,0,1,2,357,0.0,1.0,True,,,1.0,False
pncA|c.393dupC,pncA|c.517dupG,pncA,c.393dupC,pncA,c.517dupG,pyrazinamide,pyrazinamide,within_class,1,70,0,1,70,289,0.0,1.0,True,,,1.0,False
pncA|c.393dupC,pncA|c.459_466delCAGGGTGC,pncA,c.393dupC,pncA,c.459_466delCAGGGTGC,pyrazinamide,pyrazinamide,within_class,1,1,0,1,1,358,0.0,1.0,True,,,1.0,False
pncA|c.169delC,tlyA|c.585_588delTGGG,pncA,c.169delC,tlyA,c.585_588delTGGG,pyrazinamide,capreomycin,cross_class,1,30,0,1,30,329,0.0,1.0,True,,,1.0,False
pncA|c.169delC,tlyA|c.388dupG,pncA,c.169delC,tlyA,c.388dupG,pyrazinamide,capreomycin,cross_class,1,1,0,1,1,358,0.0,1.0,True,,,1.0,False
pncA|c.169delC,rrs|n.517C>T,pncA,c.169delC,rrs,n.517C>T,pyrazinamide,streptomycin,cross_class,1,2,0,1,2,357,0.0,1.0,True,,,1.0,False
pncA|c.169delC,rrs|n.514A>C,pncA,c.169delC,rrs,n.514A>C,pyrazinamide,streptomycin,cross_class,1,164,0,1,164,195,0.0,1.0,True,,,1.0,False
pncA|c.169delC,rrs|n.1402C>T,pncA,c.169delC,rrs,n.1402C>T,pyrazinamide,amikacin;capreomycin;kanamycin,cross_class,1,2,0,1,2,357,0.0,1.0,True,,,1.0,False
pncA|c.169delC,rrs|n.1401A>G,pncA,c.169delC,rrs,n.1401A>G,pyrazinamide,amikacin;capreomycin;kanamycin,cross_class,1,85,0,1,85,274,0.0,1.0,True,,,1.0,False
pncA|c.169delC,rrl|n.2814G>T,pncA,c.169delC,rrl,n.2814G>T,pyrazinamide,linezolid,cross_class,1,2,0,1,2,357,0.0,1.0,True,,,1.0,False
pncA|c.393dupC,rpoB|p.His445Tyr,pncA,c.393dupC,rpoB,p.His445Tyr,pyrazinamide,rifampicin;rifapentine,cross_class,1,5,0,1,5,354,0.0,1.0,True,,,1.0,False
pncA|c.393dupC,rpoB|p.His445Leu,pncA,c.393dupC,rpoB,p.His445Leu,pyrazinamide,rifampicin;rifapentine,cross_class,1,1,0,1,1,358,0.0,1.0,True,,,1.0,False
pncA|c.393dupC,rpoB|p.His445Asp,pncA,c.393dupC,rpoB,p.His445Asp,pyrazinamide,rifampicin;rifapentine,cross_class,1,11,0,1,11,348,0.0,1.0,True,,,1.0,False
pncA|c.393dupC,rpoB|p.His445Asn,pncA,c.393dupC,rpoB,p.His445Asn,pyrazinamide,rifampicin;rifapentine,cross_class,1,6,0,1,6,353,0.0,1.0,True,,,1.0,False
pncA|c.393dupC,rpoB|p.Gln432Lys,pncA,c.393dupC,rpoB,p.Gln432Lys,pyrazinamide,rifampicin;rifapentine,cross_class,1,1,0,1,1,358,0.0,1.0,True,,,1.0,False
pncA|c.393dupC,rpoB|p.Asp435Val,pncA,c.393dupC,rpoB,p.Asp435Val,pyrazinamide,rifampicin;rifapentine,cross_class,1,73,0,1,73,286,0.0,1.0,True,,,1.0,False
pncA|c.393dupC,rpoB|p.Asp435Tyr,pncA,c.393dupC,rpoB,p.Asp435Tyr,pyrazinamide,rifampicin;rifapentine,cross_class,1,9,0,1,9,350,0.0,1.0,True,,,1.0,False
pncA|c.393dupC,rpoB|p.Asp435Gly,pncA,c.393dupC,rpoB,p.Asp435Gly,pyrazinamide,rifampicin;rifapentine,cross_class,1,2,0,1,2,357,0.0,1.0,True,,,1.0,False
pncA|c.393dupC,rpoB|p.Asp435Ala,pncA,c.393dupC,rpoB,p.Asp435Ala,pyrazinamide,rifampicin;rifapentine,cross_class,1,1,0,1,1,358,0.0,1.0,True,,,1.0,False
pncA|c.393dupC,rpoB|p.Asn437Ser,pncA,c.393dupC,rpoB,p.Asn437Ser,pyrazinamide,rifampicin;rifapentine,cross_class,1,2,0,1,2,357,0.0,1.0,True,,,1.0,False
pncA|c.393dupC,rpoB|p.Ala451Val,pncA,c.393dupC,rpoB,p.Ala451Val,pyrazinamide,rifampicin;rifapentine,cross_class,1,3,0,1,3,356,0.0,1.0,True,,,1.0,False
pncA|c.393dupC,rpoB|c.1296_1304delATTCATGGA,pncA,c.393dupC,rpoB,c.1296_1304delATTCATGGA,pyrazinamide,rifampicin;rifapentine,cross_class,1,2,0,1,2,357,0.0,1.0,True,,,1.0,False
pncA|c.393dupC,rpoB|c.1294_1299delCAATTC,pncA,c.393dupC,rpoB,c.1294_1299delCAATTC,pyrazinamide,rifampicin;rifapentine,cross_class,1,1,0,1,1,358,0.0,1.0,True,,,1.0,False
pncA|c.393dupC,rplC|p.Cys154Arg,pncA,c.393dupC,rplC,p.Cys154Arg,pyrazinamide,linezolid,cross_class,1,4,0,1,4,355,0.0,1.0,True,,,1.0,False
pncA|c.393dupC,pncA|p.Val180Phe,pncA,c.393dupC,pncA,p.Val180Phe,pyrazinamide,pyrazinamide,within_class,1,1,0,1,1,358,0.0,1.0,True,,,1.0,False
pncA|c.393dupC,pncA|p.Val139Gly,pncA,c.393dupC,pncA,p.Val139Gly,pyrazinamide,pyrazinamide,within_class,1,1,0,1,1,358,0.0,1.0,True,,,1.0,False
pncA|c.459_466delCAGGGTGC,pncA|c.517dupG,pncA,c.459_466delCAGGGTGC,pncA,c.517dupG,pyrazinamide,pyrazinamide,within_class,1,70,0,1,70,289,0.0,1.0,True,,,1.0,False
pncA|c.393dupC,tlyA|c.585_588delTGGG,pncA,c.393dupC,tlyA,c.585_588delTGGG,pyrazinamide,capreomycin,cross_class,1,30,0,1,30,329,0.0,1.0,True,,,1.0,False
pncA|c.393dupC,tlyA|c.388dupG,pncA,c.393dupC,tlyA,c.388dupG,pyrazinamide,capreomycin,cross_class,1,1,0,1,1,358,0.0,1.0,True,,,1.0,False
pncA|c.393dupC,rrs|n.517C>T,pncA,c.393dupC,rrs,n.517C>T,pyrazinamide,streptomycin,cross_class,1,2,0,1,2,357,0.0,1.0,True,,,1.0,False
pncA|c.393dupC,rrs|n.514A>C,pncA,c.393dupC,rrs,n.514A>C,pyrazinamide,streptomycin,cross_class,1,164,0,1,164,195,0.0,1.0,True,,,1.0,False
pncA|c.393dupC,rrs|n.1402C>T,pncA,c.393dupC,rrs,n.1402C>T,pyrazinamide,amikacin;capreomycin;kanamycin,cross_class,1,2,0,1,2,357,0.0,1.0,True,,,1.0,False
pncA|c.393dupC,rrs|n.1401A>G,pncA,c.393dupC,rrs,n.1401A>G,pyrazinamide,amikacin;capreomycin;kanamycin,cross_class,1,85,0,1,85,274,0.0,1.0,True,,,1.0,False
pncA|c.393dupC,rrl|n.2814G>T,pncA,c.393dupC,rrl,n.2814G>T,pyrazinamide,linezolid,cross_class,1,2,0,1,2,357,0.0,1.0,True,,,1.0,False
pncA|c.393dupC,rrl|n.2270G>T,pncA,c.393dupC,rrl,n.2270G>T,pyrazinamide,linezolid,cross_class,1,2,0,1,2,357,0.0,1.0,True,,,1.0,False
pncA|c.393dupC,rpsL|p.Lys88Arg,pncA,c.393dupC,rpsL,p.Lys88Arg,pyrazinamide,streptomycin,cross_class,1,8,0,1,8,351,0.0,1.0,True,,,1.0,False
pncA|c.393dupC,rpsL|p.Lys43Arg,pncA,c.393dupC,rpsL,p.Lys43Arg,pyrazinamide,streptomycin,cross_class,1,26,0,1,26,333,0.0,1.0,True,,,1.0,False
pncA|c.393dupC,rpoB|p.Val170Phe,pncA,c.393dupC,rpoB,p.Val170Phe,pyrazinamide,rifampicin;rifapentine,cross_class,1,2,0,1,2,357,0.0,1.0,True,,,1.0,False
pncA|c.393dupC,rpoB|p.Ser450Leu,pncA,c.393dupC,rpoB,p.Ser450Leu,pyrazinamide,rifampicin;rifapentine,cross_class,1,139,1,0,138,221,inf,0.3861111111111111,True,lineage2,100.0,1.0,False
pncA|c.393dupC,rpoB|p.Leu452Pro,pncA,c.393dupC,rpoB,p.Leu452Pro,pyrazinamide,rifampicin;rifapentine,cross_class,1,10,0,1,10,349,0.0,1.0,True,,,1.0,False
pncA|c.393dupC,rpoB|p.Leu430Pro,pncA,c.393dupC,rpoB,p.Leu430Pro,pyrazinamide,rifampicin;rifapentine,cross_class,1,22,0,1,22,337,0.0,1.0,True,,,1.0,False
pncA|c.393dupC,rpoB|p.Ile491Phe,pncA,c.393dupC,rpoB,p.Ile491Phe,pyrazinamide,rifampicin;rifapentine,cross_class,1,1,0,1,1,358,0.0,1.0,True,,,1.0,False
pncA|c.459_466delCAGGGTGC,rpoB|p.Asp435Gly,pncA,c.459_466delCAGGGTGC,rpoB,p.Asp435Gly,pyrazinamide,rifampicin;rifapentine,cross_class,1,2,0,1,2,357,0.0,1.0,True,,,1.0,False
pncA|c.459_466delCAGGGTGC,rpoB|p.Asp435Ala,pncA,c.459_466delCAGGGTGC,rpoB,p.Asp435Ala,pyrazinamide,rifampicin;rifapentine,cross_class,1,1,0,1,1,358,0.0,1.0,True,,,1.0,False
pncA|c.459_466delCAGGGTGC,rpoB|p.Asn437Ser,pncA,c.459_466delCAGGGTGC,rpoB,p.Asn437Ser,pyrazinamide,rifampicin;rifapentine,cross_class,1,2,0,1,2,357,0.0,1.0,True,,,1.0,False
pncA|c.459_466delCAGGGTGC,rpoB|p.Ala451Val,pncA,c.459_466delCAGGGTGC,rpoB,p.Ala451Val,pyrazinamide,rifampicin;rifapentine,cross_class,1,3,0,1,3,356,0.0,1.0,True,,,1.0,False
pncA|c.459_466delCAGGGTGC,rpoB|c.1296_1304delATTCATGGA,pncA,c.459_466delCAGGGTGC,rpoB,c.1296_1304delATTCATGGA,pyrazinamide,rifampicin;rifapentine,cross_class,1,2,0,1,2,357,0.0,1.0,True,,,1.0,False
pncA|c.459_466delCAGGGTGC,rpoB|c.1294_1299delCAATTC,pncA,c.459_466delCAGGGTGC,rpoB,c.1294_1299delCAATTC,pyrazinamide,rifampicin;rifapentine,cross_class,1,1,0,1,1,358,0.0,1.0,True,,,1.0,False
pncA|c.459_466delCAGGGTGC,rplC|p.Cys154Arg,pncA,c.459_466delCAGGGTGC,rplC,p.Cys154Arg,pyrazinamide,linezolid,cross_class,1,4,0,1,4,355,0.0,1.0,True,,,1.0,False
pncA|c.459_466delCAGGGTGC,pncA|p.Val180Phe,pncA,c.459_466delCAGGGTGC,pncA,p.Val180Phe,pyrazinamide,pyrazinamide,within_class,1,1,0,1,1,358,0.0,1.0,True,,,1.0,False
pncA|c.459_466delCAGGGTGC,pncA|p.Val139Gly,pncA,c.459_466delCAGGGTGC,pncA,p.Val139Gly,pyrazinamide,pyrazinamide,within_class,1,1,0,1,1,358,0.0,1.0,True,,,1.0,False
pncA|c.459_466delCAGGGTGC,pncA|p.Thr47Ala,pncA,c.459_466delCAGGGTGC,pncA,p.Thr47Ala,pyrazinamide,pyrazinamide,within_class,1,1,0,1,1,358,0.0,1.0,True,,,1.0,False
pncA|c.459_466delCAGGGTGC,pncA|p.Ser104Arg,pncA,c.459_466delCAGGGTGC,pncA,p.Ser104Arg,pyrazinamide,pyrazinamide,within_class,1,7,0,1,7,352,0.0,1.0,True,,,1.0,False
pncA|c.459_466delCAGGGTGC,pncA|p.Ile31Ser,pncA,c.459_466delCAGGGTGC,pncA,p.Ile31Ser,pyrazinamide,pyrazinamide,within_class,1,1,0,1,1,358,0.0,1.0,True,,,1.0,False
pncA|c.459_466delCAGGGTGC,pncA|p.Gln141Pro,pncA,c.459_466delCAGGGTGC,pncA,p.Gln141Pro,pyrazinamide,pyrazinamide,within_class,1,1,0,1,1,358,0.0,1.0,True,,,1.0,False
pncA|c.459_466delCAGGGTGC,pncA|p.Cys14Arg,pncA,c.459_466delCAGGGTGC,pncA,p.Cys14Arg,pyrazinamide,pyrazinamide,within_class,1,87,0,1,87,272,0.0,1.0,True,,,1.0,False
pncA|c.459_466delCAGGGTGC,pncA|p.Asp8Asn,pncA,c.459_466delCAGGGTGC,pncA,p.Asp8Asn,pyrazinamide,pyrazinamide,within_class,1,5,0,1,5,354,0.0,1.0,True,,,1.0,False
pncA|c.459_466delCAGGGTGC,pncA|p.Ala146Thr,pncA,c.459_466delCAGGGTGC,pncA,p.Ala146Thr,pyrazinamide,pyrazinamide,within_class,1,2,0,1,2,357,0.0,1.0,True,,,1.0,False
pncA|c.459_466delCAGGGTGC,rrl|n.2814G>T,pncA,c.459_466delCAGGGTGC,rrl,n.2814G>T,pyrazinamide,linezolid,cross_class,1,2,0,1,2,357,0.0,1.0,True,,,1.0,False
pncA|c.459_466delCAGGGTGC,rrl|n.2270G>T,pncA,c.459_466delCAGGGTGC,rrl,n.2270G>T,pyrazinamide,linezolid,cross_class,1,2,0,1,2,357,0.0,1.0,True,,,1.0,False
pncA|c.459_466delCAGGGTGC,rpsL|p.Lys88Arg,pncA,c.459_466delCAGGGTGC,rpsL,p.Lys88Arg,pyrazinamide,streptomycin,cross_class,1,8,0,1,8,351,0.0,1.0,True,,,1.0,False
pncA|c.459_466delCAGGGTGC,rpsL|p.Lys43Arg,pncA,c.459_466delCAGGGTGC,rpsL,p.Lys43Arg,pyrazinamide,streptomycin,cross_class,1,26,0,1,26,333,0.0,1.0,True,,,1.0,False
pncA|c.459_466delCAGGGTGC,rpoB|p.Val170Phe,pncA,c.459_466delCAGGGTGC,rpoB,p.Val170Phe,pyrazinamide,rifampicin;rifapentine,cross_class,1,2,0,1,2,357,0.0,1.0,True,,,1.0,False
pncA|c.459_466delCAGGGTGC,rpoB|p.Ser450Leu,pncA,c.459_466delCAGGGTGC,rpoB,p.Ser450Leu,pyrazinamide,rifampicin;rifapentine,cross_class,1,139,1,0,138,221,inf,0.3861111111111111,True,lineage2,100.0,1.0,False
pncA|c.459_466delCAGGGTGC,rpoB|p.Leu452Pro,pncA,c.459_466delCAGGGTGC,rpoB,p.Leu452Pro,pyrazinamide,rifampicin;rifapentine,cross_class,1,10,0,1,10,349,0.0,1.0,True,,,1.0,False
pncA|c.459_466delCAGGGTGC,rpoB|p.Leu430Pro,pncA,c.459_466delCAGGGTGC,rpoB,p.Leu430Pro,pyrazinamide,rifampicin;rifapentine,cross_class,1,22,0,1,22,337,0.0,1.0,True,,,1.0,False
pncA|c.459_466delCAGGGTGC,rpoB|p.Ile491Phe,pncA,c.459_466delCAGGGTGC,rpoB,p.Ile491Phe,pyrazinamide,rifampicin;rifapentine,cross_class,1,1,0,1,1,358,0.0,1.0,True,,,1.0,False
pncA|c.459_466delCAGGGTGC,rpoB|p.His445Tyr,pncA,c.459_466delCAGGGTGC,rpoB,p.His445Tyr,pyrazinamide,rifampicin;rifapentine,cross_class,1,5,0,1,5,354,0.0,1.0,True,,,1.0,False
pncA|c.459_466delCAGGGTGC,rpoB|p.His445Leu,pncA,c.459_466delCAGGGTGC,rpoB,p.His445Leu,pyrazinamide,rifampicin;rifapentine,cross_class,1,1,0,1,1,358,0.0,1.0,True,,,1.0,False
pncA|c.459_466delCAGGGTGC,rpoB|p.His445Asp,pncA,c.459_466delCAGGGTGC,rpoB,p.His445Asp,pyrazinamide,rifampicin;rifapentine,cross_class,1,11,0,1,11,348,0.0,1.0,True,,,1.0,False
pncA|c.459_466delCAGGGTGC,rpoB|p.His445Asn,pncA,c.459_466delCAGGGTGC,rpoB,p.His445Asn,pyrazinamide,rifampicin;rifapentine,cross_class,1,6,0,1,6,353,0.0,1.0,True,,,1.0,False
pncA|c.459_466delCAGGGTGC,rpoB|p.Gln432Lys,pncA,c.459_466delCAGGGTGC,rpoB,p.Gln432Lys,pyrazinamide,rifampicin;rifapentine,cross_class,1,1,0,1,1,358,0.0,1.0,True,,,1.0,False
pncA|c.459_466delCAGGGTGC,rpoB|p.Asp435Val,pncA,c.459_466delCAGGGTGC,rpoB,p.Asp435Val,pyrazinamide,rifampicin;rifapentine,cross_class,1,73,0,1,73,286,0.0,1.0,True,,,1.0,False
pncA|c.459_466delCAGGGTGC,rpoB|p.Asp435Tyr,pncA,c.459_466delCAGGGTGC,rpoB,p.Asp435Tyr,pyrazinamide,rifampicin;rifapentine,cross_class,1,9,0,1,9,350,0.0,1.0,True,,,1.0,False
pncA|c.517dupG,rplC|p.Cys154Arg,pncA,c.517dupG,rplC,p.Cys154Arg,pyrazinamide,linezolid,cross_class,70,4,2,68,2,288,4.235294117647059,0.17144146527442772,True,lineage2,100.0,1.0,False
pncA|c.517dupG,pncA|p.Val180Phe,pncA,c.517dupG,pncA,p.Val180Phe,pyrazinamide,pyrazinamide,within_class,70,1,0,70,1,289,0.0,1.0,True,,,1.0,False
pncA|c.517dupG,pncA|p.Val139Gly,pncA,c.517dupG,pncA,p.Val139Gly,pyrazinamide,pyrazinamide,within_class,70,1,0,70,1,289,0.0,1.0,True,,,1.0,False
pncA|c.517dupG,pncA|p.Thr47Ala,pncA,c.517dupG,pncA,p.Thr47Ala,pyrazinamide,pyrazinamide,within_class,70,1,0,70,1,289,0.0,1.0,True,,,1.0,False
pncA|c.517dupG,pncA|p.Ser104Arg,pncA,c.517dupG,pncA,p.Ser104Arg,pyrazinamide,pyrazinamide,within_class,70,7,0,70,7,283,0.0,0.35365017446436,False,,,1.0,False
pncA|c.517dupG,pncA|p.Ile31Ser,pncA,c.517dupG,pncA,p.Ile31Ser,pyrazinamide,pyrazinamide,within_class,70,1,0,70,1,289,0.0,1.0,True,,,1.0,False
pncA|c.517dupG,pncA|p.Gln141Pro,pncA,c.517dupG,pncA,p.Gln141Pro,pyrazinamide,pyrazinamide,within_class,70,1,0,70,1,289,0.0,1.0,True,,,1.0,False
pncA|c.517dupG,pncA|p.Asp8Asn,pncA,c.517dupG,pncA,p.Asp8Asn,pyrazinamide,pyrazinamide,within_class,70,5,0,70,5,285,0.0,0.5876746090542391,False,,,1.0,False
pncA|c.517dupG,pncA|p.Ala146Thr,pncA,c.517dupG,pncA,p.Ala146Thr,pyrazinamide,pyrazinamide,within_class,70,2,0,70,2,288,0.0,1.0,True,,,1.0,False
pncA|c.459_466delCAGGGTGC,tlyA|c.585_588delTGGG,pncA,c.459_466delCAGGGTGC,tlyA,c.585_588delTGGG,pyrazinamide,capreomycin,cross_class,1,30,0,1,30,329,0.0,1.0,True,,,1.0,False
pncA|c.459_466delCAGGGTGC,tlyA|c.388dupG,pncA,c.459_466delCAGGGTGC,tlyA,c.388dupG,pyrazinamide,capreomycin,cross_class,1,1,0,1,1,358,0.0,1.0,True,,,1.0,False
pncA|c.459_466delCAGGGTGC,rrs|n.517C>T,pncA,c.459_466delCAGGGTGC,rrs,n.517C>T,pyrazinamide,streptomycin,cross_class,1,2,0,1,2,357,0.0,1.0,True,,,1.0,False
pncA|c.459_466delCAGGGTGC,rrs|n.514A>C,pncA,c.459_466delCAGGGTGC,rrs,n.514A>C,pyrazinamide,streptomycin,cross_class,1,164,1,0,163,196,inf,0.45555555555555555,True,lineage2,100.0,1.0,False
pncA|c.459_466delCAGGGTGC,rrs|n.1402C>T,pncA,c.459_466delCAGGGTGC,rrs,n.1402C>T,pyrazinamide,amikacin;capreomycin;kanamycin,cross_class,1,2,0,1,2,357,0.0,1.0,True,,,1.0,False
pncA|c.459_466delCAGGGTGC,rrs|n.1401A>G,pncA,c.459_466delCAGGGTGC,rrs,n.1401A>G,pyrazinamide,amikacin;capreomycin;kanamycin,cross_class,1,85,0,1,85,274,0.0,1.0,True,,,1.0,False
pncA|c.517dupG,rpoB|p.Leu452Pro,pncA,c.517dupG,rpoB,p.Leu452Pro,pyrazinamide,rifampicin;rifapentine,cross_class,70,10,0,70,10,280,0.0,0.21989087727547346,False,,,1.0,False
pncA|c.517dupG,rpoB|p.Ile491Phe,pncA,c.517dupG,rpoB,p.Ile491Phe,pyrazinamide,rifampicin;rifapentine,cross_class,70,1,0,70,1,289,0.0,1.0,True,,,1.0,False
pncA|c.517dupG,rpoB|p.His445Tyr,pncA,c.517dupG,rpoB,p.His445Tyr,pyrazinamide,rifampicin;rifapentine,cross_class,70,5,0,70,5,285,0.0,0.5876746090542391,False,,,1.0,False
pncA|c.517dupG,rpoB|p.His445Leu,pncA,c.517dupG,rpoB,p.His445Leu,pyrazinamide,rifampicin;rifapentine,cross_class,70,1,0,70,1,289,0.0,1.0,True,,,1.0,False
pncA|c.517dupG,rpoB|p.His445Asp,pncA,c.517dupG,rpoB,p.His445Asp,pyrazinamide,rifampicin;rifapentine,cross_class,70,11,0,70,11,279,0.0,0.13188060690693543,False,,,1.0,False
pncA|c.517dupG,rpoB|p.His445Asn,pncA,c.517dupG,rpoB,p.His445Asn,pyrazinamide,rifampicin;rifapentine,cross_class,70,6,0,70,6,284,0.0,0.6013800727532813,False,,,1.0,False
pncA|c.517dupG,rpoB|p.Gln432Lys,pncA,c.517dupG,rpoB,p.Gln432Lys,pyrazinamide,rifampicin;rifapentine,cross_class,70,1,0,70,1,289,0.0,1.0,True,,,1.0,False
pncA|c.517dupG,rpoB|p.Asp435Tyr,pncA,c.517dupG,rpoB,p.Asp435Tyr,pyrazinamide,rifampicin;rifapentine,cross_class,70,9,0,70,9,281,0.0,0.2153021675919824,False,,,1.0,False
pncA|c.517dupG,rpoB|p.Asp435Gly,pncA,c.517dupG,rpoB,p.Asp435Gly,pyrazinamide,rifampicin;rifapentine,cross_class,70,2,0,70,2,288,0.0,1.0,True,,,1.0,False
pncA|c.517dupG,rpoB|p.Asp435Ala,pncA,c.517dupG,rpoB,p.Asp435Ala,pyrazinamide,rifampicin;rifapentine,cross_class,70,1,0,70,1,289,0.0,1.0,True,,,1.0,False
pncA|c.517dupG,rpoB|p.Asn437Ser,pncA,c.517dupG,rpoB,p.Asn437Ser,pyrazinamide,rifampicin;rifapentine,cross_class,70,2,0,70,2,288,0.0,1.0,True,,,1.0,False
pncA|c.517dupG,rpoB|p.Ala451Val,pncA,c.517dupG,rpoB,p.Ala451Val,pyrazinamide,rifampicin;rifapentine,cross_class,70,3,0,70,3,287,0.0,1.0,True,,,1.0,False
pncA|c.517dupG,rpoB|c.1296_1304delATTCATGGA,pncA,c.517dupG,rpoB,c.1296_1304delATTCATGGA,pyrazinamide,rifampicin;rifapentine,cross_class,70,2,0,70,2,288,0.0,1.0,True,,,1.0,False
pncA|c.517dupG,rpoB|c.1294_1299delCAATTC,pncA,c.517dupG,rpoB,c.1294_1299delCAATTC,pyrazinamide,rifampicin;rifapentine,cross_class,70,1,0,70,1,289,0.0,1.0,True,,,1.0,False
pncA|p.Ala146Thr,pncA|p.Ile31Ser,pncA,p.Ala146Thr,pncA,p.Ile31Ser,pyrazinamide,pyrazinamide,within_class,2,1,0,2,1,357,0.0,1.0,True,,,1.0,False
pncA|p.Ala146Thr,pncA|p.Gln141Pro,pncA,p.Ala146Thr,pncA,p.Gln141Pro,pyrazinamide,pyrazinamide,within_class,2,1,0,2,1,357,0.0,1.0,True,,,1.0,False
pncA|p.Ala146Thr,pncA|p.Cys14Arg,pncA,p.Ala146Thr,pncA,p.Cys14Arg,pyrazinamide,pyrazinamide,within_class,2,87,0,2,87,271,0.0,1.0,True,,,1.0,False
pncA|p.Ala146Thr,pncA|p.Asp8Asn,pncA,p.Ala146Thr,pncA,p.Asp8Asn,pyrazinamide,pyrazinamide,within_class,2,5,0,2,5,353,0.0,1.0,True,,,1.0,False
pncA|c.517dupG,tlyA|c.388dupG,pncA,c.517dupG,tlyA,c.388dupG,pyrazinamide,capreomycin,cross_class,70,1,0,70,1,289,0.0,1.0,True,,,1.0,False
pncA|c.517dupG,rrs|n.517C>T,pncA,c.517dupG,rrs,n.517C>T,pyrazinamide,streptomycin,cross_class,70,2,0,70,2,288,0.0,1.0,True,,,1.0,False
pncA|c.517dupG,rrs|n.1402C>T,pncA,c.517dupG,rrs,n.1402C>T,pyrazinamide,amikacin;capreomycin;kanamycin,cross_class,70,2,0,70,2,288,0.0,1.0,True,,,1.0,False
pncA|c.517dupG,rrl|n.2814G>T,pncA,c.517dupG,rrl,n.2814G>T,pyrazinamide,linezolid,cross_class,70,2,0,70,2,288,0.0,1.0,True,,,1.0,False
pncA|c.517dupG,rrl|n.2270G>T,pncA,c.517dupG,rrl,n.2270G>T,pyrazinamide,linezolid,cross_class,70,2,1,69,1,289,4.188405797101449,0.35151655834107093,True,lineage2,100.0,1.0,False
pncA|c.517dupG,rpsL|p.Lys88Arg,pncA,c.517dupG,rpsL,p.Lys88Arg,pyrazinamide,streptomycin,cross_class,70,8,0,70,8,282,0.0,0.36300304675103423,False,,,1.0,False
pncA|c.517dupG,rpoB|p.Val170Phe,pncA,c.517dupG,rpoB,p.Val170Phe,pyrazinamide,rifampicin;rifapentine,cross_class,70,2,0,70,2,288,0.0,1.0,True,,,1.0,False
atpE|p.Glu61Asp,rpoB|p.Asp435Ala,atpE,p.Glu61Asp,rpoB,p.Asp435Ala,bedaquiline,rifampicin;rifapentine,cross_class,1,1,0,1,1,358,0.0,1.0,True,,,1.0,False
atpE|p.Glu61Asp,rpoB|p.Asn437Ser,atpE,p.Glu61Asp,rpoB,p.Asn437Ser,bedaquiline,rifampicin;rifapentine,cross_class,1,2,0,1,2,357,0.0,1.0,True,,,1.0,False
atpE|p.Glu61Asp,rpoB|p.Ala451Val,atpE,p.Glu61Asp,rpoB,p.Ala451Val,bedaquiline,rifampicin;rifapentine,cross_class,1,3,0,1,3,356,0.0,1.0,True,,,1.0,False
atpE|p.Glu61Asp,rpoB|c.1296_1304delATTCATGGA,atpE,p.Glu61Asp,rpoB,c.1296_1304delATTCATGGA,bedaquiline,rifampicin;rifapentine,cross_class,1,2,0,1,2,357,0.0,1.0,True,,,1.0,False
atpE|p.Glu61Asp,rpoB|c.1294_1299delCAATTC,atpE,p.Glu61Asp,rpoB,c.1294_1299delCAATTC,bedaquiline,rifampicin;rifapentine,cross_class,1,1,0,1,1,358,0.0,1.0,True,,,1.0,False
atpE|p.Glu61Asp,rplC|p.Cys154Arg,atpE,p.Glu61Asp,rplC,p.Cys154Arg,bedaquiline,linezolid,cross_class,1,4,0,1,4,355,0.0,1.0,True,,,1.0,False
atpE|p.Glu61Asp,pncA|p.Val180Phe,atpE,p.Glu61Asp,pncA,p.Val180Phe,bedaquiline,pyrazinamide,cross_class,1,1,0,1,1,358,0.0,1.0,True,,,1.0,False
atpE|p.Glu61Asp,pncA|p.Val139Gly,atpE,p.Glu61Asp,pncA,p.Val139Gly,bedaquiline,pyrazinamide,cross_class,1,1,0,1,1,358,0.0,1.0,True,,,1.0,False
atpE|p.Glu61Asp,pncA|p.Thr47Ala,atpE,p.Glu61Asp,pncA,p.Thr47Ala,bedaquiline,pyrazinamide,cross_class,1,1,0,1,1,358,0.0,1.0,True,,,1.0,False
atpE|p.Glu61Asp,pncA|p.Ser104Arg,atpE,p.Glu61Asp,pncA,p.Ser104Arg,bedaquiline,pyrazinamide,cross_class,1,7,0,1,7,352,0.0,1.0,True,,,1.0,False
atpE|p.Glu61Asp,pncA|p.Ile31Ser,atpE,p.Glu61Asp,pncA,p.Ile31Ser,bedaquiline,pyrazinamide,cross_class,1,1,0,1,1,358,0.0,1.0,True,,,1.0,False
atpE|p.Glu61Asp,pncA|p.Gln141Pro,atpE,p.Glu61Asp,pncA,p.Gln141Pro,bedaquiline,pyrazinamide,cross_class,1,1,0,1,1,358,0.0,1.0,True,,,1.0,False
atpE|p.Glu61Asp,pncA|p.Cys14Arg,atpE,p.Glu61Asp,pncA,p.Cys14Arg,bedaquiline,pyrazinamide,cross_class,1,87,0,1,87,272,0.0,1.0,True,,,1.0,False
atpE|p.Glu61Asp,pncA|p.Asp8Asn,atpE,p.Glu61Asp,pncA,p.Asp8Asn,bedaquiline,pyrazinamide,cross_class,1,5,0,1,5,354,0.0,1.0,True,,,1.0,False
atpE|p.Glu61Asp,pncA|p.Ala146Thr,atpE,p.Glu61Asp,pncA,p.Ala146Thr,bedaquiline,pyrazinamide,cross_class,1,2,0,1,2,357,0.0,1.0,True,,,1.0,False
atpE|p.Glu61Asp,pncA|c.517dupG,atpE,p.Glu61Asp,pncA,c.517dupG,bedaquiline,pyrazinamide,cross_class,1,70,0,1,70,289,0.0,1.0,True,,,1.0,False
pncA|p.Ala146Thr,rpoB|p.His445Asp,pncA,p.Ala146Thr,rpoB,p.His445Asp,pyrazinamide,rifampicin;rifapentine,cross_class,2,11,0,2,11,347,0.0,1.0,True,,,1.0,False
pncA|p.Ala146Thr,rpoB|p.Gln432Lys,pncA,p.Ala146Thr,rpoB,p.Gln432Lys,pyrazinamide,rifampicin;rifapentine,cross_class,2,1,0,2,1,357,0.0,1.0,True,,,1.0,False
pncA|p.Ala146Thr,rpoB|p.Asp435Val,pncA,p.Ala146Thr,rpoB,p.Asp435Val,pyrazinamide,rifampicin;rifapentine,cross_class,2,73,0,2,73,285,0.0,1.0,True,,,1.0,False
pncA|p.Ala146Thr,rpoB|p.Asp435Tyr,pncA,p.Ala146Thr,rpoB,p.Asp435Tyr,pyrazinamide,rifampicin;rifapentine,cross_class,2,9,0,2,9,349,0.0,1.0,True,,,1.0,False
pncA|p.Ala146Thr,rpoB|p.Asp435Gly,pncA,p.Ala146Thr,rpoB,p.Asp435Gly,pyrazinamide,rifampicin;rifapentine,cross_class,2,2,0,2,2,356,0.0,1.0,True,,,1.0,False
pncA|p.Ala146Thr,rpoB|p.Asp435Ala,pncA,p.Ala146Thr,rpoB,p.Asp435Ala,pyrazinamide,rifampicin;rifapentine,cross_class,2,1,0,2,1,357,0.0,1.0,True,,,1.0,False
pncA|p.Ala146Thr,rpoB|p.Asn437Ser,pncA,p.Ala146Thr,rpoB,p.Asn437Ser,pyrazinamide,rifampicin;rifapentine,cross_class,2,2,0,2,2,356,0.0,1.0,True,,,1.0,False
pncA|p.Ala146Thr,rpoB|c.1296_1304delATTCATGGA,pncA,p.Ala146Thr,rpoB,c.1296_1304delATTCATGGA,pyrazinamide,rifampicin;rifapentine,cross_class,2,2,0,2,2,356,0.0,1.0,True,,,1.0,False
pncA|p.Ala146Thr,rpoB|c.1294_1299delCAATTC,pncA,p.Ala146Thr,rpoB,c.1294_1299delCAATTC,pyrazinamide,rifampicin;rifapentine,cross_class,2,1,0,2,1,357,0.0,1.0,True,,,1.0,False
pncA|p.Ala146Thr,rplC|p.Cys154Arg,pncA,p.Ala146Thr,rplC,p.Cys154Arg,pyrazinamide,linezolid,cross_class,2,4,0,2,4,354,0.0,1.0,True,,,1.0,False
pncA|p.Ala146Thr,pncA|p.Val180Phe,pncA,p.Ala146Thr,pncA,p.Val180Phe,pyrazinamide,pyrazinamide,within_class,2,1,0,2,1,357,0.0,1.0,True,,,1.0,False
pncA|p.Ala146Thr,pncA|p.Val139Gly,pncA,p.Ala146Thr,pncA,p.Val139Gly,pyrazinamide,pyrazinamide,within_class,2,1,0,2,1,357,0.0,1.0,True,,,1.0,False
pncA|p.Ala146Thr,pncA|p.Thr47Ala,pncA,p.Ala146Thr,pncA,p.Thr47Ala,pyrazinamide,pyrazinamide,within_class,2,1,0,2,1,357,0.0,1.0,True,,,1.0,False
pncA|p.Ala146Thr,pncA|p.Ser104Arg,pncA,p.Ala146Thr,pncA,p.Ser104Arg,pyrazinamide,pyrazinamide,within_class,2,7,0,2,7,351,0.0,1.0,True,,,1.0,False
pncA|p.Ala146Thr,tlyA|c.388dupG,pncA,p.Ala146Thr,tlyA,c.388dupG,pyrazinamide,capreomycin,cross_class,2,1,0,2,1,357,0.0,1.0,True,,,1.0,False
pncA|p.Ala146Thr,rrs|n.517C>T,pncA,p.Ala146Thr,rrs,n.517C>T,pyrazinamide,streptomycin,cross_class,2,2,0,2,2,356,0.0,1.0,True,,,1.0,False
pncA|p.Ala146Thr,rrs|n.514A>C,pncA,p.Ala146Thr,rrs,n.514A>C,pyrazinamide,streptomycin,cross_class,2,164,0,2,164,194,0.0,0.5025688641287527,True,,,1.0,False
pncA|p.Ala146Thr,rrs|n.1402C>T,pncA,p.Ala146Thr,rrs,n.1402C>T,pyrazinamide,amikacin;capreomycin;kanamycin,cross_class,2,2,0,2,2,356,0.0,1.0,True,,,1.0,False
pncA|p.Ala146Thr,rrs|n.1401A>G,pncA,p.Ala146Thr,rrs,n.1401A>G,pyrazinamide,amikacin;capreomycin;kanamycin,cross_class,2,85,2,0,83,275,inf,0.05524605385329619,True,lineage2,100.0,1.0,False
pncA|p.Ala146Thr,rrl|n.2814G>T,pncA,p.Ala146Thr,rrl,n.2814G>T,pyrazinamide,linezolid,cross_class,2,2,0,2,2,356,0.0,1.0,True,,,1.0,False
pncA|p.Ala146Thr,rrl|n.2270G>T,pncA,p.Ala146Thr,rrl,n.2270G>T,pyrazinamide,linezolid,cross_class,2,2,0,2,2,356,0.0,1.0,True,,,1.0,False
pncA|p.Ala146Thr,rpsL|p.Lys88Arg,pncA,p.Ala146Thr,rpsL,p.Lys88Arg,pyrazinamide,streptomycin,cross_class,2,8,0,2,8,350,0.0,1.0,True,,,1.0,False
pncA|p.Ala146Thr,rpsL|p.Lys43Arg,pncA,p.Ala146Thr,rpsL,p.Lys43Arg,pyrazinamide,streptomycin,cross_class,2,26,0,2,26,332,0.0,1.0,True,,,1.0,False
pncA|p.Ala146Thr,rpoB|p.Val170Phe,pncA,p.Ala146Thr,rpoB,p.Val170Phe,pyrazinamide,rifampicin;rifapentine,cross_class,2,2,0,2,2,356,0.0,1.0,True,,,1.0,False
pncA|p.Ala146Thr,rpoB|p.Ser450Leu,pncA,p.Ala146Thr,rpoB,p.Ser450Leu,pyrazinamide,rifampicin;rifapentine,cross_class,2,139,0,2,139,219,0.0,0.5246208604147322,True,,,1.0,False
pncA|p.Ala146Thr,rpoB|p.Leu452Pro,pncA,p.Ala146Thr,rpoB,p.Leu452Pro,pyrazinamide,rifampicin;rifapentine,cross_class,2,10,0,2,10,348,0.0,1.0,True,,,1.0,False
pncA|p.Ala146Thr,rpoB|p.Leu430Pro,pncA,p.Ala146Thr,rpoB,p.Leu430Pro,pyrazinamide,rifampicin;rifapentine,cross_class,2,22,0,2,22,336,0.0,1.0,True,,,1.0,False
pncA|p.Ala146Thr,rpoB|p.Ile491Phe,pncA,p.Ala146Thr,rpoB,p.Ile491Phe,pyrazinamide,rifampicin;rifapentine,cross_class,2,1,0,2,1,357,0.0,1.0,True,,,1.0,False
pncA|p.Ala146Thr,rpoB|p.His445Tyr,pncA,p.Ala146Thr,rpoB,p.His445Tyr,pyrazinamide,rifampicin;rifapentine,cross_class,2,5,0,2,5,353,0.0,1.0,True,,,1.0,False
pncA|p.Ala146Thr,rpoB|p.His445Leu,pncA,p.Ala146Thr,rpoB,p.His445Leu,pyrazinamide,rifampicin;rifapentine,cross_class,2,1,0,2,1,357,0.0,1.0,True,,,1.0,False
pncA|p.Asp8Asn,rpoB|p.Asp435Tyr,pncA,p.Asp8Asn,rpoB,p.Asp435Tyr,pyrazinamide,rifampicin;rifapentine,cross_class,5,9,0,5,9,346,0.0,1.0,False,,,1.0,False
pncA|p.Asp8Asn,rpoB|p.Asp435Gly,pncA,p.Asp8Asn,rpoB,p.Asp435Gly,pyrazinamide,rifampicin;rifapentine,cross_class,5,2,0,5,2,353,0.0,1.0,True,,,1.0,False
pncA|p.Asp8Asn,rpoB|p.Asp435Ala,pncA,p.Asp8Asn,rpoB,p.Asp435Ala,pyrazinamide,rifampicin;rifapentine,cross_class,5,1,0,5,1,354,0.0,1.0,True,,,1.0,False
pncA|p.Asp8Asn,rpoB|p.Asn437Ser,pncA,p.Asp8Asn,rpoB,p.Asn437Ser,pyrazinamide,rifampicin;rifapentine,cross_class,5,2,0,5,2,353,0.0,1.0,True,,,1.0,False
pncA|p.Asp8Asn,rpoB|p.Ala451Val,pncA,p.Asp8Asn,rpoB,p.Ala451Val,pyrazinamide,rifampicin;rifapentine,cross_class,5,3,0,5,3,352,0.0,1.0,True,,,1.0,False
pncA|p.Asp8Asn,rpoB|c.1296_1304delATTCATGGA,pncA,p.Asp8Asn,rpoB,c.1296_1304delATTCATGGA,pyrazinamide,rifampicin;rifapentine,cross_class,5,2,0,5,2,353,0.0,1.0,True,,,1.0,False
pncA|p.Asp8Asn,rpoB|c.1294_1299delCAATTC,pncA,p.Asp8Asn,rpoB,c.1294_1299delCAATTC,pyrazinamide,rifampicin;rifapentine,cross_class,5,1,0,5,1,354,0.0,1.0,True,,,1.0,False
pncA|p.Asp8Asn,rplC|p.Cys154Arg,pncA,p.Asp8Asn,rplC,p.Cys154Arg,pyrazinamide,linezolid,cross_class,5,4,0,5,4,351,0.0,1.0,True,,,1.0,False
pncA|p.Asp8Asn,pncA|p.Val180Phe,pncA,p.Asp8Asn,pncA,p.Val180Phe,pyrazinamide,pyrazinamide,within_class,5,1,0,5,1,354,0.0,1.0,True,,,1.0,False
pncA|p.Asp8Asn,pncA|p.Val139Gly,pncA,p.Asp8Asn,pncA,p.Val139Gly,pyrazinamide,pyrazinamide,within_class,5,1,0,5,1,354,0.0,1.0,True,,,1.0,False
pncA|p.Asp8Asn,pncA|p.Thr47Ala,pncA,p.Asp8Asn,pncA,p.Thr47Ala,pyrazinamide,pyrazinamide,within_class,5,1,0,5,1,354,0.0,1.0,True,,,1.0,False
pncA|p.Asp8Asn,pncA|p.Ser104Arg,pncA,p.Asp8Asn,pncA,p.Ser104Arg,pyrazinamide,pyrazinamide,within_class,5,7,0,5,7,348,0.0,1.0,False,,,1.0,False
pncA|p.Asp8Asn,pncA|p.Ile31Ser,pncA,p.Asp8Asn,pncA,p.Ile31Ser,pyrazinamide,pyrazinamide,within_class,5,1,0,5,1,354,0.0,1.0,True,,,1.0,False
pncA|p.Asp8Asn,pncA|p.Gln141Pro,pncA,p.Asp8Asn,pncA,p.Gln141Pro,pyrazinamide,pyrazinamide,within_class,5,1,0,5,1,354,0.0,1.0,True,,,1.0,False
pncA|p.Asp8Asn,pncA|p.Cys14Arg,pncA,p.Asp8Asn,pncA,p.Cys14Arg,pyrazinamide,pyrazinamide,within_class,5,87,0,5,87,268,0.0,0.3420177498284005,False,,,1.0,False
pncA|p.Ala146Thr,tlyA|c.585_588delTGGG,pncA,p.Ala146Thr,tlyA,c.585_588delTGGG,pyrazinamide,capreomycin,cross_class,2,30,0,2,30,328,0.0,1.0,True,,,1.0,False
pncA|p.Asp8Asn,rrs|n.1401A>G,pncA,p.Asp8Asn,rrs,n.1401A>G,pyrazinamide,amikacin;capreomycin;kanamycin,cross_class,5,85,1,4,84,271,0.8065476190476191,1.0,False,lineage2,100.0,1.0,False
pncA|p.Asp8Asn,rrl|n.2814G>T,pncA,p.Asp8Asn,rrl,n.2814G>T,pyrazinamide,linezolid,cross_class,5,2,0,5,2,353,0.0,1.0,True,,,1.0,False
pncA|p.Asp8Asn,rrl|n.2270G>T,pncA,p.Asp8Asn,rrl,n.2270G>T,pyrazinamide,linezolid,cross_class,5,2,0,5,2,353,0.0,1.0,True,,,1.0,False
pncA|p.Asp8Asn,rpsL|p.Lys88Arg,pncA,p.Asp8Asn,rpsL,p.Lys88Arg,pyrazinamide,streptomycin,cross_class,5,8,0,5,8,347,0.0,1.0,False,,,1.0,False
pncA|p.Asp8Asn,rpsL|p.Lys43Arg,pncA,p.Asp8Asn,rpsL,p.Lys43Arg,pyrazinamide,streptomycin,cross_class,5,26,1,4,25,330,3.3,0.31408148235870736,False,lineage2,100.0,1.0,False
pncA|p.Asp8Asn,rpoB|p.Val170Phe,pncA,p.Asp8Asn,rpoB,p.Val170Phe,pyrazinamide,rifampicin;rifapentine,cross_class,5,2,0,5,2,353,0.0,1.0,True,,,1.0,False
pncA|p.Asp8Asn,rpoB|p.Ser450Leu,pncA,p.Asp8Asn,rpoB,p.Ser450Leu,pyrazinamide,rifampicin;rifapentine,cross_class,5,139,4,1,135,220,6.518518518518518,0.07536624143757728,False,lineage2,100.0,1.0,False
pncA|p.Asp8Asn,rpoB|p.Leu452Pro,pncA,p.Asp8Asn,rpoB,p.Leu452Pro,pyrazinamide,rifampicin;rifapentine,cross_class,5,10,0,5,10,345,0.0,1.0,False,,,1.0,False
pncA|p.Asp8Asn,rpoB|p.Leu430Pro,pncA,p.Asp8Asn,rpoB,p.Leu430Pro,pyrazinamide,rifampicin;rifapentine,cross_class,5,22,0,5,22,333,0.0,1.0,False,,,1.0,False
pncA|p.Asp8Asn,rpoB|p.Ile491Phe,pncA,p.Asp8Asn,rpoB,p.Ile491Phe,pyrazinamide,rifampicin;rifapentine,cross_class,5,1,0,5,1,354,0.0,1.0,True,,,1.0,False
pncA|p.Asp8Asn,rpoB|p.His445Tyr,pncA,p.Asp8Asn,rpoB,p.His445Tyr,pyrazinamide,rifampicin;rifapentine,cross_class,5,5,0,5,5,350,0.0,1.0,False,,,1.0,False
pncA|p.Asp8Asn,rpoB|p.His445Leu,pncA,p.Asp8Asn,rpoB,p.His445Leu,pyrazinamide,rifampicin;rifapentine,cross_class,5,1,0,5,1,354,0.0,1.0,True,,,1.0,False
pncA|p.Asp8Asn,rpoB|p.His445Asp,pncA,p.Asp8Asn,rpoB,p.His445Asp,pyrazinamide,rifampicin;rifapentine,cross_class,5,11,0,5,11,344,0.0,1.0,False,,,1.0,False
pncA|p.Asp8Asn,rpoB|p.His445Asn,pncA,p.Asp8Asn,rpoB,p.His445Asn,pyrazinamide,rifampicin;rifapentine,cross_class,5,6,0,5,6,349,0.0,1.0,False,,,1.0,False
pncA|p.Asp8Asn,rpoB|p.Gln432Lys,pncA,p.Asp8Asn,rpoB,p.Gln432Lys,pyrazinamide,rifampicin;rifapentine,cross_class,5,1,0,5,1,354,0.0,1.0,True,,,1.0,False
pncA|p.Asp8Asn,rpoB|p.Asp435Val,pncA,p.Asp8Asn,rpoB,p.Asp435Val,pyrazinamide,rifampicin;rifapentine,cross_class,5,73,0,5,73,282,0.0,0.5876122041951682,False,,,1.0,False
pncA|p.Cys14Arg,rpoB|p.Asn437Ser,pncA,p.Cys14Arg,rpoB,p.Asn437Ser,pyrazinamide,rifampicin;rifapentine,cross_class,87,2,0,87,2,271,0.0,1.0,True,,,1.0,False
pncA|p.Cys14Arg,rpoB|p.Ala451Val,pncA,p.Cys14Arg,rpoB,p.Ala451Val,pyrazinamide,rifampicin;rifapentine,cross_class,87,3,0,87,3,270,0.0,1.0,True,,,1.0,False
pncA|p.Cys14Arg,rpoB|c.1296_1304delATTCATGGA,pncA,p.Cys14Arg,rpoB,c.1296_1304delATTCATGGA,pyrazinamide,rifampicin;rifapentine,cross_class,87,2,0,87,2,271,0.0,1.0,True,,,1.0,False
pncA|p.Cys14Arg,rpoB|c.1294_1299delCAATTC,pncA,p.Cys14Arg,rpoB,c.1294_1299delCAATTC,pyrazinamide,rifampicin;rifapentine,cross_class,87,1,0,87,1,272,0.0,1.0,True,,,1.0,False
pncA|p.Cys14Arg,rplC|p.Cys154Arg,pncA,p.Cys14Arg,rplC,p.Cys154Arg,pyrazinamide,linezolid,cross_class,87,4,0,87,4,269,0.0,0.576033156450517,True,,,1.0,False
pncA|p.Cys14Arg,pncA|p.Val180Phe,pncA,p.Cys14Arg,pncA,p.Val180Phe,pyrazinamide,pyrazinamide,within_class,87,1,0,87,1,272,0.0,1.0,True,,,1.0,False
pncA|p.Cys14Arg,pncA|p.Val139Gly,pncA,p.Cys14Arg,pncA,p.Val139Gly,pyrazinamide,pyrazinamide,within_class,87,1,0,87,1,272,0.0,1.0,True,,,1.0,False
pncA|p.Cys14Arg,pncA|p.Thr47Ala,pncA,p.Cys14Arg,pncA,p.Thr47Ala,pyrazinamide,pyrazinamide,within_class,87,1,0,87,1,272,0.0,1.0,True,,,1.0,False
pncA|p.Cys14Arg,pncA|p.Ser104Arg,pncA,p.Cys14Arg,pncA,p.Ser104Arg,pyrazinamide,pyrazinamide,within_class,87,7,0,87,7,266,0.0,0.20277770370126977,False,,,1.0,False
pncA|p.Cys14Arg,pncA|p.Ile31Ser,pncA,p.Cys14Arg,pncA,p.Ile31Ser,pyrazinamide,pyrazinamide,within_class,87,1,0,87,1,272,0.0,1.0,True,,,1.0,False
pncA|p.Cys14Arg,pncA|p.Gln141Pro,pncA,p.Cys14Arg,pncA,p.Gln141Pro,pyrazinamide,pyrazinamide,within_class,87,1,0,87,1,272,0.0,1.0,True,,,1.0,False
pncA|p.Asp8Asn,tlyA|c.585_588delTGGG,pncA,p.Asp8Asn,tlyA,c.585_588delTGGG,pyrazinamide,capreomycin,cross_class,5,30,0,5,30,325,0.0,1.0,False,,,1.0,False
pncA|p.Asp8Asn,tlyA|c.388dupG,pncA,p.Asp8Asn,tlyA,c.388dupG,pyrazinamide,capreomycin,cross_class,5,1,0,5,1,354,0.0,1.0,True,,,1.0,False
pncA|p.Asp8Asn,rrs|n.517C>T,pncA,p.Asp8Asn,rrs,n.517C>T,pyrazinamide,streptomycin,cross_class,5,2,0,5,2,353,0.0,1.0,True,,,1.0,False
pncA|p.Asp8Asn,rrs|n.514A>C,pncA,p.Asp8Asn,rrs,n.514A>C,pyrazinamide,streptomycin,cross_class,5,164,2,3,162,193,0.7942386831275721,1.0,False,lineage2,100.0,1.0,False
pncA|p.Asp8Asn,rrs|n.1402C>T,pncA,p.Asp8Asn,rrs,n.1402C>T,pyrazinamide,amikacin;capreomycin;kanamycin,cross_class,5,2,0,5,2,353,0.0,1.0,True,,,1.0,False
pncA|p.Cys14Arg,rpsL|p.Lys88Arg,pncA,p.Cys14Arg,rpsL,p.Lys88Arg,pyrazinamide,streptomycin,cross_class,87,8,0,87,8,265,0.0,0.20684192049980532,False,,,1.0,False
pncA|p.Cys14Arg,rpoB|p.Val170Phe,pncA,p.Cys14Arg,rpoB,p.Val170Phe,pyrazinamide,rifampicin;rifapentine,cross_class,87,2,0,87,2,271,0.0,1.0,True,,,1.0,False
pncA|p.Cys14Arg,rpoB|p.Leu452Pro,pncA,p.Cys14Arg,rpoB,p.Leu452Pro,pyrazinamide,rifampicin;rifapentine,cross_class,87,10,0,87,10,263,0.0,0.12639607911700204,False,,,1.0,False
pncA|p.Cys14Arg,rpoB|p.Ile491Phe,pncA,p.Cys14Arg,rpoB,p.Ile491Phe,pyrazinamide,rifampicin;rifapentine,cross_class,87,1,0,87,1,272,0.0,1.0,True,,,1.0,False
pncA|p.Cys14Arg,rpoB|p.His445Tyr,pncA,p.Cys14Arg,rpoB,p.His445Tyr,pyrazinamide,rifampicin;rifapentine,cross_class,87,5,0,87,5,268,0.0,0.3420177498284005,False,,,1.0,False
pncA|p.Cys14Arg,rpoB|p.His445Leu,pncA,p.Cys14Arg,rpoB,p.His445Leu,pyrazinamide,rifampicin;rifapentine,cross_class,87,1,0,87,1,272,0.0,1.0,True,,,1.0,False
pncA|p.Cys14Arg,rpoB|p.His445Asp,pncA,p.Cys14Arg,rpoB,p.His445Asp,pyrazinamide,rifampicin;rifapentine,cross_class,87,11,0,87,11,262,0.0,0.0725864122645187,False,,,1.0,False
pncA|p.Cys14Arg,rpoB|p.His445Asn,pncA,p.Cys14Arg,rpoB,p.His445Asn,pyrazinamide,rifampicin;rifapentine,cross_class,87,6,0,87,6,267,0.0,0.3424119269459591,False,,,1.0,False
pncA|p.Cys14Arg,rpoB|p.Gln432Lys,pncA,p.Cys14Arg,rpoB,p.Gln432Lys,pyrazinamide,rifampicin;rifapentine,cross_class,87,1,0,87,1,272,0.0,1.0,True,,,1.0,False
pncA|p.Cys14Arg,rpoB|p.Asp435Tyr,pncA,p.Cys14Arg,rpoB,p.Asp435Tyr,pyrazinamide,rifampicin;rifapentine,cross_class,87,9,0,87,9,264,0.0,0.12096082221164137,False,,,1.0,False
pncA|p.Cys14Arg,rpoB|p.Asp435Gly,pncA,p.Cys14Arg,rpoB,p.Asp435Gly,pyrazinamide,rifampicin;rifapentine,cross_class,87,2,0,87,2,271,0.0,1.0,True,,,1.0,False
pncA|p.Cys14Arg,rpoB|p.Asp435Ala,pncA,p.Cys14Arg,rpoB,p.Asp435Ala,pyrazinamide,rifampicin;rifapentine,cross_class,87,1,0,87,1,272,0.0,1.0,True,,,1.0,False
pncA|p.Gln141Pro,rpoB|c.1296_1304delATTCATGGA,pncA,p.Gln141Pro,rpoB,c.1296_1304delATTCATGGA,pyrazinamide,rifampicin;rifapentine,cross_class,1,2,0,1,2,357,0.0,1.0,True,,,1.0,False
pncA|p.Gln141Pro,rpoB|c.1294_1299delCAATTC,pncA,p.Gln141Pro,rpoB,c.1294_1299delCAATTC,pyrazinamide,rifampicin;rifapentine,cross_class,1,1,0,1,1,358,0.0,1.0,True,,,1.0,False
pncA|p.Gln141Pro,rplC|p.Cys154Arg,pncA,p.Gln141Pro,rplC,p.Cys154Arg,pyrazinamide,linezolid,cross_class,1,4,0,1,4,355,0.0,1.0,True,,,1.0,False
pncA|p.Gln141Pro,pncA|p.Val180Phe,pncA,p.Gln141Pro,pncA,p.Val180Phe,pyrazinamide,pyrazinamide,within_class,1,1,0,1,1,358,0.0,1.0,True,,,1.0,False
pncA|p.Gln141Pro,pncA|p.Val139Gly,pncA,p.Gln141Pro,pncA,p.Val139Gly,pyrazinamide,pyrazinamide,within_class,1,1,0,1,1,358,0.0,1.0,True,,,1.0,False
pncA|p.Gln141Pro,pncA|p.Thr47Ala,pncA,p.Gln141Pro,pncA,p.Thr47Ala,pyrazinamide,pyrazinamide,within_class,1,1,0,1,1,358,0.0,1.0,True,,,1.0,False
pncA|p.Gln141Pro,pncA|p.Ser104Arg,pncA,p.Gln141Pro,pncA,p.Ser104Arg,pyrazinamide,pyrazinamide,within_class,1,7,0,1,7,352,0.0,1.0,True,,,1.0,False
pncA|p.Gln141Pro,pncA|p.Ile31Ser,pncA,p.Gln141Pro,pncA,p.Ile31Ser,pyrazinamide,pyrazinamide,within_class,1,1,0,1,1,358,0.0,1.0,True,,,1.0,False
pncA|p.Cys14Arg,tlyA|c.388dupG,pncA,p.Cys14Arg,tlyA,c.388dupG,pyrazinamide,capreomycin,cross_class,87,1,0,87,1,272,0.0,1.0,True,,,1.0,False
pncA|p.Cys14Arg,rrs|n.517C>T,pncA,p.Cys14Arg,rrs,n.517C>T,pyrazinamide,streptomycin,cross_class,87,2,0,87,2,271,0.0,1.0,True,,,1.0,False
pncA|p.Cys14Arg,rrs|n.1402C>T,pncA,p.Cys14Arg,rrs,n.1402C>T,pyrazinamide,amikacin;capreomycin;kanamycin,cross_class,87,2,2,85,0,273,inf,0.057892293407613746,True,lineage2,100.0,1.0,False
pncA|p.Cys14Arg,rrl|n.2814G>T,pncA,p.Cys14Arg,rrl,n.2814G>T,pyrazinamide,linezolid,cross_class,87,2,1,86,1,272,3.1627906976744184,0.42544103992571963,True,lineage2,100.0,1.0,False
pncA|p.Cys14Arg,rrl|n.2270G>T,pncA,p.Cys14Arg,rrl,n.2270G>T,pyrazinamide,linezolid,cross_class,87,2,1,86,1,272,3.1627906976744184,0.42544103992571963,True,lineage2,100.0,1.0,False
pncA|p.Gln141Pro,rpoB|p.Val170Phe,pncA,p.Gln141Pro,rpoB,p.Val170Phe,pyrazinamide,rifampicin;rifapentine,cross_class,1,2,0,1,2,357,0.0,1.0,True,,,1.0,False
pncA|p.Gln141Pro,rpoB|p.Ser450Leu,pncA,p.Gln141Pro,rpoB,p.Ser450Leu,pyrazinamide,rifampicin;rifapentine,cross_class,1,139,0,1,139,220,0.0,1.0,True,,,1.0,False
pncA|p.Gln141Pro,rpoB|p.Leu452Pro,pncA,p.Gln141Pro,rpoB,p.Leu452Pro,pyrazinamide,rifampicin;rifapentine,cross_class,1,10,0,1,10,349,0.0,1.0,True,,,1.0,False
pncA|p.Gln141Pro,rpoB|p.Leu430Pro,pncA,p.Gln141Pro,rpoB,p.Leu430Pro,pyrazinamide,rifampicin;rifapentine,cross_class,1,22,0,1,22,337,0.0,1.0,True,,,1.0,False
pncA|p.Gln141Pro,rpoB|p.Ile491Phe,pncA,p.Gln141Pro,rpoB,p.Ile491Phe,pyrazinamide,rifampicin;rifapentine,cross_class,1,1,0,1,1,358,0.0,1.0,True,,,1.0,False
pncA|p.Gln141Pro,rpoB|p.His445Tyr,pncA,p.Gln141Pro,rpoB,p.His445Tyr,pyrazinamide,rifampicin;rifapentine,cross_class,1,5,0,1,5,354,0.0,1.0,True,,,1.0,False
pncA|p.Gln141Pro,rpoB|p.His445Leu,pncA,p.Gln141Pro,rpoB,p.His445Leu,pyrazinamide,rifampicin;rifapentine,cross_class,1,1,0,1,1,358,0.0,1.0,True,,,1.0,False
pncA|p.Gln141Pro,rpoB|p.His445Asp,pncA,p.Gln141Pro,rpoB,p.His445Asp,pyrazinamide,rifampicin;rifapentine,cross_class,1,11,0,1,11,348,0.0,1.0,True,,,1.0,False
pncA|p.Gln141Pro,rpoB|p.His445Asn,pncA,p.Gln141Pro,rpoB,p.His445Asn,pyrazinamide,rifampicin;rifapentine,cross_class,1,6,0,1,6,353,0.0,1.0,True,,,1.0,False
pncA|p.Gln141Pro,rpoB|p.Gln432Lys,pncA,p.Gln141Pro,rpoB,p.Gln432Lys,pyrazinamide,rifampicin;rifapentine,cross_class,1,1,0,1,1,358,0.0,1.0,True,,,1.0,False
pncA|p.Gln141Pro,rpoB|p.Asp435Val,pncA,p.Gln141Pro,rpoB,p.Asp435Val,pyrazinamide,rifampicin;rifapentine,cross_class,1,73,0,1,73,286,0.0,1.0,True,,,1.0,False
pncA|p.Gln141Pro,rpoB|p.Asp435Tyr,pncA,p.Gln141Pro,rpoB,p.Asp435Tyr,pyrazinamide,rifampicin;rifapentine,cross_class,1,9,0,1,9,350,0.0,1.0,True,,,1.0,False
pncA|p.Gln141Pro,rpoB|p.Asp435Gly,pncA,p.Gln141Pro,rpoB,p.Asp435Gly,pyrazinamide,rifampicin;rifapentine,cross_class,1,2,0,1,2,357,0.0,1.0,True,,,1.0,False
pncA|p.Gln141Pro,rpoB|p.Asp435Ala,pncA,p.Gln141Pro,rpoB,p.Asp435Ala,pyrazinamide,rifampicin;rifapentine,cross_class,1,1,0,1,1,358,0.0,1.0,True,,,1.0,False
pncA|p.Gln141Pro,rpoB|p.Asn437Ser,pncA,p.Gln141Pro,rpoB,p.Asn437Ser,pyrazinamide,rifampicin;rifapentine,cross_class,1,2,0,1,2,357,0.0,1.0,True,,,1.0,False
pncA|p.Gln141Pro,rpoB|p.Ala451Val,pncA,p.Gln141Pro,rpoB,p.Ala451Val,pyrazinamide,rifampicin;rifapentine,cross_class,1,3,0,1,3,356,0.0,1.0,True,,,1.0,False
pncA|p.Ile31Ser,rpoB|c.1294_1299delCAATTC,pncA,p.Ile31Ser,rpoB,c.1294_1299delCAATTC,pyrazinamide,rifampicin;rifapentine,cross_class,1,1,0,1,1,358,0.0,1.0,True,,,1.0,False
pncA|p.Ile31Ser,rplC|p.Cys154Arg,pncA,p.Ile31Ser,rplC,p.Cys154Arg,pyrazinamide,linezolid,cross_class,1,4,0,1,4,355,0.0,1.0,True,,,1.0,False
pncA|p.Ile31Ser,pncA|p.Val180Phe,pncA,p.Ile31Ser,pncA,p.Val180Phe,pyrazinamide,pyrazinamide,within_class,1,1,0,1,1,358,0.0,1.0,True,,,1.0,False
pncA|p.Ile31Ser,pncA|p.Val139Gly,pncA,p.Ile31Ser,pncA,p.Val139Gly,pyrazinamide,pyrazinamide,within_class,1,1,0,1,1,358,0.0,1.0,True,,,1.0,False
pncA|p.Ile31Ser,pncA|p.Thr47Ala,pncA,p.Ile31Ser,pncA,p.Thr47Ala,pyrazinamide,pyrazinamide,within_class,1,1,0,1,1,358,0.0,1.0,True,,,1.0,False
pncA|p.Ile31Ser,pncA|p.Ser104Arg,pncA,p.Ile31Ser,pncA,p.Ser104Arg,pyrazinamide,pyrazinamide,within_class,1,7,0,1,7,352,0.0,1.0,True,,,1.0,False
pncA|p.Gln141Pro,tlyA|c.585_588delTGGG,pncA,p.Gln141Pro,tlyA,c.585_588delTGGG,pyrazinamide,capreomycin,cross_class,1,30,0,1,30,329,0.0,1.0,True,,,1.0,False
pncA|p.Gln141Pro,tlyA|c.388dupG,pncA,p.Gln141Pro,tlyA,c.388dupG,pyrazinamide,capreomycin,cross_class,1,1,0,1,1,358,0.0,1.0,True,,,1.0,False
pncA|p.Gln141Pro,rrs|n.517C>T,pncA,p.Gln141Pro,rrs,n.517C>T,pyrazinamide,streptomycin,cross_class,1,2,0,1,2,357,0.0,1.0,True,,,1.0,False
pncA|p.Gln141Pro,rrs|n.514A>C,pncA,p.Gln141Pro,rrs,n.514A>C,pyrazinamide,streptomycin,cross_class,1,164,0,1,164,195,0.0,1.0,True,,,1.0,False
pncA|p.Gln141Pro,rrs|n.1402C>T,pncA,p.Gln141Pro,rrs,n.1402C>T,pyrazinamide,amikacin;capreomycin;kanamycin,cross_class,1,2,0,1,2,357,0.0,1.0,True,,,1.0,False
pncA|p.Gln141Pro,rrs|n.1401A>G,pncA,p.Gln141Pro,rrs,n.1401A>G,pyrazinamide,amikacin;capreomycin;kanamycin,cross_class,1,85,0,1,85,274,0.0,1.0,True,,,1.0,False
pncA|p.Gln141Pro,rrl|n.2814G>T,pncA,p.Gln141Pro,rrl,n.2814G>T,pyrazinamide,linezolid,cross_class,1,2,0,1,2,357,0.0,1.0,True,,,1.0,False
pncA|p.Gln141Pro,rrl|n.2270G>T,pncA,p.Gln141Pro,rrl,n.2270G>T,pyrazinamide,linezolid,cross_class,1,2,0,1,2,357,0.0,1.0,True,,,1.0,False
pncA|p.Gln141Pro,rpsL|p.Lys88Arg,pncA,p.Gln141Pro,rpsL,p.Lys88Arg,pyrazinamide,streptomycin,cross_class,1,8,0,1,8,351,0.0,1.0,True,,,1.0,False
pncA|p.Gln141Pro,rpsL|p.Lys43Arg,pncA,p.Gln141Pro,rpsL,p.Lys43Arg,pyrazinamide,streptomycin,cross_class,1,26,1,0,25,334,inf,0.07222222222222223,True,lineage2,100.0,1.0,False
pncA|p.Ile31Ser,rpoB|p.Ser450Leu,pncA,p.Ile31Ser,rpoB,p.Ser450Leu,pyrazinamide,rifampicin;rifapentine,cross_class,1,139,1,0,138,221,inf,0.3861111111111111,True,lineage2,100.0,1.0,False
pncA|p.Ile31Ser,rpoB|p.Leu452Pro,pncA,p.Ile31Ser,rpoB,p.Leu452Pro,pyrazinamide,rifampicin;rifapentine,cross_class,1,10,0,1,10,349,0.0,1.0,True,,,1.0,False
pncA|p.Ile31Ser,rpoB|p.Leu430Pro,pncA,p.Ile31Ser,rpoB,p.Leu430Pro,pyrazinamide,rifampicin;rifapentine,cross_class,1,22,0,1,22,337,0.0,1.0,True,,,1.0,False
pncA|p.Ile31Ser,rpoB|p.Ile491Phe,pncA,p.Ile31Ser,rpoB,p.Ile491Phe,pyrazinamide,rifampicin;rifapentine,cross_class,1,1,0,1,1,358,0.0,1.0,True,,,1.0,False
pncA|p.Ile31Ser,rpoB|p.His445Tyr,pncA,p.Ile31Ser,rpoB,p.His445Tyr,pyrazinamide,rifampicin;rifapentine,cross_class,1,5,0,1,5,354,0.0,1.0,True,,,1.0,False
pncA|p.Ile31Ser,rpoB|p.His445Leu,pncA,p.Ile31Ser,rpoB,p.His445Leu,pyrazinamide,rifampicin;rifapentine,cross_class,1,1,0,1,1,358,0.0,1.0,True,,,1.0,False
pncA|p.Ile31Ser,rpoB|p.His445Asp,pncA,p.Ile31Ser,rpoB,p.His445Asp,pyrazinamide,rifampicin;rifapentine,cross_class,1,11,0,1,11,348,0.0,1.0,True,,,1.0,False
pncA|p.Ile31Ser,rpoB|p.His445Asn,pncA,p.Ile31Ser,rpoB,p.His445Asn,pyrazinamide,rifampicin;rifapentine,cross_class,1,6,0,1,6,353,0.0,1.0,True,,,1.0,False
pncA|p.Ile31Ser,rpoB|p.Gln432Lys,pncA,p.Ile31Ser,rpoB,p.Gln432Lys,pyrazinamide,rifampicin;rifapentine,cross_class,1,1,0,1,1,358,0.0,1.0,True,,,1.0,False
pncA|p.Ile31Ser,rpoB|p.Asp435Val,pncA,p.Ile31Ser,rpoB,p.Asp435Val,pyrazinamide,rifampicin;rifapentine,cross_class,1,73,0,1,73,286,0.0,1.0,True,,,1.0,False
pncA|p.Ile31Ser,rpoB|p.Asp435Tyr,pncA,p.Ile31Ser,rpoB,p.Asp435Tyr,pyrazinamide,rifampicin;rifapentine,cross_class,1,9,0,1,9,350,0.0,1.0,True,,,1.0,False
pncA|p.Ile31Ser,rpoB|p.Asp435Gly,pncA,p.Ile31Ser,rpoB,p.Asp435Gly,pyrazinamide,rifampicin;rifapentine,cross_class,1,2,0,1,2,357,0.0,1.0,True,,,1.0,False
pncA|p.Ile31Ser,rpoB|p.Asp435Ala,pncA,p.Ile31Ser,rpoB,p.Asp435Ala,pyrazinamide,rifampicin;rifapentine,cross_class,1,1,0,1,1,358,0.0,1.0,True,,,1.0,False
pncA|p.Ile31Ser,rpoB|p.Asn437Ser,pncA,p.Ile31Ser,rpoB,p.Asn437Ser,pyrazinamide,rifampicin;rifapentine,cross_class,1,2,0,1,2,357,0.0,1.0,True,,,1.0,False
pncA|p.Ile31Ser,rpoB|p.Ala451Val,pncA,p.Ile31Ser,rpoB,p.Ala451Val,pyrazinamide,rifampicin;rifapentine,cross_class,1,3,0,1,3,356,0.0,1.0,True,,,1.0,False
pncA|p.Ile31Ser,rpoB|c.1296_1304delATTCATGGA,pncA,p.Ile31Ser,rpoB,c.1296_1304delATTCATGGA,pyrazinamide,rifampicin;rifapentine,cross_class,1,2,0,1,2,357,0.0,1.0,True,,,1.0,False
pncA|p.Ser104Arg,rpoB|c.1294_1299delCAATTC,pncA,p.Ser104Arg,rpoB,c.1294_1299delCAATTC,pyrazinamide,rifampicin;rifapentine,cross_class,7,1,0,7,1,352,0.0,1.0,True,,,1.0,False
pncA|p.Ser104Arg,rplC|p.Cys154Arg,pncA,p.Ser104Arg,rplC,p.Cys154Arg,pyrazinamide,linezolid,cross_class,7,4,0,7,4,349,0.0,1.0,True,,,1.0,False
pncA|p.Ser104Arg,pncA|p.Val180Phe,pncA,p.Ser104Arg,pncA,p.Val180Phe,pyrazinamide,pyrazinamide,within_class,7,1,0,7,1,352,0.0,1.0,True,,,1.0,False
pncA|p.Ser104Arg,pncA|p.Val139Gly,pncA,p.Ser104Arg,pncA,p.Val139Gly,pyrazinamide,pyrazinamide,within_class,7,1,0,7,1,352,0.0,1.0,True,,,1.0,False
pncA|p.Ser104Arg,pncA|p.Thr47Ala,pncA,p.Ser104Arg,pncA,p.Thr47Ala,pyrazinamide,pyrazinamide,within_class,7,1,0,7,1,352,0.0,1.0,True,,,1.0,False
pncA|p.Ile31Ser,tlyA|c.585_588delTGGG,pncA,p.Ile31Ser,tlyA,c.585_588delTGGG,pyrazinamide,capreomycin,cross_class,1,30,0,1,30,329,0.0,1.0,True,,,1.0,False
pncA|p.Ile31Ser,tlyA|c.388dupG,pncA,p.Ile31Ser,tlyA,c.388dupG,pyrazinamide,capreomycin,cross_class,1,1,0,1,1,358,0.0,1.0,True,,,1.0,False
pncA|p.Ile31Ser,rrs|n.517C>T,pncA,p.Ile31Ser,rrs,n.517C>T,pyrazinamide,streptomycin,cross_class,1,2,0,1,2,357,0.0,1.0,True,,,1.0,False
pncA|p.Ile31Ser,rrs|n.514A>C,pncA,p.Ile31Ser,rrs,n.514A>C,pyrazinamide,streptomycin,cross_class,1,164,1,0,163,196,inf,0.45555555555555555,True,lineage2,100.0,1.0,False
pncA|p.Ile31Ser,rrs|n.1402C>T,pncA,p.Ile31Ser,rrs,n.1402C>T,pyrazinamide,amikacin;capreomycin;kanamycin,cross_class,1,2,0,1,2,357,0.0,1.0,True,,,1.0,False
pncA|p.Ile31Ser,rrs|n.1401A>G,pncA,p.Ile31Ser,rrs,n.1401A>G,pyrazinamide,amikacin;capreomycin;kanamycin,cross_class,1,85,0,1,85,274,0.0,1.0,True,,,1.0,False
pncA|p.Ile31Ser,rrl|n.2814G>T,pncA,p.Ile31Ser,rrl,n.2814G>T,pyrazinamide,linezolid,cross_class,1,2,0,1,2,357,0.0,1.0,True,,,1.0,False
pncA|p.Ile31Ser,rrl|n.2270G>T,pncA,p.Ile31Ser,rrl,n.2270G>T,pyrazinamide,linezolid,cross_class,1,2,0,1,2,357,0.0,1.0,True,,,1.0,False
pncA|p.Ile31Ser,rpsL|p.Lys88Arg,pncA,p.Ile31Ser,rpsL,p.Lys88Arg,pyrazinamide,streptomycin,cross_class,1,8,0,1,8,351,0.0,1.0,True,,,1.0,False
pncA|p.Ile31Ser,rpsL|p.Lys43Arg,pncA,p.Ile31Ser,rpsL,p.Lys43Arg,pyrazinamide,streptomycin,cross_class,1,26,0,1,26,333,0.0,1.0,True,,,1.0,False
pncA|p.Ile31Ser,rpoB|p.Val170Phe,pncA,p.Ile31Ser,rpoB,p.Val170Phe,pyrazinamide,rifampicin;rifapentine,cross_class,1,2,0,1,2,357,0.0,1.0,True,,,1.0,False
pncA|p.Ser104Arg,rpoB|p.Leu452Pro,pncA,p.Ser104Arg,rpoB,p.Leu452Pro,pyrazinamide,rifampicin;rifapentine,cross_class,7,10,0,7,10,343,0.0,1.0,False,,,1.0,False
pncA|p.Ser104Arg,rpoB|p.Leu430Pro,pncA,p.Ser104Arg,rpoB,p.Leu430Pro,pyrazinamide,rifampicin;rifapentine,cross_class,7,22,0,7,22,331,0.0,1.0,False,,,1.0,False
pncA|p.Ser104Arg,rpoB|p.His445Tyr,pncA,p.Ser104Arg,rpoB,p.His445Tyr,pyrazinamide,rifampicin;rifapentine,cross_class,7,5,0,7,5,348,0.0,1.0,False,,,1.0,False
pncA|p.Ser104Arg,rpoB|p.His445Leu,pncA,p.Ser104Arg,rpoB,p.His445Leu,pyrazinamide,rifampicin;rifapentine,cross_class,7,1,0,7,1,352,0.0,1.0,True,,,1.0,False
pncA|p.Ser104Arg,rpoB|p.His445Asp,pncA,p.Ser104Arg,rpoB,p.His445Asp,pyrazinamide,rifampicin;rifapentine,cross_class,7,11,0,7,11,342,0.0,1.0,False,,,1.0,False
pncA|p.Ser104Arg,rpoB|p.His445Asn,pncA,p.Ser104Arg,rpoB,p.His445Asn,pyrazinamide,rifampicin;rifapentine,cross_class,7,6,0,7,6,347,0.0,1.0,False,,,1.0,False
pncA|p.Ser104Arg,rpoB|p.Gln432Lys,pncA,p.Ser104Arg,rpoB,p.Gln432Lys,pyrazinamide,rifampicin;rifapentine,cross_class,7,1,0,7,1,352,0.0,1.0,True,,,1.0,False
pncA|p.Ser104Arg,rpoB|p.Asp435Val,pncA,p.Ser104Arg,rpoB,p.Asp435Val,pyrazinamide,rifampicin;rifapentine,cross_class,7,73,0,7,73,280,0.0,0.3525324559597246,False,,,1.0,False
pncA|p.Ser104Arg,rpoB|p.Asp435Tyr,pncA,p.Ser104Arg,rpoB,p.Asp435Tyr,pyrazinamide,rifampicin;rifapentine,cross_class,7,9,0,7,9,344,0.0,1.0,False,,,1.0,False
pncA|p.Ser104Arg,rpoB|p.Asp435Ala,pncA,p.Ser104Arg,rpoB,p.Asp435Ala,pyrazinamide,rifampicin;rifapentine,cross_class,7,1,0,7,1,352,0.0,1.0,True,,,1.0,False
pncA|p.Ser104Arg,rpoB|p.Asn437Ser,pncA,p.Ser104Arg,rpoB,p.Asn437Ser,pyrazinamide,rifampicin;rifapentine,cross_class,7,2,0,7,2,351,0.0,1.0,True,,,1.0,False
pncA|p.Ser104Arg,rpoB|p.Ala451Val,pncA,p.Ser104Arg,rpoB,p.Ala451Val,pyrazinamide,rifampicin;rifapentine,cross_class,7,3,0,7,3,350,0.0,1.0,True,,,1.0,False
pncA|p.Ser104Arg,rpoB|c.1296_1304delATTCATGGA,pncA,p.Ser104Arg,rpoB,c.1296_1304delATTCATGGA,pyrazinamide,rifampicin;rifapentine,cross_class,7,2,0,7,2,351,0.0,1.0,True,,,1.0,False
pncA|p.Thr47Ala,rpoB|c.1296_1304delATTCATGGA,pncA,p.Thr47Ala,rpoB,c.1296_1304delATTCATGGA,pyrazinamide,rifampicin;rifapentine,cross_class,1,2,0,1,2,357,0.0,1.0,True,,,1.0,False
pncA|p.Thr47Ala,rpoB|c.1294_1299delCAATTC,pncA,p.Thr47Ala,rpoB,c.1294_1299delCAATTC,pyrazinamide,rifampicin;rifapentine,cross_class,1,1,0,1,1,358,0.0,1.0,True,,,1.0,False
pncA|p.Thr47Ala,rplC|p.Cys154Arg,pncA,p.Thr47Ala,rplC,p.Cys154Arg,pyrazinamide,linezolid,cross_class,1,4,0,1,4,355,0.0,1.0,True,,,1.0,False
pncA|p.Thr47Ala,pncA|p.Val180Phe,pncA,p.Thr47Ala,pncA,p.Val180Phe,pyrazinamide,pyrazinamide,within_class,1,1,0,1,1,358,0.0,1.0,True,,,1.0,False
pncA|p.Thr47Ala,pncA|p.Val139Gly,pncA,p.Thr47Ala,pncA,p.Val139Gly,pyrazinamide,pyrazinamide,within_class,1,1,0,1,1,358,0.0,1.0,True,,,1.0,False
pncA|p.Ser104Arg,tlyA|c.585_588delTGGG,pncA,p.Ser104Arg,tlyA,c.585_588delTGGG,pyrazinamide,capreomycin,cross_class,7,30,0,7,30,323,0.0,1.0,False,,,1.0,False
pncA|p.Ser104Arg,rrs|n.517C>T,pncA,p.Ser104Arg,rrs,n.517C>T,pyrazinamide,streptomycin,cross_class,7,2,0,7,2,351,0.0,1.0,True,,,1.0,False
pncA|p.Ser104Arg,rrs|n.1402C>T,pncA,p.Ser104Arg,rrs,n.1402C>T,pyrazinamide,amikacin;capreomycin;kanamycin,cross_class,7,2,0,7,2,351,0.0,1.0,True,,,1.0,False
pncA|p.Ser104Arg,rrs|n.1401A>G,pncA,p.Ser104Arg,rrs,n.1401A>G,pyrazinamide,amikacin;capreomycin;kanamycin,cross_class,7,85,0,7,85,268,0.0,0.2056562704054333,False,,,1.0,False
pncA|p.Ser104Arg,rrl|n.2814G>T,pncA,p.Ser104Arg,rrl,n.2814G>T,pyrazinamide,linezolid,cross_class,7,2,0,7,2,351,0.0,1.0,True,,,1.0,False
pncA|p.Ser104Arg,rrl|n.2270G>T,pncA,p.Ser104Arg,rrl,n.2270G>T,pyrazinamide,linezolid,cross_class,7,2,0,7,2,351,0.0,1.0,True,,,1.0,False
pncA|p.Ser104Arg,rpsL|p.Lys88Arg,pncA,p.Ser104Arg,rpsL,p.Lys88Arg,pyrazinamide,streptomycin,cross_class,7,8,0,7,8,345,0.0,1.0,False,,,1.0,False
pncA|p.Ser104Arg,rpoB|p.Val170Phe,pncA,p.Ser104Arg,rpoB,p.Val170Phe,pyrazinamide,rifampicin;rifapentine,cross_class,7,2,0,7,2,351,0.0,1.0,True,,,1.0,False
pncA|p.Thr47Ala,rpoB|p.Val170Phe,pncA,p.Thr47Ala,rpoB,p.Val170Phe,pyrazinamide,rifampicin;rifapentine,cross_class,1,2,0,1,2,357,0.0,1.0,True,,,1.0,False
pncA|p.Thr47Ala,rpoB|p.Ser450Leu,pncA,p.Thr47Ala,rpoB,p.Ser450Leu,pyrazinamide,rifampicin;rifapentine,cross_class,1,139,0,1,139,220,0.0,1.0,True,,,1.0,False
pncA|p.Thr47Ala,rpoB|p.Leu452Pro,pncA,p.Thr47Ala,rpoB,p.Leu452Pro,pyrazinamide,rifampicin;rifapentine,cross_class,1,10,0,1,10,349,0.0,1.0,True,,,1.0,False
pncA|p.Thr47Ala,rpoB|p.Leu430Pro,pncA,p.Thr47Ala,rpoB,p.Leu430Pro,pyrazinamide,rifampicin;rifapentine,cross_class,1,22,0,1,22,337,0.0,1.0,True,,,1.0,False
pncA|p.Thr47Ala,rpoB|p.Ile491Phe,pncA,p.Thr47Ala,rpoB,p.Ile491Phe,pyrazinamide,rifampicin;rifapentine,cross_class,1,1,0,1,1,358,0.0,1.0,True,,,1.0,False
pncA|p.Thr47Ala,rpoB|p.His445Tyr,pncA,p.Thr47Ala,rpoB,p.His445Tyr,pyrazinamide,rifampicin;rifapentine,cross_class,1,5,0,1,5,354,0.0,1.0,True,,,1.0,False
pncA|p.Thr47Ala,rpoB|p.His445Leu,pncA,p.Thr47Ala,rpoB,p.His445Leu,pyrazinamide,rifampicin;rifapentine,cross_class,1,1,0,1,1,358,0.0,1.0,True,,,1.0,False
pncA|p.Thr47Ala,rpoB|p.His445Asp,pncA,p.Thr47Ala,rpoB,p.His445Asp,pyrazinamide,rifampicin;rifapentine,cross_class,1,11,0,1,11,348,0.0,1.0,True,,,1.0,False
pncA|p.Thr47Ala,rpoB|p.His445Asn,pncA,p.Thr47Ala,rpoB,p.His445Asn,pyrazinamide,rifampicin;rifapentine,cross_class,1,6,0,1,6,353,0.0,1.0,True,,,1.0,False
pncA|p.Thr47Ala,rpoB|p.Gln432Lys,pncA,p.Thr47Ala,rpoB,p.Gln432Lys,pyrazinamide,rifampicin;rifapentine,cross_class,1,1,0,1,1,358,0.0,1.0,True,,,1.0,False
pncA|p.Thr47Ala,rpoB|p.Asp435Val,pncA,p.Thr47Ala,rpoB,p.Asp435Val,pyrazinamide,rifampicin;rifapentine,cross_class,1,73,0,1,73,286,0.0,1.0,True,,,1.0,False
pncA|p.Thr47Ala,rpoB|p.Asp435Gly,pncA,p.Thr47Ala,rpoB,p.Asp435Gly,pyrazinamide,rifampicin;rifapentine,cross_class,1,2,0,1,2,357,0.0,1.0,True,,,1.0,False
pncA|p.Thr47Ala,rpoB|p.Asp435Ala,pncA,p.Thr47Ala,rpoB,p.Asp435Ala,pyrazinamide,rifampicin;rifapentine,cross_class,1,1,0,1,1,358,0.0,1.0,True,,,1.0,False
pncA|p.Thr47Ala,rpoB|p.Asn437Ser,pncA,p.Thr47Ala,rpoB,p.Asn437Ser,pyrazinamide,rifampicin;rifapentine,cross_class,1,2,0,1,2,357,0.0,1.0,True,,,1.0,False
atpE|p.Glu61Asp,pncA|c.459_466delCAGGGTGC,atpE,p.Glu61Asp,pncA,c.459_466delCAGGGTGC,bedaquiline,pyrazinamide,cross_class,1,1,0,1,1,358,0.0,1.0,True,,,1.0,False
atpE|p.Glu61Asp,pncA|c.393dupC,atpE,p.Glu61Asp,pncA,c.393dupC,bedaquiline,pyrazinamide,cross_class,1,1,0,1,1,358,0.0,1.0,True,,,1.0,False
atpE|p.Glu61Asp,pncA|c.169delC,atpE,p.Glu61Asp,pncA,c.169delC,bedaquiline,pyrazinamide,cross_class,1,1,0,1,1,358,0.0,1.0,True,,,1.0,False
atpE|p.Glu61Asp,mmpR5|p.Val1?,atpE,p.Glu61Asp,mmpR5,p.Val1?,bedaquiline,bedaquiline;clofazimine,within_class,1,1,0,1,1,358,0.0,1.0,True,,,1.0,False
atpE|p.Glu61Asp,mmpR5|p.Tyr145*,atpE,p.Glu61Asp,mmpR5,p.Tyr145*,bedaquiline,bedaquiline;clofazimine,within_class,1,2,0,1,2,357,0.0,1.0,True,,,1.0,False
atpE|p.Glu61Asp,mmpR5|p.Ile67Ser,atpE,p.Glu61Asp,mmpR5,p.Ile67Ser,bedaquiline,bedaquiline;clofazimine,within_class,1,2,0,1,2,357,0.0,1.0,True,,,1.0,False
atpE|p.Glu61Asp,mmpR5|p.Gly121Arg,atpE,p.Glu61Asp,mmpR5,p.Gly121Arg,bedaquiline,bedaquiline;clofazimine,within_class,1,1,0,1,1,358,0.0,1.0,True,,,1.0,False
atpE|p.Glu61Asp,mmpR5|p.Gln76*,atpE,p.Glu61Asp,mmpR5,p.Gln76*,bedaquiline,bedaquiline;clofazimine,within_class,1,2,0,1,2,357,0.0,1.0,True,,,1.0,False
atpE|p.Glu61Asp,mmpR5|p.Asn70Asp,atpE,p.Glu61Asp,mmpR5,p.Asn70Asp,bedaquiline,bedaquiline;clofazimine,within_class,1,1,0,1,1,358,0.0,1.0,True,,,1.0,False
atpE|p.Glu61Asp,mmpR5|p.Arg156*,atpE,p.Glu61Asp,mmpR5,p.Arg156*,bedaquiline,bedaquiline;clofazimine,within_class,1,1,0,1,1,358,0.0,1.0,True,,,1.0,False
atpE|p.Glu61Asp,mmpR5|p.Arg134*,atpE,p.Glu61Asp,mmpR5,p.Arg134*,bedaquiline,bedaquiline;clofazimine,within_class,1,1,0,1,1,358,0.0,1.0,True,,,1.0,False
atpE|p.Glu61Asp,mmpR5|c.466dupC,atpE,p.Glu61Asp,mmpR5,c.466dupC,bedaquiline,bedaquiline;clofazimine,within_class,1,1,0,1,1,358,0.0,1.0,True,,,1.0,False
atpE|p.Glu61Asp,mmpR5|c.441_442delGA,atpE,p.Glu61Asp,mmpR5,c.441_442delGA,bedaquiline,bedaquiline;clofazimine,within_class,1,2,0,1,2,357,0.0,1.0,True,,,1.0,False
atpE|p.Glu61Asp,mmpR5|c.430dupG,atpE,p.Glu61Asp,mmpR5,c.430dupG,bedaquiline,bedaquiline;clofazimine,within_class,1,1,0,1,1,358,0.0,1.0,True,,,1.0,False
atpE|p.Glu61Asp,mmpR5|c.424dupC,atpE,p.Glu61Asp,mmpR5,c.424dupC,bedaquiline,bedaquiline;clofazimine,within_class,1,14,0,1,14,345,0.0,1.0,True,,,1.0,False
atpE|p.Glu61Asp,mmpR5|c.386delC,atpE,p.Glu61Asp,mmpR5,c.386delC,bedaquiline,bedaquiline;clofazimine,within_class,1,1,0,1,1,358,0.0,1.0,True,,,1.0,False
pncA|p.Val139Gly,rpoB|p.Asn437Ser,pncA,p.Val139Gly,rpoB,p.Asn437Ser,pyrazinamide,rifampicin;rifapentine,cross_class,1,2,0,1,2,357,0.0,1.0,True,,,1.0,False
pncA|p.Val139Gly,rpoB|p.Ala451Val,pncA,p.Val139Gly,rpoB,p.Ala451Val,pyrazinamide,rifampicin;rifapentine,cross_class,1,3,0,1,3,356,0.0,1.0,True,,,1.0,False
pncA|p.Val139Gly,rpoB|c.1296_1304delATTCATGGA,pncA,p.Val139Gly,rpoB,c.1296_1304delATTCATGGA,pyrazinamide,rifampicin;rifapentine,cross_class,1,2,0,1,2,357,0.0,1.0,True,,,1.0,False
pncA|p.Val139Gly,rpoB|c.1294_1299delCAATTC,pncA,p.Val139Gly,rpoB,c.1294_1299delCAATTC,pyrazinamide,rifampicin;rifapentine,cross_class,1,1,0,1,1,358,0.0,1.0,True,,,1.0,False
pncA|p.Val139Gly,rplC|p.Cys154Arg,pncA,p.Val139Gly,rplC,p.Cys154Arg,pyrazinamide,linezolid,cross_class,1,4,0,1,4,355,0.0,1.0,True,,,1.0,False
pncA|p.Val139Gly,pncA|p.Val180Phe,pncA,p.Val139Gly,pncA,p.Val180Phe,pyrazinamide,pyrazinamide,within_class,1,1,0,1,1,358,0.0,1.0,True,,,1.0,False
pncA|p.Thr47Ala,tlyA|c.585_588delTGGG,pncA,p.Thr47Ala,tlyA,c.585_588delTGGG,pyrazinamide,capreomycin,cross_class,1,30,0,1,30,329,0.0,1.0,True,,,1.0,False
pncA|p.Thr47Ala,tlyA|c.388dupG,pncA,p.Thr47Ala,tlyA,c.388dupG,pyrazinamide,capreomycin,cross_class,1,1,0,1,1,358,0.0,1.0,True,,,1.0,False
pncA|p.Thr47Ala,rrs|n.517C>T,pncA,p.Thr47Ala,rrs,n.517C>T,pyrazinamide,streptomycin,cross_class,1,2,0,1,2,357,0.0,1.0,True,,,1.0,False
pncA|p.Thr47Ala,rrs|n.514A>C,pncA,p.Thr47Ala,rrs,n.514A>C,pyrazinamide,streptomycin,cross_class,1,164,0,1,164,195,0.0,1.0,True,,,1.0,False
pncA|p.Thr47Ala,rrs|n.1402C>T,pncA,p.Thr47Ala,rrs,n.1402C>T,pyrazinamide,amikacin;capreomycin;kanamycin,cross_class,1,2,0,1,2,357,0.0,1.0,True,,,1.0,False
pncA|p.Thr47Ala,rrs|n.1401A>G,pncA,p.Thr47Ala,rrs,n.1401A>G,pyrazinamide,amikacin;capreomycin;kanamycin,cross_class,1,85,0,1,85,274,0.0,1.0,True,,,1.0,False
pncA|p.Thr47Ala,rrl|n.2814G>T,pncA,p.Thr47Ala,rrl,n.2814G>T,pyrazinamide,linezolid,cross_class,1,2,0,1,2,357,0.0,1.0,True,,,1.0,False
pncA|p.Thr47Ala,rrl|n.2270G>T,pncA,p.Thr47Ala,rrl,n.2270G>T,pyrazinamide,linezolid,cross_class,1,2,0,1,2,357,0.0,1.0,True,,,1.0,False
pncA|p.Thr47Ala,rpsL|p.Lys43Arg,pncA,p.Thr47Ala,rpsL,p.Lys43Arg,pyrazinamide,streptomycin,cross_class,1,26,0,1,26,333,0.0,1.0,True,,,1.0,False
pncA|p.Val139Gly,rpsL|p.Lys43Arg,pncA,p.Val139Gly,rpsL,p.Lys43Arg,pyrazinamide,streptomycin,cross_class,1,26,0,1,26,333,0.0,1.0,True,,,1.0,False
pncA|p.Val139Gly,rpoB|p.Val170Phe,pncA,p.Val139Gly,rpoB,p.Val170Phe,pyrazinamide,rifampicin;rifapentine,cross_class,1,2,0,1,2,357,0.0,1.0,True,,,1.0,False
pncA|p.Val139Gly,rpoB|p.Ser450Leu,pncA,p.Val139Gly,rpoB,p.Ser450Leu,pyrazinamide,rifampicin;rifapentine,cross_class,1,139,1,0,138,221,inf,0.3861111111111111,True,lineage2,100.0,1.0,False
pncA|p.Val139Gly,rpoB|p.Leu452Pro,pncA,p.Val139Gly,rpoB,p.Leu452Pro,pyrazinamide,rifampicin;rifapentine,cross_class,1,10,0,1,10,349,0.0,1.0,True,,,1.0,False
pncA|p.Val139Gly,rpoB|p.Leu430Pro,pncA,p.Val139Gly,rpoB,p.Leu430Pro,pyrazinamide,rifampicin;rifapentine,cross_class,1,22,0,1,22,337,0.0,1.0,True,,,1.0,False
pncA|p.Val139Gly,rpoB|p.Ile491Phe,pncA,p.Val139Gly,rpoB,p.Ile491Phe,pyrazinamide,rifampicin;rifapentine,cross_class,1,1,0,1,1,358,0.0,1.0,True,,,1.0,False
pncA|p.Val139Gly,rpoB|p.His445Tyr,pncA,p.Val139Gly,rpoB,p.His445Tyr,pyrazinamide,rifampicin;rifapentine,cross_class,1,5,0,1,5,354,0.0,1.0,True,,,1.0,False
pncA|p.Val139Gly,rpoB|p.His445Leu,pncA,p.Val139Gly,rpoB,p.His445Leu,pyrazinamide,rifampicin;rifapentine,cross_class,1,1,0,1,1,358,0.0,1.0,True,,,1.0,False
pncA|p.Val139Gly,rpoB|p.His445Asp,pncA,p.Val139Gly,rpoB,p.His445Asp,pyrazinamide,rifampicin;rifapentine,cross_class,1,11,0,1,11,348,0.0,1.0,True,,,1.0,False
pncA|p.Val139Gly,rpoB|p.His445Asn,pncA,p.Val139Gly,rpoB,p.His445Asn,pyrazinamide,rifampicin;rifapentine,cross_class,1,6,0,1,6,353,0.0,1.0,True,,,1.0,False
pncA|p.Val139Gly,rpoB|p.Gln432Lys,pncA,p.Val139Gly,rpoB,p.Gln432Lys,pyrazinamide,rifampicin;rifapentine,cross_class,1,1,0,1,1,358,0.0,1.0,True,,,1.0,False
pncA|p.Val139Gly,rpoB|p.Asp435Val,pncA,p.Val139Gly,rpoB,p.Asp435Val,pyrazinamide,rifampicin;rifapentine,cross_class,1,73,0,1,73,286,0.0,1.0,True,,,1.0,False
pncA|p.Val139Gly,rpoB|p.Asp435Tyr,pncA,p.Val139Gly,rpoB,p.Asp435Tyr,pyrazinamide,rifampicin;rifapentine,cross_class,1,9,0,1,9,350,0.0,1.0,True,,,1.0,False
pncA|p.Val139Gly,rpoB|p.Asp435Gly,pncA,p.Val139Gly,rpoB,p.Asp435Gly,pyrazinamide,rifampicin;rifapentine,cross_class,1,2,0,1,2,357,0.0,1.0,True,,,1.0,False
pncA|p.Val139Gly,rpoB|p.Asp435Ala,pncA,p.Val139Gly,rpoB,p.Asp435Ala,pyrazinamide,rifampicin;rifapentine,cross_class,1,1,0,1,1,358,0.0,1.0,True,,,1.0,False
pncA|p.Val180Phe,rpoB|p.Asp435Tyr,pncA,p.Val180Phe,rpoB,p.Asp435Tyr,pyrazinamide,rifampicin;rifapentine,cross_class,1,9,0,1,9,350,0.0,1.0,True,,,1.0,False
pncA|p.Val180Phe,rpoB|p.Asp435Gly,pncA,p.Val180Phe,rpoB,p.Asp435Gly,pyrazinamide,rifampicin;rifapentine,cross_class,1,2,0,1,2,357,0.0,1.0,True,,,1.0,False
pncA|p.Val180Phe,rpoB|p.Asp435Ala,pncA,p.Val180Phe,rpoB,p.Asp435Ala,pyrazinamide,rifampicin;rifapentine,cross_class,1,1,0,1,1,358,0.0,1.0,True,,,1.0,False
pncA|p.Val180Phe,rpoB|p.Asn437Ser,pncA,p.Val180Phe,rpoB,p.Asn437Ser,pyrazinamide,rifampicin;rifapentine,cross_class,1,2,0,1,2,357,0.0,1.0,True,,,1.0,False
pncA|p.Val180Phe,rpoB|p.Ala451Val,pncA,p.Val180Phe,rpoB,p.Ala451Val,pyrazinamide,rifampicin;rifapentine,cross_class,1,3,0,1,3,356,0.0,1.0,True,,,1.0,False
pncA|p.Val180Phe,rpoB|c.1296_1304delATTCATGGA,pncA,p.Val180Phe,rpoB,c.1296_1304delATTCATGGA,pyrazinamide,rifampicin;rifapentine,cross_class,1,2,0,1,2,357,0.0,1.0,True,,,1.0,False
pncA|p.Val180Phe,rpoB|c.1294_1299delCAATTC,pncA,p.Val180Phe,rpoB,c.1294_1299delCAATTC,pyrazinamide,rifampicin;rifapentine,cross_class,1,1,0,1,1,358,0.0,1.0,True,,,1.0,False
pncA|p.Val180Phe,rplC|p.Cys154Arg,pncA,p.Val180Phe,rplC,p.Cys154Arg,pyrazinamide,linezolid,cross_class,1,4,0,1,4,355,0.0,1.0,True,,,1.0,False
pncA|p.Val139Gly,tlyA|c.585_588delTGGG,pncA,p.Val139Gly,tlyA,c.585_588delTGGG,pyrazinamide,capreomycin,cross_class,1,30,0,1,30,329,0.0,1.0,True,,,1.0,False
pncA|p.Val139Gly,tlyA|c.388dupG,pncA,p.Val139Gly,tlyA,c.388dupG,pyrazinamide,capreomycin,cross_class,1,1,0,1,1,358,0.0,1.0,True,,,1.0,False
pncA|p.Val139Gly,rrs|n.517C>T,pncA,p.Val139Gly,rrs,n.517C>T,pyrazinamide,streptomycin,cross_class,1,2,0,1,2,357,0.0,1.0,True,,,1.0,False
pncA|p.Val139Gly,rrs|n.514A>C,pncA,p.Val139Gly,rrs,n.514A>C,pyrazinamide,streptomycin,cross_class,1,164,0,1,164,195,0.0,1.0,True,,,1.0,False
pncA|p.Val139Gly,rrs|n.1402C>T,pncA,p.Val139Gly,rrs,n.1402C>T,pyrazinamide,amikacin;capreomycin;kanamycin,cross_class,1,2,0,1,2,357,0.0,1.0,True,,,1.0,False
pncA|p.Val139Gly,rrs|n.1401A>G,pncA,p.Val139Gly,rrs,n.1401A>G,pyrazinamide,amikacin;capreomycin;kanamycin,cross_class,1,85,0,1,85,274,0.0,1.0,True,,,1.0,False
pncA|p.Val139Gly,rrl|n.2814G>T,pncA,p.Val139Gly,rrl,n.2814G>T,pyrazinamide,linezolid,cross_class,1,2,0,1,2,357,0.0,1.0,True,,,1.0,False
pncA|p.Val139Gly,rrl|n.2270G>T,pncA,p.Val139Gly,rrl,n.2270G>T,pyrazinamide,linezolid,cross_class,1,2,0,1,2,357,0.0,1.0,True,,,1.0,False
pncA|p.Val180Phe,rrs|n.1401A>G,pncA,p.Val180Phe,rrs,n.1401A>G,pyrazinamide,amikacin;capreomycin;kanamycin,cross_class,1,85,0,1,85,274,0.0,1.0,True,,,1.0,False
pncA|p.Val180Phe,rrl|n.2814G>T,pncA,p.Val180Phe,rrl,n.2814G>T,pyrazinamide,linezolid,cross_class,1,2,0,1,2,357,0.0,1.0,True,,,1.0,False
pncA|p.Val180Phe,rrl|n.2270G>T,pncA,p.Val180Phe,rrl,n.2270G>T,pyrazinamide,linezolid,cross_class,1,2,0,1,2,357,0.0,1.0,True,,,1.0,False
pncA|p.Val180Phe,rpsL|p.Lys88Arg,pncA,p.Val180Phe,rpsL,p.Lys88Arg,pyrazinamide,streptomycin,cross_class,1,8,0,1,8,351,0.0,1.0,True,,,1.0,False
pncA|p.Val180Phe,rpsL|p.Lys43Arg,pncA,p.Val180Phe,rpsL,p.Lys43Arg,pyrazinamide,streptomycin,cross_class,1,26,1,0,25,334,inf,0.07222222222222223,True,lineage2,100.0,1.0,False
pncA|p.Val180Phe,rpoB|p.Val170Phe,pncA,p.Val180Phe,rpoB,p.Val170Phe,pyrazinamide,rifampicin;rifapentine,cross_class,1,2,0,1,2,357,0.0,1.0,True,,,1.0,False
pncA|p.Val180Phe,rpoB|p.Ser450Leu,pncA,p.Val180Phe,rpoB,p.Ser450Leu,pyrazinamide,rifampicin;rifapentine,cross_class,1,139,1,0,138,221,inf,0.3861111111111111,True,lineage2,100.0,1.0,False
pncA|p.Val180Phe,rpoB|p.Leu452Pro,pncA,p.Val180Phe,rpoB,p.Leu452Pro,pyrazinamide,rifampicin;rifapentine,cross_class,1,10,0,1,10,349,0.0,1.0,True,,,1.0,False
pncA|p.Val180Phe,rpoB|p.Leu430Pro,pncA,p.Val180Phe,rpoB,p.Leu430Pro,pyrazinamide,rifampicin;rifapentine,cross_class,1,22,0,1,22,337,0.0,1.0,True,,,1.0,False
pncA|p.Val180Phe,rpoB|p.Ile491Phe,pncA,p.Val180Phe,rpoB,p.Ile491Phe,pyrazinamide,rifampicin;rifapentine,cross_class,1,1,0,1,1,358,0.0,1.0,True,,,1.0,False
pncA|p.Val180Phe,rpoB|p.His445Tyr,pncA,p.Val180Phe,rpoB,p.His445Tyr,pyrazinamide,rifampicin;rifapentine,cross_class,1,5,0,1,5,354,0.0,1.0,True,,,1.0,False
pncA|p.Val180Phe,rpoB|p.His445Leu,pncA,p.Val180Phe,rpoB,p.His445Leu,pyrazinamide,rifampicin;rifapentine,cross_class,1,1,0,1,1,358,0.0,1.0,True,,,1.0,False
pncA|p.Val180Phe,rpoB|p.His445Asp,pncA,p.Val180Phe,rpoB,p.His445Asp,pyrazinamide,rifampicin;rifapentine,cross_class,1,11,0,1,11,348,0.0,1.0,True,,,1.0,False
pncA|p.Val180Phe,rpoB|p.His445Asn,pncA,p.Val180Phe,rpoB,p.His445Asn,pyrazinamide,rifampicin;rifapentine,cross_class,1,6,0,1,6,353,0.0,1.0,True,,,1.0,False
pncA|p.Val180Phe,rpoB|p.Gln432Lys,pncA,p.Val180Phe,rpoB,p.Gln432Lys,pyrazinamide,rifampicin;rifapentine,cross_class,1,1,0,1,1,358,0.0,1.0,True,,,1.0,False
pncA|p.Val180Phe,rpoB|p.Asp435Val,pncA,p.Val180Phe,rpoB,p.Asp435Val,pyrazinamide,rifampicin;rifapentine,cross_class,1,73,0,1,73,286,0.0,1.0,True,,,1.0,False
rplC|p.Cys154Arg,rpoB|p.His445Asp,rplC,p.Cys154Arg,rpoB,p.His445Asp,linezolid,rifampicin;rifapentine,cross_class,4,11,0,4,11,345,0.0,1.0,True,,,1.0,False
rplC|p.Cys154Arg,rpoB|p.His445Asn,rplC,p.Cys154Arg,rpoB,p.His445Asn,linezolid,rifampicin;rifapentine,cross_class,4,6,1,3,5,351,23.4,0.0652842615703632,True,lineage2,100.0,1.0,False
rplC|p.Cys154Arg,rpoB|p.Gln432Lys,rplC,p.Cys154Arg,rpoB,p.Gln432Lys,linezolid,rifampicin;rifapentine,cross_class,4,1,0,4,1,355,0.0,1.0,True,,,1.0,False
rplC|p.Cys154Arg,rpoB|p.Asp435Val,rplC,p.Cys154Arg,rpoB,p.Asp435Val,linezolid,rifampicin;rifapentine,cross_class,4,73,2,2,71,285,4.014084507042254,0.18423121882543347,True,lineage2,100.0,1.0,False
rplC|p.Cys154Arg,rpoB|p.Asp435Tyr,rplC,p.Cys154Arg,rpoB,p.Asp435Tyr,linezolid,rifampicin;rifapentine,cross_class,4,9,1,3,8,348,14.5,0.09670077084536684,True,lineage2,100.0,1.0,False
rplC|p.Cys154Arg,rpoB|p.Asp435Gly,rplC,p.Cys154Arg,rpoB,p.Asp435Gly,linezolid,rifampicin;rifapentine,cross_class,4,2,0,4,2,354,0.0,1.0,True,,,1.0,False
rplC|p.Cys154Arg,rpoB|p.Asp435Ala,rplC,p.Cys154Arg,rpoB,p.Asp435Ala,linezolid,rifampicin;rifapentine,cross_class,4,1,0,4,1,355,0.0,1.0,True,,,1.0,False
rplC|p.Cys154Arg,rpoB|p.Asn437Ser,rplC,p.Cys154Arg,rpoB,p.Asn437Ser,linezolid,rifampicin;rifapentine,cross_class,4,2,0,4,2,354,0.0,1.0,True,,,1.0,False
rplC|p.Cys154Arg,rpoB|p.Ala451Val,rplC,p.Cys154Arg,rpoB,p.Ala451Val,linezolid,rifampicin;rifapentine,cross_class,4,3,0,4,3,353,0.0,1.0,True,,,1.0,False
rplC|p.Cys154Arg,rpoB|c.1296_1304delATTCATGGA,rplC,p.Cys154Arg,rpoB,c.1296_1304delATTCATGGA,linezolid,rifampicin;rifapentine,cross_class,4,2,0,4,2,354,0.0,1.0,True,,,1.0,False
rplC|p.Cys154Arg,rpoB|c.1294_1299delCAATTC,rplC,p.Cys154Arg,rpoB,c.1294_1299delCAATTC,linezolid,rifampicin;rifapentine,cross_class,4,1,0,4,1,355,0.0,1.0,True,,,1.0,False
pncA|p.Val180Phe,tlyA|c.585_588delTGGG,pncA,p.Val180Phe,tlyA,c.585_588delTGGG,pyrazinamide,capreomycin,cross_class,1,30,0,1,30,329,0.0,1.0,True,,,1.0,False
pncA|p.Val180Phe,tlyA|c.388dupG,pncA,p.Val180Phe,tlyA,c.388dupG,pyrazinamide,capreomycin,cross_class,1,1,0,1,1,358,0.0,1.0,True,,,1.0,False
pncA|p.Val180Phe,rrs|n.517C>T,pncA,p.Val180Phe,rrs,n.517C>T,pyrazinamide,streptomycin,cross_class,1,2,0,1,2,357,0.0,1.0,True,,,1.0,False
pncA|p.Val180Phe,rrs|n.514A>C,pncA,p.Val180Phe,rrs,n.514A>C,pyrazinamide,streptomycin,cross_class,1,164,0,1,164,195,0.0,1.0,True,,,1.0,False
pncA|p.Val180Phe,rrs|n.1402C>T,pncA,p.Val180Phe,rrs,n.1402C>T,pyrazinamide,amikacin;capreomycin;kanamycin,cross_class,1,2,0,1,2,357,0.0,1.0,True,,,1.0,False
rplC|p.Cys154Arg,tlyA|c.388dupG,rplC,p.Cys154Arg,tlyA,c.388dupG,linezolid,capreomycin,cross_class,4,1,0,4,1,355,0.0,1.0,True,,,1.0,False
rplC|p.Cys154Arg,rrs|n.517C>T,rplC,p.Cys154Arg,rrs,n.517C>T,linezolid,streptomycin,cross_class,4,2,0,4,2,354,0.0,1.0,True,,,1.0,False
rplC|p.Cys154Arg,rrs|n.514A>C,rplC,p.Cys154Arg,rrs,n.514A>C,linezolid,streptomycin,cross_class,4,164,2,2,162,194,1.1975308641975309,1.0,True,lineage2,100.0,1.0,False
rplC|p.Cys154Arg,rrs|n.1402C>T,rplC,p.Cys154Arg,rrs,n.1402C>T,linezolid,amikacin;capreomycin;kanamycin,cross_class,4,2,0,4,2,354,0.0,1.0,True,,,1.0,False
rplC|p.Cys154Arg,rrl|n.2814G>T,rplC,p.Cys154Arg,rrl,n.2814G>T,linezolid,linezolid,within_class,4,2,0,4,2,354,0.0,1.0,True,,,1.0,False
rplC|p.Cys154Arg,rrl|n.2270G>T,rplC,p.Cys154Arg,rrl,n.2270G>T,linezolid,linezolid,within_class,4,2,0,4,2,354,0.0,1.0,True,,,1.0,False
rplC|p.Cys154Arg,rpsL|p.Lys88Arg,rplC,p.Cys154Arg,rpsL,p.Lys88Arg,linezolid,streptomycin,cross_class,4,8,0,4,8,348,0.0,1.0,True,,,1.0,False
rplC|p.Cys154Arg,rpsL|p.Lys43Arg,rplC,p.Cys154Arg,rpsL,p.Lys43Arg,linezolid,streptomycin,cross_class,4,26,0,4,26,330,0.0,1.0,True,,,1.0,False
rplC|p.Cys154Arg,rpoB|p.Val170Phe,rplC,p.Cys154Arg,rpoB,p.Val170Phe,linezolid,rifampicin;rifapentine,cross_class,4,2,0,4,2,354,0.0,1.0,True,,,1.0,False
rplC|p.Cys154Arg,rpoB|p.Ser450Leu,rplC,p.Cys154Arg,rpoB,p.Ser450Leu,linezolid,rifampicin;rifapentine,cross_class,4,139,0,4,139,217,0.0,0.1621668626679442,True,,,1.0,False
rplC|p.Cys154Arg,rpoB|p.Leu452Pro,rplC,p.Cys154Arg,rpoB,p.Leu452Pro,linezolid,rifampicin;rifapentine,cross_class,4,10,0,4,10,346,0.0,1.0,True,,,1.0,False
rplC|p.Cys154Arg,rpoB|p.Leu430Pro,rplC,p.Cys154Arg,rpoB,p.Leu430Pro,linezolid,rifampicin;rifapentine,cross_class,4,22,0,4,22,334,0.0,1.0,True,,,1.0,False
rplC|p.Cys154Arg,rpoB|p.Ile491Phe,rplC,p.Cys154Arg,rpoB,p.Ile491Phe,linezolid,rifampicin;rifapentine,cross_class,4,1,0,4,1,355,0.0,1.0,True,,,1.0,False
rplC|p.Cys154Arg,rpoB|p.His445Tyr,rplC,p.Cys154Arg,rpoB,p.His445Tyr,linezolid,rifampicin;rifapentine,cross_class,4,5,0,4,5,351,0.0,1.0,True,,,1.0,False
rplC|p.Cys154Arg,rpoB|p.His445Leu,rplC,p.Cys154Arg,rpoB,p.His445Leu,linezolid,rifampicin;rifapentine,cross_class,4,1,0,4,1,355,0.0,1.0,True,,,1.0,False
rpoB|c.1294_1299delCAATTC,rpoB|p.Leu452Pro,rpoB,c.1294_1299delCAATTC,rpoB,p.Leu452Pro,rifampicin;rifapentine,rifampicin;rifapentine,within_class,1,10,0,1,10,349,0.0,1.0,True,,,1.0,False
rpoB|c.1294_1299delCAATTC,rpoB|p.Leu430Pro,rpoB,c.1294_1299delCAATTC,rpoB,p.Leu430Pro,rifampicin;rifapentine,rifampicin;rifapentine,within_class,1,22,0,1,22,337,0.0,1.0,True,,,1.0,False
rpoB|c.1294_1299delCAATTC,rpoB|p.Ile491Phe,rpoB,c.1294_1299delCAATTC,rpoB,p.Ile491Phe,rifampicin;rifapentine,rifampicin;rifapentine,within_class,1,1,0,1,1,358,0.0,1.0,True,,,1.0,False
rpoB|c.1294_1299delCAATTC,rpoB|p.His445Leu,rpoB,c.1294_1299delCAATTC,rpoB,p.His445Leu,rifampicin;rifapentine,rifampicin;rifapentine,within_class,1,1,0,1,1,358,0.0,1.0,True,,,1.0,False
rpoB|c.1294_1299delCAATTC,rpoB|p.His445Asp,rpoB,c.1294_1299delCAATTC,rpoB,p.His445Asp,rifampicin;rifapentine,rifampicin;rifapentine,within_class,1,11,0,1,11,348,0.0,1.0,True,,,1.0,False
rpoB|c.1294_1299delCAATTC,rpoB|p.His445Asn,rpoB,c.1294_1299delCAATTC,rpoB,p.His445Asn,rifampicin;rifapentine,rifampicin;rifapentine,within_class,1,6,0,1,6,353,0.0,1.0,True,,,1.0,False
rpoB|c.1294_1299delCAATTC,rpoB|p.Gln432Lys,rpoB,c.1294_1299delCAATTC,rpoB,p.Gln432Lys,rifampicin;rifapentine,rifampicin;rifapentine,within_class,1,1,0,1,1,358,0.0,1.0,True,,,1.0,False
rpoB|c.1294_1299delCAATTC,rpoB|p.Asp435Val,rpoB,c.1294_1299delCAATTC,rpoB,p.Asp435Val,rifampicin;rifapentine,rifampicin;rifapentine,within_class,1,73,0,1,73,286,0.0,1.0,True,,,1.0,False
rpoB|c.1294_1299delCAATTC,rpoB|p.Asp435Tyr,rpoB,c.1294_1299delCAATTC,rpoB,p.Asp435Tyr,rifampicin;rifapentine,rifampicin;rifapentine,within_class,1,9,0,1,9,350,0.0,1.0,True,,,1.0,False
rpoB|c.1294_1299delCAATTC,rpoB|p.Asp435Gly,rpoB,c.1294_1299delCAATTC,rpoB,p.Asp435Gly,rifampicin;rifapentine,rifampicin;rifapentine,within_class,1,2,0,1,2,357,0.0,1.0,True,,,1.0,False
rpoB|c.1294_1299delCAATTC,rpoB|p.Asp435Ala,rpoB,c.1294_1299delCAATTC,rpoB,p.Asp435Ala,rifampicin;rifapentine,rifampicin;rifapentine,within_class,1,1,0,1,1,358,0.0,1.0,True,,,1.0,False
rpoB|c.1294_1299delCAATTC,rpoB|p.Asn437Ser,rpoB,c.1294_1299delCAATTC,rpoB,p.Asn437Ser,rifampicin;rifapentine,rifampicin;rifapentine,within_class,1,2,0,1,2,357,0.0,1.0,True,,,1.0,False
rpoB|c.1294_1299delCAATTC,rpoB|p.Ala451Val,rpoB,c.1294_1299delCAATTC,rpoB,p.Ala451Val,rifampicin;rifapentine,rifampicin;rifapentine,within_class,1,3,0,1,3,356,0.0,1.0,True,,,1.0,False
rpoB|c.1294_1299delCAATTC,rpoB|c.1296_1304delATTCATGGA,rpoB,c.1294_1299delCAATTC,rpoB,c.1296_1304delATTCATGGA,rifampicin;rifapentine,rifampicin;rifapentine,within_class,1,2,0,1,2,357,0.0,1.0,True,,,1.0,False
rplC|p.Cys154Arg,tlyA|c.585_588delTGGG,rplC,p.Cys154Arg,tlyA,c.585_588delTGGG,linezolid,capreomycin,cross_class,4,30,0,4,30,326,0.0,1.0,True,,,1.0,False
rpoB|c.1296_1304delATTCATGGA,rpoB|p.Asp435Gly,rpoB,c.1296_1304delATTCATGGA,rpoB,p.Asp435Gly,rifampicin;rifapentine,rifampicin;rifapentine,within_class,2,2,0,2,2,356,0.0,1.0,True,,,1.0,False
rpoB|c.1296_1304delATTCATGGA,rpoB|p.Asp435Ala,rpoB,c.1296_1304delATTCATGGA,rpoB,p.Asp435Ala,rifampicin;rifapentine,rifampicin;rifapentine,within_class,2,1,0,2,1,357,0.0,1.0,True,,,1.0,False
rpoB|c.1296_1304delATTCATGGA,rpoB|p.Asn437Ser,rpoB,c.1296_1304delATTCATGGA,rpoB,p.Asn437Ser,rifampicin;rifapentine,rifampicin;rifapentine,within_class,2,2,0,2,2,356,0.0,1.0,True,,,1.0,False
rpoB|c.1296_1304delATTCATGGA,rpoB|p.Ala451Val,rpoB,c.1296_1304delATTCATGGA,rpoB,p.Ala451Val,rifampicin;rifapentine,rifampicin;rifapentine,within_class,2,3,0,2,3,355,0.0,1.0,True,,,1.0,False
rpoB|c.1294_1299delCAATTC,tlyA|c.585_588delTGGG,rpoB,c.1294_1299delCAATTC,tlyA,c.585_588delTGGG,rifampicin;rifapentine,capreomycin,cross_class,1,30,0,1,30,329,0.0,1.0,True,,,1.0,False
rpoB|c.1294_1299delCAATTC,tlyA|c.388dupG,rpoB,c.1294_1299delCAATTC,tlyA,c.388dupG,rifampicin;rifapentine,capreomycin,cross_class,1,1,0,1,1,358,0.0,1.0,True,,,1.0,False
rpoB|c.1294_1299delCAATTC,rrs|n.517C>T,rpoB,c.1294_1299delCAATTC,rrs,n.517C>T,rifampicin;rifapentine,streptomycin,cross_class,1,2,0,1,2,357,0.0,1.0,True,,,1.0,False
rpoB|c.1294_1299delCAATTC,rrs|n.514A>C,rpoB,c.1294_1299delCAATTC,rrs,n.514A>C,rifampicin;rifapentine,streptomycin,cross_class,1,164,0,1,164,195,0.0,1.0,True,,,1.0,False
rpoB|c.1294_1299delCAATTC,rrs|n.1402C>T,rpoB,c.1294_1299delCAATTC,rrs,n.1402C>T,rifampicin;rifapentine,amikacin;capreomycin;kanamycin,cross_class,1,2,0,1,2,357,0.0,1.0,True,,,1.0,False
rpoB|c.1294_1299delCAATTC,rrs|n.1401A>G,rpoB,c.1294_1299delCAATTC,rrs,n.1401A>G,rifampicin;rifapentine,amikacin;capreomycin;kanamycin,cross_class,1,85,0,1,85,274,0.0,1.0,True,,,1.0,False
rpoB|c.1294_1299delCAATTC,rrl|n.2814G>T,rpoB,c.1294_1299delCAATTC,rrl,n.2814G>T,rifampicin;rifapentine,linezolid,cross_class,1,2,0,1,2,357,0.0,1.0,True,,,1.0,False
rpoB|c.1294_1299delCAATTC,rrl|n.2270G>T,rpoB,c.1294_1299delCAATTC,rrl,n.2270G>T,rifampicin;rifapentine,linezolid,cross_class,1,2,0,1,2,357,0.0,1.0,True,,,1.0,False
rpoB|c.1294_1299delCAATTC,rpsL|p.Lys88Arg,rpoB,c.1294_1299delCAATTC,rpsL,p.Lys88Arg,rifampicin;rifapentine,streptomycin,cross_class,1,8,0,1,8,351,0.0,1.0,True,,,1.0,False
rpoB|c.1294_1299delCAATTC,rpsL|p.Lys43Arg,rpoB,c.1294_1299delCAATTC,rpsL,p.Lys43Arg,rifampicin;rifapentine,streptomycin,cross_class,1,26,0,1,26,333,0.0,1.0,True,,,1.0,False
rpoB|c.1294_1299delCAATTC,rpoB|p.Val170Phe,rpoB,c.1294_1299delCAATTC,rpoB,p.Val170Phe,rifampicin;rifapentine,rifampicin;rifapentine,within_class,1,2,0,1,2,357,0.0,1.0,True,,,1.0,False
rpoB|c.1294_1299delCAATTC,rpoB|p.Ser450Leu,rpoB,c.1294_1299delCAATTC,rpoB,p.Ser450Leu,rifampicin;rifapentine,rifampicin;rifapentine,within_class,1,139,0,1,139,220,0.0,1.0,True,,,1.0,False
rpoB|c.1296_1304delATTCATGGA,rrl|n.2814G>T,rpoB,c.1296_1304delATTCATGGA,rrl,n.2814G>T,rifampicin;rifapentine,linezolid,cross_class,2,2,0,2,2,356,0.0,1.0,True,,,1.0,False
rpoB|c.1296_1304delATTCATGGA,rrl|n.2270G>T,rpoB,c.1296_1304delATTCATGGA,rrl,n.2270G>T,rifampicin;rifapentine,linezolid,cross_class,2,2,0,2,2,356,0.0,1.0,True,,,1.0,False
rpoB|c.1296_1304delATTCATGGA,rpsL|p.Lys88Arg,rpoB,c.1296_1304delATTCATGGA,rpsL,p.Lys88Arg,rifampicin;rifapentine,streptomycin,cross_class,2,8,0,2,8,350,0.0,1.0,True,,,1.0,False
rpoB|c.1296_1304delATTCATGGA,rpsL|p.Lys43Arg,rpoB,c.1296_1304delATTCATGGA,rpsL,p.Lys43Arg,rifampicin;rifapentine,streptomycin,cross_class,2,26,0,2,26,332,0.0,1.0,True,,,1.0,False
rpoB|c.1296_1304delATTCATGGA,rpoB|p.Val170Phe,rpoB,c.1296_1304delATTCATGGA,rpoB,p.Val170Phe,rifampicin;rifapentine,rifampicin;rifapentine,within_class,2,2,0,2,2,356,0.0,1.0,True,,,1.0,False
rpoB|c.1296_1304delATTCATGGA,rpoB|p.Ser450Leu,rpoB,c.1296_1304delATTCATGGA,rpoB,p.Ser450Leu,rifampicin;rifapentine,rifampicin;rifapentine,within_class,2,139,0,2,139,219,0.0,0.5246208604147322,True,,,1.0,False
rpoB|c.1296_1304delATTCATGGA,rpoB|p.Leu452Pro,rpoB,c.1296_1304delATTCATGGA,rpoB,p.Leu452Pro,rifampicin;rifapentine,rifampicin;rifapentine,within_class,2,10,0,2,10,348,0.0,1.0,True,,,1.0,False
rpoB|c.1296_1304delATTCATGGA,rpoB|p.Leu430Pro,rpoB,c.1296_1304delATTCATGGA,rpoB,p.Leu430Pro,rifampicin;rifapentine,rifampicin;rifapentine,within_class,2,22,0,2,22,336,0.0,1.0,True,,,1.0,False
rpoB|c.1296_1304delATTCATGGA,rpoB|p.Ile491Phe,rpoB,c.1296_1304delATTCATGGA,rpoB,p.Ile491Phe,rifampicin;rifapentine,rifampicin;rifapentine,within_class,2,1,0,2,1,357,0.0,1.0,True,,,1.0,False
rpoB|c.1296_1304delATTCATGGA,rpoB|p.His445Tyr,rpoB,c.1296_1304delATTCATGGA,rpoB,p.His445Tyr,rifampicin;rifapentine,rifampicin;rifapentine,within_class,2,5,0,2,5,353,0.0,1.0,True,,,1.0,False
rpoB|c.1296_1304delATTCATGGA,rpoB|p.His445Leu,rpoB,c.1296_1304delATTCATGGA,rpoB,p.His445Leu,rifampicin;rifapentine,rifampicin;rifapentine,within_class,2,1,0,2,1,357,0.0,1.0,True,,,1.0,False
rpoB|c.1296_1304delATTCATGGA,rpoB|p.His445Asp,rpoB,c.1296_1304delATTCATGGA,rpoB,p.His445Asp,rifampicin;rifapentine,rifampicin;rifapentine,within_class,2,11,0,2,11,347,0.0,1.0,True,,,1.0,False
rpoB|c.1296_1304delATTCATGGA,rpoB|p.His445Asn,rpoB,c.1296_1304delATTCATGGA,rpoB,p.His445Asn,rifampicin;rifapentine,rifampicin;rifapentine,within_class,2,6,0,2,6,352,0.0,1.0,True,,,1.0,False
rpoB|c.1296_1304delATTCATGGA,rpoB|p.Gln432Lys,rpoB,c.1296_1304delATTCATGGA,rpoB,p.Gln432Lys,rifampicin;rifapentine,rifampicin;rifapentine,within_class,2,1,0,2,1,357,0.0,1.0,True,,,1.0,False
rpoB|c.1296_1304delATTCATGGA,rpoB|p.Asp435Val,rpoB,c.1296_1304delATTCATGGA,rpoB,p.Asp435Val,rifampicin;rifapentine,rifampicin;rifapentine,within_class,2,73,0,2,73,285,0.0,1.0,True,,,1.0,False
rpoB|c.1296_1304delATTCATGGA,rpoB|p.Asp435Tyr,rpoB,c.1296_1304delATTCATGGA,rpoB,p.Asp435Tyr,rifampicin;rifapentine,rifampicin;rifapentine,within_class,2,9,0,2,9,349,0.0,1.0,True,,,1.0,False
rpoB|p.Ala451Val,rpoB|p.His445Tyr,rpoB,p.Ala451Val,rpoB,p.His445Tyr,rifampicin;rifapentine,rifampicin;rifapentine,within_class,3,5,0,3,5,352,0.0,1.0,True,,,1.0,False
rpoB|p.Ala451Val,rpoB|p.His445Leu,rpoB,p.Ala451Val,rpoB,p.His445Leu,rifampicin;rifapentine,rifampicin;rifapentine,within_class,3,1,0,3,1,356,0.0,1.0,True,,,1.0,False
rpoB|p.Ala451Val,rpoB|p.His445Asp,rpoB,p.Ala451Val,rpoB,p.His445Asp,rifampicin;rifapentine,rifampicin;rifapentine,within_class,3,11,0,3,11,346,0.0,1.0,True,,,1.0,False
rpoB|p.Ala451Val,rpoB|p.Gln432Lys,rpoB,p.Ala451Val,rpoB,p.Gln432Lys,rifampicin;rifapentine,rifampicin;rifapentine,within_class,3,1,0,3,1,356,0.0,1.0,True,,,1.0,False
rpoB|p.Ala451Val,rpoB|p.Asp435Val,rpoB,p.Ala451Val,rpoB,p.Asp435Val,rifampicin;rifapentine,rifampicin;rifapentine,within_class,3,73,0,3,73,284,0.0,1.0,True,,,1.0,False
rpoB|p.Ala451Val,rpoB|p.Asp435Tyr,rpoB,p.Ala451Val,rpoB,p.Asp435Tyr,rifampicin;rifapentine,rifampicin;rifapentine,within_class,3,9,1,2,8,349,21.8125,0.07333958388447114,True,lineage2,100.0,1.0,False
rpoB|p.Ala451Val,rpoB|p.Asp435Gly,rpoB,p.Ala451Val,rpoB,p.Asp435Gly,rifampicin;rifapentine,rifampicin;rifapentine,within_class,3,2,0,3,2,355,0.0,1.0,True,,,1.0,False
rpoB|p.Ala451Val,rpoB|p.Asp435Ala,rpoB,p.Ala451Val,rpoB,p.Asp435Ala,rifampicin;rifapentine,rifampicin;rifapentine,within_class,3,1,0,3,1,356,0.0,1.0,True,,,1.0,False
rpoB|p.Ala451Val,rpoB|p.Asn437Ser,rpoB,p.Ala451Val,rpoB,p.Asn437Ser,rifampicin;rifapentine,rifampicin;rifapentine,within_class,3,2,0,3,2,355,0.0,1.0,True,,,1.0,False
rpoB|c.1296_1304delATTCATGGA,tlyA|c.585_588delTGGG,rpoB,c.1296_1304delATTCATGGA,tlyA,c.585_588delTGGG,rifampicin;rifapentine,capreomycin,cross_class,2,30,0,2,30,328,0.0,1.0,True,,,1.0,False
rpoB|c.1296_1304delATTCATGGA,tlyA|c.388dupG,rpoB,c.1296_1304delATTCATGGA,tlyA,c.388dupG,rifampicin;rifapentine,capreomycin,cross_class,2,1,0,2,1,357,0.0,1.0,True,,,1.0,False
rpoB|c.1296_1304delATTCATGGA,rrs|n.517C>T,rpoB,c.1296_1304delATTCATGGA,rrs,n.517C>T,rifampicin;rifapentine,streptomycin,cross_class,2,2,0,2,2,356,0.0,1.0,True,,,1.0,False
rpoB|c.1296_1304delATTCATGGA,rrs|n.514A>C,rpoB,c.1296_1304delATTCATGGA,rrs,n.514A>C,rifampicin;rifapentine,streptomycin,cross_class,2,164,0,2,164,194,0.0,0.5025688641287527,True,,,1.0,False
rpoB|c.1296_1304delATTCATGGA,rrs|n.1402C>T,rpoB,c.1296_1304delATTCATGGA,rrs,n.1402C>T,rifampicin;rifapentine,amikacin;capreomycin;kanamycin,cross_class,2,2,0,2,2,356,0.0,1.0,True,,,1.0,False
rpoB|c.1296_1304delATTCATGGA,rrs|n.1401A>G,rpoB,c.1296_1304delATTCATGGA,rrs,n.1401A>G,rifampicin;rifapentine,amikacin;capreomycin;kanamycin,cross_class,2,85,0,2,85,273,0.0,1.0,True,,,1.0,False
rpoB|p.Asn437Ser,rpoB|p.Asp435Ala,rpoB,p.Asn437Ser,rpoB,p.Asp435Ala,rifampicin;rifapentine,rifampicin;rifapentine,within_class,2,1,0,2,1,357,0.0,1.0,True,,,1.0,False
rpoB|p.Ala451Val,tlyA|c.585_588delTGGG,rpoB,p.Ala451Val,tlyA,c.585_588delTGGG,rifampicin;rifapentine,capreomycin,cross_class,3,30,0,3,30,327,0.0,1.0,True,,,1.0,False
rpoB|p.Ala451Val,tlyA|c.388dupG,rpoB,p.Ala451Val,tlyA,c.388dupG,rifampicin;rifapentine,capreomycin,cross_class,3,1,0,3,1,356,0.0,1.0,True,,,1.0,False
rpoB|p.Ala451Val,rrs|n.517C>T,rpoB,p.Ala451Val,rrs,n.517C>T,rifampicin;rifapentine,streptomycin,cross_class,3,2,0,3,2,355,0.0,1.0,True,,,1.0,False
rpoB|p.Ala451Val,rrs|n.514A>C,rpoB,p.Ala451Val,rrs,n.514A>C,rifampicin;rifapentine,streptomycin,cross_class,3,164,0,3,164,193,0.0,0.2538532961931291,True,,,1.0,False
rpoB|p.Ala451Val,rrs|n.1402C>T,rpoB,p.Ala451Val,rrs,n.1402C>T,rifampicin;rifapentine,amikacin;capreomycin;kanamycin,cross_class,3,2,0,3,2,355,0.0,1.0,True,,,1.0,False
rpoB|p.Ala451Val,rrs|n.1401A>G,rpoB,p.Ala451Val,rrs,n.1401A>G,rifampicin;rifapentine,amikacin;capreomycin;kanamycin,cross_class,3,85,2,1,83,274,6.602409638554217,0.14012127625361157,True,lineage2,100.0,1.0,False
rpoB|p.Ala451Val,rrl|n.2814G>T,rpoB,p.Ala451Val,rrl,n.2814G>T,rifampicin;rifapentine,linezolid,cross_class,3,2,0,3,2,355,0.0,1.0,True,,,1.0,False
rpoB|p.Ala451Val,rrl|n.2270G>T,rpoB,p.Ala451Val,rrl,n.2270G>T,rifampicin;rifapentine,linezolid,cross_class,3,2,0,3,2,355,0.0,1.0,True,,,1.0,False
rpoB|p.Ala451Val,rpsL|p.Lys88Arg,rpoB,p.Ala451Val,rpsL,p.Lys88Arg,rifampicin;rifapentine,streptomycin,cross_class,3,8,1,2,7,350,25.0,0.06537402156829182,True,lineage2,100.0,1.0,False
rpoB|p.Ala451Val,rpsL|p.Lys43Arg,rpoB,p.Ala451Val,rpsL,p.Lys43Arg,rifampicin;rifapentine,streptomycin,cross_class,3,26,0,3,26,331,0.0,1.0,True,,,1.0,False
rpoB|p.Ala451Val,rpoB|p.Val170Phe,rpoB,p.Ala451Val,rpoB,p.Val170Phe,rifampicin;rifapentine,rifampicin;rifapentine,within_class,3,2,0,3,2,355,0.0,1.0,True,,,1.0,False
rpoB|p.Ala451Val,rpoB|p.Ser450Leu,rpoB,p.Ala451Val,rpoB,p.Ser450Leu,rifampicin;rifapentine,rifampicin;rifapentine,within_class,3,139,0,3,139,218,0.0,0.28693129062209843,True,,,1.0,False
rpoB|p.Ala451Val,rpoB|p.Leu452Pro,rpoB,p.Ala451Val,rpoB,p.Leu452Pro,rifampicin;rifapentine,rifampicin;rifapentine,within_class,3,10,0,3,10,347,0.0,1.0,True,,,1.0,False
rpoB|p.Ala451Val,rpoB|p.Leu430Pro,rpoB,p.Ala451Val,rpoB,p.Leu430Pro,rifampicin;rifapentine,rifampicin;rifapentine,within_class,3,22,0,3,22,335,0.0,1.0,True,,,1.0,False
rpoB|p.Ala451Val,rpoB|p.Ile491Phe,rpoB,p.Ala451Val,rpoB,p.Ile491Phe,rifampicin;rifapentine,rifampicin;rifapentine,within_class,3,1,0,3,1,356,0.0,1.0,True,,,1.0,False
rpoB|p.Asn437Ser,rrl|n.2270G>T,rpoB,p.Asn437Ser,rrl,n.2270G>T,rifampicin;rifapentine,linezolid,cross_class,2,2,0,2,2,356,0.0,1.0,True,,,1.0,False
rpoB|p.Asn437Ser,rpsL|p.Lys88Arg,rpoB,p.Asn437Ser,rpsL,p.Lys88Arg,rifampicin;rifapentine,streptomycin,cross_class,2,8,0,2,8,350,0.0,1.0,True,,,1.0,False
rpoB|p.Asn437Ser,rpsL|p.Lys43Arg,rpoB,p.Asn437Ser,rpsL,p.Lys43Arg,rifampicin;rifapentine,streptomycin,cross_class,2,26,0,2,26,332,0.0,1.0,True,,,1.0,False
rpoB|p.Asn437Ser,rpoB|p.Val170Phe,rpoB,p.Asn437Ser,rpoB,p.Val170Phe,rifampicin;rifapentine,rifampicin;rifapentine,within_class,2,2,0,2,2,356,0.0,1.0,True,,,1.0,False
rpoB|p.Asn437Ser,rpoB|p.Ser450Leu,rpoB,p.Asn437Ser,rpoB,p.Ser450Leu,rifampicin;rifapentine,rifampicin;rifapentine,within_class,2,139,0,2,139,219,0.0,0.5246208604147322,True,,,1.0,False
rpoB|p.Asn437Ser,rpoB|p.Leu452Pro,rpoB,p.Asn437Ser,rpoB,p.Leu452Pro,rifampicin;rifapentine,rifampicin;rifapentine,within_class,2,10,0,2,10,348,0.0,1.0,True,,,1.0,False
rpoB|p.Asn437Ser,rpoB|p.Ile491Phe,rpoB,p.Asn437Ser,rpoB,p.Ile491Phe,rifampicin;rifapentine,rifampicin;rifapentine,within_class,2,1,0,2,1,357,0.0,1.0,True,,,1.0,False
rpoB|p.Asn437Ser,rpoB|p.His445Tyr,rpoB,p.Asn437Ser,rpoB,p.His445Tyr,rifampicin;rifapentine,rifampicin;rifapentine,within_class,2,5,0,2,5,353,0.0,1.0,True,,,1.0,False
rpoB|p.Asn437Ser,rpoB|p.His445Leu,rpoB,p.Asn437Ser,rpoB,p.His445Leu,rifampicin;rifapentine,rifampicin;rifapentine,within_class,2,1,0,2,1,357,0.0,1.0,True,,,1.0,False
rpoB|p.Asn437Ser,rpoB|p.His445Asp,rpoB,p.Asn437Ser,rpoB,p.His445Asp,rifampicin;rifapentine,rifampicin;rifapentine,within_class,2,11,0,2,11,347,0.0,1.0,True,,,1.0,False
rpoB|p.Asn437Ser,rpoB|p.His445Asn,rpoB,p.Asn437Ser,rpoB,p.His445Asn,rifampicin;rifapentine,rifampicin;rifapentine,within_class,2,6,0,2,6,352,0.0,1.0,True,,,1.0,False
rpoB|p.Asn437Ser,rpoB|p.Gln432Lys,rpoB,p.Asn437Ser,rpoB,p.Gln432Lys,rifampicin;rifapentine,rifampicin;rifapentine,within_class,2,1,0,2,1,357,0.0,1.0,True,,,1.0,False
rpoB|p.Asn437Ser,rpoB|p.Asp435Val,rpoB,p.Asn437Ser,rpoB,p.Asp435Val,rifampicin;rifapentine,rifampicin;rifapentine,within_class,2,73,0,2,73,285,0.0,1.0,True,,,1.0,False
rpoB|p.Asn437Ser,rpoB|p.Asp435Tyr,rpoB,p.Asn437Ser,rpoB,p.Asp435Tyr,rifampicin;rifapentine,rifampicin;rifapentine,within_class,2,9,0,2,9,349,0.0,1.0,True,,,1.0,False
rpoB|p.Asn437Ser,rpoB|p.Asp435Gly,rpoB,p.Asn437Ser,rpoB,p.Asp435Gly,rifampicin;rifapentine,rifampicin;rifapentine,within_class,2,2,0,2,2,356,0.0,1.0,True,,,1.0,False
rpoB|p.Asp435Ala,rpoB|p.Ile491Phe,rpoB,p.Asp435Ala,rpoB,p.Ile491Phe,rifampicin;rifapentine,rifampicin;rifapentine,within_class,1,1,0,1,1,358,0.0,1.0,True,,,1.0,False
rpoB|p.Asp435Ala,rpoB|p.His445Tyr,rpoB,p.Asp435Ala,rpoB,p.His445Tyr,rifampicin;rifapentine,rifampicin;rifapentine,within_class,1,5,0,1,5,354,0.0,1.0,True,,,1.0,False
rpoB|p.Asp435Ala,rpoB|p.His445Leu,rpoB,p.Asp435Ala,rpoB,p.His445Leu,rifampicin;rifapentine,rifampicin;rifapentine,within_class,1,1,0,1,1,358,0.0,1.0,True,,,1.0,False
rpoB|p.Asp435Ala,rpoB|p.His445Asp,rpoB,p.Asp435Ala,rpoB,p.His445Asp,rifampicin;rifapentine,rifampicin;rifapentine,within_class,1,11,0,1,11,348,0.0,1.0,True,,,1.0,False
rpoB|p.Asp435Ala,rpoB|p.His445Asn,rpoB,p.Asp435Ala,rpoB,p.His445Asn,rifampicin;rifapentine,rifampicin;rifapentine,within_class,1,6,0,1,6,353,0.0,1.0,True,,,1.0,False
rpoB|p.Asp435Ala,rpoB|p.Gln432Lys,rpoB,p.Asp435Ala,rpoB,p.Gln432Lys,rifampicin;rifapentine,rifampicin;rifapentine,within_class,1,1,0,1,1,358,0.0,1.0,True,,,1.0,False
rpoB|p.Asp435Ala,rpoB|p.Asp435Val,rpoB,p.Asp435Ala,rpoB,p.Asp435Val,rifampicin;rifapentine,rifampicin;rifapentine,within_class,1,73,0,1,73,286,0.0,1.0,True,,,1.0,False
rpoB|p.Asp435Ala,rpoB|p.Asp435Tyr,rpoB,p.Asp435Ala,rpoB,p.Asp435Tyr,rifampicin;rifapentine,rifampicin;rifapentine,within_class,1,9,0,1,9,350,0.0,1.0,True,,,1.0,False
rpoB|p.Asp435Ala,rpoB|p.Asp435Gly,rpoB,p.Asp435Ala,rpoB,p.Asp435Gly,rifampicin;rifapentine,rifampicin;rifapentine,within_class,1,2,0,1,2,357,0.0,1.0,True,,,1.0,False
rpoB|p.Asn437Ser,tlyA|c.585_588delTGGG,rpoB,p.Asn437Ser,tlyA,c.585_588delTGGG,rifampicin;rifapentine,capreomycin,cross_class,2,30,0,2,30,328,0.0,1.0,True,,,1.0,False
rpoB|p.Asn437Ser,tlyA|c.388dupG,rpoB,p.Asn437Ser,tlyA,c.388dupG,rifampicin;rifapentine,capreomycin,cross_class,2,1,0,2,1,357,0.0,1.0,True,,,1.0,False
rpoB|p.Asn437Ser,rrs|n.517C>T,rpoB,p.Asn437Ser,rrs,n.517C>T,rifampicin;rifapentine,streptomycin,cross_class,2,2,0,2,2,356,0.0,1.0,True,,,1.0,False
rpoB|p.Asn437Ser,rrs|n.514A>C,rpoB,p.Asn437Ser,rrs,n.514A>C,rifampicin;rifapentine,streptomycin,cross_class,2,164,0,2,164,194,0.0,0.5025688641287527,True,,,1.0,False
rpoB|p.Asn437Ser,rrs|n.1402C>T,rpoB,p.Asn437Ser,rrs,n.1402C>T,rifampicin;rifapentine,amikacin;capreomycin;kanamycin,cross_class,2,2,0,2,2,356,0.0,1.0,True,,,1.0,False
rpoB|p.Asn437Ser,rrs|n.1401A>G,rpoB,p.Asn437Ser,rrs,n.1401A>G,rifampicin;rifapentine,amikacin;capreomycin;kanamycin,cross_class,2,85,0,2,85,273,0.0,1.0,True,,,1.0,False
rpoB|p.Asn437Ser,rrl|n.2814G>T,rpoB,p.Asn437Ser,rrl,n.2814G>T,rifampicin;rifapentine,linezolid,cross_class,2,2,0,2,2,356,0.0,1.0,True,,,1.0,False
rpoB|p.Asp435Gly,rpoB|p.Asp435Val,rpoB,p.Asp435Gly,rpoB,p.Asp435Val,rifampicin;rifapentine,rifampicin;rifapentine,within_class,2,73,0,2,73,285,0.0,1.0,True,,,1.0,False
rpoB|p.Asp435Gly,rpoB|p.Asp435Tyr,rpoB,p.Asp435Gly,rpoB,p.Asp435Tyr,rifampicin;rifapentine,rifampicin;rifapentine,within_class,2,9,0,2,9,349,0.0,1.0,True,,,1.0,False
rpoB|p.Asp435Ala,tlyA|c.585_588delTGGG,rpoB,p.Asp435Ala,tlyA,c.585_588delTGGG,rifampicin;rifapentine,capreomycin,cross_class,1,30,0,1,30,329,0.0,1.0,True,,,1.0,False
rpoB|p.Asp435Ala,tlyA|c.388dupG,rpoB,p.Asp435Ala,tlyA,c.388dupG,rifampicin;rifapentine,capreomycin,cross_class,1,1,0,1,1,358,0.0,1.0,True,,,1.0,False
rpoB|p.Asp435Ala,rrs|n.517C>T,rpoB,p.Asp435Ala,rrs,n.517C>T,rifampicin;rifapentine,streptomycin,cross_class,1,2,0,1,2,357,0.0,1.0,True,,,1.0,False
rpoB|p.Asp435Ala,rrs|n.514A>C,rpoB,p.Asp435Ala,rrs,n.514A>C,rifampicin;rifapentine,streptomycin,cross_class,1,164,0,1,164,195,0.0,1.0,True,,,1.0,False
rpoB|p.Asp435Ala,rrs|n.1402C>T,rpoB,p.Asp435Ala,rrs,n.1402C>T,rifampicin;rifapentine,amikacin;capreomycin;kanamycin,cross_class,1,2,0,1,2,357,0.0,1.0,True,,,1.0,False
rpoB|p.Asp435Ala,rrs|n.1401A>G,rpoB,p.Asp435Ala,rrs,n.1401A>G,rifampicin;rifapentine,amikacin;capreomycin;kanamycin,cross_class,1,85,0,1,85,274,0.0,1.0,True,,,1.0,False
rpoB|p.Asp435Ala,rrl|n.2814G>T,rpoB,p.Asp435Ala,rrl,n.2814G>T,rifampicin;rifapentine,linezolid,cross_class,1,2,0,1,2,357,0.0,1.0,True,,,1.0,False
rpoB|p.Asp435Ala,rrl|n.2270G>T,rpoB,p.Asp435Ala,rrl,n.2270G>T,rifampicin;rifapentine,linezolid,cross_class,1,2,0,1,2,357,0.0,1.0,True,,,1.0,False
rpoB|p.Asp435Ala,rpsL|p.Lys88Arg,rpoB,p.Asp435Ala,rpsL,p.Lys88Arg,rifampicin;rifapentine,streptomycin,cross_class,1,8,0,1,8,351,0.0,1.0,True,,,1.0,False
rpoB|p.Asp435Ala,rpsL|p.Lys43Arg,rpoB,p.Asp435Ala,rpsL,p.Lys43Arg,rifampicin;rifapentine,streptomycin,cross_class,1,26,0,1,26,333,0.0,1.0,True,,,1.0,False
rpoB|p.Asp435Ala,rpoB|p.Val170Phe,rpoB,p.Asp435Ala,rpoB,p.Val170Phe,rifampicin;rifapentine,rifampicin;rifapentine,within_class,1,2,0,1,2,357,0.0,1.0,True,,,1.0,False
rpoB|p.Asp435Ala,rpoB|p.Ser450Leu,rpoB,p.Asp435Ala,rpoB,p.Ser450Leu,rifampicin;rifapentine,rifampicin;rifapentine,within_class,1,139,0,1,139,220,0.0,1.0,True,,,1.0,False
rpoB|p.Asp435Ala,rpoB|p.Leu452Pro,rpoB,p.Asp435Ala,rpoB,p.Leu452Pro,rifampicin;rifapentine,rifampicin;rifapentine,within_class,1,10,0,1,10,349,0.0,1.0,True,,,1.0,False
rpoB|p.Asp435Ala,rpoB|p.Leu430Pro,rpoB,p.Asp435Ala,rpoB,p.Leu430Pro,rifampicin;rifapentine,rifampicin;rifapentine,within_class,1,22,0,1,22,337,0.0,1.0,True,,,1.0,False
rpoB|p.Asp435Gly,rrs|n.1402C>T,rpoB,p.Asp435Gly,rrs,n.1402C>T,rifampicin;rifapentine,amikacin;capreomycin;kanamycin,cross_class,2,2,0,2,2,356,0.0,1.0,True,,,1.0,False
rpoB|p.Asp435Gly,rrs|n.1401A>G,rpoB,p.Asp435Gly,rrs,n.1401A>G,rifampicin;rifapentine,amikacin;capreomycin;kanamycin,cross_class,2,85,0,2,85,273,0.0,1.0,True,,,1.0,False
rpoB|p.Asp435Gly,rrl|n.2814G>T,rpoB,p.Asp435Gly,rrl,n.2814G>T,rifampicin;rifapentine,linezolid,cross_class,2,2,0,2,2,356,0.0,1.0,True,,,1.0,False
rpoB|p.Asp435Gly,rrl|n.2270G>T,rpoB,p.Asp435Gly,rrl,n.2270G>T,rifampicin;rifapentine,linezolid,cross_class,2,2,0,2,2,356,0.0,1.0,True,,,1.0,False
rpoB|p.Asp435Gly,rpsL|p.Lys88Arg,rpoB,p.Asp435Gly,rpsL,p.Lys88Arg,rifampicin;rifapentine,streptomycin,cross_class,2,8,0,2,8,350,0.0,1.0,True,,,1.0,False
rpoB|p.Asp435Gly,rpsL|p.Lys43Arg,rpoB,p.Asp435Gly,rpsL,p.Lys43Arg,rifampicin;rifapentine,streptomycin,cross_class,2,26,0,2,26,332,0.0,1.0,True,,,1.0,False
rpoB|p.Asp435Gly,rpoB|p.Val170Phe,rpoB,p.Asp435Gly,rpoB,p.Val170Phe,rifampicin;rifapentine,rifampicin;rifapentine,within_class,2,2,0,2,2,356,0.0,1.0,True,,,1.0,False
rpoB|p.Asp435Gly,rpoB|p.Ser450Leu,rpoB,p.Asp435Gly,rpoB,p.Ser450Leu,rifampicin;rifapentine,rifampicin;rifapentine,within_class,2,139,0,2,139,219,0.0,0.5246208604147322,True,,,1.0,False
rpoB|p.Asp435Gly,rpoB|p.Leu452Pro,rpoB,p.Asp435Gly,rpoB,p.Leu452Pro,rifampicin;rifapentine,rifampicin;rifapentine,within_class,2,10,0,2,10,348,0.0,1.0,True,,,1.0,False
rpoB|p.Asp435Gly,rpoB|p.Leu430Pro,rpoB,p.Asp435Gly,rpoB,p.Leu430Pro,rifampicin;rifapentine,rifampicin;rifapentine,within_class,2,22,0,2,22,336,0.0,1.0,True,,,1.0,False
rpoB|p.Asp435Gly,rpoB|p.His445Tyr,rpoB,p.Asp435Gly,rpoB,p.His445Tyr,rifampicin;rifapentine,rifampicin;rifapentine,within_class,2,5,0,2,5,353,0.0,1.0,True,,,1.0,False
rpoB|p.Asp435Gly,rpoB|p.His445Leu,rpoB,p.Asp435Gly,rpoB,p.His445Leu,rifampicin;rifapentine,rifampicin;rifapentine,within_class,2,1,0,2,1,357,0.0,1.0,True,,,1.0,False
rpoB|p.Asp435Gly,rpoB|p.His445Asp,rpoB,p.Asp435Gly,rpoB,p.His445Asp,rifampicin;rifapentine,rifampicin;rifapentine,within_class,2,11,1,1,10,348,34.8,0.060259981429897864,True,lineage2,100.0,1.0,False
rpoB|p.Asp435Gly,rpoB|p.His445Asn,rpoB,p.Asp435Gly,rpoB,p.His445Asn,rifampicin;rifapentine,rifampicin;rifapentine,within_class,2,6,0,2,6,352,0.0,1.0,True,,,1.0,False
rpoB|p.Asp435Gly,rpoB|p.Gln432Lys,rpoB,p.Asp435Gly,rpoB,p.Gln432Lys,rifampicin;rifapentine,rifampicin;rifapentine,within_class,2,1,0,2,1,357,0.0,1.0,True,,,1.0,False
rpoB|p.Asp435Tyr,rpsL|p.Lys43Arg,rpoB,p.Asp435Tyr,rpsL,p.Lys43Arg,rifampicin;rifapentine,streptomycin,cross_class,9,26,0,9,26,325,0.0,1.0,False,,,1.0,False
rpoB|p.Asp435Tyr,rpoB|p.Val170Phe,rpoB,p.Asp435Tyr,rpoB,p.Val170Phe,rifampicin;rifapentine,rifampicin;rifapentine,within_class,9,2,0,9,2,349,0.0,1.0,True,,,1.0,False
rpoB|p.Asp435Tyr,rpoB|p.Leu452Pro,rpoB,p.Asp435Tyr,rpoB,p.Leu452Pro,rifampicin;rifapentine,rifampicin;rifapentine,within_class,9,10,1,8,9,342,4.75,0.22619972707869285,False,lineage2,100.0,1.0,False
rpoB|p.Asp435Tyr,rpoB|p.Leu430Pro,rpoB,p.Asp435Tyr,rpoB,p.Leu430Pro,rifampicin;rifapentine,rifampicin;rifapentine,within_class,9,22,0,9,22,329,0.0,1.0,False,,,1.0,False
rpoB|p.Asp435Tyr,rpoB|p.Ile491Phe,rpoB,p.Asp435Tyr,rpoB,p.Ile491Phe,rifampicin;rifapentine,rifampicin;rifapentine,within_class,9,1,0,9,1,350,0.0,1.0,True,,,1.0,False
rpoB|p.Asp435Tyr,rpoB|p.His445Tyr,rpoB,p.Asp435Tyr,rpoB,p.His445Tyr,rifampicin;rifapentine,rifampicin;rifapentine,within_class,9,5,0,9,5,346,0.0,1.0,False,,,1.0,False
rpoB|p.Asp435Tyr,rpoB|p.His445Leu,rpoB,p.Asp435Tyr,rpoB,p.His445Leu,rifampicin;rifapentine,rifampicin;rifapentine,within_class,9,1,0,9,1,350,0.0,1.0,True,,,1.0,False
rpoB|p.Asp435Tyr,rpoB|p.His445Asp,rpoB,p.Asp435Tyr,rpoB,p.His445Asp,rifampicin;rifapentine,rifampicin;rifapentine,within_class,9,11,0,9,11,340,0.0,1.0,False,,,1.0,False
rpoB|p.Asp435Tyr,rpoB|p.His445Asn,rpoB,p.Asp435Tyr,rpoB,p.His445Asn,rifampicin;rifapentine,rifampicin;rifapentine,within_class,9,6,0,9,6,345,0.0,1.0,False,,,1.0,False
rpoB|p.Asp435Tyr,rpoB|p.Gln432Lys,rpoB,p.Asp435Tyr,rpoB,p.Gln432Lys,rifampicin;rifapentine,rifampicin;rifapentine,within_class,9,1,0,9,1,350,0.0,1.0,True,,,1.0,False
rpoB|p.Asp435Tyr,rpoB|p.Asp435Val,rpoB,p.Asp435Tyr,rpoB,p.Asp435Val,rifampicin;rifapentine,rifampicin;rifapentine,within_class,9,73,0,9,73,278,0.0,0.21348670272765596,False,,,1.0,False
rpoB|p.Asp435Gly,tlyA|c.585_588delTGGG,rpoB,p.Asp435Gly,tlyA,c.585_588delTGGG,rifampicin;rifapentine,capreomycin,cross_class,2,30,0,2,30,328,0.0,1.0,True,,,1.0,False
rpoB|p.Asp435Gly,tlyA|c.388dupG,rpoB,p.Asp435Gly,tlyA,c.388dupG,rifampicin;rifapentine,capreomycin,cross_class,2,1,0,2,1,357,0.0,1.0,True,,,1.0,False
rpoB|p.Asp435Gly,rrs|n.517C>T,rpoB,p.Asp435Gly,rrs,n.517C>T,rifampicin;rifapentine,streptomycin,cross_class,2,2,0,2,2,356,0.0,1.0,True,,,1.0,False
rpoB|p.Asp435Gly,rrs|n.514A>C,rpoB,p.Asp435Gly,rrs,n.514A>C,rifampicin;rifapentine,streptomycin,cross_class,2,164,0,2,164,194,0.0,0.5025688641287527,True,,,1.0,False
rpoB|p.Asp435Val,rpoB|p.Ile491Phe,rpoB,p.Asp435Val,rpoB,p.Ile491Phe,rifampicin;rifapentine,rifampicin;rifapentine,within_class,73,1,0,73,1,286,0.0,1.0,True,,,1.0,False
rpoB|p.Asp435Val,rpoB|p.His445Tyr,rpoB,p.Asp435Val,rpoB,p.His445Tyr,rifampicin;rifapentine,rifampicin;rifapentine,within_class,73,5,0,73,5,282,0.0,0.5876122041951682,False,,,1.0,False
rpoB|p.Asp435Val,rpoB|p.His445Leu,rpoB,p.Asp435Val,rpoB,p.His445Leu,rifampicin;rifapentine,rifampicin;rifapentine,within_class,73,1,0,73,1,286,0.0,1.0,True,,,1.0,False
rpoB|p.Asp435Val,rpoB|p.His445Asp,rpoB,p.Asp435Val,rpoB,p.His445Asp,rifampicin;rifapentine,rifampicin;rifapentine,within_class,73,11,0,73,11,276,0.0,0.1298292841912511,False,,,1.0,False
rpoB|p.Asp435Val,rpoB|p.His445Asn,rpoB,p.Asp435Val,rpoB,p.His445Asn,rifampicin;rifapentine,rifampicin;rifapentine,within_class,73,6,0,73,6,281,0.0,0.6055017029427582,False,,,1.0,False
rpoB|p.Asp435Val,rpoB|p.Gln432Lys,rpoB,p.Asp435Val,rpoB,p.Gln432Lys,rifampicin;rifapentine,rifampicin;rifapentine,within_class,73,1,0,73,1,286,0.0,1.0,True,,,1.0,False
rpoB|p.Asp435Tyr,tlyA|c.585_588delTGGG,rpoB,p.Asp435Tyr,tlyA,c.585_588delTGGG,rifampicin;rifapentine,capreomycin,cross_class,9,30,0,9,30,321,0.0,1.0,False,,,1.0,False
rpoB|p.Asp435Tyr,tlyA|c.388dupG,rpoB,p.Asp435Tyr,tlyA,c.388dupG,rifampicin;rifapentine,capreomycin,cross_class,9,1,0,9,1,350,0.0,1.0,True,,,1.0,False
rpoB|p.Asp435Tyr,rrs|n.517C>T,rpoB,p.Asp435Tyr,rrs,n.517C>T,rifampicin;rifapentine,streptomycin,cross_class,9,2,0,9,2,349,0.0,1.0,True,,,1.0,False
rpoB|p.Asp435Tyr,rrs|n.1402C>T,rpoB,p.Asp435Tyr,rrs,n.1402C>T,rifampicin;rifapentine,amikacin;capreomycin;kanamycin,cross_class,9,2,0,9,2,349,0.0,1.0,True,,,1.0,False
rpoB|p.Asp435Tyr,rrs|n.1401A>G,rpoB,p.Asp435Tyr,rrs,n.1401A>G,rifampicin;rifapentine,amikacin;capreomycin;kanamycin,cross_class,9,85,0,9,85,266,0.0,0.12275797355446758,False,,,1.0,False
rpoB|p.Asp435Tyr,rrl|n.2270G>T,rpoB,p.Asp435Tyr,rrl,n.2270G>T,rifampicin;rifapentine,linezolid,cross_class,9,2,0,9,2,349,0.0,1.0,True,,,1.0,False
atpE|p.Glu61Asp,mmpR5|c.366dupG,atpE,p.Glu61Asp,mmpR5,c.366dupG,bedaquiline,bedaquiline;clofazimine,within_class,1,1,0,1,1,358,0.0,1.0,True,,,1.0,False
atpE|p.Glu61Asp,mmpR5|c.321dupC,atpE,p.Glu61Asp,mmpR5,c.321dupC,bedaquiline,bedaquiline;clofazimine,within_class,1,1,0,1,1,358,0.0,1.0,True,,,1.0,False
atpE|p.Glu61Asp,mmpR5|c.291delC,atpE,p.Glu61Asp,mmpR5,c.291delC,bedaquiline,bedaquiline;clofazimine,within_class,1,1,0,1,1,358,0.0,1.0,True,,,1.0,False
atpE|p.Glu61Asp,mmpR5|c.214delC,atpE,p.Glu61Asp,mmpR5,c.214delC,bedaquiline,bedaquiline;clofazimine,within_class,1,1,0,1,1,358,0.0,1.0,True,,,1.0,False
atpE|p.Glu61Asp,mmpR5|c.19delG,atpE,p.Glu61Asp,mmpR5,c.19delG,bedaquiline,bedaquiline;clofazimine,within_class,1,1,0,1,1,358,0.0,1.0,True,,,1.0,False
atpE|p.Glu61Asp,mmpR5|c.198dupG,atpE,p.Glu61Asp,mmpR5,c.198dupG,bedaquiline,bedaquiline;clofazimine,within_class,1,13,0,1,13,346,0.0,1.0,True,,,1.0,False
atpE|p.Glu61Asp,mmpR5|c.198delG,atpE,p.Glu61Asp,mmpR5,c.198delG,bedaquiline,bedaquiline;clofazimine,within_class,1,1,0,1,1,358,0.0,1.0,True,,,1.0,False
atpE|p.Glu61Asp,mmpR5|c.144dupC,atpE,p.Glu61Asp,mmpR5,c.144dupC,bedaquiline,bedaquiline;clofazimine,within_class,1,20,0,1,20,339,0.0,1.0,True,,,1.0,False
atpE|p.Glu61Asp,mmpR5|c.144delC,atpE,p.Glu61Asp,mmpR5,c.144delC,bedaquiline,bedaquiline;clofazimine,within_class,1,1,0,1,1,358,0.0,1.0,True,,,1.0,False
atpE|p.Glu61Asp,mmpR5|c.141_142dupTC,atpE,p.Glu61Asp,mmpR5,c.141_142dupTC,bedaquiline,bedaquiline;clofazimine,within_class,1,2,0,1,2,357,0.0,1.0,True,,,1.0,False
atpE|p.Glu61Asp,mmpR5|c.139dupG,atpE,p.Glu61Asp,mmpR5,c.139dupG,bedaquiline,bedaquiline;clofazimine,within_class,1,6,0,1,6,353,0.0,1.0,True,,,1.0,False
atpE|p.Glu61Asp,mmpR5|c.139_140dupGA,atpE,p.Glu61Asp,mmpR5,c.139_140dupGA,bedaquiline,bedaquiline;clofazimine,within_class,1,1,0,1,1,358,0.0,1.0,True,,,1.0,False
atpE|p.Glu61Asp,katG|p.Ser315Thr,atpE,p.Glu61Asp,katG,p.Ser315Thr,bedaquiline,isoniazid,cross_class,1,191,0,1,191,168,0.0,0.46944444444444444,True,,,1.0,False
atpE|p.Glu61Asp,katG|p.Ser315Asn,atpE,p.Glu61Asp,katG,p.Ser315Asn,bedaquiline,isoniazid,cross_class,1,5,0,1,5,354,0.0,1.0,True,,,1.0,False
atpE|p.Glu61Asp,katG|c.18delA,atpE,p.Glu61Asp,katG,c.18delA,bedaquiline,isoniazid,cross_class,1,1,0,1,1,358,0.0,1.0,True,,,1.0,False
atpE|p.Glu61Asp,katG|c.117delG,atpE,p.Glu61Asp,katG,c.117delG,bedaquiline,isoniazid,cross_class,1,1,0,1,1,358,0.0,1.0,True,,,1.0,False
rpoB|p.Gln432Lys,rpoB|p.His445Leu,rpoB,p.Gln432Lys,rpoB,p.His445Leu,rifampicin;rifapentine,rifampicin;rifapentine,within_class,1,1,0,1,1,358,0.0,1.0,True,,,1.0,False
rpoB|p.Gln432Lys,rpoB|p.His445Asp,rpoB,p.Gln432Lys,rpoB,p.His445Asp,rifampicin;rifapentine,rifampicin;rifapentine,within_class,1,11,0,1,11,348,0.0,1.0,True,,,1.0,False
rpoB|p.Gln432Lys,rpoB|p.His445Asn,rpoB,p.Gln432Lys,rpoB,p.His445Asn,rifampicin;rifapentine,rifampicin;rifapentine,within_class,1,6,0,1,6,353,0.0,1.0,True,,,1.0,False
rpoB|p.Asp435Val,tlyA|c.388dupG,rpoB,p.Asp435Val,tlyA,c.388dupG,rifampicin;rifapentine,capreomycin,cross_class,73,1,0,73,1,286,0.0,1.0,True,,,1.0,False
rpoB|p.Asp435Val,rrs|n.517C>T,rpoB,p.Asp435Val,rrs,n.517C>T,rifampicin;rifapentine,streptomycin,cross_class,73,2,0,73,2,285,0.0,1.0,True,,,1.0,False
rpoB|p.Asp435Val,rrs|n.1402C>T,rpoB,p.Asp435Val,rrs,n.1402C>T,rifampicin;rifapentine,amikacin;capreomycin;kanamycin,cross_class,73,2,0,73,2,285,0.0,1.0,True,,,1.0,False
rpoB|p.Asp435Val,rrl|n.2814G>T,rpoB,p.Asp435Val,rrl,n.2814G>T,rifampicin;rifapentine,linezolid,cross_class,73,2,0,73,2,285,0.0,1.0,True,,,1.0,False
rpoB|p.Asp435Val,rrl|n.2270G>T,rpoB,p.Asp435Val,rrl,n.2270G>T,rifampicin;rifapentine,linezolid,cross_class,73,2,1,72,1,286,3.9722222222222223,0.3648870318786753,True,lineage2,100.0,1.0,False
rpoB|p.Asp435Val,rpsL|p.Lys88Arg,rpoB,p.Asp435Val,rpsL,p.Lys88Arg,rifampicin;rifapentine,streptomycin,cross_class,73,8,0,73,8,279,0.0,0.36732274838232637,False,,,1.0,False
rpoB|p.Asp435Val,rpoB|p.Val170Phe,rpoB,p.Asp435Val,rpoB,p.Val170Phe,rifampicin;rifapentine,rifampicin;rifapentine,within_class,73,2,0,73,2,285,0.0,1.0,True,,,1.0,False
rpoB|p.Asp435Val,rpoB|p.Leu452Pro,rpoB,p.Asp435Val,rpoB,p.Leu452Pro,rifampicin;rifapentine,rifampicin;rifapentine,within_class,73,10,0,73,10,277,0.0,0.22322239515478104,False,,,1.0,False
rpoB|p.Gln432Lys,tlyA|c.585_588delTGGG,rpoB,p.Gln432Lys,tlyA,c.585_588delTGGG,rifampicin;rifapentine,capreomycin,cross_class,1,30,0,1,30,329,0.0,1.0,True,,,1.0,False
rpoB|p.Gln432Lys,tlyA|c.388dupG,rpoB,p.Gln432Lys,tlyA,c.388dupG,rifampicin;rifapentine,capreomycin,cross_class,1,1,0,1,1,358,0.0,1.0,True,,,1.0,False
rpoB|p.Gln432Lys,rrs|n.517C>T,rpoB,p.Gln432Lys,rrs,n.517C>T,rifampicin;rifapentine,streptomycin,cross_class,1,2,0,1,2,357,0.0,1.0,True,,,1.0,False
rpoB|p.Gln432Lys,rrs|n.514A>C,rpoB,p.Gln432Lys,rrs,n.514A>C,rifampicin;rifapentine,streptomycin,cross_class,1,164,0,1,164,195,0.0,1.0,True,,,1.0,False
rpoB|p.Gln432Lys,rrs|n.1402C>T,rpoB,p.Gln432Lys,rrs,n.1402C>T,rifampicin;rifapentine,amikacin;capreomycin;kanamycin,cross_class,1,2,0,1,2,357,0.0,1.0,True,,,1.0,False
rpoB|p.Gln432Lys,rrs|n.1401A>G,rpoB,p.Gln432Lys,rrs,n.1401A>G,rifampicin;rifapentine,amikacin;capreomycin;kanamycin,cross_class,1,85,0,1,85,274,0.0,1.0,True,,,1.0,False
rpoB|p.Gln432Lys,rrl|n.2814G>T,rpoB,p.Gln432Lys,rrl,n.2814G>T,rifampicin;rifapentine,linezolid,cross_class,1,2,0,1,2,357,0.0,1.0,True,,,1.0,False
rpoB|p.Gln432Lys,rrl|n.2270G>T,rpoB,p.Gln432Lys,rrl,n.2270G>T,rifampicin;rifapentine,linezolid,cross_class,1,2,0,1,2,357,0.0,1.0,True,,,1.0,False
rpoB|p.Gln432Lys,rpsL|p.Lys88Arg,rpoB,p.Gln432Lys,rpsL,p.Lys88Arg,rifampicin;rifapentine,streptomycin,cross_class,1,8,0,1,8,351,0.0,1.0,True,,,1.0,False
rpoB|p.Gln432Lys,rpsL|p.Lys43Arg,rpoB,p.Gln432Lys,rpsL,p.Lys43Arg,rifampicin;rifapentine,streptomycin,cross_class,1,26,0,1,26,333,0.0,1.0,True,,,1.0,False
rpoB|p.Gln432Lys,rpoB|p.Val170Phe,rpoB,p.Gln432Lys,rpoB,p.Val170Phe,rifampicin;rifapentine,rifampicin;rifapentine,within_class,1,2,0,1,2,357,0.0,1.0,True,,,1.0,False
rpoB|p.Gln432Lys,rpoB|p.Ser450Leu,rpoB,p.Gln432Lys,rpoB,p.Ser450Leu,rifampicin;rifapentine,rifampicin;rifapentine,within_class,1,139,0,1,139,220,0.0,1.0,True,,,1.0,False
rpoB|p.Gln432Lys,rpoB|p.Leu452Pro,rpoB,p.Gln432Lys,rpoB,p.Leu452Pro,rifampicin;rifapentine,rifampicin;rifapentine,within_class,1,10,0,1,10,349,0.0,1.0,True,,,1.0,False
rpoB|p.Gln432Lys,rpoB|p.Leu430Pro,rpoB,p.Gln432Lys,rpoB,p.Leu430Pro,rifampicin;rifapentine,rifampicin;rifapentine,within_class,1,22,0,1,22,337,0.0,1.0,True,,,1.0,False
rpoB|p.Gln432Lys,rpoB|p.Ile491Phe,rpoB,p.Gln432Lys,rpoB,p.Ile491Phe,rifampicin;rifapentine,rifampicin;rifapentine,within_class,1,1,0,1,1,358,0.0,1.0,True,,,1.0,False
rpoB|p.Gln432Lys,rpoB|p.His445Tyr,rpoB,p.Gln432Lys,rpoB,p.His445Tyr,rifampicin;rifapentine,rifampicin;rifapentine,within_class,1,5,0,1,5,354,0.0,1.0,True,,,1.0,False
rpoB|p.His445Asn,rrs|n.517C>T,rpoB,p.His445Asn,rrs,n.517C>T,rifampicin;rifapentine,streptomycin,cross_class,6,2,0,6,2,352,0.0,1.0,True,,,1.0,False
rpoB|p.His445Asn,rrs|n.1402C>T,rpoB,p.His445Asn,rrs,n.1402C>T,rifampicin;rifapentine,amikacin;capreomycin;kanamycin,cross_class,6,2,0,6,2,352,0.0,1.0,True,,,1.0,False
rpoB|p.His445Asn,rrs|n.1401A>G,rpoB,p.His445Asn,rrs,n.1401A>G,rifampicin;rifapentine,amikacin;capreomycin;kanamycin,cross_class,6,85,3,3,82,272,3.317073170731707,0.14636850690707984,False,lineage2,100.0,1.0,False
rpoB|p.His445Asn,rrl|n.2814G>T,rpoB,p.His445Asn,rrl,n.2814G>T,rifampicin;rifapentine,linezolid,cross_class,6,2,0,6,2,352,0.0,1.0,True,,,1.0,False
rpoB|p.His445Asn,rrl|n.2270G>T,rpoB,p.His445Asn,rrl,n.2270G>T,rifampicin;rifapentine,linezolid,cross_class,6,2,0,6,2,352,0.0,1.0,True,,,1.0,False
rpoB|p.His445Asn,rpsL|p.Lys88Arg,rpoB,p.His445Asn,rpsL,p.Lys88Arg,rifampicin;rifapentine,streptomycin,cross_class,6,8,0,6,8,346,0.0,1.0,False,,,1.0,False
rpoB|p.His445Asn,rpsL|p.Lys43Arg,rpoB,p.His445Asn,rpsL,p.Lys43Arg,rifampicin;rifapentine,streptomycin,cross_class,6,26,0,6,26,328,0.0,1.0,False,,,1.0,False
rpoB|p.His445Asn,rpoB|p.Val170Phe,rpoB,p.His445Asn,rpoB,p.Val170Phe,rifampicin;rifapentine,rifampicin;rifapentine,within_class,6,2,0,6,2,352,0.0,1.0,True,,,1.0,False
rpoB|p.His445Asn,rpoB|p.Ser450Leu,rpoB,p.His445Asn,rpoB,p.Ser450Leu,rifampicin;rifapentine,rifampicin;rifapentine,within_class,6,139,0,6,139,215,0.0,0.0858650833616025,False,,,1.0,False
rpoB|p.His445Asn,rpoB|p.Leu452Pro,rpoB,p.His445Asn,rpoB,p.Leu452Pro,rifampicin;rifapentine,rifampicin;rifapentine,within_class,6,10,0,6,10,344,0.0,1.0,False,,,1.0,False
rpoB|p.His445Asn,rpoB|p.Leu430Pro,rpoB,p.His445Asn,rpoB,p.Leu430Pro,rifampicin;rifapentine,rifampicin;rifapentine,within_class,6,22,0,6,22,332,0.0,1.0,False,,,1.0,False
rpoB|p.His445Asn,rpoB|p.Ile491Phe,rpoB,p.His445Asn,rpoB,p.Ile491Phe,rifampicin;rifapentine,rifampicin;rifapentine,within_class,6,1,0,6,1,353,0.0,1.0,True,,,1.0,False
rpoB|p.His445Asn,rpoB|p.His445Tyr,rpoB,p.His445Asn,rpoB,p.His445Tyr,rifampicin;rifapentine,rifampicin;rifapentine,within_class,6,5,1,5,4,350,17.5,0.08103789761131212,False,lineage2,100.0,1.0,False
rpoB|p.His445Asn,rpoB|p.His445Leu,rpoB,p.His445Asn,rpoB,p.His445Leu,rifampicin;rifapentine,rifampicin;rifapentine,within_class,6,1,0,6,1,353,0.0,1.0,True,,,1.0,False
rpoB|p.His445Asn,rpoB|p.His445Asp,rpoB,p.His445Asn,rpoB,p.His445Asp,rifampicin;rifapentine,rifampicin;rifapentine,within_class,6,11,0,6,11,343,0.0,1.0,False,,,1.0,False
rpoB|p.His445Asp,rrs|n.1402C>T,rpoB,p.His445Asp,rrs,n.1402C>T,rifampicin;rifapentine,amikacin;capreomycin;kanamycin,cross_class,11,2,0,11,2,347,0.0,1.0,True,,,1.0,False
rpoB|p.His445Asp,rrs|n.1401A>G,rpoB,p.His445Asp,rrs,n.1401A>G,rifampicin;rifapentine,amikacin;capreomycin;kanamycin,cross_class,11,85,0,11,85,264,0.0,0.07351304491200376,False,,,1.0,False
rpoB|p.His445Asp,rrl|n.2814G>T,rpoB,p.His445Asp,rrl,n.2814G>T,rifampicin;rifapentine,linezolid,cross_class,11,2,0,11,2,347,0.0,1.0,True,,,1.0,False
rpoB|p.His445Asp,rrl|n.2270G>T,rpoB,p.His445Asp,rrl,n.2270G>T,rifampicin;rifapentine,linezolid,cross_class,11,2,0,11,2,347,0.0,1.0,True,,,1.0,False
rpoB|p.His445Asp,rpsL|p.Lys88Arg,rpoB,p.His445Asp,rpsL,p.Lys88Arg,rifampicin;rifapentine,streptomycin,cross_class,11,8,0,11,8,341,0.0,1.0,False,,,1.0,False
rpoB|p.His445Asp,rpsL|p.Lys43Arg,rpoB,p.His445Asp,rpsL,p.Lys43Arg,rifampicin;rifapentine,streptomycin,cross_class,11,26,1,10,25,324,1.296,0.5668763997607089,False,lineage2,100.0,1.0,False
rpoB|p.His445Asp,rpoB|p.Val170Phe,rpoB,p.His445Asp,rpoB,p.Val170Phe,rifampicin;rifapentine,rifampicin;rifapentine,within_class,11,2,0,11,2,347,0.0,1.0,True,,,1.0,False
rpoB|p.His445Asp,rpoB|p.Leu452Pro,rpoB,p.His445Asp,rpoB,p.Leu452Pro,rifampicin;rifapentine,rifampicin;rifapentine,within_class,11,10,0,11,10,339,0.0,1.0,False,,,1.0,False
rpoB|p.His445Asp,rpoB|p.Leu430Pro,rpoB,p.His445Asp,rpoB,p.Leu430Pro,rifampicin;rifapentine,rifampicin;rifapentine,within_class,11,22,0,11,22,327,0.0,1.0,False,,,1.0,False
rpoB|p.His445Asp,rpoB|p.Ile491Phe,rpoB,p.His445Asp,rpoB,p.Ile491Phe,rifampicin;rifapentine,rifampicin;rifapentine,within_class,11,1,0,11,1,348,0.0,1.0,True,,,1.0,False
rpoB|p.His445Asp,rpoB|p.His445Tyr,rpoB,p.His445Asp,rpoB,p.His445Tyr,rifampicin;rifapentine,rifampicin;rifapentine,within_class,11,5,0,11,5,344,0.0,1.0,False,,,1.0,False
rpoB|p.His445Asp,rpoB|p.His445Leu,rpoB,p.His445Asp,rpoB,p.His445Leu,rifampicin;rifapentine,rifampicin;rifapentine,within_class,11,1,0,11,1,348,0.0,1.0,True,,,1.0,False
rpoB|p.His445Asn,tlyA|c.585_588delTGGG,rpoB,p.His445Asn,tlyA,c.585_588delTGGG,rifampicin;rifapentine,capreomycin,cross_class,6,30,0,6,30,324,0.0,1.0,False,,,1.0,False
rpoB|p.His445Asn,tlyA|c.388dupG,rpoB,p.His445Asn,tlyA,c.388dupG,rifampicin;rifapentine,capreomycin,cross_class,6,1,0,6,1,353,0.0,1.0,True,,,1.0,False
rpoB|p.His445Leu,rrs|n.514A>C,rpoB,p.His445Leu,rrs,n.514A>C,rifampicin;rifapentine,streptomycin,cross_class,1,164,0,1,164,195,0.0,1.0,True,,,1.0,False
rpoB|p.His445Leu,rrs|n.1402C>T,rpoB,p.His445Leu,rrs,n.1402C>T,rifampicin;rifapentine,amikacin;capreomycin;kanamycin,cross_class,1,2,0,1,2,357,0.0,1.0,True,,,1.0,False
rpoB|p.His445Leu,rrs|n.1401A>G,rpoB,p.His445Leu,rrs,n.1401A>G,rifampicin;rifapentine,amikacin;capreomycin;kanamycin,cross_class,1,85,0,1,85,274,0.0,1.0,True,,,1.0,False
rpoB|p.His445Leu,rrl|n.2814G>T,rpoB,p.His445Leu,rrl,n.2814G>T,rifampicin;rifapentine,linezolid,cross_class,1,2,0,1,2,357,0.0,1.0,True,,,1.0,False
rpoB|p.His445Leu,rrl|n.2270G>T,rpoB,p.His445Leu,rrl,n.2270G>T,rifampicin;rifapentine,linezolid,cross_class,1,2,0,1,2,357,0.0,1.0,True,,,1.0,False
rpoB|p.His445Leu,rpsL|p.Lys88Arg,rpoB,p.His445Leu,rpsL,p.Lys88Arg,rifampicin;rifapentine,streptomycin,cross_class,1,8,0,1,8,351,0.0,1.0,True,,,1.0,False
rpoB|p.His445Leu,rpsL|p.Lys43Arg,rpoB,p.His445Leu,rpsL,p.Lys43Arg,rifampicin;rifapentine,streptomycin,cross_class,1,26,0,1,26,333,0.0,1.0,True,,,1.0,False
rpoB|p.His445Leu,rpoB|p.Val170Phe,rpoB,p.His445Leu,rpoB,p.Val170Phe,rifampicin;rifapentine,rifampicin;rifapentine,within_class,1,2,0,1,2,357,0.0,1.0,True,,,1.0,False
rpoB|p.His445Leu,rpoB|p.Ser450Leu,rpoB,p.His445Leu,rpoB,p.Ser450Leu,rifampicin;rifapentine,rifampicin;rifapentine,within_class,1,139,0,1,139,220,0.0,1.0,True,,,1.0,False
rpoB|p.His445Leu,rpoB|p.Leu452Pro,rpoB,p.His445Leu,rpoB,p.Leu452Pro,rifampicin;rifapentine,rifampicin;rifapentine,within_class,1,10,0,1,10,349,0.0,1.0,True,,,1.0,False
rpoB|p.His445Leu,rpoB|p.Leu430Pro,rpoB,p.His445Leu,rpoB,p.Leu430Pro,rifampicin;rifapentine,rifampicin;rifapentine,within_class,1,22,0,1,22,337,0.0,1.0,True,,,1.0,False
rpoB|p.His445Leu,rpoB|p.Ile491Phe,rpoB,p.His445Leu,rpoB,p.Ile491Phe,rifampicin;rifapentine,rifampicin;rifapentine,within_class,1,1,0,1,1,358,0.0,1.0,True,,,1.0,False
rpoB|p.His445Leu,rpoB|p.His445Tyr,rpoB,p.His445Leu,rpoB,p.His445Tyr,rifampicin;rifapentine,rifampicin;rifapentine,within_class,1,5,0,1,5,354,0.0,1.0,True,,,1.0,False
rpoB|p.His445Asp,tlyA|c.585_588delTGGG,rpoB,p.His445Asp,tlyA,c.585_588delTGGG,rifampicin;rifapentine,capreomycin,cross_class,11,30,0,11,30,319,0.0,0.6095796585618848,False,,,1.0,False
rpoB|p.His445Asp,tlyA|c.388dupG,rpoB,p.His445Asp,tlyA,c.388dupG,rifampicin;rifapentine,capreomycin,cross_class,11,1,0,11,1,348,0.0,1.0,True,,,1.0,False
rpoB|p.His445Asp,rrs|n.517C>T,rpoB,p.His445Asp,rrs,n.517C>T,rifampicin;rifapentine,streptomycin,cross_class,11,2,0,11,2,347,0.0,1.0,True,,,1.0,False
rpoB|p.His445Tyr,rrs|n.517C>T,rpoB,p.His445Tyr,rrs,n.517C>T,rifampicin;rifapentine,streptomycin,cross_class,5,2,0,5,2,353,0.0,1.0,True,,,1.0,False
rpoB|p.His445Tyr,rrs|n.514A>C,rpoB,p.His445Tyr,rrs,n.514A>C,rifampicin;rifapentine,streptomycin,cross_class,5,164,0,5,164,191,0.0,0.06569654207366954,False,,,1.0,False
rpoB|p.His445Tyr,rrs|n.1402C>T,rpoB,p.His445Tyr,rrs,n.1402C>T,rifampicin;rifapentine,amikacin;capreomycin;kanamycin,cross_class,5,2,0,5,2,353,0.0,1.0,True,,,1.0,False
rpoB|p.His445Tyr,rrs|n.1401A>G,rpoB,p.His445Tyr,rrs,n.1401A>G,rifampicin;rifapentine,amikacin;capreomycin;kanamycin,cross_class,5,85,0,5,85,270,0.0,0.5956052137641474,False,,,1.0,False
rpoB|p.His445Tyr,rrl|n.2814G>T,rpoB,p.His445Tyr,rrl,n.2814G>T,rifampicin;rifapentine,linezolid,cross_class,5,2,0,5,2,353,0.0,1.0,True,,,1.0,False
rpoB|p.His445Tyr,rrl|n.2270G>T,rpoB,p.His445Tyr,rrl,n.2270G>T,rifampicin;rifapentine,linezolid,cross_class,5,2,0,5,2,353,0.0,1.0,True,,,1.0,False
rpoB|p.His445Tyr,rpsL|p.Lys88Arg,rpoB,p.His445Tyr,rpsL,p.Lys88Arg,rifampicin;rifapentine,streptomycin,cross_class,5,8,0,5,8,347,0.0,1.0,False,,,1.0,False
rpoB|p.His445Tyr,rpsL|p.Lys43Arg,rpoB,p.His445Tyr,rpsL,p.Lys43Arg,rifampicin;rifapentine,streptomycin,cross_class,5,26,0,5,26,329,0.0,1.0,False,,,1.0,False
rpoB|p.His445Tyr,rpoB|p.Val170Phe,rpoB,p.His445Tyr,rpoB,p.Val170Phe,rifampicin;rifapentine,rifampicin;rifapentine,within_class,5,2,0,5,2,353,0.0,1.0,True,,,1.0,False
rpoB|p.His445Tyr,rpoB|p.Ser450Leu,rpoB,p.His445Tyr,rpoB,p.Ser450Leu,rifampicin;rifapentine,rifampicin;rifapentine,within_class,5,139,0,5,139,216,0.0,0.16102605143022566,False,,,1.0,False
rpoB|p.His445Tyr,rpoB|p.Leu452Pro,rpoB,p.His445Tyr,rpoB,p.Leu452Pro,rifampicin;rifapentine,rifampicin;rifapentine,within_class,5,10,0,5,10,345,0.0,1.0,False,,,1.0,False
rpoB|p.His445Tyr,rpoB|p.Leu430Pro,rpoB,p.His445Tyr,rpoB,p.Leu430Pro,rifampicin;rifapentine,rifampicin;rifapentine,within_class,5,22,0,5,22,333,0.0,1.0,False,,,1.0,False
rpoB|p.His445Tyr,rpoB|p.Ile491Phe,rpoB,p.His445Tyr,rpoB,p.Ile491Phe,rifampicin;rifapentine,rifampicin;rifapentine,within_class,5,1,0,5,1,354,0.0,1.0,True,,,1.0,False
rpoB|p.His445Leu,tlyA|c.585_588delTGGG,rpoB,p.His445Leu,tlyA,c.585_588delTGGG,rifampicin;rifapentine,capreomycin,cross_class,1,30,0,1,30,329,0.0,1.0,True,,,1.0,False
rpoB|p.His445Leu,tlyA|c.388dupG,rpoB,p.His445Leu,tlyA,c.388dupG,rifampicin;rifapentine,capreomycin,cross_class,1,1,0,1,1,358,0.0,1.0,True,,,1.0,False
rpoB|p.His445Leu,rrs|n.517C>T,rpoB,p.His445Leu,rrs,n.517C>T,rifampicin;rifapentine,streptomycin,cross_class,1,2,0,1,2,357,0.0,1.0,True,,,1.0,False
rpoB|p.Ile491Phe,tlyA|c.585_588delTGGG,rpoB,p.Ile491Phe,tlyA,c.585_588delTGGG,rifampicin;rifapentine,capreomycin,cross_class,1,30,0,1,30,329,0.0,1.0,True,,,1.0,False
rpoB|p.Ile491Phe,tlyA|c.388dupG,rpoB,p.Ile491Phe,tlyA,c.388dupG,rifampicin;rifapentine,capreomycin,cross_class,1,1,0,1,1,358,0.0,1.0,True,,,1.0,False
rpoB|p.Ile491Phe,rrs|n.517C>T,rpoB,p.Ile491Phe,rrs,n.517C>T,rifampicin;rifapentine,streptomycin,cross_class,1,2,0,1,2,357,0.0,1.0,True,,,1.0,False
rpoB|p.Ile491Phe,rrs|n.514A>C,rpoB,p.Ile491Phe,rrs,n.514A>C,rifampicin;rifapentine,streptomycin,cross_class,1,164,0,1,164,195,0.0,1.0,True,,,1.0,False
rpoB|p.Ile491Phe,rrs|n.1402C>T,rpoB,p.Ile491Phe,rrs,n.1402C>T,rifampicin;rifapentine,amikacin;capreomycin;kanamycin,cross_class,1,2,0,1,2,357,0.0,1.0,True,,,1.0,False
rpoB|p.Ile491Phe,rrs|n.1401A>G,rpoB,p.Ile491Phe,rrs,n.1401A>G,rifampicin;rifapentine,amikacin;capreomycin;kanamycin,cross_class,1,85,0,1,85,274,0.0,1.0,True,,,1.0,False
rpoB|p.Ile491Phe,rrl|n.2814G>T,rpoB,p.Ile491Phe,rrl,n.2814G>T,rifampicin;rifapentine,linezolid,cross_class,1,2,0,1,2,357,0.0,1.0,True,,,1.0,False
rpoB|p.Ile491Phe,rrl|n.2270G>T,rpoB,p.Ile491Phe,rrl,n.2270G>T,rifampicin;rifapentine,linezolid,cross_class,1,2,0,1,2,357,0.0,1.0,True,,,1.0,False
rpoB|p.Ile491Phe,rpsL|p.Lys88Arg,rpoB,p.Ile491Phe,rpsL,p.Lys88Arg,rifampicin;rifapentine,streptomycin,cross_class,1,8,0,1,8,351,0.0,1.0,True,,,1.0,False
rpoB|p.Ile491Phe,rpsL|p.Lys43Arg,rpoB,p.Ile491Phe,rpsL,p.Lys43Arg,rifampicin;rifapentine,streptomycin,cross_class,1,26,0,1,26,333,0.0,1.0,True,,,1.0,False
rpoB|p.Ile491Phe,rpoB|p.Val170Phe,rpoB,p.Ile491Phe,rpoB,p.Val170Phe,rifampicin;rifapentine,rifampicin;rifapentine,within_class,1,2,0,1,2,357,0.0,1.0,True,,,1.0,False
rpoB|p.Ile491Phe,rpoB|p.Ser450Leu,rpoB,p.Ile491Phe,rpoB,p.Ser450Leu,rifampicin;rifapentine,rifampicin;rifapentine,within_class,1,139,0,1,139,220,0.0,1.0,True,,,1.0,False
rpoB|p.Ile491Phe,rpoB|p.Leu452Pro,rpoB,p.Ile491Phe,rpoB,p.Leu452Pro,rifampicin;rifapentine,rifampicin;rifapentine,within_class,1,10,0,1,10,349,0.0,1.0,True,,,1.0,False
rpoB|p.Ile491Phe,rpoB|p.Leu430Pro,rpoB,p.Ile491Phe,rpoB,p.Leu430Pro,rifampicin;rifapentine,rifampicin;rifapentine,within_class,1,22,0,1,22,337,0.0,1.0,True,,,1.0,False
rpoB|p.His445Tyr,tlyA|c.585_588delTGGG,rpoB,p.His445Tyr,tlyA,c.585_588delTGGG,rifampicin;rifapentine,capreomycin,cross_class,5,30,0,5,30,325,0.0,1.0,False,,,1.0,False
rpoB|p.His445Tyr,tlyA|c.388dupG,rpoB,p.His445Tyr,tlyA,c.388dupG,rifampicin;rifapentine,capreomycin,cross_class,5,1,0,5,1,354,0.0,1.0,True,,,1.0,False
rpoB|p.Leu452Pro,rpsL|p.Lys43Arg,rpoB,p.Leu452Pro,rpsL,p.Lys43Arg,rifampicin;rifapentine,streptomycin,cross_class,10,26,1,9,25,325,1.4444444444444444,0.5321195676427413,False,lineage2,100.0,1.0,False
rpoB|p.Leu452Pro,rpoB|p.Val170Phe,rpoB,p.Leu452Pro,rpoB,p.Val170Phe,rifampicin;rifapentine,rifampicin;rifapentine,within_class,10,2,0,10,2,348,0.0,1.0,True,,,1.0,False
rpoB|p.Leu430Pro,tlyA|c.585_588delTGGG,rpoB,p.Leu430Pro,tlyA,c.585_588delTGGG,rifampicin;rifapentine,capreomycin,cross_class,22,30,0,22,30,308,0.0,0.23785443530042658,False,,,1.0,False
rpoB|p.Leu430Pro,tlyA|c.388dupG,rpoB,p.Leu430Pro,tlyA,c.388dupG,rifampicin;rifapentine,capreomycin,cross_class,22,1,0,22,1,337,0.0,1.0,True,,,1.0,False
rpoB|p.Leu430Pro,rrs|n.517C>T,rpoB,p.Leu430Pro,rrs,n.517C>T,rifampicin;rifapentine,streptomycin,cross_class,22,2,0,22,2,336,0.0,1.0,True,,,1.0,False
rpoB|p.Leu430Pro,rrs|n.1402C>T,rpoB,p.Leu430Pro,rrs,n.1402C>T,rifampicin;rifapentine,amikacin;capreomycin;kanamycin,cross_class,22,2,0,22,2,336,0.0,1.0,True,,,1.0,False
rpoB|p.Leu430Pro,rrl|n.2814G>T,rpoB,p.Leu430Pro,rrl,n.2814G>T,rifampicin;rifapentine,linezolid,cross_class,22,2,0,22,2,336,0.0,1.0,True,,,1.0,False
rpoB|p.Leu430Pro,rrl|n.2270G>T,rpoB,p.Leu430Pro,rrl,n.2270G>T,rifampicin;rifapentine,linezolid,cross_class,22,2,0,22,2,336,0.0,1.0,True,,,1.0,False
rpoB|p.Leu430Pro,rpsL|p.Lys88Arg,rpoB,p.Leu430Pro,rpsL,p.Lys88Arg,rifampicin;rifapentine,streptomycin,cross_class,22,8,1,21,7,331,2.251700680272109,0.3992649760743144,False,lineage2,100.0,1.0,False
rpoB|p.Leu430Pro,rpsL|p.Lys43Arg,rpoB,p.Leu430Pro,rpsL,p.Lys43Arg,rifampicin;rifapentine,streptomycin,cross_class,22,26,0,22,26,312,0.0,0.38785501936828726,False,,,1.0,False
rpoB|p.Leu430Pro,rpoB|p.Val170Phe,rpoB,p.Leu430Pro,rpoB,p.Val170Phe,rifampicin;rifapentine,rifampicin;rifapentine,within_class,22,2,1,21,1,337,16.047619047619047,0.1186474775611266,True,lineage2,100.0,1.0,False
rpoB|p.Leu430Pro,rpoB|p.Leu452Pro,rpoB,p.Leu430Pro,rpoB,p.Leu452Pro,rifampicin;rifapentine,rifampicin;rifapentine,within_class,22,10,0,22,10,328,0.0,1.0,False,,,1.0,False
rpoB|p.Ser450Leu,rrs|n.1402C>T,rpoB,p.Ser450Leu,rrs,n.1402C>T,rifampicin;rifapentine,amikacin;capreomycin;kanamycin,cross_class,139,2,2,137,0,221,inf,0.14842154131847723,True,lineage2,100.0,1.0,False
rpoB|p.Ser450Leu,rrl|n.2814G>T,rpoB,p.Ser450Leu,rrl,n.2814G>T,rifampicin;rifapentine,linezolid,cross_class,139,2,1,138,1,220,1.5942028985507246,1.0,True,lineage2,100.0,1.0,False
rpoB|p.Ser450Leu,rrl|n.2270G>T,rpoB,p.Ser450Leu,rrl,n.2270G>T,rifampicin;rifapentine,linezolid,cross_class,139,2,1,138,1,220,1.5942028985507246,1.0,True,lineage2,100.0,1.0,False
rpoB|p.Ser450Leu,rpsL|p.Lys88Arg,rpoB,p.Ser450Leu,rpsL,p.Lys88Arg,rifampicin;rifapentine,streptomycin,cross_class,139,8,5,134,3,218,2.711442786069652,0.26919946146889995,False,lineage2,100.0,1.0,False
rpoB|p.Ser450Leu,rpoB|p.Val170Phe,rpoB,p.Ser450Leu,rpoB,p.Val170Phe,rifampicin;rifapentine,rifampicin;rifapentine,within_class,139,2,0,139,2,219,0.0,0.5246208604147322,True,,,1.0,False
rpoB|p.Leu452Pro,tlyA|c.585_588delTGGG,rpoB,p.Leu452Pro,tlyA,c.585_588delTGGG,rifampicin;rifapentine,capreomycin,cross_class,10,30,0,10,30,320,0.0,1.0,False,,,1.0,False
rpoB|p.Leu452Pro,tlyA|c.388dupG,rpoB,p.Leu452Pro,tlyA,c.388dupG,rifampicin;rifapentine,capreomycin,cross_class,10,1,0,10,1,349,0.0,1.0,True,,,1.0,False
rpoB|p.Leu452Pro,rrs|n.517C>T,rpoB,p.Leu452Pro,rrs,n.517C>T,rifampicin;rifapentine,streptomycin,cross_class,10,2,0,10,2,348,0.0,1.0,True,,,1.0,False
rpoB|p.Leu452Pro,rrs|n.1402C>T,rpoB,p.Leu452Pro,rrs,n.1402C>T,rifampicin;rifapentine,amikacin;capreomycin;kanamycin,cross_class,10,2,0,10,2,348,0.0,1.0,True,,,1.0,False
rpoB|p.Leu452Pro,rrs|n.1401A>G,rpoB,p.Leu452Pro,rrs,n.1401A>G,rifampicin;rifapentine,amikacin;capreomycin;kanamycin,cross_class,10,85,0,10,85,265,0.0,0.12530811515185492,False,,,1.0,False
rpoB|p.Leu452Pro,rrl|n.2814G>T,rpoB,p.Leu452Pro,rrl,n.2814G>T,rifampicin;rifapentine,linezolid,cross_class,10,2,0,10,2,348,0.0,1.0,True,,,1.0,False
rpoB|p.Leu452Pro,rrl|n.2270G>T,rpoB,p.Leu452Pro,rrl,n.2270G>T,rifampicin;rifapentine,linezolid,cross_class,10,2,0,10,2,348,0.0,1.0,True,,,1.0,False
rpoB|p.Leu452Pro,rpsL|p.Lys88Arg,rpoB,p.Leu452Pro,rpsL,p.Lys88Arg,rifampicin;rifapentine,streptomycin,cross_class,10,8,0,10,8,342,0.0,1.0,False,,,1.0,False
rpsL|p.Lys43Arg,rrl|n.2270G>T,rpsL,p.Lys43Arg,rrl,n.2270G>T,streptomycin,linezolid,cross_class,26,2,0,26,2,332,0.0,1.0,True,,,1.0,False
rpsL|p.Lys43Arg,rpsL|p.Lys88Arg,rpsL,p.Lys43Arg,rpsL,p.Lys88Arg,streptomycin,streptomycin,within_class,26,8,0,26,8,326,0.0,1.0,False,,,1.0,False
rpoB|p.Val170Phe,tlyA|c.585_588delTGGG,rpoB,p.Val170Phe,tlyA,c.585_588delTGGG,rifampicin;rifapentine,capreomycin,cross_class,2,30,0,2,30,328,0.0,1.0,True,,,1.0,False
rpoB|p.Val170Phe,tlyA|c.388dupG,rpoB,p.Val170Phe,tlyA,c.388dupG,rifampicin;rifapentine,capreomycin,cross_class,2,1,0,2,1,357,0.0,1.0,True,,,1.0,False
rpoB|p.Val170Phe,rrs|n.517C>T,rpoB,p.Val170Phe,rrs,n.517C>T,rifampicin;rifapentine,streptomycin,cross_class,2,2,0,2,2,356,0.0,1.0,True,,,1.0,False
rpoB|p.Val170Phe,rrs|n.514A>C,rpoB,p.Val170Phe,rrs,n.514A>C,rifampicin;rifapentine,streptomycin,cross_class,2,164,0,2,164,194,0.0,0.5025688641287527,True,,,1.0,False
rpoB|p.Val170Phe,rrs|n.1402C>T,rpoB,p.Val170Phe,rrs,n.1402C>T,rifampicin;rifapentine,amikacin;capreomycin;kanamycin,cross_class,2,2,0,2,2,356,0.0,1.0,True,,,1.0,False
rpoB|p.Val170Phe,rrs|n.1401A>G,rpoB,p.Val170Phe,rrs,n.1401A>G,rifampicin;rifapentine,amikacin;capreomycin;kanamycin,cross_class,2,85,0,2,85,273,0.0,1.0,True,,,1.0,False
rpoB|p.Val170Phe,rrl|n.2814G>T,rpoB,p.Val170Phe,rrl,n.2814G>T,rifampicin;rifapentine,linezolid,cross_class,2,2,0,2,2,356,0.0,1.0,True,,,1.0,False
rpoB|p.Val170Phe,rrl|n.2270G>T,rpoB,p.Val170Phe,rrl,n.2270G>T,rifampicin;rifapentine,linezolid,cross_class,2,2,0,2,2,356,0.0,1.0,True,,,1.0,False
rpoB|p.Val170Phe,rpsL|p.Lys88Arg,rpoB,p.Val170Phe,rpsL,p.Lys88Arg,rifampicin;rifapentine,streptomycin,cross_class,2,8,0,2,8,350,0.0,1.0,True,,,1.0,False
rpoB|p.Val170Phe,rpsL|p.Lys43Arg,rpoB,p.Val170Phe,rpsL,p.Lys43Arg,rifampicin;rifapentine,streptomycin,cross_class,2,26,0,2,26,332,0.0,1.0,True,,,1.0,False
rpoB|p.Ser450Leu,tlyA|c.388dupG,rpoB,p.Ser450Leu,tlyA,c.388dupG,rifampicin;rifapentine,capreomycin,cross_class,139,1,1,138,0,221,inf,0.3861111111111111,True,lineage2,100.0,1.0,False
rpoB|p.Ser450Leu,rrs|n.517C>T,rpoB,p.Ser450Leu,rrs,n.517C>T,rifampicin;rifapentine,streptomycin,cross_class,139,2,2,137,0,221,inf,0.14842154131847723,True,lineage2,100.0,1.0,False
rpsL|p.Lys88Arg,tlyA|c.585_588delTGGG,rpsL,p.Lys88Arg,tlyA,c.585_588delTGGG,streptomycin,capreomycin,cross_class,8,30,0,8,30,322,0.0,1.0,False,,,1.0,False
rpsL|p.Lys88Arg,tlyA|c.388dupG,rpsL,p.Lys88Arg,tlyA,c.388dupG,streptomycin,capreomycin,cross_class,8,1,0,8,1,351,0.0,1.0,True,,,1.0,False
rpsL|p.Lys88Arg,rrs|n.517C>T,rpsL,p.Lys88Arg,rrs,n.517C>T,streptomycin,streptomycin,within_class,8,2,0,8,2,350,0.0,1.0,True,,,1.0,False
rpsL|p.Lys88Arg,rrs|n.1402C>T,rpsL,p.Lys88Arg,rrs,n.1402C>T,streptomycin,amikacin;capreomycin;kanamycin,cross_class,8,2,0,8,2,350,0.0,1.0,True,,,1.0,False
rpsL|p.Lys88Arg,rrs|n.1401A>G,rpsL,p.Lys88Arg,rrs,n.1401A>G,streptomycin,amikacin;capreomycin;kanamycin,cross_class,8,85,0,8,85,267,0.0,0.20625228573299254,False,,,1.0,False
rpsL|p.Lys88Arg,rrl|n.2814G>T,rpsL,p.Lys88Arg,rrl,n.2814G>T,streptomycin,linezolid,cross_class,8,2,0,8,2,350,0.0,1.0,True,,,1.0,False
rpsL|p.Lys88Arg,rrl|n.2270G>T,rpsL,p.Lys88Arg,rrl,n.2270G>T,streptomycin,linezolid,cross_class,8,2,0,8,2,350,0.0,1.0,True,,,1.0,False
rpsL|p.Lys43Arg,tlyA|c.585_588delTGGG,rpsL,p.Lys43Arg,tlyA,c.585_588delTGGG,streptomycin,capreomycin,cross_class,26,30,0,26,30,304,0.0,0.1489593674388425,False,,,1.0,False
rpsL|p.Lys43Arg,tlyA|c.388dupG,rpsL,p.Lys43Arg,tlyA,c.388dupG,streptomycin,capreomycin,cross_class,26,1,1,25,0,334,inf,0.07222222222222223,True,lineage2,100.0,1.0,False
rpsL|p.Lys43Arg,rrs|n.517C>T,rpsL,p.Lys43Arg,rrs,n.517C>T,streptomycin,streptomycin,within_class,26,2,0,26,2,332,0.0,1.0,True,,,1.0,False
rpsL|p.Lys43Arg,rrs|n.1402C>T,rpsL,p.Lys43Arg,rrs,n.1402C>T,streptomycin,amikacin;capreomycin;kanamycin,cross_class,26,2,0,26,2,332,0.0,1.0,True,,,1.0,False
rpsL|p.Lys43Arg,rrs|n.1401A>G,rpsL,p.Lys43Arg,rrs,n.1401A>G,streptomycin,amikacin;capreomycin;kanamycin,cross_class,26,85,6,20,79,255,0.9683544303797469,1.0,False,lineage2,100.0,1.0,False
rpsL|p.Lys43Arg,rrl|n.2814G>T,rpsL,p.Lys43Arg,rrl,n.2814G>T,streptomycin,linezolid,cross_class,26,2,0,26,2,332,0.0,1.0,True,,,1.0,False
atpE|p.Glu61Asp,inhA|c.-779G>T,atpE,p.Glu61Asp,inhA,c.-779G>T,bedaquiline,ethionamide;isoniazid;prothionamide,cross_class,1,105,0,1,105,254,0.0,1.0,True,,,1.0,False
atpE|p.Glu61Asp,inhA|c.-777C>T,atpE,p.Glu61Asp,inhA,c.-777C>T,bedaquiline,ethionamide;isoniazid;prothionamide,cross_class,1,29,0,1,29,330,0.0,1.0,True,,,1.0,False
atpE|p.Glu61Asp,inhA|c.-154G>A,atpE,p.Glu61Asp,inhA,c.-154G>A,bedaquiline,ethionamide;isoniazid;prothionamide,cross_class,1,8,0,1,8,351,0.0,1.0,True,,,1.0,False
atpE|p.Glu61Asp,gyrB|p.Glu501Asp,atpE,p.Glu61Asp,gyrB,p.Glu501Asp,bedaquiline,levofloxacin;moxifloxacin,cross_class,1,3,0,1,3,356,0.0,1.0,True,,,1.0,False
atpE|p.Glu61Asp,gyrB|p.Asp461Asn,atpE,p.Glu61Asp,gyrB,p.Asp461Asn,bedaquiline,levofloxacin;moxifloxacin,cross_class,1,1,0,1,1,358,0.0,1.0,True,,,1.0,False
atpE|p.Glu61Asp,gyrB|p.Asn499Thr,atpE,p.Glu61Asp,gyrB,p.Asn499Thr,bedaquiline,levofloxacin;moxifloxacin,cross_class,1,2,0,1,2,357,0.0,1.0,True,,,1.0,False
atpE|p.Glu61Asp,gyrA|p.Ser91Pro,atpE,p.Glu61Asp,gyrA,p.Ser91Pro,bedaquiline,levofloxacin;moxifloxacin,cross_class,1,47,0,1,47,312,0.0,1.0,True,,,1.0,False
atpE|p.Glu61Asp,gyrA|p.Gly88Cys,atpE,p.Glu61Asp,gyrA,p.Gly88Cys,bedaquiline,levofloxacin;moxifloxacin,cross_class,1,6,0,1,6,353,0.0,1.0,True,,,1.0,False
atpE|p.Glu61Asp,gyrA|p.Asp94Tyr,atpE,p.Glu61Asp,gyrA,p.Asp94Tyr,bedaquiline,levofloxacin;moxifloxacin,cross_class,1,3,0,1,3,356,0.0,1.0,True,,,1.0,False
atpE|p.Glu61Asp,gyrA|p.Asp94His,atpE,p.Glu61Asp,gyrA,p.Asp94His,bedaquiline,levofloxacin;moxifloxacin,cross_class,1,13,0,1,13,346,0.0,1.0,True,,,1.0,False
atpE|p.Glu61Asp,gyrA|p.Asp94Gly,atpE,p.Glu61Asp,gyrA,p.Asp94Gly,bedaquiline,levofloxacin;moxifloxacin,cross_class,1,59,0,1,59,300,0.0,1.0,True,,,1.0,False
atpE|p.Glu61Asp,gyrA|p.Asp94Asn,atpE,p.Glu61Asp,gyrA,p.Asp94Asn,bedaquiline,levofloxacin;moxifloxacin,cross_class,1,13,0,1,13,346,0.0,1.0,True,,,1.0,False
atpE|p.Glu61Asp,gyrA|p.Asp94Ala,atpE,p.Glu61Asp,gyrA,p.Asp94Ala,bedaquiline,levofloxacin;moxifloxacin,cross_class,1,5,0,1,5,354,0.0,1.0,True,,,1.0,False
atpE|p.Glu61Asp,gyrA|p.Ala90Val,atpE,p.Glu61Asp,gyrA,p.Ala90Val,bedaquiline,levofloxacin;moxifloxacin,cross_class,1,46,0,1,46,313,0.0,1.0,True,,,1.0,False
atpE|p.Glu61Asp,fbiC|p.Tyr104*,atpE,p.Glu61Asp,fbiC,p.Tyr104*,bedaquiline,delamanid;pretomanid,cross_class,1,1,0,1,1,358,0.0,1.0,True,,,1.0,False
atpE|p.Glu61Asp,fbiC|p.Trp444*,atpE,p.Glu61Asp,fbiC,p.Trp444*,bedaquiline,delamanid;pretomanid,cross_class,1,1,0,1,1,358,0.0,1.0,True,,,1.0,False
rrs|n.1402C>T,rrs|n.514A>C,rrs,n.1402C>T,rrs,n.514A>C,amikacin;capreomycin;kanamycin,streptomycin,cross_class,2,164,2,0,162,196,inf,0.20683998761993191,True,lineage2,100.0,1.0,False
rrs|n.1402C>T,rrs|n.517C>T,rrs,n.1402C>T,rrs,n.517C>T,amikacin;capreomycin;kanamycin,streptomycin,cross_class,2,2,0,2,2,356,0.0,1.0,True,,,1.0,False
rrs|n.1402C>T,tlyA|c.388dupG,rrs,n.1402C>T,tlyA,c.388dupG,amikacin;capreomycin;kanamycin,capreomycin,within_class,2,1,0,2,1,357,0.0,1.0,True,,,1.0,False
rrs|n.1402C>T,tlyA|c.585_588delTGGG,rrs,n.1402C>T,tlyA,c.585_588delTGGG,amikacin;capreomycin;kanamycin,capreomycin,within_class,2,30,0,2,30,328,0.0,1.0,True,,,1.0,False
rrs|n.514A>C,rrs|n.517C>T,rrs,n.514A>C,rrs,n.517C>T,streptomycin,streptomycin,within_class,164,2,0,164,2,194,0.0,0.5025688641287527,True,,,1.0,False
rrs|n.514A>C,tlyA|c.388dupG,rrs,n.514A>C,tlyA,c.388dupG,streptomycin,capreomycin,cross_class,164,1,0,164,1,195,0.0,1.0,True,,,1.0,False
atpE|p.Glu61Asp,eis|c.-10G>A,atpE,p.Glu61Asp,eis,c.-10G>A,bedaquiline,kanamycin,cross_class,1,1,0,1,1,358,0.0,1.0,True,,,1.0,False
rrs|n.517C>T,tlyA|c.388dupG,rrs,n.517C>T,tlyA,c.388dupG,streptomycin,capreomycin,cross_class,2,1,0,2,1,357,0.0,1.0,True,,,1.0,False
rrs|n.517C>T,tlyA|c.585_588delTGGG,rrs,n.517C>T,tlyA,c.585_588delTGGG,streptomycin,capreomycin,cross_class,2,30,0,2,30,328,0.0,1.0,True,,,1.0,False
tlyA|c.388dupG,tlyA|c.585_588delTGGG,tlyA,c.388dupG,tlyA,c.585_588delTGGG,capreomycin,capreomycin,within_class,1,30,0,1,30,329,0.0,1.0,True,,,1.0,False
atpE|p.Glu61Asp,ddn|c.365_366insC,atpE,p.Glu61Asp,ddn,c.365_366insC,bedaquiline,delamanid;pretomanid,cross_class,1,1,0,1,1,358,0.0,1.0,True,,,1.0,False
