mutation_id_1,mutation_id_2,gene_1,change_1,gene_2,change_2,drugs_1,drugs_2,class,n1_in_population,n2_in_population,a_both,b_mut1_only,c_mut2_only,d_neither,odds_ratio,pvalue,low_power_flag,dominant_lineage_among_both_carriers,pct_both_carriers_in_dominant_lineage,padj_BH,significant
gid|c.107delT,pncA|p.Trp68Cys,gid,c.107delT,pncA,p.Trp68Cys,streptomycin,pyrazinamide,cross_class,9,9,9,0,0,108,inf,1.2108151942252873e-13,False,lineage3,100.0,8.064029193540414e-11,True
embB|p.Met306Ile,pncA|p.Trp68Cys,embB,p.Met306Ile,pncA,p.Trp68Cys,ethambutol,pyrazinamide,cross_class,10,9,9,1,0,107,inf,1.2108151942252875e-12,False,lineage3,100.0,2.688009731180138e-10,True
embB|p.Met306Ile,gid|c.107delT,embB,p.Met306Ile,gid,c.107delT,ethambutol,streptomycin,cross_class,10,9,9,1,0,107,inf,1.2108151942252875e-12,False,lineage3,100.0,2.688009731180138e-10,True
embB|p.Met306Ile,katG|p.Ser315Thr,embB,p.Met306Ile,katG,p.Ser315Thr,ethambutol,isoniazid,cross_class,10,17,10,0,7,100,inf,2.1803642497493878e-10,False,lineage3,100.0,3.630306475832731e-08,True
gid|c.107delT,katG|p.Ser315Thr,gid,c.107delT,katG,p.Ser315Thr,streptomycin,isoniazid,cross_class,9,17,9,0,8,100,inf,2.9434917371616737e-09,False,lineage3,100.0,3.267275828249458e-07,True
katG|p.Ser315Thr,pncA|p.Trp68Cys,katG,p.Ser315Thr,pncA,p.Trp68Cys,isoniazid,pyrazinamide,cross_class,17,9,9,8,0,100,inf,2.9434917371616737e-09,False,lineage3,100.0,3.267275828249458e-07,True
katG|p.Ser315Thr,rpoB|p.Ser450Leu,katG,p.Ser315Thr,rpoB,p.Ser450Leu,isoniazid,rifampicin;rifapentine,cross_class,17,8,8,9,0,100,inf,3.564895548340249e-08,False,lineage3,100.0,3.3917434788494364e-06,True
pncA|p.Trp68Cys,rpoB|p.Leu430Pro,pncA,p.Trp68Cys,rpoB,p.Leu430Pro,pyrazinamide,rifampicin;rifapentine,cross_class,9,6,5,4,1,107,133.75,4.377804648605437e-06,False,lineage3,100.0,0.0003239575439968023,True
gid|c.107delT,rpoB|p.Leu430Pro,gid,c.107delT,rpoB,p.Leu430Pro,streptomycin,rifampicin;rifapentine,cross_class,9,6,5,4,1,107,133.75,4.377804648605437e-06,False,lineage3,100.0,0.0003239575439968023,True
embB|p.Met306Ile,rpoB|p.Leu430Pro,embB,p.Met306Ile,rpoB,p.Leu430Pro,ethambutol,rifampicin;rifapentine,cross_class,10,6,5,5,1,106,106.0,8.688465054134105e-06,False,lineage3,100.0,0.0005786517726053314,True
gid|c.107delT,gyrA|p.Asp94Gly,gid,c.107delT,gyrA,p.Asp94Gly,streptomycin,levofloxacin;moxifloxacin,cross_class,9,4,4,5,0,108,inf,1.699555080759216e-05,True,lineage3,100.0,0.0009432530698213649,True
gyrA|p.Asp94Gly,pncA|p.Trp68Cys,gyrA,p.Asp94Gly,pncA,p.Trp68Cys,levofloxacin;moxifloxacin,pyrazinamide,cross_class,4,9,4,0,5,108,inf,1.6995550807592156e-05,True,lineage3,100.0,0.0009432530698213649,True
embB|p.Met306Ile,gyrA|p.Asp94Gly,embB,p.Met306Ile,gyrA,p.Asp94Gly,ethambutol,levofloxacin;moxifloxacin,cross_class,10,4,4,6,0,107,inf,2.832591801265359e-05,True,lineage3,100.0,0.0014511585689559454,True
katG|p.Ser315Asn,rpoB|p.Asp435Val,katG,p.Ser315Asn,rpoB,p.Asp435Val,isoniazid,rifampicin;rifapentine,cross_class,2,2,2,0,0,115,inf,0.0001473622163277336,True,lineage3,100.0,0.004673487432108123,True
mmpR5|c.139dupG,rpoB|p.Asp435Tyr,mmpR5,c.139dupG,rpoB,p.Asp435Tyr,bedaquiline;clofazimine,rifampicin;rifapentine,cross_class,2,2,2,0,0,115,inf,0.0001473622163277336,True,lineage3,100.0,0.004673487432108123,True
katG|c.1416_1417dupAG,rpoB|p.His445Asn,katG,c.1416_1417dupAG,rpoB,p.His445Asn,isoniazid,rifampicin;rifapentine,cross_class,2,2,2,0,0,115,inf,0.0001473622163277336,True,lineage3,100.0,0.004673487432108123,True
gyrA|p.Asp94Tyr,mmpR5|c.139dupG,gyrA,p.Asp94Tyr,mmpR5,c.139dupG,levofloxacin;moxifloxacin,bedaquiline;clofazimine,cross_class,2,2,2,0,0,115,inf,0.0001473622163277336,True,lineage3,100.0,0.004673487432108123,True
gyrA|p.Asp94Tyr,pncA|c.390_391dupGG,gyrA,p.Asp94Tyr,pncA,c.390_391dupGG,levofloxacin;moxifloxacin,pyrazinamide,cross_class,2,2,2,0,0,115,inf,0.0001473622163277336,True,lineage3,100.0,0.004673487432108123,True
gyrA|p.Asp94Tyr,rpoB|p.Asp435Tyr,gyrA,p.Asp94Tyr,rpoB,p.Asp435Tyr,levofloxacin;moxifloxacin,rifampicin;rifapentine,cross_class,2,2,2,0,0,115,inf,0.0001473622163277336,True,lineage3,100.0,0.004673487432108123,True
mmpR5|c.139dupG,pncA|c.390_391dupGG,mmpR5,c.139dupG,pncA,c.390_391dupGG,bedaquiline;clofazimine,pyrazinamide,cross_class,2,2,2,0,0,115,inf,0.0001473622163277336,True,lineage3,100.0,0.004673487432108123,True
pncA|c.390_391dupGG,rpoB|p.Asp435Tyr,pncA,c.390_391dupGG,rpoB,p.Asp435Tyr,pyrazinamide,rifampicin;rifapentine,cross_class,2,2,2,0,0,115,inf,0.0001473622163277336,True,lineage3,100.0,0.004673487432108123,True
katG|p.Ser315Thr,rpoB|p.Leu430Pro,katG,p.Ser315Thr,rpoB,p.Leu430Pro,isoniazid,rifampicin;rifapentine,cross_class,17,6,5,12,1,99,41.25,0.00020180873699154146,False,lineage3,100.0,0.006109300856198483,True
gyrA|p.Asp94Gly,katG|p.Ser315Thr,gyrA,p.Asp94Gly,katG,p.Ser315Thr,levofloxacin;moxifloxacin,isoniazid,cross_class,4,17,4,0,13,100,inf,0.0003210270708100741,True,lineage3,100.0,0.009295827354761277,True
mmpR5|c.141_142dupTC,rpoB|p.Asp435Val,mmpR5,c.141_142dupTC,rpoB,p.Asp435Val,bedaquiline;clofazimine,rifampicin;rifapentine,cross_class,6,2,2,4,0,111,inf,0.0022104332449160036,True,lineage3,100.0,0.05888594164456234,False
katG|p.Ser315Asn,mmpR5|c.141_142dupTC,katG,p.Ser315Asn,mmpR5,c.141_142dupTC,isoniazid,bedaquiline;clofazimine,cross_class,2,6,2,0,4,111,inf,0.0022104332449160036,True,lineage3,100.0,0.05888594164456234,False
gyrA|p.Ala90Val,katG|p.Ser315Thr,gyrA,p.Ala90Val,katG,p.Ser315Thr,levofloxacin;moxifloxacin,isoniazid,cross_class,3,17,3,0,14,100,inf,0.0026140775765963174,True,lineage3,100.0,0.06021021319578939,False
gid|c.545delG,katG|p.Ser315Thr,gid,c.545delG,katG,p.Ser315Thr,streptomycin,isoniazid,cross_class,3,17,3,0,14,100,inf,0.0026140775765963174,True,lineage3,100.0,0.06021021319578939,False
gyrA|p.Asp94Gly,mmpR5|c.144dupC,gyrA,p.Asp94Gly,mmpR5,c.144dupC,levofloxacin;moxifloxacin,bedaquiline;clofazimine,cross_class,4,3,2,2,1,112,112.0,0.002621766040056895,True,lineage3,100.0,0.06021021319578939,False
katG|p.Ser315Thr,mmpR5|c.144dupC,katG,p.Ser315Thr,mmpR5,c.144dupC,isoniazid,bedaquiline;clofazimine,cross_class,17,3,3,14,0,100,inf,0.0026140775765963174,True,lineage3,100.0,0.06021021319578939,False
mmpR5|c.141_142dupTC,rpoB|p.Ser450Leu,mmpR5,c.141_142dupTC,rpoB,p.Ser450Leu,bedaquiline;clofazimine,rifampicin;rifapentine,cross_class,6,8,3,3,5,106,21.2,0.0038925934904354637,False,lineage3,100.0,0.08526090694246814,False
katG|p.Ser315Thr,mmpR5|c.141_142dupTC,katG,p.Ser315Thr,mmpR5,c.141_142dupTC,isoniazid,bedaquiline;clofazimine,cross_class,17,6,4,13,2,98,15.076923076923077,0.003968600773598367,False,lineage3,100.0,0.08526090694246814,False
pncA|p.Val125Phe,rrs|n.514A>C,pncA,p.Val125Phe,rrs,n.514A>C,pyrazinamide,streptomycin,cross_class,1,1,1,0,0,116,inf,0.008547008547008546,True,lineage3,100.0,0.15811965811965809,False
embB|p.Met306Leu,mmpR5|c.240delT,embB,p.Met306Leu,mmpR5,c.240delT,ethambutol,bedaquiline;clofazimine,cross_class,1,1,1,0,0,116,inf,0.008547008547008546,True,lineage3,100.0,0.15811965811965809,False
embB|p.Met306Val,pncA|c.192_193insA,embB,p.Met306Val,pncA,c.192_193insA,ethambutol,pyrazinamide,cross_class,1,1,1,0,0,116,inf,0.008547008547008546,True,lineage3,100.0,0.15811965811965809,False
gid|c.386delG,rrs|n.514A>C,gid,c.386delG,rrs,n.514A>C,streptomycin,streptomycin,within_class,1,1,1,0,0,116,inf,0.008547008547008546,True,lineage3,100.0,0.15811965811965809,False
gid|c.386delG,pncA|p.Val125Phe,gid,c.386delG,pncA,p.Val125Phe,streptomycin,pyrazinamide,cross_class,1,1,1,0,0,116,inf,0.008547008547008546,True,lineage3,100.0,0.15811965811965809,False
gyrA|p.Asp94Gly,rpoB|p.Leu430Pro,gyrA,p.Asp94Gly,rpoB,p.Leu430Pro,levofloxacin;moxifloxacin,rifampicin;rifapentine,cross_class,4,6,2,2,4,109,27.25,0.012653592232223967,True,lineage3,100.0,0.22776466018003141,False
gyrA|p.Ala90Val,pncA|p.Trp68Cys,gyrA,p.Ala90Val,pncA,p.Trp68Cys,levofloxacin;moxifloxacin,pyrazinamide,cross_class,3,9,2,1,7,107,30.571428571428573,0.015269288432706724,True,lineage3,100.0,0.24803283161421166,False
gid|c.107delT,mmpR5|c.144dupC,gid,c.107delT,mmpR5,c.144dupC,streptomycin,bedaquiline;clofazimine,cross_class,9,3,2,7,1,107,30.571428571428573,0.015269288432706724,True,lineage3,100.0,0.24803283161421166,False
gid|c.107delT,gyrA|p.Ala90Val,gid,c.107delT,gyrA,p.Ala90Val,streptomycin,levofloxacin;moxifloxacin,cross_class,9,3,2,7,1,107,30.571428571428573,0.015269288432706724,True,lineage3,100.0,0.24803283161421166,False
mmpR5|c.144dupC,pncA|p.Trp68Cys,mmpR5,c.144dupC,pncA,p.Trp68Cys,bedaquiline;clofazimine,pyrazinamide,cross_class,3,9,2,1,7,107,30.571428571428573,0.015269288432706724,True,lineage3,100.0,0.24803283161421166,False
pncA|c.192_193insA,rpsL|p.Lys88Arg,pncA,c.192_193insA,rpsL,p.Lys88Arg,pyrazinamide,streptomycin,cross_class,1,2,1,0,1,115,inf,0.017094017094017092,True,lineage3,100.0,0.2529914529914529,False
inhA|c.-154G>A,rpoB|p.His445Tyr,inhA,c.-154G>A,rpoB,p.His445Tyr,ethionamide;isoniazid;prothionamide,rifampicin;rifapentine,cross_class,1,2,1,0,1,115,inf,0.017094017094017092,True,lineage3,100.0,0.2529914529914529,False
gid|c.115delC,gid|c.563delT,gid,c.115delC,gid,c.563delT,streptomycin,streptomycin,within_class,2,1,1,1,0,115,inf,0.017094017094017092,True,lineage3,100.0,0.2529914529914529,False
embB|p.Met306Val,rpsL|p.Lys88Arg,embB,p.Met306Val,rpsL,p.Lys88Arg,ethambutol,streptomycin,cross_class,1,2,1,0,1,115,inf,0.017094017094017092,True,lineage3,100.0,0.2529914529914529,False
embB|p.Met306Ile,mmpR5|c.144dupC,embB,p.Met306Ile,mmpR5,c.144dupC,ethambutol,bedaquiline;clofazimine,cross_class,10,3,2,8,1,106,26.5,0.018971283588974742,True,lineage3,100.0,0.2688271248990889,False
embB|p.Met306Ile,gyrA|p.Ala90Val,embB,p.Met306Ile,gyrA,p.Ala90Val,ethambutol,levofloxacin;moxifloxacin,cross_class,10,3,2,8,1,106,26.5,0.018971283588974742,True,lineage3,100.0,0.2688271248990889,False
embB|p.Met306Ile,rpoB|p.Ser450Leu,embB,p.Met306Ile,rpoB,p.Ser450Leu,ethambutol,rifampicin;rifapentine,cross_class,10,8,3,7,5,102,8.742857142857142,0.020371637455619925,False,lineage3,100.0,0.2826564696967265,False
embB|p.Met306Leu,mmpR5|c.144dupC,embB,p.Met306Leu,mmpR5,c.144dupC,ethambutol,bedaquiline;clofazimine,cross_class,1,3,1,0,2,114,inf,0.02564102564102564,True,lineage3,100.0,0.33484162895927605,False
mmpR5|c.144dupC,mmpR5|c.240delT,mmpR5,c.144dupC,mmpR5,c.240delT,bedaquiline;clofazimine,bedaquiline;clofazimine,within_class,3,1,1,2,0,114,inf,0.02564102564102564,True,lineage3,100.0,0.33484162895927605,False
ethA|c.1112delG,gid|c.545delG,ethA,c.1112delG,gid,c.545delG,ethionamide;prothionamide,streptomycin,cross_class,1,3,1,0,2,114,inf,0.02564102564102564,True,lineage3,100.0,0.33484162895927605,False
mmpR5|c.141_142dupTC,mmpR5|c.240delT,mmpR5,c.141_142dupTC,mmpR5,c.240delT,bedaquiline;clofazimine,bedaquiline;clofazimine,within_class,6,1,1,5,0,111,inf,0.05128205128205128,True,lineage3,100.0,0.620979020979021,False
ethA|c.5_8delCCGA,rpoB|p.Leu430Pro,ethA,c.5_8delCCGA,rpoB,p.Leu430Pro,ethionamide;prothionamide,rifampicin;rifapentine,cross_class,1,6,1,0,5,111,inf,0.05128205128205127,True,lineage3,100.0,0.620979020979021,False
embB|p.Met306Leu,mmpR5|c.141_142dupTC,embB,p.Met306Leu,mmpR5,c.141_142dupTC,ethambutol,bedaquiline;clofazimine,cross_class,1,6,1,0,5,111,inf,0.05128205128205127,True,lineage3,100.0,0.620979020979021,False
gyrA|p.Gly88Cys,mmpR5|c.141_142dupTC,gyrA,p.Gly88Cys,mmpR5,c.141_142dupTC,levofloxacin;moxifloxacin,bedaquiline;clofazimine,cross_class,1,6,1,0,5,111,inf,0.05128205128205127,True,lineage3,100.0,0.620979020979021,False
gyrA|p.Gly88Cys,rpoB|p.Ser450Leu,gyrA,p.Gly88Cys,rpoB,p.Ser450Leu,levofloxacin;moxifloxacin,rifampicin;rifapentine,cross_class,1,8,1,0,7,109,inf,0.06837606837606837,True,lineage3,100.0,0.68997668997669,False
ethA|c.1112delG,rpoB|p.Ser450Leu,ethA,c.1112delG,rpoB,p.Ser450Leu,ethionamide;prothionamide,rifampicin;rifapentine,cross_class,1,8,1,0,7,109,inf,0.06837606837606837,True,lineage3,100.0,0.68997668997669,False
gid|c.107delT,mmpR5|c.141_142dupTC,gid,c.107delT,mmpR5,c.141_142dupTC,streptomycin,bedaquiline;clofazimine,cross_class,9,6,2,7,4,104,7.428571428571429,0.06740586390549486,False,lineage3,100.0,0.68997668997669,False
embB|p.Met306Leu,rpoB|p.Ser450Leu,embB,p.Met306Leu,rpoB,p.Ser450Leu,ethambutol,rifampicin;rifapentine,cross_class,1,8,1,0,7,109,inf,0.06837606837606837,True,lineage3,100.0,0.68997668997669,False
mmpR5|c.141_142dupTC,pncA|p.Trp68Cys,mmpR5,c.141_142dupTC,pncA,p.Trp68Cys,bedaquiline;clofazimine,pyrazinamide,cross_class,6,9,2,4,7,104,7.428571428571429,0.06740586390549486,False,lineage3,100.0,0.68997668997669,False
pncA|c.192_193insA,rpoB|p.Ser450Leu,pncA,c.192_193insA,rpoB,p.Ser450Leu,pyrazinamide,rifampicin;rifapentine,cross_class,1,8,1,0,7,109,inf,0.06837606837606837,True,lineage3,100.0,0.68997668997669,False
mmpR5|c.240delT,rpoB|p.Ser450Leu,mmpR5,c.240delT,rpoB,p.Ser450Leu,bedaquiline;clofazimine,rifampicin;rifapentine,cross_class,1,8,1,0,7,109,inf,0.06837606837606837,True,lineage3,100.0,0.68997668997669,False
rpoB|p.Ser450Leu,rrs|n.514A>C,rpoB,p.Ser450Leu,rrs,n.514A>C,rifampicin;rifapentine,streptomycin,cross_class,8,1,1,7,0,109,inf,0.06837606837606838,True,lineage3,100.0,0.68997668997669,False
pncA|p.Val125Phe,rpoB|p.Ser450Leu,pncA,p.Val125Phe,rpoB,p.Ser450Leu,pyrazinamide,rifampicin;rifapentine,cross_class,1,8,1,0,7,109,inf,0.06837606837606837,True,lineage3,100.0,0.68997668997669,False
embB|p.Met306Val,rpoB|p.Ser450Leu,embB,p.Met306Val,rpoB,p.Ser450Leu,ethambutol,rifampicin;rifapentine,cross_class,1,8,1,0,7,109,inf,0.06837606837606837,True,lineage3,100.0,0.68997668997669,False
gid|c.386delG,rpoB|p.Ser450Leu,gid,c.386delG,rpoB,p.Ser450Leu,streptomycin,rifampicin;rifapentine,cross_class,1,8,1,0,7,109,inf,0.06837606837606837,True,lineage3,100.0,0.68997668997669,False
gid|c.545delG,gyrA|p.Ala90Val,gid,c.545delG,gyrA,p.Ala90Val,streptomycin,levofloxacin;moxifloxacin,cross_class,3,3,1,2,2,112,28.0,0.07560066120785763,True,lineage3,100.0,0.7424749163879599,False
ethA|c.5_8delCCGA,pncA|p.Trp68Cys,ethA,c.5_8delCCGA,pncA,p.Trp68Cys,ethionamide;prothionamide,pyrazinamide,cross_class,1,9,1,0,8,108,inf,0.07692307692307693,True,lineage3,100.0,0.7424749163879599,False
ethA|c.5_8delCCGA,gid|c.107delT,ethA,c.5_8delCCGA,gid,c.107delT,ethionamide;prothionamide,streptomycin,cross_class,1,9,1,0,8,108,inf,0.07692307692307693,True,lineage3,100.0,0.7424749163879599,False
embB|p.Met306Ile,mmpR5|c.141_142dupTC,embB,p.Met306Ile,mmpR5,c.141_142dupTC,ethambutol,bedaquiline;clofazimine,cross_class,10,6,2,8,4,103,6.4375,0.08225608900254112,False,lineage3,100.0,0.7692307692307693,False
embB|p.Met306Ile,rrs|n.514A>C,embB,p.Met306Ile,rrs,n.514A>C,ethambutol,streptomycin,cross_class,10,1,1,9,0,107,inf,0.08547008547008547,True,lineage3,100.0,0.7692307692307693,False
embB|p.Met306Ile,pncA|p.Val125Phe,embB,p.Met306Ile,pncA,p.Val125Phe,ethambutol,pyrazinamide,cross_class,10,1,1,9,0,107,inf,0.08547008547008547,True,lineage3,100.0,0.7692307692307693,False
embB|p.Met306Ile,gid|c.386delG,embB,p.Met306Ile,gid,c.386delG,ethambutol,streptomycin,cross_class,10,1,1,9,0,107,inf,0.08547008547008547,True,lineage3,100.0,0.7692307692307693,False
embB|p.Met306Ile,ethA|c.5_8delCCGA,embB,p.Met306Ile,ethA,c.5_8delCCGA,ethambutol,ethionamide;prothionamide,cross_class,10,1,1,9,0,107,inf,0.08547008547008547,True,lineage3,100.0,0.7692307692307693,False
rpoB|p.Ser450Leu,rpsL|p.Lys43Arg,rpoB,p.Ser450Leu,rpsL,p.Lys43Arg,rifampicin;rifapentine,streptomycin,cross_class,8,1,0,8,1,108,0.0,1.0,True,,,1.0,False
rpoB|p.Leu430Pro,rrs|n.514A>C,rpoB,p.Leu430Pro,rrs,n.514A>C,rifampicin;rifapentine,streptomycin,cross_class,6,1,0,6,1,110,0.0,1.0,True,,,1.0,False
rpoB|p.Leu430Pro,rrs|n.1484G>T,rpoB,p.Leu430Pro,rrs,n.1484G>T,rifampicin;rifapentine,amikacin;capreomycin;kanamycin,cross_class,6,1,0,6,1,110,0.0,1.0,True,,,1.0,False
rpoB|p.Leu430Pro,rpsL|p.Lys88Arg,rpoB,p.Leu430Pro,rpsL,p.Lys88Arg,rifampicin;rifapentine,streptomycin,cross_class,6,2,0,6,2,109,0.0,1.0,True,,,1.0,False
rpoB|p.Leu430Pro,rpsL|p.Lys43Arg,rpoB,p.Leu430Pro,rpsL,p.Lys43Arg,rifampicin;rifapentine,streptomycin,cross_class,6,1,0,6,1,110,0.0,1.0,True,,,1.0,False
rpoB|p.Leu430Pro,rpoB|p.Ser450Leu,rpoB,p.Leu430Pro,rpoB,p.Ser450Leu,rifampicin;rifapentine,rifampicin;rifapentine,within_class,6,8,0,6,8,103,0.0,1.0,False,,,1.0,False
rpoB|p.His445Tyr,rrs|n.514A>C,rpoB,p.His445Tyr,rrs,n.514A>C,rifampicin;rifapentine,streptomycin,cross_class,2,1,0,2,1,114,0.0,1.0,True,,,1.0,False
rpoB|p.His445Tyr,rrs|n.1484G>T,rpoB,p.His445Tyr,rrs,n.1484G>T,rifampicin;rifapentine,amikacin;capreomycin;kanamycin,cross_class,2,1,0,2,1,114,0.0,1.0,True,,,1.0,False
rpoB|p.His445Tyr,rpsL|p.Lys88Arg,rpoB,p.His445Tyr,rpsL,p.Lys88Arg,rifampicin;rifapentine,streptomycin,cross_class,2,2,0,2,2,113,0.0,1.0,True,,,1.0,False
rpoB|p.His445Tyr,rpsL|p.Lys43Arg,rpoB,p.His445Tyr,rpsL,p.Lys43Arg,rifampicin;rifapentine,streptomycin,cross_class,2,1,0,2,1,114,0.0,1.0,True,,,1.0,False
rpoB|p.His445Tyr,rpoB|p.Ser450Leu,rpoB,p.His445Tyr,rpoB,p.Ser450Leu,rifampicin;rifapentine,rifampicin;rifapentine,within_class,2,8,0,2,8,107,0.0,1.0,True,,,1.0,False
rpoB|p.His445Tyr,rpoB|p.Leu430Pro,rpoB,p.His445Tyr,rpoB,p.Leu430Pro,rifampicin;rifapentine,rifampicin;rifapentine,within_class,2,6,0,2,6,109,0.0,1.0,True,,,1.0,False
rpoB|p.His445Asn,rrs|n.514A>C,rpoB,p.His445Asn,rrs,n.514A>C,rifampicin;rifapentine,streptomycin,cross_class,2,1,0,2,1,114,0.0,1.0,True,,,1.0,False
rpoB|p.His445Asn,rrs|n.1484G>T,rpoB,p.His445Asn,rrs,n.1484G>T,rifampicin;rifapentine,amikacin;capreomycin;kanamycin,cross_class,2,1,0,2,1,114,0.0,1.0,True,,,1.0,False
rpoB|p.His445Asn,rpsL|p.Lys88Arg,rpoB,p.His445Asn,rpsL,p.Lys88Arg,rifampicin;rifapentine,streptomycin,cross_class,2,2,0,2,2,113,0.0,1.0,True,,,1.0,False
rpoB|p.His445Asn,rpsL|p.Lys43Arg,rpoB,p.His445Asn,rpsL,p.Lys43Arg,rifampicin;rifapentine,streptomycin,cross_class,2,1,0,2,1,114,0.0,1.0,True,,,1.0,False
embB|p.Met306Ile,katG|p.Ser315Asn,embB,p.Met306Ile,katG,p.Ser315Asn,ethambutol,isoniazid,cross_class,10,2,0,10,2,105,0.0,1.0,True,,,1.0,False
embB|p.Met306Ile,katG|c.1416_1417dupAG,embB,p.Met306Ile,katG,c.1416_1417dupAG,ethambutol,isoniazid,cross_class,10,2,0,10,2,105,0.0,1.0,True,,,1.0,False
embB|p.Met306Ile,inhA|c.-154G>A,embB,p.Met306Ile,inhA,c.-154G>A,ethambutol,ethionamide;isoniazid;prothionamide,cross_class,10,1,0,10,1,106,0.0,1.0,True,,,1.0,False
embB|p.Met306Ile,gyrA|p.Gly88Cys,embB,p.Met306Ile,gyrA,p.Gly88Cys,ethambutol,levofloxacin;moxifloxacin,cross_class,10,1,0,10,1,106,0.0,1.0,True,,,1.0,False
embB|p.Met306Ile,gyrA|p.Asp94Tyr,embB,p.Met306Ile,gyrA,p.Asp94Tyr,ethambutol,levofloxacin;moxifloxacin,cross_class,10,2,0,10,2,105,0.0,1.0,True,,,1.0,False
embB|p.Met306Ile,gid|c.563delT,embB,p.Met306Ile,gid,c.563delT,ethambutol,streptomycin,cross_class,10,1,0,10,1,106,0.0,1.0,True,,,1.0,False
embB|p.Met306Ile,gid|c.545delG,embB,p.Met306Ile,gid,c.545delG,ethambutol,streptomycin,cross_class,10,3,0,10,3,104,0.0,1.0,True,,,1.0,False
embB|p.Met306Ile,gid|c.115delC,embB,p.Met306Ile,gid,c.115delC,ethambutol,streptomycin,cross_class,10,2,0,10,2,105,0.0,1.0,True,,,1.0,False
embB|p.Met306Ile,gid|c.102delG,embB,p.Met306Ile,gid,c.102delG,ethambutol,streptomycin,cross_class,10,6,0,10,6,101,0.0,1.0,False,,,1.0,False
embB|p.Met306Ile,ethA|c.1112delG,embB,p.Met306Ile,ethA,c.1112delG,ethambutol,ethionamide;prothionamide,cross_class,10,1,0,10,1,106,0.0,1.0,True,,,1.0,False
rpoB|p.Ser450Leu,rpsL|p.Lys88Arg,rpoB,p.Ser450Leu,rpsL,p.Lys88Arg,rifampicin;rifapentine,streptomycin,cross_class,8,2,1,7,1,108,15.428571428571429,0.13262599469496023,True,lineage3,100.0,1.0,False
ethA|c.1112delG,gyrA|p.Ala90Val,ethA,c.1112delG,gyrA,p.Ala90Val,ethionamide;prothionamide,levofloxacin;moxifloxacin,cross_class,1,3,0,1,3,113,0.0,1.0,True,,,1.0,False
ethA|c.1112delG,gid|c.563delT,ethA,c.1112delG,gid,c.563delT,ethionamide;prothionamide,streptomycin,cross_class,1,1,0,1,1,115,0.0,1.0,True,,,1.0,False
ethA|c.1112delG,gid|c.386delG,ethA,c.1112delG,gid,c.386delG,ethionamide;prothionamide,streptomycin,cross_class,1,1,0,1,1,115,0.0,1.0,True,,,1.0,False
ethA|c.1112delG,gid|c.115delC,ethA,c.1112delG,gid,c.115delC,ethionamide;prothionamide,streptomycin,cross_class,1,2,0,1,2,114,0.0,1.0,True,,,1.0,False
ethA|c.1112delG,gid|c.107delT,ethA,c.1112delG,gid,c.107delT,ethionamide;prothionamide,streptomycin,cross_class,1,9,0,1,9,107,0.0,1.0,True,,,1.0,False
ethA|c.1112delG,gid|c.102delG,ethA,c.1112delG,gid,c.102delG,ethionamide;prothionamide,streptomycin,cross_class,1,6,0,1,6,110,0.0,1.0,True,,,1.0,False
ethA|c.1112delG,ethA|c.5_8delCCGA,ethA,c.1112delG,ethA,c.5_8delCCGA,ethionamide;prothionamide,ethionamide;prothionamide,within_class,1,1,0,1,1,115,0.0,1.0,True,,,1.0,False
embB|p.Met306Val,rrs|n.514A>C,embB,p.Met306Val,rrs,n.514A>C,ethambutol,streptomycin,cross_class,1,1,0,1,1,115,0.0,1.0,True,,,1.0,False
embB|p.Met306Val,rrs|n.1484G>T,embB,p.Met306Val,rrs,n.1484G>T,ethambutol,amikacin;capreomycin;kanamycin,cross_class,1,1,0,1,1,115,0.0,1.0,True,,,1.0,False
embB|p.Met306Val,rpsL|p.Lys43Arg,embB,p.Met306Val,rpsL,p.Lys43Arg,ethambutol,streptomycin,cross_class,1,1,0,1,1,115,0.0,1.0,True,,,1.0,False
embB|p.Met306Val,rpoB|p.Leu430Pro,embB,p.Met306Val,rpoB,p.Leu430Pro,ethambutol,rifampicin;rifapentine,cross_class,1,6,0,1,6,110,0.0,1.0,True,,,1.0,False
embB|p.Met306Val,rpoB|p.His445Tyr,embB,p.Met306Val,rpoB,p.His445Tyr,ethambutol,rifampicin;rifapentine,cross_class,1,2,0,1,2,114,0.0,1.0,True,,,1.0,False
embB|p.Met306Val,rpoB|p.His445Asn,embB,p.Met306Val,rpoB,p.His445Asn,ethambutol,rifampicin;rifapentine,cross_class,1,2,0,1,2,114,0.0,1.0,True,,,1.0,False
ethA|c.1112delG,rpoB|p.Asp435Tyr,ethA,c.1112delG,rpoB,p.Asp435Tyr,ethionamide;prothionamide,rifampicin;rifapentine,cross_class,1,2,0,1,2,114,0.0,1.0,True,,,1.0,False
ethA|c.1112delG,pncA|p.Val125Phe,ethA,c.1112delG,pncA,p.Val125Phe,ethionamide;prothionamide,pyrazinamide,cross_class,1,1,0,1,1,115,0.0,1.0,True,,,1.0,False
ethA|c.1112delG,pncA|p.Trp68Cys,ethA,c.1112delG,pncA,p.Trp68Cys,ethionamide;prothionamide,pyrazinamide,cross_class,1,9,0,1,9,107,0.0,1.0,True,,,1.0,False
ethA|c.1112delG,pncA|c.390_391dupGG,ethA,c.1112delG,pncA,c.390_391dupGG,ethionamide;prothionamide,pyrazinamide,cross_class,1,2,0,1,2,114,0.0,1.0,True,,,1.0,False
ethA|c.1112delG,pncA|c.192_193insA,ethA,c.1112delG,pncA,c.192_193insA,ethionamide;prothionamide,pyrazinamide,cross_class,1,1,0,1,1,115,0.0,1.0,True,,,1.0,False
ethA|c.1112delG,mmpR5|c.240delT,ethA,c.1112delG,mmpR5,c.240delT,ethionamide;prothionamide,bedaquiline;clofazimine,cross_class,1,1,0,1,1,115,0.0,1.0,True,,,1.0,False
ethA|c.1112delG,mmpR5|c.144dupC,ethA,c.1112delG,mmpR5,c.144dupC,ethionamide;prothionamide,bedaquiline;clofazimine,cross_class,1,3,0,1,3,113,0.0,1.0,True,,,1.0,False
ethA|c.1112delG,mmpR5|c.141_142dupTC,ethA,c.1112delG,mmpR5,c.141_142dupTC,ethionamide;prothionamide,bedaquiline;clofazimine,cross_class,1,6,0,1,6,110,0.0,1.0,True,,,1.0,False
ethA|c.1112delG,mmpR5|c.139dupG,ethA,c.1112delG,mmpR5,c.139dupG,ethionamide;prothionamide,bedaquiline;clofazimine,cross_class,1,2,0,1,2,114,0.0,1.0,True,,,1.0,False
ethA|c.1112delG,katG|p.Ser315Thr,ethA,c.1112delG,katG,p.Ser315Thr,ethionamide;prothionamide,isoniazid,cross_class,1,17,1,0,16,100,inf,0.14529914529914528,True,lineage3,100.0,1.0,False
ethA|c.1112delG,katG|p.Ser315Asn,ethA,c.1112delG,katG,p.Ser315Asn,ethionamide;prothionamide,isoniazid,cross_class,1,2,0,1,2,114,0.0,1.0,True,,,1.0,False
ethA|c.1112delG,katG|c.1416_1417dupAG,ethA,c.1112delG,katG,c.1416_1417dupAG,ethionamide;prothionamide,isoniazid,cross_class,1,2,0,1,2,114,0.0,1.0,True,,,1.0,False
ethA|c.1112delG,inhA|c.-154G>A,ethA,c.1112delG,inhA,c.-154G>A,ethionamide;prothionamide,ethionamide;isoniazid;prothionamide,within_class,1,1,0,1,1,115,0.0,1.0,True,,,1.0,False
ethA|c.1112delG,gyrA|p.Gly88Cys,ethA,c.1112delG,gyrA,p.Gly88Cys,ethionamide;prothionamide,levofloxacin;moxifloxacin,cross_class,1,1,0,1,1,115,0.0,1.0,True,,,1.0,False
ethA|c.1112delG,gyrA|p.Asp94Tyr,ethA,c.1112delG,gyrA,p.Asp94Tyr,ethionamide;prothionamide,levofloxacin;moxifloxacin,cross_class,1,2,0,1,2,114,0.0,1.0,True,,,1.0,False
ethA|c.1112delG,gyrA|p.Asp94Gly,ethA,c.1112delG,gyrA,p.Asp94Gly,ethionamide;prothionamide,levofloxacin;moxifloxacin,cross_class,1,4,0,1,4,112,0.0,1.0,True,,,1.0,False
embB|p.Met306Val,rpoB|p.Asp435Val,embB,p.Met306Val,rpoB,p.Asp435Val,ethambutol,rifampicin;rifapentine,cross_class,1,2,0,1,2,114,0.0,1.0,True,,,1.0,False
embB|p.Met306Val,rpoB|p.Asp435Tyr,embB,p.Met306Val,rpoB,p.Asp435Tyr,ethambutol,rifampicin;rifapentine,cross_class,1,2,0,1,2,114,0.0,1.0,True,,,1.0,False
embB|p.Met306Val,pncA|p.Val125Phe,embB,p.Met306Val,pncA,p.Val125Phe,ethambutol,pyrazinamide,cross_class,1,1,0,1,1,115,0.0,1.0,True,,,1.0,False
embB|p.Met306Val,pncA|p.Trp68Cys,embB,p.Met306Val,pncA,p.Trp68Cys,ethambutol,pyrazinamide,cross_class,1,9,0,1,9,107,0.0,1.0,True,,,1.0,False
embB|p.Met306Val,pncA|c.390_391dupGG,embB,p.Met306Val,pncA,c.390_391dupGG,ethambutol,pyrazinamide,cross_class,1,2,0,1,2,114,0.0,1.0,True,,,1.0,False
embB|p.Met306Val,mmpR5|c.240delT,embB,p.Met306Val,mmpR5,c.240delT,ethambutol,bedaquiline;clofazimine,cross_class,1,1,0,1,1,115,0.0,1.0,True,,,1.0,False
embB|p.Met306Val,mmpR5|c.144dupC,embB,p.Met306Val,mmpR5,c.144dupC,ethambutol,bedaquiline;clofazimine,cross_class,1,3,0,1,3,113,0.0,1.0,True,,,1.0,False
embB|p.Met306Val,mmpR5|c.141_142dupTC,embB,p.Met306Val,mmpR5,c.141_142dupTC,ethambutol,bedaquiline;clofazimine,cross_class,1,6,0,1,6,110,0.0,1.0,True,,,1.0,False
embB|p.Met306Val,mmpR5|c.139dupG,embB,p.Met306Val,mmpR5,c.139dupG,ethambutol,bedaquiline;clofazimine,cross_class,1,2,0,1,2,114,0.0,1.0,True,,,1.0,False
embB|p.Met306Val,katG|p.Ser315Thr,embB,p.Met306Val,katG,p.Ser315Thr,ethambutol,isoniazid,cross_class,1,17,1,0,16,100,inf,0.14529914529914528,True,lineage3,100.0,1.0,False
embB|p.Met306Val,katG|p.Ser315Asn,embB,p.Met306Val,katG,p.Ser315Asn,ethambutol,isoniazid,cross_class,1,2,0,1,2,114,0.0,1.0,True,,,1.0,False
embB|p.Met306Val,katG|c.1416_1417dupAG,embB,p.Met306Val,katG,c.1416_1417dupAG,ethambutol,isoniazid,cross_class,1,2,0,1,2,114,0.0,1.0,True,,,1.0,False
embB|p.Met306Val,inhA|c.-154G>A,embB,p.Met306Val,inhA,c.-154G>A,ethambutol,ethionamide;isoniazid;prothionamide,cross_class,1,1,0,1,1,115,0.0,1.0,True,,,1.0,False
embB|p.Met306Val,gyrA|p.Gly88Cys,embB,p.Met306Val,gyrA,p.Gly88Cys,ethambutol,levofloxacin;moxifloxacin,cross_class,1,1,0,1,1,115,0.0,1.0,True,,,1.0,False
embB|p.Met306Val,gyrA|p.Asp94Tyr,embB,p.Met306Val,gyrA,p.Asp94Tyr,ethambutol,levofloxacin;moxifloxacin,cross_class,1,2,0,1,2,114,0.0,1.0,True,,,1.0,False
ethA|c.5_8delCCGA,gyrA|p.Ala90Val,ethA,c.5_8delCCGA,gyrA,p.Ala90Val,ethionamide;prothionamide,levofloxacin;moxifloxacin,cross_class,1,3,0,1,3,113,0.0,1.0,True,,,1.0,False
ethA|c.5_8delCCGA,gid|c.563delT,ethA,c.5_8delCCGA,gid,c.563delT,ethionamide;prothionamide,streptomycin,cross_class,1,1,0,1,1,115,0.0,1.0,True,,,1.0,False
ethA|c.5_8delCCGA,gid|c.545delG,ethA,c.5_8delCCGA,gid,c.545delG,ethionamide;prothionamide,streptomycin,cross_class,1,3,0,1,3,113,0.0,1.0,True,,,1.0,False
ethA|c.5_8delCCGA,gid|c.386delG,ethA,c.5_8delCCGA,gid,c.386delG,ethionamide;prothionamide,streptomycin,cross_class,1,1,0,1,1,115,0.0,1.0,True,,,1.0,False
ethA|c.5_8delCCGA,gid|c.115delC,ethA,c.5_8delCCGA,gid,c.115delC,ethionamide;prothionamide,streptomycin,cross_class,1,2,0,1,2,114,0.0,1.0,True,,,1.0,False
ethA|c.5_8delCCGA,gid|c.102delG,ethA,c.5_8delCCGA,gid,c.102delG,ethionamide;prothionamide,streptomycin,cross_class,1,6,0,1,6,110,0.0,1.0,True,,,1.0,False
ethA|c.1112delG,rrs|n.514A>C,ethA,c.1112delG,rrs,n.514A>C,ethionamide;prothionamide,streptomycin,cross_class,1,1,0,1,1,115,0.0,1.0,True,,,1.0,False
ethA|c.1112delG,rrs|n.1484G>T,ethA,c.1112delG,rrs,n.1484G>T,ethionamide;prothionamide,amikacin;capreomycin;kanamycin,cross_class,1,1,0,1,1,115,0.0,1.0,True,,,1.0,False
ethA|c.1112delG,rpsL|p.Lys88Arg,ethA,c.1112delG,rpsL,p.Lys88Arg,ethionamide;prothionamide,streptomycin,cross_class,1,2,0,1,2,114,0.0,1.0,True,,,1.0,False
ethA|c.1112delG,rpsL|p.Lys43Arg,ethA,c.1112delG,rpsL,p.Lys43Arg,ethionamide;prothionamide,streptomycin,cross_class,1,1,0,1,1,115,0.0,1.0,True,,,1.0,False
ethA|c.1112delG,rpoB|p.Leu430Pro,ethA,c.1112delG,rpoB,p.Leu430Pro,ethionamide;prothionamide,rifampicin;rifapentine,cross_class,1,6,0,1,6,110,0.0,1.0,True,,,1.0,False
ethA|c.1112delG,rpoB|p.His445Tyr,ethA,c.1112delG,rpoB,p.His445Tyr,ethionamide;prothionamide,rifampicin;rifapentine,cross_class,1,2,0,1,2,114,0.0,1.0,True,,,1.0,False
ethA|c.1112delG,rpoB|p.His445Asn,ethA,c.1112delG,rpoB,p.His445Asn,ethionamide;prothionamide,rifampicin;rifapentine,cross_class,1,2,0,1,2,114,0.0,1.0,True,,,1.0,False
ethA|c.1112delG,rpoB|p.Asp435Val,ethA,c.1112delG,rpoB,p.Asp435Val,ethionamide;prothionamide,rifampicin;rifapentine,cross_class,1,2,0,1,2,114,0.0,1.0,True,,,1.0,False
ethA|c.5_8delCCGA,rpoB|p.Asp435Tyr,ethA,c.5_8delCCGA,rpoB,p.Asp435Tyr,ethionamide;prothionamide,rifampicin;rifapentine,cross_class,1,2,0,1,2,114,0.0,1.0,True,,,1.0,False
ethA|c.5_8delCCGA,pncA|p.Val125Phe,ethA,c.5_8delCCGA,pncA,p.Val125Phe,ethionamide;prothionamide,pyrazinamide,cross_class,1,1,0,1,1,115,0.0,1.0,True,,,1.0,False
ethA|c.5_8delCCGA,pncA|c.390_391dupGG,ethA,c.5_8delCCGA,pncA,c.390_391dupGG,ethionamide;prothionamide,pyrazinamide,cross_class,1,2,0,1,2,114,0.0,1.0,True,,,1.0,False
ethA|c.5_8delCCGA,pncA|c.192_193insA,ethA,c.5_8delCCGA,pncA,c.192_193insA,ethionamide;prothionamide,pyrazinamide,cross_class,1,1,0,1,1,115,0.0,1.0,True,,,1.0,False
ethA|c.5_8delCCGA,mmpR5|c.240delT,ethA,c.5_8delCCGA,mmpR5,c.240delT,ethionamide;prothionamide,bedaquiline;clofazimine,cross_class,1,1,0,1,1,115,0.0,1.0,True,,,1.0,False
ethA|c.5_8delCCGA,mmpR5|c.144dupC,ethA,c.5_8delCCGA,mmpR5,c.144dupC,ethionamide;prothionamide,bedaquiline;clofazimine,cross_class,1,3,0,1,3,113,0.0,1.0,True,,,1.0,False
ethA|c.5_8delCCGA,mmpR5|c.141_142dupTC,ethA,c.5_8delCCGA,mmpR5,c.141_142dupTC,ethionamide;prothionamide,bedaquiline;clofazimine,cross_class,1,6,0,1,6,110,0.0,1.0,True,,,1.0,False
ethA|c.5_8delCCGA,mmpR5|c.139dupG,ethA,c.5_8delCCGA,mmpR5,c.139dupG,ethionamide;prothionamide,bedaquiline;clofazimine,cross_class,1,2,0,1,2,114,0.0,1.0,True,,,1.0,False
ethA|c.5_8delCCGA,katG|p.Ser315Thr,ethA,c.5_8delCCGA,katG,p.Ser315Thr,ethionamide;prothionamide,isoniazid,cross_class,1,17,1,0,16,100,inf,0.14529914529914528,True,lineage3,100.0,1.0,False
ethA|c.5_8delCCGA,katG|p.Ser315Asn,ethA,c.5_8delCCGA,katG,p.Ser315Asn,ethionamide;prothionamide,isoniazid,cross_class,1,2,0,1,2,114,0.0,1.0,True,,,1.0,False
ethA|c.5_8delCCGA,katG|c.1416_1417dupAG,ethA,c.5_8delCCGA,katG,c.1416_1417dupAG,ethionamide;prothionamide,isoniazid,cross_class,1,2,0,1,2,114,0.0,1.0,True,,,1.0,False
ethA|c.5_8delCCGA,inhA|c.-154G>A,ethA,c.5_8delCCGA,inhA,c.-154G>A,ethionamide;prothionamide,ethionamide;isoniazid;prothionamide,within_class,1,1,0,1,1,115,0.0,1.0,True,,,1.0,False
ethA|c.5_8delCCGA,gyrA|p.Gly88Cys,ethA,c.5_8delCCGA,gyrA,p.Gly88Cys,ethionamide;prothionamide,levofloxacin;moxifloxacin,cross_class,1,1,0,1,1,115,0.0,1.0,True,,,1.0,False
ethA|c.5_8delCCGA,gyrA|p.Asp94Tyr,ethA,c.5_8delCCGA,gyrA,p.Asp94Tyr,ethionamide;prothionamide,levofloxacin;moxifloxacin,cross_class,1,2,0,1,2,114,0.0,1.0,True,,,1.0,False
ethA|c.5_8delCCGA,gyrA|p.Asp94Gly,ethA,c.5_8delCCGA,gyrA,p.Asp94Gly,ethionamide;prothionamide,levofloxacin;moxifloxacin,cross_class,1,4,0,1,4,112,0.0,1.0,True,,,1.0,False
gid|c.102delG,gyrA|p.Asp94Gly,gid,c.102delG,gyrA,p.Asp94Gly,streptomycin,levofloxacin;moxifloxacin,cross_class,6,4,0,6,4,107,0.0,1.0,True,,,1.0,False
gid|c.102delG,gyrA|p.Ala90Val,gid,c.102delG,gyrA,p.Ala90Val,streptomycin,levofloxacin;moxifloxacin,cross_class,6,3,0,6,3,108,0.0,1.0,True,,,1.0,False
gid|c.102delG,gid|c.563delT,gid,c.102delG,gid,c.563delT,streptomycin,streptomycin,within_class,6,1,0,6,1,110,0.0,1.0,True,,,1.0,False
gid|c.102delG,gid|c.545delG,gid,c.102delG,gid,c.545delG,streptomycin,streptomycin,within_class,6,3,0,6,3,108,0.0,1.0,True,,,1.0,False
gid|c.102delG,gid|c.386delG,gid,c.102delG,gid,c.386delG,streptomycin,streptomycin,within_class,6,1,0,6,1,110,0.0,1.0,True,,,1.0,False
gid|c.102delG,gid|c.115delC,gid,c.102delG,gid,c.115delC,streptomycin,streptomycin,within_class,6,2,0,6,2,109,0.0,1.0,True,,,1.0,False
gid|c.102delG,gid|c.107delT,gid,c.102delG,gid,c.107delT,streptomycin,streptomycin,within_class,6,9,0,6,9,102,0.0,1.0,False,,,1.0,False
ethA|c.5_8delCCGA,rrs|n.514A>C,ethA,c.5_8delCCGA,rrs,n.514A>C,ethionamide;prothionamide,streptomycin,cross_class,1,1,0,1,1,115,0.0,1.0,True,,,1.0,False
ethA|c.5_8delCCGA,rrs|n.1484G>T,ethA,c.5_8delCCGA,rrs,n.1484G>T,ethionamide;prothionamide,amikacin;capreomycin;kanamycin,cross_class,1,1,0,1,1,115,0.0,1.0,True,,,1.0,False
ethA|c.5_8delCCGA,rpsL|p.Lys88Arg,ethA,c.5_8delCCGA,rpsL,p.Lys88Arg,ethionamide;prothionamide,streptomycin,cross_class,1,2,0,1,2,114,0.0,1.0,True,,,1.0,False
ethA|c.5_8delCCGA,rpsL|p.Lys43Arg,ethA,c.5_8delCCGA,rpsL,p.Lys43Arg,ethionamide;prothionamide,streptomycin,cross_class,1,1,0,1,1,115,0.0,1.0,True,,,1.0,False
ethA|c.5_8delCCGA,rpoB|p.Ser450Leu,ethA,c.5_8delCCGA,rpoB,p.Ser450Leu,ethionamide;prothionamide,rifampicin;rifapentine,cross_class,1,8,0,1,8,108,0.0,1.0,True,,,1.0,False
ethA|c.5_8delCCGA,rpoB|p.His445Tyr,ethA,c.5_8delCCGA,rpoB,p.His445Tyr,ethionamide;prothionamide,rifampicin;rifapentine,cross_class,1,2,0,1,2,114,0.0,1.0,True,,,1.0,False
ethA|c.5_8delCCGA,rpoB|p.His445Asn,ethA,c.5_8delCCGA,rpoB,p.His445Asn,ethionamide;prothionamide,rifampicin;rifapentine,cross_class,1,2,0,1,2,114,0.0,1.0,True,,,1.0,False
ethA|c.5_8delCCGA,rpoB|p.Asp435Val,ethA,c.5_8delCCGA,rpoB,p.Asp435Val,ethionamide;prothionamide,rifampicin;rifapentine,cross_class,1,2,0,1,2,114,0.0,1.0,True,,,1.0,False
gid|c.102delG,rpoB|p.Asp435Val,gid,c.102delG,rpoB,p.Asp435Val,streptomycin,rifampicin;rifapentine,cross_class,6,2,0,6,2,109,0.0,1.0,True,,,1.0,False
gid|c.102delG,rpoB|p.Asp435Tyr,gid,c.102delG,rpoB,p.Asp435Tyr,streptomycin,rifampicin;rifapentine,cross_class,6,2,0,6,2,109,0.0,1.0,True,,,1.0,False
gid|c.102delG,pncA|p.Val125Phe,gid,c.102delG,pncA,p.Val125Phe,streptomycin,pyrazinamide,cross_class,6,1,0,6,1,110,0.0,1.0,True,,,1.0,False
gid|c.102delG,pncA|p.Trp68Cys,gid,c.102delG,pncA,p.Trp68Cys,streptomycin,pyrazinamide,cross_class,6,9,0,6,9,102,0.0,1.0,False,,,1.0,False
gid|c.102delG,pncA|c.390_391dupGG,gid,c.102delG,pncA,c.390_391dupGG,streptomycin,pyrazinamide,cross_class,6,2,0,6,2,109,0.0,1.0,True,,,1.0,False
gid|c.102delG,pncA|c.192_193insA,gid,c.102delG,pncA,c.192_193insA,streptomycin,pyrazinamide,cross_class,6,1,0,6,1,110,0.0,1.0,True,,,1.0,False
gid|c.102delG,mmpR5|c.240delT,gid,c.102delG,mmpR5,c.240delT,streptomycin,bedaquiline;clofazimine,cross_class,6,1,0,6,1,110,0.0,1.0,True,,,1.0,False
gid|c.102delG,mmpR5|c.144dupC,gid,c.102delG,mmpR5,c.144dupC,streptomycin,bedaquiline;clofazimine,cross_class,6,3,0,6,3,108,0.0,1.0,True,,,1.0,False
gid|c.102delG,mmpR5|c.141_142dupTC,gid,c.102delG,mmpR5,c.141_142dupTC,streptomycin,bedaquiline;clofazimine,cross_class,6,6,0,6,6,105,0.0,1.0,False,,,1.0,False
gid|c.102delG,mmpR5|c.139dupG,gid,c.102delG,mmpR5,c.139dupG,streptomycin,bedaquiline;clofazimine,cross_class,6,2,0,6,2,109,0.0,1.0,True,,,1.0,False
gid|c.102delG,katG|p.Ser315Thr,gid,c.102delG,katG,p.Ser315Thr,streptomycin,isoniazid,cross_class,6,17,1,5,16,95,1.1875,1.0,False,lineage3,100.0,1.0,False
gid|c.102delG,katG|p.Ser315Asn,gid,c.102delG,katG,p.Ser315Asn,streptomycin,isoniazid,cross_class,6,2,0,6,2,109,0.0,1.0,True,,,1.0,False
gid|c.102delG,katG|c.1416_1417dupAG,gid,c.102delG,katG,c.1416_1417dupAG,streptomycin,isoniazid,cross_class,6,2,0,6,2,109,0.0,1.0,True,,,1.0,False
gid|c.102delG,inhA|c.-154G>A,gid,c.102delG,inhA,c.-154G>A,streptomycin,ethionamide;isoniazid;prothionamide,cross_class,6,1,0,6,1,110,0.0,1.0,True,,,1.0,False
gid|c.102delG,gyrA|p.Gly88Cys,gid,c.102delG,gyrA,p.Gly88Cys,streptomycin,levofloxacin;moxifloxacin,cross_class,6,1,0,6,1,110,0.0,1.0,True,,,1.0,False
gid|c.102delG,gyrA|p.Asp94Tyr,gid,c.102delG,gyrA,p.Asp94Tyr,streptomycin,levofloxacin;moxifloxacin,cross_class,6,2,0,6,2,109,0.0,1.0,True,,,1.0,False
gid|c.107delT,gyrA|p.Gly88Cys,gid,c.107delT,gyrA,p.Gly88Cys,streptomycin,levofloxacin;moxifloxacin,cross_class,9,1,0,9,1,107,0.0,1.0,True,,,1.0,False
gid|c.107delT,gyrA|p.Asp94Tyr,gid,c.107delT,gyrA,p.Asp94Tyr,streptomycin,levofloxacin;moxifloxacin,cross_class,9,2,0,9,2,106,0.0,1.0,True,,,1.0,False
gid|c.107delT,gid|c.563delT,gid,c.107delT,gid,c.563delT,streptomycin,streptomycin,within_class,9,1,0,9,1,107,0.0,1.0,True,,,1.0,False
gid|c.107delT,gid|c.545delG,gid,c.107delT,gid,c.545delG,streptomycin,streptomycin,within_class,9,3,0,9,3,105,0.0,1.0,True,,,1.0,False
gid|c.107delT,gid|c.386delG,gid,c.107delT,gid,c.386delG,streptomycin,streptomycin,within_class,9,1,0,9,1,107,0.0,1.0,True,,,1.0,False
gid|c.107delT,gid|c.115delC,gid,c.107delT,gid,c.115delC,streptomycin,streptomycin,within_class,9,2,0,9,2,106,0.0,1.0,True,,,1.0,False
gid|c.102delG,rrs|n.514A>C,gid,c.102delG,rrs,n.514A>C,streptomycin,streptomycin,within_class,6,1,0,6,1,110,0.0,1.0,True,,,1.0,False
gid|c.102delG,rrs|n.1484G>T,gid,c.102delG,rrs,n.1484G>T,streptomycin,amikacin;capreomycin;kanamycin,cross_class,6,1,0,6,1,110,0.0,1.0,True,,,1.0,False
gid|c.102delG,rpsL|p.Lys88Arg,gid,c.102delG,rpsL,p.Lys88Arg,streptomycin,streptomycin,within_class,6,2,0,6,2,109,0.0,1.0,True,,,1.0,False
gid|c.102delG,rpsL|p.Lys43Arg,gid,c.102delG,rpsL,p.Lys43Arg,streptomycin,streptomycin,within_class,6,1,0,6,1,110,0.0,1.0,True,,,1.0,False
gid|c.102delG,rpoB|p.Ser450Leu,gid,c.102delG,rpoB,p.Ser450Leu,streptomycin,rifampicin;rifapentine,cross_class,6,8,1,5,7,104,2.9714285714285715,0.35253018576878303,False,lineage3,100.0,1.0,False
gid|c.102delG,rpoB|p.Leu430Pro,gid,c.102delG,rpoB,p.Leu430Pro,streptomycin,rifampicin;rifapentine,cross_class,6,6,0,6,6,105,0.0,1.0,False,,,1.0,False
gid|c.102delG,rpoB|p.His445Tyr,gid,c.102delG,rpoB,p.His445Tyr,streptomycin,rifampicin;rifapentine,cross_class,6,2,0,6,2,109,0.0,1.0,True,,,1.0,False
gid|c.102delG,rpoB|p.His445Asn,gid,c.102delG,rpoB,p.His445Asn,streptomycin,rifampicin;rifapentine,cross_class,6,2,0,6,2,109,0.0,1.0,True,,,1.0,False
gid|c.107delT,rpoB|p.His445Tyr,gid,c.107delT,rpoB,p.His445Tyr,streptomycin,rifampicin;rifapentine,cross_class,9,2,0,9,2,106,0.0,1.0,True,,,1.0,False
gid|c.107delT,rpoB|p.His445Asn,gid,c.107delT,rpoB,p.His445Asn,streptomycin,rifampicin;rifapentine,cross_class,9,2,0,9,2,106,0.0,1.0,True,,,1.0,False
gid|c.107delT,rpoB|p.Asp435Val,gid,c.107delT,rpoB,p.Asp435Val,streptomycin,rifampicin;rifapentine,cross_class,9,2,0,9,2,106,0.0,1.0,True,,,1.0,False
gid|c.107delT,rpoB|p.Asp435Tyr,gid,c.107delT,rpoB,p.Asp435Tyr,streptomycin,rifampicin;rifapentine,cross_class,9,2,0,9,2,106,0.0,1.0,True,,,1.0,False
gid|c.107delT,pncA|p.Val125Phe,gid,c.107delT,pncA,p.Val125Phe,streptomycin,pyrazinamide,cross_class,9,1,0,9,1,107,0.0,1.0,True,,,1.0,False
gid|c.107delT,pncA|c.390_391dupGG,gid,c.107delT,pncA,c.390_391dupGG,streptomycin,pyrazinamide,cross_class,9,2,0,9,2,106,0.0,1.0,True,,,1.0,False
gid|c.107delT,pncA|c.192_193insA,gid,c.107delT,pncA,c.192_193insA,streptomycin,pyrazinamide,cross_class,9,1,0,9,1,107,0.0,1.0,True,,,1.0,False
gid|c.107delT,mmpR5|c.240delT,gid,c.107delT,mmpR5,c.240delT,streptomycin,bedaquiline;clofazimine,cross_class,9,1,0,9,1,107,0.0,1.0,True,,,1.0,False
gid|c.107delT,mmpR5|c.139dupG,gid,c.107delT,mmpR5,c.139dupG,streptomycin,bedaquiline;clofazimine,cross_class,9,2,0,9,2,106,0.0,1.0,True,,,1.0,False
gid|c.107delT,katG|p.Ser315Asn,gid,c.107delT,katG,p.Ser315Asn,streptomycin,isoniazid,cross_class,9,2,0,9,2,106,0.0,1.0,True,,,1.0,False
gid|c.107delT,katG|c.1416_1417dupAG,gid,c.107delT,katG,c.1416_1417dupAG,streptomycin,isoniazid,cross_class,9,2,0,9,2,106,0.0,1.0,True,,,1.0,False
gid|c.107delT,inhA|c.-154G>A,gid,c.107delT,inhA,c.-154G>A,streptomycin,ethionamide;isoniazid;prothionamide,cross_class,9,1,0,9,1,107,0.0,1.0,True,,,1.0,False
gid|c.115delC,katG|p.Ser315Asn,gid,c.115delC,katG,p.Ser315Asn,streptomycin,isoniazid,cross_class,2,2,0,2,2,113,0.0,1.0,True,,,1.0,False
gid|c.115delC,katG|c.1416_1417dupAG,gid,c.115delC,katG,c.1416_1417dupAG,streptomycin,isoniazid,cross_class,2,2,0,2,2,113,0.0,1.0,True,,,1.0,False
gid|c.115delC,inhA|c.-154G>A,gid,c.115delC,inhA,c.-154G>A,streptomycin,ethionamide;isoniazid;prothionamide,cross_class,2,1,0,2,1,114,0.0,1.0,True,,,1.0,False
gid|c.115delC,gyrA|p.Gly88Cys,gid,c.115delC,gyrA,p.Gly88Cys,streptomycin,levofloxacin;moxifloxacin,cross_class,2,1,0,2,1,114,0.0,1.0,True,,,1.0,False
gid|c.115delC,gyrA|p.Asp94Tyr,gid,c.115delC,gyrA,p.Asp94Tyr,streptomycin,levofloxacin;moxifloxacin,cross_class,2,2,0,2,2,113,0.0,1.0,True,,,1.0,False
gid|c.115delC,gyrA|p.Asp94Gly,gid,c.115delC,gyrA,p.Asp94Gly,streptomycin,levofloxacin;moxifloxacin,cross_class,2,4,0,2,4,111,0.0,1.0,True,,,1.0,False
gid|c.115delC,gyrA|p.Ala90Val,gid,c.115delC,gyrA,p.Ala90Val,streptomycin,levofloxacin;moxifloxacin,cross_class,2,3,0,2,3,112,0.0,1.0,True,,,1.0,False
gid|c.115delC,gid|c.545delG,gid,c.115delC,gid,c.545delG,streptomycin,streptomycin,within_class,2,3,0,2,3,112,0.0,1.0,True,,,1.0,False
gid|c.115delC,gid|c.386delG,gid,c.115delC,gid,c.386delG,streptomycin,streptomycin,within_class,2,1,0,2,1,114,0.0,1.0,True,,,1.0,False
gid|c.107delT,rrs|n.514A>C,gid,c.107delT,rrs,n.514A>C,streptomycin,streptomycin,within_class,9,1,0,9,1,107,0.0,1.0,True,,,1.0,False
gid|c.107delT,rrs|n.1484G>T,gid,c.107delT,rrs,n.1484G>T,streptomycin,amikacin;capreomycin;kanamycin,cross_class,9,1,0,9,1,107,0.0,1.0,True,,,1.0,False
gid|c.107delT,rpsL|p.Lys88Arg,gid,c.107delT,rpsL,p.Lys88Arg,streptomycin,streptomycin,within_class,9,2,0,9,2,106,0.0,1.0,True,,,1.0,False
gid|c.107delT,rpsL|p.Lys43Arg,gid,c.107delT,rpsL,p.Lys43Arg,streptomycin,streptomycin,within_class,9,1,0,9,1,107,0.0,1.0,True,,,1.0,False
gid|c.107delT,rpoB|p.Ser450Leu,gid,c.107delT,rpoB,p.Ser450Leu,streptomycin,rifampicin;rifapentine,cross_class,9,8,2,7,6,102,4.857142857142857,0.11577892145994217,False,lineage3,100.0,1.0,False
gid|c.115delC,rpsL|p.Lys43Arg,gid,c.115delC,rpsL,p.Lys43Arg,streptomycin,streptomycin,within_class,2,1,0,2,1,114,0.0,1.0,True,,,1.0,False
gid|c.115delC,rpoB|p.Ser450Leu,gid,c.115delC,rpoB,p.Ser450Leu,streptomycin,rifampicin;rifapentine,cross_class,2,8,0,2,8,107,0.0,1.0,True,,,1.0,False
gid|c.115delC,rpoB|p.Leu430Pro,gid,c.115delC,rpoB,p.Leu430Pro,streptomycin,rifampicin;rifapentine,cross_class,2,6,0,2,6,109,0.0,1.0,True,,,1.0,False
gid|c.115delC,rpoB|p.His445Tyr,gid,c.115delC,rpoB,p.His445Tyr,streptomycin,rifampicin;rifapentine,cross_class,2,2,0,2,2,113,0.0,1.0,True,,,1.0,False
gid|c.115delC,rpoB|p.His445Asn,gid,c.115delC,rpoB,p.His445Asn,streptomycin,rifampicin;rifapentine,cross_class,2,2,0,2,2,113,0.0,1.0,True,,,1.0,False
gid|c.115delC,rpoB|p.Asp435Val,gid,c.115delC,rpoB,p.Asp435Val,streptomycin,rifampicin;rifapentine,cross_class,2,2,0,2,2,113,0.0,1.0,True,,,1.0,False
gid|c.115delC,rpoB|p.Asp435Tyr,gid,c.115delC,rpoB,p.Asp435Tyr,streptomycin,rifampicin;rifapentine,cross_class,2,2,0,2,2,113,0.0,1.0,True,,,1.0,False
gid|c.115delC,pncA|p.Val125Phe,gid,c.115delC,pncA,p.Val125Phe,streptomycin,pyrazinamide,cross_class,2,1,0,2,1,114,0.0,1.0,True,,,1.0,False
gid|c.115delC,pncA|p.Trp68Cys,gid,c.115delC,pncA,p.Trp68Cys,streptomycin,pyrazinamide,cross_class,2,9,0,2,9,106,0.0,1.0,True,,,1.0,False
gid|c.115delC,pncA|c.390_391dupGG,gid,c.115delC,pncA,c.390_391dupGG,streptomycin,pyrazinamide,cross_class,2,2,0,2,2,113,0.0,1.0,True,,,1.0,False
gid|c.115delC,pncA|c.192_193insA,gid,c.115delC,pncA,c.192_193insA,streptomycin,pyrazinamide,cross_class,2,1,0,2,1,114,0.0,1.0,True,,,1.0,False
gid|c.115delC,mmpR5|c.240delT,gid,c.115delC,mmpR5,c.240delT,streptomycin,bedaquiline;clofazimine,cross_class,2,1,0,2,1,114,0.0,1.0,True,,,1.0,False
gid|c.115delC,mmpR5|c.144dupC,gid,c.115delC,mmpR5,c.144dupC,streptomycin,bedaquiline;clofazimine,cross_class,2,3,0,2,3,112,0.0,1.0,True,,,1.0,False
gid|c.115delC,mmpR5|c.141_142dupTC,gid,c.115delC,mmpR5,c.141_142dupTC,streptomycin,bedaquiline;clofazimine,cross_class,2,6,0,2,6,109,0.0,1.0,True,,,1.0,False
gid|c.115delC,mmpR5|c.139dupG,gid,c.115delC,mmpR5,c.139dupG,streptomycin,bedaquiline;clofazimine,cross_class,2,2,0,2,2,113,0.0,1.0,True,,,1.0,False
gid|c.115delC,katG|p.Ser315Thr,gid,c.115delC,katG,p.Ser315Thr,streptomycin,isoniazid,cross_class,2,17,0,2,17,98,0.0,1.0,True,,,1.0,False
gid|c.386delG,mmpR5|c.144dupC,gid,c.386delG,mmpR5,c.144dupC,streptomycin,bedaquiline;clofazimine,cross_class,1,3,0,1,3,113,0.0,1.0,True,,,1.0,False
gid|c.386delG,mmpR5|c.141_142dupTC,gid,c.386delG,mmpR5,c.141_142dupTC,streptomycin,bedaquiline;clofazimine,cross_class,1,6,0,1,6,110,0.0,1.0,True,,,1.0,False
gid|c.386delG,mmpR5|c.139dupG,gid,c.386delG,mmpR5,c.139dupG,streptomycin,bedaquiline;clofazimine,cross_class,1,2,0,1,2,114,0.0,1.0,True,,,1.0,False
gid|c.386delG,katG|p.Ser315Thr,gid,c.386delG,katG,p.Ser315Thr,streptomycin,isoniazid,cross_class,1,17,1,0,16,100,inf,0.14529914529914528,True,lineage3,100.0,1.0,False
gid|c.386delG,katG|p.Ser315Asn,gid,c.386delG,katG,p.Ser315Asn,streptomycin,isoniazid,cross_class,1,2,0,1,2,114,0.0,1.0,True,,,1.0,False
gid|c.386delG,katG|c.1416_1417dupAG,gid,c.386delG,katG,c.1416_1417dupAG,streptomycin,isoniazid,cross_class,1,2,0,1,2,114,0.0,1.0,True,,,1.0,False
gid|c.386delG,inhA|c.-154G>A,gid,c.386delG,inhA,c.-154G>A,streptomycin,ethionamide;isoniazid;prothionamide,cross_class,1,1,0,1,1,115,0.0,1.0,True,,,1.0,False
gid|c.386delG,gyrA|p.Gly88Cys,gid,c.386delG,gyrA,p.Gly88Cys,streptomycin,levofloxacin;moxifloxacin,cross_class,1,1,0,1,1,115,0.0,1.0,True,,,1.0,False
gid|c.386delG,gyrA|p.Asp94Tyr,gid,c.386delG,gyrA,p.Asp94Tyr,streptomycin,levofloxacin;moxifloxacin,cross_class,1,2,0,1,2,114,0.0,1.0,True,,,1.0,False
gid|c.386delG,gyrA|p.Asp94Gly,gid,c.386delG,gyrA,p.Asp94Gly,streptomycin,levofloxacin;moxifloxacin,cross_class,1,4,0,1,4,112,0.0,1.0,True,,,1.0,False
gid|c.386delG,gyrA|p.Ala90Val,gid,c.386delG,gyrA,p.Ala90Val,streptomycin,levofloxacin;moxifloxacin,cross_class,1,3,0,1,3,113,0.0,1.0,True,,,1.0,False
gid|c.386delG,gid|c.563delT,gid,c.386delG,gid,c.563delT,streptomycin,streptomycin,within_class,1,1,0,1,1,115,0.0,1.0,True,,,1.0,False
gid|c.386delG,gid|c.545delG,gid,c.386delG,gid,c.545delG,streptomycin,streptomycin,within_class,1,3,0,1,3,113,0.0,1.0,True,,,1.0,False
gid|c.115delC,rrs|n.514A>C,gid,c.115delC,rrs,n.514A>C,streptomycin,streptomycin,within_class,2,1,0,2,1,114,0.0,1.0,True,,,1.0,False
gid|c.115delC,rrs|n.1484G>T,gid,c.115delC,rrs,n.1484G>T,streptomycin,amikacin;capreomycin;kanamycin,cross_class,2,1,0,2,1,114,0.0,1.0,True,,,1.0,False
gid|c.115delC,rpsL|p.Lys88Arg,gid,c.115delC,rpsL,p.Lys88Arg,streptomycin,streptomycin,within_class,2,2,0,2,2,113,0.0,1.0,True,,,1.0,False
gid|c.545delG,gid|c.563delT,gid,c.545delG,gid,c.563delT,streptomycin,streptomycin,within_class,3,1,0,3,1,113,0.0,1.0,True,,,1.0,False
gid|c.386delG,rrs|n.1484G>T,gid,c.386delG,rrs,n.1484G>T,streptomycin,amikacin;capreomycin;kanamycin,cross_class,1,1,0,1,1,115,0.0,1.0,True,,,1.0,False
gid|c.386delG,rpsL|p.Lys88Arg,gid,c.386delG,rpsL,p.Lys88Arg,streptomycin,streptomycin,within_class,1,2,0,1,2,114,0.0,1.0,True,,,1.0,False
gid|c.386delG,rpsL|p.Lys43Arg,gid,c.386delG,rpsL,p.Lys43Arg,streptomycin,streptomycin,within_class,1,1,0,1,1,115,0.0,1.0,True,,,1.0,False
gid|c.386delG,rpoB|p.Leu430Pro,gid,c.386delG,rpoB,p.Leu430Pro,streptomycin,rifampicin;rifapentine,cross_class,1,6,0,1,6,110,0.0,1.0,True,,,1.0,False
gid|c.386delG,rpoB|p.His445Tyr,gid,c.386delG,rpoB,p.His445Tyr,streptomycin,rifampicin;rifapentine,cross_class,1,2,0,1,2,114,0.0,1.0,True,,,1.0,False
gid|c.386delG,rpoB|p.His445Asn,gid,c.386delG,rpoB,p.His445Asn,streptomycin,rifampicin;rifapentine,cross_class,1,2,0,1,2,114,0.0,1.0,True,,,1.0,False
gid|c.386delG,rpoB|p.Asp435Val,gid,c.386delG,rpoB,p.Asp435Val,streptomycin,rifampicin;rifapentine,cross_class,1,2,0,1,2,114,0.0,1.0,True,,,1.0,False
gid|c.386delG,rpoB|p.Asp435Tyr,gid,c.386delG,rpoB,p.Asp435Tyr,streptomycin,rifampicin;rifapentine,cross_class,1,2,0,1,2,114,0.0,1.0,True,,,1.0,False
gid|c.386delG,pncA|p.Trp68Cys,gid,c.386delG,pncA,p.Trp68Cys,streptomycin,pyrazinamide,cross_class,1,9,0,1,9,107,0.0,1.0,True,,,1.0,False
gid|c.386delG,pncA|c.390_391dupGG,gid,c.386delG,pncA,c.390_391dupGG,streptomycin,pyrazinamide,cross_class,1,2,0,1,2,114,0.0,1.0,True,,,1.0,False
gid|c.386delG,pncA|c.192_193insA,gid,c.386delG,pncA,c.192_193insA,streptomycin,pyrazinamide,cross_class,1,1,0,1,1,115,0.0,1.0,True,,,1.0,False
gid|c.386delG,mmpR5|c.240delT,gid,c.386delG,mmpR5,c.240delT,streptomycin,bedaquiline;clofazimine,cross_class,1,1,0,1,1,115,0.0,1.0,True,,,1.0,False
embB|p.Met306Val,gyrA|p.Asp94Gly,embB,p.Met306Val,gyrA,p.Asp94Gly,ethambutol,levofloxacin;moxifloxacin,cross_class,1,4,0,1,4,112,0.0,1.0,True,,,1.0,False
embB|p.Met306Val,gyrA|p.Ala90Val,embB,p.Met306Val,gyrA,p.Ala90Val,ethambutol,levofloxacin;moxifloxacin,cross_class,1,3,0,1,3,113,0.0,1.0,True,,,1.0,False
embB|p.Met306Val,gid|c.563delT,embB,p.Met306Val,gid,c.563delT,ethambutol,streptomycin,cross_class,1,1,0,1,1,115,0.0,1.0,True,,,1.0,False
embB|p.Met306Val,gid|c.545delG,embB,p.Met306Val,gid,c.545delG,ethambutol,streptomycin,cross_class,1,3,0,1,3,113,0.0,1.0,True,,,1.0,False
embB|p.Met306Val,gid|c.386delG,embB,p.Met306Val,gid,c.386delG,ethambutol,streptomycin,cross_class,1,1,0,1,1,115,0.0,1.0,True,,,1.0,False
embB|p.Met306Val,gid|c.115delC,embB,p.Met306Val,gid,c.115delC,ethambutol,streptomycin,cross_class,1,2,0,1,2,114,0.0,1.0,True,,,1.0,False
embB|p.Met306Val,gid|c.107delT,embB,p.Met306Val,gid,c.107delT,ethambutol,streptomycin,cross_class,1,9,0,1,9,107,0.0,1.0,True,,,1.0,False
embB|p.Met306Val,gid|c.102delG,embB,p.Met306Val,gid,c.102delG,ethambutol,streptomycin,cross_class,1,6,0,1,6,110,0.0,1.0,True,,,1.0,False
embB|p.Met306Val,ethA|c.5_8delCCGA,embB,p.Met306Val,ethA,c.5_8delCCGA,ethambutol,ethionamide;prothionamide,cross_class,1,1,0,1,1,115,0.0,1.0,True,,,1.0,False
embB|p.Met306Val,ethA|c.1112delG,embB,p.Met306Val,ethA,c.1112delG,ethambutol,ethionamide;prothionamide,cross_class,1,1,0,1,1,115,0.0,1.0,True,,,1.0,False
embB|p.Met306Leu,rrs|n.514A>C,embB,p.Met306Leu,rrs,n.514A>C,ethambutol,streptomycin,cross_class,1,1,0,1,1,115,0.0,1.0,True,,,1.0,False
embB|p.Met306Leu,rrs|n.1484G>T,embB,p.Met306Leu,rrs,n.1484G>T,ethambutol,amikacin;capreomycin;kanamycin,cross_class,1,1,0,1,1,115,0.0,1.0,True,,,1.0,False
embB|p.Met306Leu,rpsL|p.Lys88Arg,embB,p.Met306Leu,rpsL,p.Lys88Arg,ethambutol,streptomycin,cross_class,1,2,0,1,2,114,0.0,1.0,True,,,1.0,False
embB|p.Met306Leu,rpsL|p.Lys43Arg,embB,p.Met306Leu,rpsL,p.Lys43Arg,ethambutol,streptomycin,cross_class,1,1,0,1,1,115,0.0,1.0,True,,,1.0,False
embB|p.Met306Leu,rpoB|p.Leu430Pro,embB,p.Met306Leu,rpoB,p.Leu430Pro,ethambutol,rifampicin;rifapentine,cross_class,1,6,0,1,6,110,0.0,1.0,True,,,1.0,False
gid|c.545delG,pncA|p.Val125Phe,gid,c.545delG,pncA,p.Val125Phe,streptomycin,pyrazinamide,cross_class,3,1,0,3,1,113,0.0,1.0,True,,,1.0,False
gid|c.545delG,pncA|p.Trp68Cys,gid,c.545delG,pncA,p.Trp68Cys,streptomycin,pyrazinamide,cross_class,3,9,0,3,9,105,0.0,1.0,True,,,1.0,False
gid|c.545delG,pncA|c.390_391dupGG,gid,c.545delG,pncA,c.390_391dupGG,streptomycin,pyrazinamide,cross_class,3,2,0,3,2,112,0.0,1.0,True,,,1.0,False
gid|c.545delG,pncA|c.192_193insA,gid,c.545delG,pncA,c.192_193insA,streptomycin,pyrazinamide,cross_class,3,1,0,3,1,113,0.0,1.0,True,,,1.0,False
gid|c.545delG,mmpR5|c.240delT,gid,c.545delG,mmpR5,c.240delT,streptomycin,bedaquiline;clofazimine,cross_class,3,1,0,3,1,113,0.0,1.0,True,,,1.0,False
gid|c.545delG,mmpR5|c.144dupC,gid,c.545delG,mmpR5,c.144dupC,streptomycin,bedaquiline;clofazimine,cross_class,3,3,0,3,3,111,0.0,1.0,True,,,1.0,False
gid|c.545delG,mmpR5|c.141_142dupTC,gid,c.545delG,mmpR5,c.141_142dupTC,streptomycin,bedaquiline;clofazimine,cross_class,3,6,0,3,6,108,0.0,1.0,True,,,1.0,False
gid|c.545delG,mmpR5|c.139dupG,gid,c.545delG,mmpR5,c.139dupG,streptomycin,bedaquiline;clofazimine,cross_class,3,2,0,3,2,112,0.0,1.0,True,,,1.0,False
gid|c.545delG,katG|p.Ser315Asn,gid,c.545delG,katG,p.Ser315Asn,streptomycin,isoniazid,cross_class,3,2,0,3,2,112,0.0,1.0,True,,,1.0,False
gid|c.545delG,katG|c.1416_1417dupAG,gid,c.545delG,katG,c.1416_1417dupAG,streptomycin,isoniazid,cross_class,3,2,0,3,2,112,0.0,1.0,True,,,1.0,False
gid|c.545delG,inhA|c.-154G>A,gid,c.545delG,inhA,c.-154G>A,streptomycin,ethionamide;isoniazid;prothionamide,cross_class,3,1,0,3,1,113,0.0,1.0,True,,,1.0,False
gid|c.545delG,gyrA|p.Gly88Cys,gid,c.545delG,gyrA,p.Gly88Cys,streptomycin,levofloxacin;moxifloxacin,cross_class,3,1,0,3,1,113,0.0,1.0,True,,,1.0,False
gid|c.545delG,gyrA|p.Asp94Tyr,gid,c.545delG,gyrA,p.Asp94Tyr,streptomycin,levofloxacin;moxifloxacin,cross_class,3,2,0,3,2,112,0.0,1.0,True,,,1.0,False
gid|c.545delG,gyrA|p.Asp94Gly,gid,c.545delG,gyrA,p.Asp94Gly,streptomycin,levofloxacin;moxifloxacin,cross_class,3,4,0,3,4,110,0.0,1.0,True,,,1.0,False
gid|c.563delT,katG|c.1416_1417dupAG,gid,c.563delT,katG,c.1416_1417dupAG,streptomycin,isoniazid,cross_class,1,2,0,1,2,114,0.0,1.0,True,,,1.0,False
gid|c.563delT,inhA|c.-154G>A,gid,c.563delT,inhA,c.-154G>A,streptomycin,ethionamide;isoniazid;prothionamide,cross_class,1,1,0,1,1,115,0.0,1.0,True,,,1.0,False
gid|c.563delT,gyrA|p.Gly88Cys,gid,c.563delT,gyrA,p.Gly88Cys,streptomycin,levofloxacin;moxifloxacin,cross_class,1,1,0,1,1,115,0.0,1.0,True,,,1.0,False
gid|c.563delT,gyrA|p.Asp94Tyr,gid,c.563delT,gyrA,p.Asp94Tyr,streptomycin,levofloxacin;moxifloxacin,cross_class,1,2,0,1,2,114,0.0,1.0,True,,,1.0,False
gid|c.563delT,gyrA|p.Asp94Gly,gid,c.563delT,gyrA,p.Asp94Gly,streptomycin,levofloxacin;moxifloxacin,cross_class,1,4,0,1,4,112,0.0,1.0,True,,,1.0,False
gid|c.563delT,gyrA|p.Ala90Val,gid,c.563delT,gyrA,p.Ala90Val,streptomycin,levofloxacin;moxifloxacin,cross_class,1,3,0,1,3,113,0.0,1.0,True,,,1.0,False
gid|c.545delG,rrs|n.514A>C,gid,c.545delG,rrs,n.514A>C,streptomycin,streptomycin,within_class,3,1,0,3,1,113,0.0,1.0,True,,,1.0,False
gid|c.545delG,rrs|n.1484G>T,gid,c.545delG,rrs,n.1484G>T,streptomycin,amikacin;capreomycin;kanamycin,cross_class,3,1,0,3,1,113,0.0,1.0,True,,,1.0,False
gid|c.545delG,rpsL|p.Lys88Arg,gid,c.545delG,rpsL,p.Lys88Arg,streptomycin,streptomycin,within_class,3,2,0,3,2,112,0.0,1.0,True,,,1.0,False
gid|c.545delG,rpsL|p.Lys43Arg,gid,c.545delG,rpsL,p.Lys43Arg,streptomycin,streptomycin,within_class,3,1,0,3,1,113,0.0,1.0,True,,,1.0,False
gid|c.545delG,rpoB|p.Ser450Leu,gid,c.545delG,rpoB,p.Ser450Leu,streptomycin,rifampicin;rifapentine,cross_class,3,8,1,2,7,107,7.642857142857143,0.19296505593357166,True,lineage3,100.0,1.0,False
gid|c.545delG,rpoB|p.Leu430Pro,gid,c.545delG,rpoB,p.Leu430Pro,streptomycin,rifampicin;rifapentine,cross_class,3,6,0,3,6,108,0.0,1.0,True,,,1.0,False
gid|c.545delG,rpoB|p.His445Tyr,gid,c.545delG,rpoB,p.His445Tyr,streptomycin,rifampicin;rifapentine,cross_class,3,2,0,3,2,112,0.0,1.0,True,,,1.0,False
gid|c.545delG,rpoB|p.His445Asn,gid,c.545delG,rpoB,p.His445Asn,streptomycin,rifampicin;rifapentine,cross_class,3,2,0,3,2,112,0.0,1.0,True,,,1.0,False
gid|c.545delG,rpoB|p.Asp435Val,gid,c.545delG,rpoB,p.Asp435Val,streptomycin,rifampicin;rifapentine,cross_class,3,2,0,3,2,112,0.0,1.0,True,,,1.0,False
gid|c.545delG,rpoB|p.Asp435Tyr,gid,c.545delG,rpoB,p.Asp435Tyr,streptomycin,rifampicin;rifapentine,cross_class,3,2,0,3,2,112,0.0,1.0,True,,,1.0,False
gid|c.563delT,rpoB|p.Ser450Leu,gid,c.563delT,rpoB,p.Ser450Leu,streptomycin,rifampicin;rifapentine,cross_class,1,8,0,1,8,108,0.0,1.0,True,,,1.0,False
gid|c.563delT,rpoB|p.Leu430Pro,gid,c.563delT,rpoB,p.Leu430Pro,streptomycin,rifampicin;rifapentine,cross_class,1,6,0,1,6,110,0.0,1.0,True,,,1.0,False
gid|c.563delT,rpoB|p.His445Tyr,gid,c.563delT,rpoB,p.His445Tyr,streptomycin,rifampicin;rifapentine,cross_class,1,2,0,1,2,114,0.0,1.0,True,,,1.0,False
gid|c.563delT,rpoB|p.His445Asn,gid,c.563delT,rpoB,p.His445Asn,streptomycin,rifampicin;rifapentine,cross_class,1,2,0,1,2,114,0.0,1.0,True,,,1.0,False
gid|c.563delT,rpoB|p.Asp435Val,gid,c.563delT,rpoB,p.Asp435Val,streptomycin,rifampicin;rifapentine,cross_class,1,2,0,1,2,114,0.0,1.0,True,,,1.0,False
gid|c.563delT,rpoB|p.Asp435Tyr,gid,c.563delT,rpoB,p.Asp435Tyr,streptomycin,rifampicin;rifapentine,cross_class,1,2,0,1,2,114,0.0,1.0,True,,,1.0,False
gid|c.563delT,pncA|p.Val125Phe,gid,c.563delT,pncA,p.Val125Phe,streptomycin,pyrazinamide,cross_class,1,1,0,1,1,115,0.0,1.0,True,,,1.0,False
gid|c.563delT,pncA|p.Trp68Cys,gid,c.563delT,pncA,p.Trp68Cys,streptomycin,pyrazinamide,cross_class,1,9,0,1,9,107,0.0,1.0,True,,,1.0,False
gid|c.563delT,pncA|c.390_391dupGG,gid,c.563delT,pncA,c.390_391dupGG,streptomycin,pyrazinamide,cross_class,1,2,0,1,2,114,0.0,1.0,True,,,1.0,False
gid|c.563delT,pncA|c.192_193insA,gid,c.563delT,pncA,c.192_193insA,streptomycin,pyrazinamide,cross_class,1,1,0,1,1,115,0.0,1.0,True,,,1.0,False
gid|c.563delT,mmpR5|c.240delT,gid,c.563delT,mmpR5,c.240delT,streptomycin,bedaquiline;clofazimine,cross_class,1,1,0,1,1,115,0.0,1.0,True,,,1.0,False
gid|c.563delT,mmpR5|c.144dupC,gid,c.563delT,mmpR5,c.144dupC,streptomycin,bedaquiline;clofazimine,cross_class,1,3,0,1,3,113,0.0,1.0,True,,,1.0,False
gid|c.563delT,mmpR5|c.141_142dupTC,gid,c.563delT,mmpR5,c.141_142dupTC,streptomycin,bedaquiline;clofazimine,cross_class,1,6,0,1,6,110,0.0,1.0,True,,,1.0,False
gid|c.563delT,mmpR5|c.139dupG,gid,c.563delT,mmpR5,c.139dupG,streptomycin,bedaquiline;clofazimine,cross_class,1,2,0,1,2,114,0.0,1.0,True,,,1.0,False
gid|c.563delT,katG|p.Ser315Thr,gid,c.563delT,katG,p.Ser315Thr,streptomycin,isoniazid,cross_class,1,17,0,1,17,99,0.0,1.0,True,,,1.0,False
gid|c.563delT,katG|p.Ser315Asn,gid,c.563delT,katG,p.Ser315Asn,streptomycin,isoniazid,cross_class,1,2,0,1,2,114,0.0,1.0,True,,,1.0,False
gyrA|p.Ala90Val,pncA|c.192_193insA,gyrA,p.Ala90Val,pncA,c.192_193insA,levofloxacin;moxifloxacin,pyrazinamide,cross_class,3,1,0,3,1,113,0.0,1.0,True,,,1.0,False
gyrA|p.Ala90Val,mmpR5|c.240delT,gyrA,p.Ala90Val,mmpR5,c.240delT,levofloxacin;moxifloxacin,bedaquiline;clofazimine,cross_class,3,1,0,3,1,113,0.0,1.0,True,,,1.0,False
gyrA|p.Ala90Val,mmpR5|c.144dupC,gyrA,p.Ala90Val,mmpR5,c.144dupC,levofloxacin;moxifloxacin,bedaquiline;clofazimine,cross_class,3,3,0,3,3,111,0.0,1.0,True,,,1.0,False
gyrA|p.Ala90Val,mmpR5|c.141_142dupTC,gyrA,p.Ala90Val,mmpR5,c.141_142dupTC,levofloxacin;moxifloxacin,bedaquiline;clofazimine,cross_class,3,6,1,2,5,109,10.9,0.14729173874601162,True,lineage3,100.0,1.0,False
gyrA|p.Ala90Val,mmpR5|c.139dupG,gyrA,p.Ala90Val,mmpR5,c.139dupG,levofloxacin;moxifloxacin,bedaquiline;clofazimine,cross_class,3,2,0,3,2,112,0.0,1.0,True,,,1.0,False
gyrA|p.Ala90Val,katG|p.Ser315Asn,gyrA,p.Ala90Val,katG,p.Ser315Asn,levofloxacin;moxifloxacin,isoniazid,cross_class,3,2,0,3,2,112,0.0,1.0,True,,,1.0,False
gyrA|p.Ala90Val,katG|c.1416_1417dupAG,gyrA,p.Ala90Val,katG,c.1416_1417dupAG,levofloxacin;moxifloxacin,isoniazid,cross_class,3,2,0,3,2,112,0.0,1.0,True,,,1.0,False
gyrA|p.Ala90Val,inhA|c.-154G>A,gyrA,p.Ala90Val,inhA,c.-154G>A,levofloxacin;moxifloxacin,ethionamide;isoniazid;prothionamide,cross_class,3,1,0,3,1,113,0.0,1.0,True,,,1.0,False
gyrA|p.Ala90Val,gyrA|p.Gly88Cys,gyrA,p.Ala90Val,gyrA,p.Gly88Cys,levofloxacin;moxifloxacin,levofloxacin;moxifloxacin,within_class,3,1,0,3,1,113,0.0,1.0,True,,,1.0,False
gyrA|p.Ala90Val,gyrA|p.Asp94Tyr,gyrA,p.Ala90Val,gyrA,p.Asp94Tyr,levofloxacin;moxifloxacin,levofloxacin;moxifloxacin,within_class,3,2,0,3,2,112,0.0,1.0,True,,,1.0,False
gyrA|p.Ala90Val,gyrA|p.Asp94Gly,gyrA,p.Ala90Val,gyrA,p.Asp94Gly,levofloxacin;moxifloxacin,levofloxacin;moxifloxacin,within_class,3,4,0,3,4,110,0.0,1.0,True,,,1.0,False
gid|c.563delT,rrs|n.514A>C,gid,c.563delT,rrs,n.514A>C,streptomycin,streptomycin,within_class,1,1,0,1,1,115,0.0,1.0,True,,,1.0,False
gid|c.563delT,rrs|n.1484G>T,gid,c.563delT,rrs,n.1484G>T,streptomycin,amikacin;capreomycin;kanamycin,cross_class,1,1,0,1,1,115,0.0,1.0,True,,,1.0,False
gid|c.563delT,rpsL|p.Lys88Arg,gid,c.563delT,rpsL,p.Lys88Arg,streptomycin,streptomycin,within_class,1,2,0,1,2,114,0.0,1.0,True,,,1.0,False
gid|c.563delT,rpsL|p.Lys43Arg,gid,c.563delT,rpsL,p.Lys43Arg,streptomycin,streptomycin,within_class,1,1,0,1,1,115,0.0,1.0,True,,,1.0,False
gyrA|p.Asp94Gly,inhA|c.-154G>A,gyrA,p.Asp94Gly,inhA,c.-154G>A,levofloxacin;moxifloxacin,ethionamide;isoniazid;prothionamide,cross_class,4,1,0,4,1,112,0.0,1.0,True,,,1.0,False
gyrA|p.Asp94Gly,gyrA|p.Gly88Cys,gyrA,p.Asp94Gly,gyrA,p.Gly88Cys,levofloxacin;moxifloxacin,levofloxacin;moxifloxacin,within_class,4,1,0,4,1,112,0.0,1.0,True,,,1.0,False
gyrA|p.Asp94Gly,gyrA|p.Asp94Tyr,gyrA,p.Asp94Gly,gyrA,p.Asp94Tyr,levofloxacin;moxifloxacin,levofloxacin;moxifloxacin,within_class,4,2,0,4,2,111,0.0,1.0,True,,,1.0,False
gyrA|p.Ala90Val,rrs|n.514A>C,gyrA,p.Ala90Val,rrs,n.514A>C,levofloxacin;moxifloxacin,streptomycin,cross_class,3,1,0,3,1,113,0.0,1.0,True,,,1.0,False
gyrA|p.Ala90Val,rrs|n.1484G>T,gyrA,p.Ala90Val,rrs,n.1484G>T,levofloxacin;moxifloxacin,amikacin;capreomycin;kanamycin,cross_class,3,1,0,3,1,113,0.0,1.0,True,,,1.0,False
gyrA|p.Ala90Val,rpsL|p.Lys88Arg,gyrA,p.Ala90Val,rpsL,p.Lys88Arg,levofloxacin;moxifloxacin,streptomycin,cross_class,3,2,0,3,2,112,0.0,1.0,True,,,1.0,False
gyrA|p.Ala90Val,rpsL|p.Lys43Arg,gyrA,p.Ala90Val,rpsL,p.Lys43Arg,levofloxacin;moxifloxacin,streptomycin,cross_class,3,1,0,3,1,113,0.0,1.0,True,,,1.0,False
gyrA|p.Ala90Val,rpoB|p.Ser450Leu,gyrA,p.Ala90Val,rpoB,p.Ser450Leu,levofloxacin;moxifloxacin,rifampicin;rifapentine,cross_class,3,8,1,2,7,107,7.642857142857143,0.19296505593357166,True,lineage3,100.0,1.0,False
gyrA|p.Ala90Val,rpoB|p.Leu430Pro,gyrA,p.Ala90Val,rpoB,p.Leu430Pro,levofloxacin;moxifloxacin,rifampicin;rifapentine,cross_class,3,6,1,2,5,109,10.9,0.14729173874601162,True,lineage3,100.0,1.0,False
gyrA|p.Ala90Val,rpoB|p.His445Tyr,gyrA,p.Ala90Val,rpoB,p.His445Tyr,levofloxacin;moxifloxacin,rifampicin;rifapentine,cross_class,3,2,0,3,2,112,0.0,1.0,True,,,1.0,False
gyrA|p.Ala90Val,rpoB|p.His445Asn,gyrA,p.Ala90Val,rpoB,p.His445Asn,levofloxacin;moxifloxacin,rifampicin;rifapentine,cross_class,3,2,0,3,2,112,0.0,1.0,True,,,1.0,False
gyrA|p.Ala90Val,rpoB|p.Asp435Val,gyrA,p.Ala90Val,rpoB,p.Asp435Val,levofloxacin;moxifloxacin,rifampicin;rifapentine,cross_class,3,2,0,3,2,112,0.0,1.0,True,,,1.0,False
gyrA|p.Ala90Val,rpoB|p.Asp435Tyr,gyrA,p.Ala90Val,rpoB,p.Asp435Tyr,levofloxacin;moxifloxacin,rifampicin;rifapentine,cross_class,3,2,0,3,2,112,0.0,1.0,True,,,1.0,False
gyrA|p.Ala90Val,pncA|p.Val125Phe,gyrA,p.Ala90Val,pncA,p.Val125Phe,levofloxacin;moxifloxacin,pyrazinamide,cross_class,3,1,0,3,1,113,0.0,1.0,True,,,1.0,False
gyrA|p.Ala90Val,pncA|c.390_391dupGG,gyrA,p.Ala90Val,pncA,c.390_391dupGG,levofloxacin;moxifloxacin,pyrazinamide,cross_class,3,2,0,3,2,112,0.0,1.0,True,,,1.0,False
gyrA|p.Asp94Gly,rpoB|p.His445Tyr,gyrA,p.Asp94Gly,rpoB,p.His445Tyr,levofloxacin;moxifloxacin,rifampicin;rifapentine,cross_class,4,2,0,4,2,111,0.0,1.0,True,,,1.0,False
gyrA|p.Asp94Gly,rpoB|p.His445Asn,gyrA,p.Asp94Gly,rpoB,p.His445Asn,levofloxacin;moxifloxacin,rifampicin;rifapentine,cross_class,4,2,0,4,2,111,0.0,1.0,True,,,1.0,False
gyrA|p.Asp94Gly,rpoB|p.Asp435Val,gyrA,p.Asp94Gly,rpoB,p.Asp435Val,levofloxacin;moxifloxacin,rifampicin;rifapentine,cross_class,4,2,0,4,2,111,0.0,1.0,True,,,1.0,False
gyrA|p.Asp94Gly,rpoB|p.Asp435Tyr,gyrA,p.Asp94Gly,rpoB,p.Asp435Tyr,levofloxacin;moxifloxacin,rifampicin;rifapentine,cross_class,4,2,0,4,2,111,0.0,1.0,True,,,1.0,False
gyrA|p.Asp94Gly,pncA|p.Val125Phe,gyrA,p.Asp94Gly,pncA,p.Val125Phe,levofloxacin;moxifloxacin,pyrazinamide,cross_class,4,1,0,4,1,112,0.0,1.0,True,,,1.0,False
gyrA|p.Asp94Gly,pncA|c.390_391dupGG,gyrA,p.Asp94Gly,pncA,c.390_391dupGG,levofloxacin;moxifloxacin,pyrazinamide,cross_class,4,2,0,4,2,111,0.0,1.0,True,,,1.0,False
gyrA|p.Asp94Gly,pncA|c.192_193insA,gyrA,p.Asp94Gly,pncA,c.192_193insA,levofloxacin;moxifloxacin,pyrazinamide,cross_class,4,1,0,4,1,112,0.0,1.0,True,,,1.0,False
gyrA|p.Asp94Gly,mmpR5|c.240delT,gyrA,p.Asp94Gly,mmpR5,c.240delT,levofloxacin;moxifloxacin,bedaquiline;clofazimine,cross_class,4,1,0,4,1,112,0.0,1.0,True,,,1.0,False
gyrA|p.Asp94Gly,mmpR5|c.141_142dupTC,gyrA,p.Asp94Gly,mmpR5,c.141_142dupTC,levofloxacin;moxifloxacin,bedaquiline;clofazimine,cross_class,4,6,1,3,5,108,7.2,0.19217112091727412,True,lineage3,100.0,1.0,False
gyrA|p.Asp94Gly,mmpR5|c.139dupG,gyrA,p.Asp94Gly,mmpR5,c.139dupG,levofloxacin;moxifloxacin,bedaquiline;clofazimine,cross_class,4,2,0,4,2,111,0.0,1.0,True,,,1.0,False
gyrA|p.Asp94Gly,katG|p.Ser315Asn,gyrA,p.Asp94Gly,katG,p.Ser315Asn,levofloxacin;moxifloxacin,isoniazid,cross_class,4,2,0,4,2,111,0.0,1.0,True,,,1.0,False
gyrA|p.Asp94Gly,katG|c.1416_1417dupAG,gyrA,p.Asp94Gly,katG,c.1416_1417dupAG,levofloxacin;moxifloxacin,isoniazid,cross_class,4,2,0,4,2,111,0.0,1.0,True,,,1.0,False
gyrA|p.Asp94Tyr,pncA|c.192_193insA,gyrA,p.Asp94Tyr,pncA,c.192_193insA,levofloxacin;moxifloxacin,pyrazinamide,cross_class,2,1,0,2,1,114,0.0,1.0,True,,,1.0,False
gyrA|p.Asp94Tyr,mmpR5|c.240delT,gyrA,p.Asp94Tyr,mmpR5,c.240delT,levofloxacin;moxifloxacin,bedaquiline;clofazimine,cross_class,2,1,0,2,1,114,0.0,1.0,True,,,1.0,False
gyrA|p.Asp94Tyr,mmpR5|c.144dupC,gyrA,p.Asp94Tyr,mmpR5,c.144dupC,levofloxacin;moxifloxacin,bedaquiline;clofazimine,cross_class,2,3,0,2,3,112,0.0,1.0,True,,,1.0,False
gyrA|p.Asp94Tyr,mmpR5|c.141_142dupTC,gyrA,p.Asp94Tyr,mmpR5,c.141_142dupTC,levofloxacin;moxifloxacin,bedaquiline;clofazimine,cross_class,2,6,0,2,6,109,0.0,1.0,True,,,1.0,False
gyrA|p.Asp94Tyr,katG|p.Ser315Thr,gyrA,p.Asp94Tyr,katG,p.Ser315Thr,levofloxacin;moxifloxacin,isoniazid,cross_class,2,17,0,2,17,98,0.0,1.0,True,,,1.0,False
gyrA|p.Asp94Tyr,katG|p.Ser315Asn,gyrA,p.Asp94Tyr,katG,p.Ser315Asn,levofloxacin;moxifloxacin,isoniazid,cross_class,2,2,0,2,2,113,0.0,1.0,True,,,1.0,False
gyrA|p.Asp94Tyr,katG|c.1416_1417dupAG,gyrA,p.Asp94Tyr,katG,c.1416_1417dupAG,levofloxacin;moxifloxacin,isoniazid,cross_class,2,2,0,2,2,113,0.0,1.0,True,,,1.0,False
gyrA|p.Asp94Tyr,inhA|c.-154G>A,gyrA,p.Asp94Tyr,inhA,c.-154G>A,levofloxacin;moxifloxacin,ethionamide;isoniazid;prothionamide,cross_class,2,1,0,2,1,114,0.0,1.0,True,,,1.0,False
gyrA|p.Asp94Tyr,gyrA|p.Gly88Cys,gyrA,p.Asp94Tyr,gyrA,p.Gly88Cys,levofloxacin;moxifloxacin,levofloxacin;moxifloxacin,within_class,2,1,0,2,1,114,0.0,1.0,True,,,1.0,False
gyrA|p.Asp94Gly,rrs|n.514A>C,gyrA,p.Asp94Gly,rrs,n.514A>C,levofloxacin;moxifloxacin,streptomycin,cross_class,4,1,0,4,1,112,0.0,1.0,True,,,1.0,False
gyrA|p.Asp94Gly,rrs|n.1484G>T,gyrA,p.Asp94Gly,rrs,n.1484G>T,levofloxacin;moxifloxacin,amikacin;capreomycin;kanamycin,cross_class,4,1,0,4,1,112,0.0,1.0,True,,,1.0,False
gyrA|p.Asp94Gly,rpsL|p.Lys88Arg,gyrA,p.Asp94Gly,rpsL,p.Lys88Arg,levofloxacin;moxifloxacin,streptomycin,cross_class,4,2,0,4,2,111,0.0,1.0,True,,,1.0,False
gyrA|p.Asp94Gly,rpsL|p.Lys43Arg,gyrA,p.Asp94Gly,rpsL,p.Lys43Arg,levofloxacin;moxifloxacin,streptomycin,cross_class,4,1,0,4,1,112,0.0,1.0,True,,,1.0,False
gyrA|p.Asp94Gly,rpoB|p.Ser450Leu,gyrA,p.Asp94Gly,rpoB,p.Ser450Leu,levofloxacin;moxifloxacin,rifampicin;rifapentine,cross_class,4,8,1,3,7,106,5.0476190476190474,0.24959908709612802,True,lineage3,100.0,1.0,False
gyrA|p.Gly88Cys,katG|p.Ser315Thr,gyrA,p.Gly88Cys,katG,p.Ser315Thr,levofloxacin;moxifloxacin,isoniazid,cross_class,1,17,1,0,16,100,inf,0.14529914529914528,True,lineage3,100.0,1.0,False
gyrA|p.Gly88Cys,katG|p.Ser315Asn,gyrA,p.Gly88Cys,katG,p.Ser315Asn,levofloxacin;moxifloxacin,isoniazid,cross_class,1,2,0,1,2,114,0.0,1.0,True,,,1.0,False
gyrA|p.Gly88Cys,katG|c.1416_1417dupAG,gyrA,p.Gly88Cys,katG,c.1416_1417dupAG,levofloxacin;moxifloxacin,isoniazid,cross_class,1,2,0,1,2,114,0.0,1.0,True,,,1.0,False
gyrA|p.Gly88Cys,inhA|c.-154G>A,gyrA,p.Gly88Cys,inhA,c.-154G>A,levofloxacin;moxifloxacin,ethionamide;isoniazid;prothionamide,cross_class,1,1,0,1,1,115,0.0,1.0,True,,,1.0,False
gyrA|p.Asp94Tyr,rrs|n.514A>C,gyrA,p.Asp94Tyr,rrs,n.514A>C,levofloxacin;moxifloxacin,streptomycin,cross_class,2,1,0,2,1,114,0.0,1.0,True,,,1.0,False
gyrA|p.Asp94Tyr,rrs|n.1484G>T,gyrA,p.Asp94Tyr,rrs,n.1484G>T,levofloxacin;moxifloxacin,amikacin;capreomycin;kanamycin,cross_class,2,1,0,2,1,114,0.0,1.0,True,,,1.0,False
gyrA|p.Asp94Tyr,rpsL|p.Lys88Arg,gyrA,p.Asp94Tyr,rpsL,p.Lys88Arg,levofloxacin;moxifloxacin,streptomycin,cross_class,2,2,0,2,2,113,0.0,1.0,True,,,1.0,False
gyrA|p.Asp94Tyr,rpsL|p.Lys43Arg,gyrA,p.Asp94Tyr,rpsL,p.Lys43Arg,levofloxacin;moxifloxacin,streptomycin,cross_class,2,1,0,2,1,114,0.0,1.0,True,,,1.0,False
gyrA|p.Asp94Tyr,rpoB|p.Ser450Leu,gyrA,p.Asp94Tyr,rpoB,p.Ser450Leu,levofloxacin;moxifloxacin,rifampicin;rifapentine,cross_class,2,8,0,2,8,107,0.0,1.0,True,,,1.0,False
gyrA|p.Asp94Tyr,rpoB|p.Leu430Pro,gyrA,p.Asp94Tyr,rpoB,p.Leu430Pro,levofloxacin;moxifloxacin,rifampicin;rifapentine,cross_class,2,6,0,2,6,109,0.0,1.0,True,,,1.0,False
gyrA|p.Asp94Tyr,rpoB|p.His445Tyr,gyrA,p.Asp94Tyr,rpoB,p.His445Tyr,levofloxacin;moxifloxacin,rifampicin;rifapentine,cross_class,2,2,0,2,2,113,0.0,1.0,True,,,1.0,False
gyrA|p.Asp94Tyr,rpoB|p.His445Asn,gyrA,p.Asp94Tyr,rpoB,p.His445Asn,levofloxacin;moxifloxacin,rifampicin;rifapentine,cross_class,2,2,0,2,2,113,0.0,1.0,True,,,1.0,False
gyrA|p.Asp94Tyr,rpoB|p.Asp435Val,gyrA,p.Asp94Tyr,rpoB,p.Asp435Val,levofloxacin;moxifloxacin,rifampicin;rifapentine,cross_class,2,2,0,2,2,113,0.0,1.0,True,,,1.0,False
gyrA|p.Asp94Tyr,pncA|p.Val125Phe,gyrA,p.Asp94Tyr,pncA,p.Val125Phe,levofloxacin;moxifloxacin,pyrazinamide,cross_class,2,1,0,2,1,114,0.0,1.0,True,,,1.0,False
gyrA|p.Asp94Tyr,pncA|p.Trp68Cys,gyrA,p.Asp94Tyr,pncA,p.Trp68Cys,levofloxacin;moxifloxacin,pyrazinamide,cross_class,2,9,0,2,9,106,0.0,1.0,True,,,1.0,False
gyrA|p.Gly88Cys,rpsL|p.Lys88Arg,gyrA,p.Gly88Cys,rpsL,p.Lys88Arg,levofloxacin;moxifloxacin,streptomycin,cross_class,1,2,0,1,2,114,0.0,1.0,True,,,1.0,False
gyrA|p.Gly88Cys,rpsL|p.Lys43Arg,gyrA,p.Gly88Cys,rpsL,p.Lys43Arg,levofloxacin;moxifloxacin,streptomycin,cross_class,1,1,0,1,1,115,0.0,1.0,True,,,1.0,False
gyrA|p.Gly88Cys,rpoB|p.Leu430Pro,gyrA,p.Gly88Cys,rpoB,p.Leu430Pro,levofloxacin;moxifloxacin,rifampicin;rifapentine,cross_class,1,6,0,1,6,110,0.0,1.0,True,,,1.0,False
gyrA|p.Gly88Cys,rpoB|p.His445Tyr,gyrA,p.Gly88Cys,rpoB,p.His445Tyr,levofloxacin;moxifloxacin,rifampicin;rifapentine,cross_class,1,2,0,1,2,114,0.0,1.0,True,,,1.0,False
gyrA|p.Gly88Cys,rpoB|p.His445Asn,gyrA,p.Gly88Cys,rpoB,p.His445Asn,levofloxacin;moxifloxacin,rifampicin;rifapentine,cross_class,1,2,0,1,2,114,0.0,1.0,True,,,1.0,False
gyrA|p.Gly88Cys,rpoB|p.Asp435Val,gyrA,p.Gly88Cys,rpoB,p.Asp435Val,levofloxacin;moxifloxacin,rifampicin;rifapentine,cross_class,1,2,0,1,2,114,0.0,1.0,True,,,1.0,False
gyrA|p.Gly88Cys,rpoB|p.Asp435Tyr,gyrA,p.Gly88Cys,rpoB,p.Asp435Tyr,levofloxacin;moxifloxacin,rifampicin;rifapentine,cross_class,1,2,0,1,2,114,0.0,1.0,True,,,1.0,False
gyrA|p.Gly88Cys,pncA|p.Val125Phe,gyrA,p.Gly88Cys,pncA,p.Val125Phe,levofloxacin;moxifloxacin,pyrazinamide,cross_class,1,1,0,1,1,115,0.0,1.0,True,,,1.0,False
gyrA|p.Gly88Cys,pncA|p.Trp68Cys,gyrA,p.Gly88Cys,pncA,p.Trp68Cys,levofloxacin;moxifloxacin,pyrazinamide,cross_class,1,9,0,1,9,107,0.0,1.0,True,,,1.0,False
gyrA|p.Gly88Cys,pncA|c.390_391dupGG,gyrA,p.Gly88Cys,pncA,c.390_391dupGG,levofloxacin;moxifloxacin,pyrazinamide,cross_class,1,2,0,1,2,114,0.0,1.0,True,,,1.0,False
gyrA|p.Gly88Cys,pncA|c.192_193insA,gyrA,p.Gly88Cys,pncA,c.192_193insA,levofloxacin;moxifloxacin,pyrazinamide,cross_class,1,1,0,1,1,115,0.0,1.0,True,,,1.0,False
gyrA|p.Gly88Cys,mmpR5|c.240delT,gyrA,p.Gly88Cys,mmpR5,c.240delT,levofloxacin;moxifloxacin,bedaquiline;clofazimine,cross_class,1,1,0,1,1,115,0.0,1.0,True,,,1.0,False
gyrA|p.Gly88Cys,mmpR5|c.144dupC,gyrA,p.Gly88Cys,mmpR5,c.144dupC,levofloxacin;moxifloxacin,bedaquiline;clofazimine,cross_class,1,3,0,1,3,113,0.0,1.0,True,,,1.0,False
gyrA|p.Gly88Cys,mmpR5|c.139dupG,gyrA,p.Gly88Cys,mmpR5,c.139dupG,levofloxacin;moxifloxacin,bedaquiline;clofazimine,cross_class,1,2,0,1,2,114,0.0,1.0,True,,,1.0,False
inhA|c.-154G>A,rpoB|p.His445Asn,inhA,c.-154G>A,rpoB,p.His445Asn,ethionamide;isoniazid;prothionamide,rifampicin;rifapentine,cross_class,1,2,0,1,2,114,0.0,1.0,True,,,1.0,False
inhA|c.-154G>A,rpoB|p.Asp435Val,inhA,c.-154G>A,rpoB,p.Asp435Val,ethionamide;isoniazid;prothionamide,rifampicin;rifapentine,cross_class,1,2,0,1,2,114,0.0,1.0,True,,,1.0,False
inhA|c.-154G>A,rpoB|p.Asp435Tyr,inhA,c.-154G>A,rpoB,p.Asp435Tyr,ethionamide;isoniazid;prothionamide,rifampicin;rifapentine,cross_class,1,2,0,1,2,114,0.0,1.0,True,,,1.0,False
inhA|c.-154G>A,pncA|p.Val125Phe,inhA,c.-154G>A,pncA,p.Val125Phe,ethionamide;isoniazid;prothionamide,pyrazinamide,cross_class,1,1,0,1,1,115,0.0,1.0,True,,,1.0,False
inhA|c.-154G>A,pncA|p.Trp68Cys,inhA,c.-154G>A,pncA,p.Trp68Cys,ethionamide;isoniazid;prothionamide,pyrazinamide,cross_class,1,9,0,1,9,107,0.0,1.0,True,,,1.0,False
inhA|c.-154G>A,pncA|c.390_391dupGG,inhA,c.-154G>A,pncA,c.390_391dupGG,ethionamide;isoniazid;prothionamide,pyrazinamide,cross_class,1,2,0,1,2,114,0.0,1.0,True,,,1.0,False
inhA|c.-154G>A,pncA|c.192_193insA,inhA,c.-154G>A,pncA,c.192_193insA,ethionamide;isoniazid;prothionamide,pyrazinamide,cross_class,1,1,0,1,1,115,0.0,1.0,True,,,1.0,False
inhA|c.-154G>A,mmpR5|c.240delT,inhA,c.-154G>A,mmpR5,c.240delT,ethionamide;isoniazid;prothionamide,bedaquiline;clofazimine,cross_class,1,1,0,1,1,115,0.0,1.0,True,,,1.0,False
inhA|c.-154G>A,mmpR5|c.144dupC,inhA,c.-154G>A,mmpR5,c.144dupC,ethionamide;isoniazid;prothionamide,bedaquiline;clofazimine,cross_class,1,3,0,1,3,113,0.0,1.0,True,,,1.0,False
inhA|c.-154G>A,mmpR5|c.141_142dupTC,inhA,c.-154G>A,mmpR5,c.141_142dupTC,ethionamide;isoniazid;prothionamide,bedaquiline;clofazimine,cross_class,1,6,0,1,6,110,0.0,1.0,True,,,1.0,False
inhA|c.-154G>A,mmpR5|c.139dupG,inhA,c.-154G>A,mmpR5,c.139dupG,ethionamide;isoniazid;prothionamide,bedaquiline;clofazimine,cross_class,1,2,0,1,2,114,0.0,1.0,True,,,1.0,False
inhA|c.-154G>A,katG|p.Ser315Thr,inhA,c.-154G>A,katG,p.Ser315Thr,ethionamide;isoniazid;prothionamide,isoniazid,within_class,1,17,0,1,17,99,0.0,1.0,True,,,1.0,False
inhA|c.-154G>A,katG|p.Ser315Asn,inhA,c.-154G>A,katG,p.Ser315Asn,ethionamide;isoniazid;prothionamide,isoniazid,within_class,1,2,0,1,2,114,0.0,1.0,True,,,1.0,False
inhA|c.-154G>A,katG|c.1416_1417dupAG,inhA,c.-154G>A,katG,c.1416_1417dupAG,ethionamide;isoniazid;prothionamide,isoniazid,within_class,1,2,0,1,2,114,0.0,1.0,True,,,1.0,False
gyrA|p.Gly88Cys,rrs|n.514A>C,gyrA,p.Gly88Cys,rrs,n.514A>C,levofloxacin;moxifloxacin,streptomycin,cross_class,1,1,0,1,1,115,0.0,1.0,True,,,1.0,False
gyrA|p.Gly88Cys,rrs|n.1484G>T,gyrA,p.Gly88Cys,rrs,n.1484G>T,levofloxacin;moxifloxacin,amikacin;capreomycin;kanamycin,cross_class,1,1,0,1,1,115,0.0,1.0,True,,,1.0,False
embB|p.Met306Leu,rpoB|p.His445Tyr,embB,p.Met306Leu,rpoB,p.His445Tyr,ethambutol,rifampicin;rifapentine,cross_class,1,2,0,1,2,114,0.0,1.0,True,,,1.0,False
embB|p.Met306Leu,rpoB|p.His445Asn,embB,p.Met306Leu,rpoB,p.His445Asn,ethambutol,rifampicin;rifapentine,cross_class,1,2,0,1,2,114,0.0,1.0,True,,,1.0,False
embB|p.Met306Leu,rpoB|p.Asp435Val,embB,p.Met306Leu,rpoB,p.Asp435Val,ethambutol,rifampicin;rifapentine,cross_class,1,2,0,1,2,114,0.0,1.0,True,,,1.0,False
embB|p.Met306Leu,rpoB|p.Asp435Tyr,embB,p.Met306Leu,rpoB,p.Asp435Tyr,ethambutol,rifampicin;rifapentine,cross_class,1,2,0,1,2,114,0.0,1.0,True,,,1.0,False
embB|p.Met306Leu,pncA|p.Val125Phe,embB,p.Met306Leu,pncA,p.Val125Phe,ethambutol,pyrazinamide,cross_class,1,1,0,1,1,115,0.0,1.0,True,,,1.0,False
embB|p.Met306Leu,pncA|p.Trp68Cys,embB,p.Met306Leu,pncA,p.Trp68Cys,ethambutol,pyrazinamide,cross_class,1,9,0,1,9,107,0.0,1.0,True,,,1.0,False
embB|p.Met306Leu,pncA|c.390_391dupGG,embB,p.Met306Leu,pncA,c.390_391dupGG,ethambutol,pyrazinamide,cross_class,1,2,0,1,2,114,0.0,1.0,True,,,1.0,False
embB|p.Met306Leu,pncA|c.192_193insA,embB,p.Met306Leu,pncA,c.192_193insA,ethambutol,pyrazinamide,cross_class,1,1,0,1,1,115,0.0,1.0,True,,,1.0,False
embB|p.Met306Leu,mmpR5|c.139dupG,embB,p.Met306Leu,mmpR5,c.139dupG,ethambutol,bedaquiline;clofazimine,cross_class,1,2,0,1,2,114,0.0,1.0,True,,,1.0,False
embB|p.Met306Leu,katG|p.Ser315Thr,embB,p.Met306Leu,katG,p.Ser315Thr,ethambutol,isoniazid,cross_class,1,17,1,0,16,100,inf,0.14529914529914528,True,lineage3,100.0,1.0,False
embB|p.Met306Leu,katG|p.Ser315Asn,embB,p.Met306Leu,katG,p.Ser315Asn,ethambutol,isoniazid,cross_class,1,2,0,1,2,114,0.0,1.0,True,,,1.0,False
embB|p.Met306Leu,katG|c.1416_1417dupAG,embB,p.Met306Leu,katG,c.1416_1417dupAG,ethambutol,isoniazid,cross_class,1,2,0,1,2,114,0.0,1.0,True,,,1.0,False
embB|p.Met306Leu,inhA|c.-154G>A,embB,p.Met306Leu,inhA,c.-154G>A,ethambutol,ethionamide;isoniazid;prothionamide,cross_class,1,1,0,1,1,115,0.0,1.0,True,,,1.0,False
katG|c.1416_1417dupAG,pncA|p.Trp68Cys,katG,c.1416_1417dupAG,pncA,p.Trp68Cys,isoniazid,pyrazinamide,cross_class,2,9,0,2,9,106,0.0,1.0,True,,,1.0,False
katG|c.1416_1417dupAG,pncA|c.390_391dupGG,katG,c.1416_1417dupAG,pncA,c.390_391dupGG,isoniazid,pyrazinamide,cross_class,2,2,0,2,2,113,0.0,1.0,True,,,1.0,False
katG|c.1416_1417dupAG,pncA|c.192_193insA,katG,c.1416_1417dupAG,pncA,c.192_193insA,isoniazid,pyrazinamide,cross_class,2,1,0,2,1,114,0.0,1.0,True,,,1.0,False
katG|c.1416_1417dupAG,mmpR5|c.240delT,katG,c.1416_1417dupAG,mmpR5,c.240delT,isoniazid,bedaquiline;clofazimine,cross_class,2,1,0,2,1,114,0.0,1.0,True,,,1.0,False
katG|c.1416_1417dupAG,mmpR5|c.144dupC,katG,c.1416_1417dupAG,mmpR5,c.144dupC,isoniazid,bedaquiline;clofazimine,cross_class,2,3,0,2,3,112,0.0,1.0,True,,,1.0,False
katG|c.1416_1417dupAG,mmpR5|c.141_142dupTC,katG,c.1416_1417dupAG,mmpR5,c.141_142dupTC,isoniazid,bedaquiline;clofazimine,cross_class,2,6,0,2,6,109,0.0,1.0,True,,,1.0,False
katG|c.1416_1417dupAG,mmpR5|c.139dupG,katG,c.1416_1417dupAG,mmpR5,c.139dupG,isoniazid,bedaquiline;clofazimine,cross_class,2,2,0,2,2,113,0.0,1.0,True,,,1.0,False
katG|c.1416_1417dupAG,katG|p.Ser315Thr,katG,c.1416_1417dupAG,katG,p.Ser315Thr,isoniazid,isoniazid,within_class,2,17,0,2,17,98,0.0,1.0,True,,,1.0,False
katG|c.1416_1417dupAG,katG|p.Ser315Asn,katG,c.1416_1417dupAG,katG,p.Ser315Asn,isoniazid,isoniazid,within_class,2,2,0,2,2,113,0.0,1.0,True,,,1.0,False
inhA|c.-154G>A,rrs|n.514A>C,inhA,c.-154G>A,rrs,n.514A>C,ethionamide;isoniazid;prothionamide,streptomycin,cross_class,1,1,0,1,1,115,0.0,1.0,True,,,1.0,False
inhA|c.-154G>A,rrs|n.1484G>T,inhA,c.-154G>A,rrs,n.1484G>T,ethionamide;isoniazid;prothionamide,amikacin;capreomycin;kanamycin,cross_class,1,1,0,1,1,115,0.0,1.0,True,,,1.0,False
inhA|c.-154G>A,rpsL|p.Lys88Arg,inhA,c.-154G>A,rpsL,p.Lys88Arg,ethionamide;isoniazid;prothionamide,streptomycin,cross_class,1,2,0,1,2,114,0.0,1.0,True,,,1.0,False
inhA|c.-154G>A,rpsL|p.Lys43Arg,inhA,c.-154G>A,rpsL,p.Lys43Arg,ethionamide;isoniazid;prothionamide,streptomycin,cross_class,1,1,0,1,1,115,0.0,1.0,True,,,1.0,False
inhA|c.-154G>A,rpoB|p.Ser450Leu,inhA,c.-154G>A,rpoB,p.Ser450Leu,ethionamide;isoniazid;prothionamide,rifampicin;rifapentine,cross_class,1,8,0,1,8,108,0.0,1.0,True,,,1.0,False
inhA|c.-154G>A,rpoB|p.Leu430Pro,inhA,c.-154G>A,rpoB,p.Leu430Pro,ethionamide;isoniazid;prothionamide,rifampicin;rifapentine,cross_class,1,6,0,1,6,110,0.0,1.0,True,,,1.0,False
katG|p.Ser315Asn,mmpR5|c.240delT,katG,p.Ser315Asn,mmpR5,c.240delT,isoniazid,bedaquiline;clofazimine,cross_class,2,1,0,2,1,114,0.0,1.0,True,,,1.0,False
katG|p.Ser315Asn,mmpR5|c.144dupC,katG,p.Ser315Asn,mmpR5,c.144dupC,isoniazid,bedaquiline;clofazimine,cross_class,2,3,0,2,3,112,0.0,1.0,True,,,1.0,False
katG|p.Ser315Asn,mmpR5|c.139dupG,katG,p.Ser315Asn,mmpR5,c.139dupG,isoniazid,bedaquiline;clofazimine,cross_class,2,2,0,2,2,113,0.0,1.0,True,,,1.0,False
katG|p.Ser315Asn,katG|p.Ser315Thr,katG,p.Ser315Asn,katG,p.Ser315Thr,isoniazid,isoniazid,within_class,2,17,0,2,17,98,0.0,1.0,True,,,1.0,False
katG|c.1416_1417dupAG,rrs|n.514A>C,katG,c.1416_1417dupAG,rrs,n.514A>C,isoniazid,streptomycin,cross_class,2,1,0,2,1,114,0.0,1.0,True,,,1.0,False
katG|c.1416_1417dupAG,rrs|n.1484G>T,katG,c.1416_1417dupAG,rrs,n.1484G>T,isoniazid,amikacin;capreomycin;kanamycin,cross_class,2,1,0,2,1,114,0.0,1.0,True,,,1.0,False
katG|c.1416_1417dupAG,rpsL|p.Lys88Arg,katG,c.1416_1417dupAG,rpsL,p.Lys88Arg,isoniazid,streptomycin,cross_class,2,2,0,2,2,113,0.0,1.0,True,,,1.0,False
katG|c.1416_1417dupAG,rpsL|p.Lys43Arg,katG,c.1416_1417dupAG,rpsL,p.Lys43Arg,isoniazid,streptomycin,cross_class,2,1,0,2,1,114,0.0,1.0,True,,,1.0,False
katG|c.1416_1417dupAG,rpoB|p.Ser450Leu,katG,c.1416_1417dupAG,rpoB,p.Ser450Leu,isoniazid,rifampicin;rifapentine,cross_class,2,8,0,2,8,107,0.0,1.0,True,,,1.0,False
katG|c.1416_1417dupAG,rpoB|p.Leu430Pro,katG,c.1416_1417dupAG,rpoB,p.Leu430Pro,isoniazid,rifampicin;rifapentine,cross_class,2,6,0,2,6,109,0.0,1.0,True,,,1.0,False
katG|c.1416_1417dupAG,rpoB|p.His445Tyr,katG,c.1416_1417dupAG,rpoB,p.His445Tyr,isoniazid,rifampicin;rifapentine,cross_class,2,2,0,2,2,113,0.0,1.0,True,,,1.0,False
katG|c.1416_1417dupAG,rpoB|p.Asp435Val,katG,c.1416_1417dupAG,rpoB,p.Asp435Val,isoniazid,rifampicin;rifapentine,cross_class,2,2,0,2,2,113,0.0,1.0,True,,,1.0,False
katG|c.1416_1417dupAG,rpoB|p.Asp435Tyr,katG,c.1416_1417dupAG,rpoB,p.Asp435Tyr,isoniazid,rifampicin;rifapentine,cross_class,2,2,0,2,2,113,0.0,1.0,True,,,1.0,False
katG|c.1416_1417dupAG,pncA|p.Val125Phe,katG,c.1416_1417dupAG,pncA,p.Val125Phe,isoniazid,pyrazinamide,cross_class,2,1,0,2,1,114,0.0,1.0,True,,,1.0,False
katG|p.Ser315Thr,mmpR5|c.139dupG,katG,p.Ser315Thr,mmpR5,c.139dupG,isoniazid,bedaquiline;clofazimine,cross_class,17,2,0,17,2,98,0.0,1.0,True,,,1.0,False
katG|p.Ser315Asn,rrs|n.514A>C,katG,p.Ser315Asn,rrs,n.514A>C,isoniazid,streptomycin,cross_class,2,1,0,2,1,114,0.0,1.0,True,,,1.0,False
katG|p.Ser315Asn,rrs|n.1484G>T,katG,p.Ser315Asn,rrs,n.1484G>T,isoniazid,amikacin;capreomycin;kanamycin,cross_class,2,1,0,2,1,114,0.0,1.0,True,,,1.0,False
katG|p.Ser315Asn,rpsL|p.Lys88Arg,katG,p.Ser315Asn,rpsL,p.Lys88Arg,isoniazid,streptomycin,cross_class,2,2,0,2,2,113,0.0,1.0,True,,,1.0,False
katG|p.Ser315Asn,rpsL|p.Lys43Arg,katG,p.Ser315Asn,rpsL,p.Lys43Arg,isoniazid,streptomycin,cross_class,2,1,0,2,1,114,0.0,1.0,True,,,1.0,False
katG|p.Ser315Asn,rpoB|p.Ser450Leu,katG,p.Ser315Asn,rpoB,p.Ser450Leu,isoniazid,rifampicin;rifapentine,cross_class,2,8,0,2,8,107,0.0,1.0,True,,,1.0,False
katG|p.Ser315Asn,rpoB|p.Leu430Pro,katG,p.Ser315Asn,rpoB,p.Leu430Pro,isoniazid,rifampicin;rifapentine,cross_class,2,6,0,2,6,109,0.0,1.0,True,,,1.0,False
katG|p.Ser315Asn,rpoB|p.His445Tyr,katG,p.Ser315Asn,rpoB,p.His445Tyr,isoniazid,rifampicin;rifapentine,cross_class,2,2,0,2,2,113,0.0,1.0,True,,,1.0,False
katG|p.Ser315Asn,rpoB|p.His445Asn,katG,p.Ser315Asn,rpoB,p.His445Asn,isoniazid,rifampicin;rifapentine,cross_class,2,2,0,2,2,113,0.0,1.0,True,,,1.0,False
katG|p.Ser315Asn,rpoB|p.Asp435Tyr,katG,p.Ser315Asn,rpoB,p.Asp435Tyr,isoniazid,rifampicin;rifapentine,cross_class,2,2,0,2,2,113,0.0,1.0,True,,,1.0,False
katG|p.Ser315Asn,pncA|p.Val125Phe,katG,p.Ser315Asn,pncA,p.Val125Phe,isoniazid,pyrazinamide,cross_class,2,1,0,2,1,114,0.0,1.0,True,,,1.0,False
katG|p.Ser315Asn,pncA|p.Trp68Cys,katG,p.Ser315Asn,pncA,p.Trp68Cys,isoniazid,pyrazinamide,cross_class,2,9,0,2,9,106,0.0,1.0,True,,,1.0,False
katG|p.Ser315Asn,pncA|c.390_391dupGG,katG,p.Ser315Asn,pncA,c.390_391dupGG,isoniazid,pyrazinamide,cross_class,2,2,0,2,2,113,0.0,1.0,True,,,1.0,False
katG|p.Ser315Asn,pncA|c.192_193insA,katG,p.Ser315Asn,pncA,c.192_193insA,isoniazid,pyrazinamide,cross_class,2,1,0,2,1,114,0.0,1.0,True,,,1.0,False
katG|p.Ser315Thr,rrs|n.514A>C,katG,p.Ser315Thr,rrs,n.514A>C,isoniazid,streptomycin,cross_class,17,1,1,16,0,100,inf,0.1452991452991453,True,lineage3,100.0,1.0,False
katG|p.Ser315Thr,rrs|n.1484G>T,katG,p.Ser315Thr,rrs,n.1484G>T,isoniazid,amikacin;capreomycin;kanamycin,cross_class,17,1,0,17,1,99,0.0,1.0,True,,,1.0,False
katG|p.Ser315Thr,rpsL|p.Lys88Arg,katG,p.Ser315Thr,rpsL,p.Lys88Arg,isoniazid,streptomycin,cross_class,17,2,1,16,1,99,6.1875,0.27055702917771884,True,lineage3,100.0,1.0,False
katG|p.Ser315Thr,rpsL|p.Lys43Arg,katG,p.Ser315Thr,rpsL,p.Lys43Arg,isoniazid,streptomycin,cross_class,17,1,0,17,1,99,0.0,1.0,True,,,1.0,False
katG|p.Ser315Thr,rpoB|p.His445Tyr,katG,p.Ser315Thr,rpoB,p.His445Tyr,isoniazid,rifampicin;rifapentine,cross_class,17,2,0,17,2,98,0.0,1.0,True,,,1.0,False
katG|p.Ser315Thr,rpoB|p.His445Asn,katG,p.Ser315Thr,rpoB,p.His445Asn,isoniazid,rifampicin;rifapentine,cross_class,17,2,0,17,2,98,0.0,1.0,True,,,1.0,False
katG|p.Ser315Thr,rpoB|p.Asp435Val,katG,p.Ser315Thr,rpoB,p.Asp435Val,isoniazid,rifampicin;rifapentine,cross_class,17,2,0,17,2,98,0.0,1.0,True,,,1.0,False
katG|p.Ser315Thr,rpoB|p.Asp435Tyr,katG,p.Ser315Thr,rpoB,p.Asp435Tyr,isoniazid,rifampicin;rifapentine,cross_class,17,2,0,17,2,98,0.0,1.0,True,,,1.0,False
katG|p.Ser315Thr,pncA|p.Val125Phe,katG,p.Ser315Thr,pncA,p.Val125Phe,isoniazid,pyrazinamide,cross_class,17,1,1,16,0,100,inf,0.1452991452991453,True,lineage3,100.0,1.0,False
katG|p.Ser315Thr,pncA|c.390_391dupGG,katG,p.Ser315Thr,pncA,c.390_391dupGG,isoniazid,pyrazinamide,cross_class,17,2,0,17,2,98,0.0,1.0,True,,,1.0,False
katG|p.Ser315Thr,pncA|c.192_193insA,katG,p.Ser315Thr,pncA,c.192_193insA,isoniazid,pyrazinamide,cross_class,17,1,1,16,0,100,inf,0.1452991452991453,True,lineage3,100.0,1.0,False
katG|p.Ser315Thr,mmpR5|c.240delT,katG,p.Ser315Thr,mmpR5,c.240delT,isoniazid,bedaquiline;clofazimine,cross_class,17,1,1,16,0,100,inf,0.1452991452991453,True,lineage3,100.0,1.0,False
mmpR5|c.139dupG,rrs|n.1484G>T,mmpR5,c.139dupG,rrs,n.1484G>T,bedaquiline;clofazimine,amikacin;capreomycin;kanamycin,cross_class,2,1,0,2,1,114,0.0,1.0,True,,,1.0,False
mmpR5|c.139dupG,rpsL|p.Lys88Arg,mmpR5,c.139dupG,rpsL,p.Lys88Arg,bedaquiline;clofazimine,streptomycin,cross_class,2,2,0,2,2,113,0.0,1.0,True,,,1.0,False
mmpR5|c.139dupG,rpsL|p.Lys43Arg,mmpR5,c.139dupG,rpsL,p.Lys43Arg,bedaquiline;clofazimine,streptomycin,cross_class,2,1,0,2,1,114,0.0,1.0,True,,,1.0,False
mmpR5|c.139dupG,rpoB|p.Ser450Leu,mmpR5,c.139dupG,rpoB,p.Ser450Leu,bedaquiline;clofazimine,rifampicin;rifapentine,cross_class,2,8,0,2,8,107,0.0,1.0,True,,,1.0,False
mmpR5|c.139dupG,rpoB|p.Leu430Pro,mmpR5,c.139dupG,rpoB,p.Leu430Pro,bedaquiline;clofazimine,rifampicin;rifapentine,cross_class,2,6,0,2,6,109,0.0,1.0,True,,,1.0,False
mmpR5|c.139dupG,rpoB|p.His445Tyr,mmpR5,c.139dupG,rpoB,p.His445Tyr,bedaquiline;clofazimine,rifampicin;rifapentine,cross_class,2,2,0,2,2,113,0.0,1.0,True,,,1.0,False
mmpR5|c.139dupG,rpoB|p.His445Asn,mmpR5,c.139dupG,rpoB,p.His445Asn,bedaquiline;clofazimine,rifampicin;rifapentine,cross_class,2,2,0,2,2,113,0.0,1.0,True,,,1.0,False
mmpR5|c.139dupG,rpoB|p.Asp435Val,mmpR5,c.139dupG,rpoB,p.Asp435Val,bedaquiline;clofazimine,rifampicin;rifapentine,cross_class,2,2,0,2,2,113,0.0,1.0,True,,,1.0,False
mmpR5|c.139dupG,pncA|p.Val125Phe,mmpR5,c.139dupG,pncA,p.Val125Phe,bedaquiline;clofazimine,pyrazinamide,cross_class,2,1,0,2,1,114,0.0,1.0,True,,,1.0,False
mmpR5|c.139dupG,pncA|p.Trp68Cys,mmpR5,c.139dupG,pncA,p.Trp68Cys,bedaquiline;clofazimine,pyrazinamide,cross_class,2,9,0,2,9,106,0.0,1.0,True,,,1.0,False
mmpR5|c.139dupG,pncA|c.192_193insA,mmpR5,c.139dupG,pncA,c.192_193insA,bedaquiline;clofazimine,pyrazinamide,cross_class,2,1,0,2,1,114,0.0,1.0,True,,,1.0,False
mmpR5|c.139dupG,mmpR5|c.240delT,mmpR5,c.139dupG,mmpR5,c.240delT,bedaquiline;clofazimine,bedaquiline;clofazimine,within_class,2,1,0,2,1,114,0.0,1.0,True,,,1.0,False
mmpR5|c.139dupG,mmpR5|c.144dupC,mmpR5,c.139dupG,mmpR5,c.144dupC,bedaquiline;clofazimine,bedaquiline;clofazimine,within_class,2,3,0,2,3,112,0.0,1.0,True,,,1.0,False
mmpR5|c.139dupG,mmpR5|c.141_142dupTC,mmpR5,c.139dupG,mmpR5,c.141_142dupTC,bedaquiline;clofazimine,bedaquiline;clofazimine,within_class,2,6,0,2,6,109,0.0,1.0,True,,,1.0,False
mmpR5|c.141_142dupTC,rrs|n.1484G>T,mmpR5,c.141_142dupTC,rrs,n.1484G>T,bedaquiline;clofazimine,amikacin;capreomycin;kanamycin,cross_class,6,1,0,6,1,110,0.0,1.0,True,,,1.0,False
mmpR5|c.141_142dupTC,rpsL|p.Lys88Arg,mmpR5,c.141_142dupTC,rpsL,p.Lys88Arg,bedaquiline;clofazimine,streptomycin,cross_class,6,2,0,6,2,109,0.0,1.0,True,,,1.0,False
mmpR5|c.141_142dupTC,rpsL|p.Lys43Arg,mmpR5,c.141_142dupTC,rpsL,p.Lys43Arg,bedaquiline;clofazimine,streptomycin,cross_class,6,1,0,6,1,110,0.0,1.0,True,,,1.0,False
mmpR5|c.141_142dupTC,rpoB|p.Leu430Pro,mmpR5,c.141_142dupTC,rpoB,p.Leu430Pro,bedaquiline;clofazimine,rifampicin;rifapentine,cross_class,6,6,1,5,5,106,4.24,0.27604336705465576,False,lineage3,100.0,1.0,False
mmpR5|c.141_142dupTC,rpoB|p.His445Tyr,mmpR5,c.141_142dupTC,rpoB,p.His445Tyr,bedaquiline;clofazimine,rifampicin;rifapentine,cross_class,6,2,0,6,2,109,0.0,1.0,True,,,1.0,False
mmpR5|c.141_142dupTC,rpoB|p.His445Asn,mmpR5,c.141_142dupTC,rpoB,p.His445Asn,bedaquiline;clofazimine,rifampicin;rifapentine,cross_class,6,2,0,6,2,109,0.0,1.0,True,,,1.0,False
mmpR5|c.141_142dupTC,rpoB|p.Asp435Tyr,mmpR5,c.141_142dupTC,rpoB,p.Asp435Tyr,bedaquiline;clofazimine,rifampicin;rifapentine,cross_class,6,2,0,6,2,109,0.0,1.0,True,,,1.0,False
mmpR5|c.141_142dupTC,pncA|p.Val125Phe,mmpR5,c.141_142dupTC,pncA,p.Val125Phe,bedaquiline;clofazimine,pyrazinamide,cross_class,6,1,0,6,1,110,0.0,1.0,True,,,1.0,False
mmpR5|c.141_142dupTC,pncA|c.390_391dupGG,mmpR5,c.141_142dupTC,pncA,c.390_391dupGG,bedaquiline;clofazimine,pyrazinamide,cross_class,6,2,0,6,2,109,0.0,1.0,True,,,1.0,False
mmpR5|c.141_142dupTC,pncA|c.192_193insA,mmpR5,c.141_142dupTC,pncA,c.192_193insA,bedaquiline;clofazimine,pyrazinamide,cross_class,6,1,0,6,1,110,0.0,1.0,True,,,1.0,False
mmpR5|c.141_142dupTC,mmpR5|c.144dupC,mmpR5,c.141_142dupTC,mmpR5,c.144dupC,bedaquiline;clofazimine,bedaquiline;clofazimine,within_class,6,3,1,5,2,109,10.9,0.14729173874601165,True,lineage3,100.0,1.0,False
mmpR5|c.139dupG,rrs|n.514A>C,mmpR5,c.139dupG,rrs,n.514A>C,bedaquiline;clofazimine,streptomycin,cross_class,2,1,0,2,1,114,0.0,1.0,True,,,1.0,False
embB|p.Met306Leu,gyrA|p.Gly88Cys,embB,p.Met306Leu,gyrA,p.Gly88Cys,ethambutol,levofloxacin;moxifloxacin,cross_class,1,1,0,1,1,115,0.0,1.0,True,,,1.0,False
embB|p.Met306Leu,gyrA|p.Asp94Tyr,embB,p.Met306Leu,gyrA,p.Asp94Tyr,ethambutol,levofloxacin;moxifloxacin,cross_class,1,2,0,1,2,114,0.0,1.0,True,,,1.0,False
embB|p.Met306Leu,gyrA|p.Asp94Gly,embB,p.Met306Leu,gyrA,p.Asp94Gly,ethambutol,levofloxacin;moxifloxacin,cross_class,1,4,0,1,4,112,0.0,1.0,True,,,1.0,False
embB|p.Met306Leu,gyrA|p.Ala90Val,embB,p.Met306Leu,gyrA,p.Ala90Val,ethambutol,levofloxacin;moxifloxacin,cross_class,1,3,0,1,3,113,0.0,1.0,True,,,1.0,False
embB|p.Met306Leu,gid|c.563delT,embB,p.Met306Leu,gid,c.563delT,ethambutol,streptomycin,cross_class,1,1,0,1,1,115,0.0,1.0,True,,,1.0,False
embB|p.Met306Leu,gid|c.545delG,embB,p.Met306Leu,gid,c.545delG,ethambutol,streptomycin,cross_class,1,3,0,1,3,113,0.0,1.0,True,,,1.0,False
embB|p.Met306Leu,gid|c.386delG,embB,p.Met306Leu,gid,c.386delG,ethambutol,streptomycin,cross_class,1,1,0,1,1,115,0.0,1.0,True,,,1.0,False
embB|p.Met306Leu,gid|c.115delC,embB,p.Met306Leu,gid,c.115delC,ethambutol,streptomycin,cross_class,1,2,0,1,2,114,0.0,1.0,True,,,1.0,False
embB|p.Met306Leu,gid|c.107delT,embB,p.Met306Leu,gid,c.107delT,ethambutol,streptomycin,cross_class,1,9,0,1,9,107,0.0,1.0,True,,,1.0,False
embB|p.Met306Leu,gid|c.102delG,embB,p.Met306Leu,gid,c.102delG,ethambutol,streptomycin,cross_class,1,6,0,1,6,110,0.0,1.0,True,,,1.0,False
embB|p.Met306Leu,ethA|c.5_8delCCGA,embB,p.Met306Leu,ethA,c.5_8delCCGA,ethambutol,ethionamide;prothionamide,cross_class,1,1,0,1,1,115,0.0,1.0,True,,,1.0,False
embB|p.Met306Leu,ethA|c.1112delG,embB,p.Met306Leu,ethA,c.1112delG,ethambutol,ethionamide;prothionamide,cross_class,1,1,0,1,1,115,0.0,1.0,True,,,1.0,False
embB|p.Met306Leu,embB|p.Met306Val,embB,p.Met306Leu,embB,p.Met306Val,ethambutol,ethambutol,within_class,1,1,0,1,1,115,0.0,1.0,True,,,1.0,False
embB|p.Met306Ile,rrs|n.1484G>T,embB,p.Met306Ile,rrs,n.1484G>T,ethambutol,amikacin;capreomycin;kanamycin,cross_class,10,1,0,10,1,106,0.0,1.0,True,,,1.0,False
embB|p.Met306Ile,rpsL|p.Lys88Arg,embB,p.Met306Ile,rpsL,p.Lys88Arg,ethambutol,streptomycin,cross_class,10,2,0,10,2,105,0.0,1.0,True,,,1.0,False
mmpR5|c.144dupC,rrs|n.514A>C,mmpR5,c.144dupC,rrs,n.514A>C,bedaquiline;clofazimine,streptomycin,cross_class,3,1,0,3,1,113,0.0,1.0,True,,,1.0,False
mmpR5|c.144dupC,rrs|n.1484G>T,mmpR5,c.144dupC,rrs,n.1484G>T,bedaquiline;clofazimine,amikacin;capreomycin;kanamycin,cross_class,3,1,0,3,1,113,0.0,1.0,True,,,1.0,False
mmpR5|c.144dupC,rpsL|p.Lys88Arg,mmpR5,c.144dupC,rpsL,p.Lys88Arg,bedaquiline;clofazimine,streptomycin,cross_class,3,2,0,3,2,112,0.0,1.0,True,,,1.0,False
mmpR5|c.144dupC,rpsL|p.Lys43Arg,mmpR5,c.144dupC,rpsL,p.Lys43Arg,bedaquiline;clofazimine,streptomycin,cross_class,3,1,0,3,1,113,0.0,1.0,True,,,1.0,False
mmpR5|c.144dupC,rpoB|p.Ser450Leu,mmpR5,c.144dupC,rpoB,p.Ser450Leu,bedaquiline;clofazimine,rifampicin;rifapentine,cross_class,3,8,1,2,7,107,7.642857142857143,0.19296505593357166,True,lineage3,100.0,1.0,False
mmpR5|c.144dupC,rpoB|p.Leu430Pro,mmpR5,c.144dupC,rpoB,p.Leu430Pro,bedaquiline;clofazimine,rifampicin;rifapentine,cross_class,3,6,1,2,5,109,10.9,0.14729173874601162,True,lineage3,100.0,1.0,False
mmpR5|c.144dupC,rpoB|p.His445Tyr,mmpR5,c.144dupC,rpoB,p.His445Tyr,bedaquiline;clofazimine,rifampicin;rifapentine,cross_class,3,2,0,3,2,112,0.0,1.0,True,,,1.0,False
mmpR5|c.144dupC,rpoB|p.His445Asn,mmpR5,c.144dupC,rpoB,p.His445Asn,bedaquiline;clofazimine,rifampicin;rifapentine,cross_class,3,2,0,3,2,112,0.0,1.0,True,,,1.0,False
mmpR5|c.144dupC,rpoB|p.Asp435Val,mmpR5,c.144dupC,rpoB,p.Asp435Val,bedaquiline;clofazimine,rifampicin;rifapentine,cross_class,3,2,0,3,2,112,0.0,1.0,True,,,1.0,False
mmpR5|c.144dupC,rpoB|p.Asp435Tyr,mmpR5,c.144dupC,rpoB,p.Asp435Tyr,bedaquiline;clofazimine,rifampicin;rifapentine,cross_class,3,2,0,3,2,112,0.0,1.0,True,,,1.0,False
mmpR5|c.144dupC,pncA|p.Val125Phe,mmpR5,c.144dupC,pncA,p.Val125Phe,bedaquiline;clofazimine,pyrazinamide,cross_class,3,1,0,3,1,113,0.0,1.0,True,,,1.0,False
mmpR5|c.144dupC,pncA|c.390_391dupGG,mmpR5,c.144dupC,pncA,c.390_391dupGG,bedaquiline;clofazimine,pyrazinamide,cross_class,3,2,0,3,2,112,0.0,1.0,True,,,1.0,False
mmpR5|c.144dupC,pncA|c.192_193insA,mmpR5,c.144dupC,pncA,c.192_193insA,bedaquiline;clofazimine,pyrazinamide,cross_class,3,1,0,3,1,113,0.0,1.0,True,,,1.0,False
mmpR5|c.141_142dupTC,rrs|n.514A>C,mmpR5,c.141_142dupTC,rrs,n.514A>C,bedaquiline;clofazimine,streptomycin,cross_class,6,1,0,6,1,110,0.0,1.0,True,,,1.0,False
pncA|c.192_193insA,pncA|p.Trp68Cys,pncA,c.192_193insA,pncA,p.Trp68Cys,pyrazinamide,pyrazinamide,within_class,1,9,0,1,9,107,0.0,1.0,True,,,1.0,False
pncA|c.192_193insA,pncA|c.390_391dupGG,pncA,c.192_193insA,pncA,c.390_391dupGG,pyrazinamide,pyrazinamide,within_class,1,2,0,1,2,114,0.0,1.0,True,,,1.0,False
mmpR5|c.240delT,rrs|n.514A>C,mmpR5,c.240delT,rrs,n.514A>C,bedaquiline;clofazimine,streptomycin,cross_class,1,1,0,1,1,115,0.0,1.0,True,,,1.0,False
mmpR5|c.240delT,rrs|n.1484G>T,mmpR5,c.240delT,rrs,n.1484G>T,bedaquiline;clofazimine,amikacin;capreomycin;kanamycin,cross_class,1,1,0,1,1,115,0.0,1.0,True,,,1.0,False
mmpR5|c.240delT,rpsL|p.Lys88Arg,mmpR5,c.240delT,rpsL,p.Lys88Arg,bedaquiline;clofazimine,streptomycin,cross_class,1,2,0,1,2,114,0.0,1.0,True,,,1.0,False
mmpR5|c.240delT,rpsL|p.Lys43Arg,mmpR5,c.240delT,rpsL,p.Lys43Arg,bedaquiline;clofazimine,streptomycin,cross_class,1,1,0,1,1,115,0.0,1.0,True,,,1.0,False
mmpR5|c.240delT,rpoB|p.Leu430Pro,mmpR5,c.240delT,rpoB,p.Leu430Pro,bedaquiline;clofazimine,rifampicin;rifapentine,cross_class,1,6,0,1,6,110,0.0,1.0,True,,,1.0,False
mmpR5|c.240delT,rpoB|p.His445Tyr,mmpR5,c.240delT,rpoB,p.His445Tyr,bedaquiline;clofazimine,rifampicin;rifapentine,cross_class,1,2,0,1,2,114,0.0,1.0,True,,,1.0,False
mmpR5|c.240delT,rpoB|p.His445Asn,mmpR5,c.240delT,rpoB,p.His445Asn,bedaquiline;clofazimine,rifampicin;rifapentine,cross_class,1,2,0,1,2,114,0.0,1.0,True,,,1.0,False
mmpR5|c.240delT,rpoB|p.Asp435Val,mmpR5,c.240delT,rpoB,p.Asp435Val,bedaquiline;clofazimine,rifampicin;rifapentine,cross_class,1,2,0,1,2,114,0.0,1.0,True,,,1.0,False
mmpR5|c.240delT,rpoB|p.Asp435Tyr,mmpR5,c.240delT,rpoB,p.Asp435Tyr,bedaquiline;clofazimine,rifampicin;rifapentine,cross_class,1,2,0,1,2,114,0.0,1.0,True,,,1.0,False
mmpR5|c.240delT,pncA|p.Val125Phe,mmpR5,c.240delT,pncA,p.Val125Phe,bedaquiline;clofazimine,pyrazinamide,cross_class,1,1,0,1,1,115,0.0,1.0,True,,,1.0,False
mmpR5|c.240delT,pncA|p.Trp68Cys,mmpR5,c.240delT,pncA,p.Trp68Cys,bedaquiline;clofazimine,pyrazinamide,cross_class,1,9,0,1,9,107,0.0,1.0,True,,,1.0,False
mmpR5|c.240delT,pncA|c.390_391dupGG,mmpR5,c.240delT,pncA,c.390_391dupGG,bedaquiline;clofazimine,pyrazinamide,cross_class,1,2,0,1,2,114,0.0,1.0,True,,,1.0,False
mmpR5|c.240delT,pncA|c.192_193insA,mmpR5,c.240delT,pncA,c.192_193insA,bedaquiline;clofazimine,pyrazinamide,cross_class,1,1,0,1,1,115,0.0,1.0,True,,,1.0,False
pncA|c.390_391dupGG,rpoB|p.His445Asn,pncA,c.390_391dupGG,rpoB,p.His445Asn,pyrazinamide,rifampicin;rifapentine,cross_class,2,2,0,2,2,113,0.0,1.0,True,,,1.0,False
pncA|c.390_391dupGG,rpoB|p.Asp435Val,pncA,c.390_391dupGG,rpoB,p.Asp435Val,pyrazinamide,rifampicin;rifapentine,cross_class,2,2,0,2,2,113,0.0,1.0,True,,,1.0,False
pncA|c.390_391dupGG,pncA|p.Val125Phe,pncA,c.390_391dupGG,pncA,p.Val125Phe,pyrazinamide,pyrazinamide,within_class,2,1,0,2,1,114,0.0,1.0,True,,,1.0,False
pncA|c.390_391dupGG,pncA|p.Trp68Cys,pncA,c.390_391dupGG,pncA,p.Trp68Cys,pyrazinamide,pyrazinamide,within_class,2,9,0,2,9,106,0.0,1.0,True,,,1.0,False
pncA|c.192_193insA,rrs|n.514A>C,pncA,c.192_193insA,rrs,n.514A>C,pyrazinamide,streptomycin,cross_class,1,1,0,1,1,115,0.0,1.0,True,,,1.0,False
pncA|c.192_193insA,rrs|n.1484G>T,pncA,c.192_193insA,rrs,n.1484G>T,pyrazinamide,amikacin;capreomycin;kanamycin,cross_class,1,1,0,1,1,115,0.0,1.0,True,,,1.0,False
pncA|c.192_193insA,rpsL|p.Lys43Arg,pncA,c.192_193insA,rpsL,p.Lys43Arg,pyrazinamide,streptomycin,cross_class,1,1,0,1,1,115,0.0,1.0,True,,,1.0,False
pncA|c.192_193insA,rpoB|p.Leu430Pro,pncA,c.192_193insA,rpoB,p.Leu430Pro,pyrazinamide,rifampicin;rifapentine,cross_class,1,6,0,1,6,110,0.0,1.0,True,,,1.0,False
pncA|c.192_193insA,rpoB|p.His445Tyr,pncA,c.192_193insA,rpoB,p.His445Tyr,pyrazinamide,rifampicin;rifapentine,cross_class,1,2,0,1,2,114,0.0,1.0,True,,,1.0,False
pncA|c.192_193insA,rpoB|p.His445Asn,pncA,c.192_193insA,rpoB,p.His445Asn,pyrazinamide,rifampicin;rifapentine,cross_class,1,2,0,1,2,114,0.0,1.0,True,,,1.0,False
pncA|c.192_193insA,rpoB|p.Asp435Val,pncA,c.192_193insA,rpoB,p.Asp435Val,pyrazinamide,rifampicin;rifapentine,cross_class,1,2,0,1,2,114,0.0,1.0,True,,,1.0,False
pncA|c.192_193insA,rpoB|p.Asp435Tyr,pncA,c.192_193insA,rpoB,p.Asp435Tyr,pyrazinamide,rifampicin;rifapentine,cross_class,1,2,0,1,2,114,0.0,1.0,True,,,1.0,False
pncA|c.192_193insA,pncA|p.Val125Phe,pncA,c.192_193insA,pncA,p.Val125Phe,pyrazinamide,pyrazinamide,within_class,1,1,0,1,1,115,0.0,1.0,True,,,1.0,False
pncA|p.Trp68Cys,rpsL|p.Lys88Arg,pncA,p.Trp68Cys,rpsL,p.Lys88Arg,pyrazinamide,streptomycin,cross_class,9,2,0,9,2,106,0.0,1.0,True,,,1.0,False
pncA|p.Trp68Cys,rpsL|p.Lys43Arg,pncA,p.Trp68Cys,rpsL,p.Lys43Arg,pyrazinamide,streptomycin,cross_class,9,1,0,9,1,107,0.0,1.0,True,,,1.0,False
pncA|p.Trp68Cys,rpoB|p.Ser450Leu,pncA,p.Trp68Cys,rpoB,p.Ser450Leu,pyrazinamide,rifampicin;rifapentine,cross_class,9,8,2,7,6,102,4.857142857142857,0.11577892145994217,False,lineage3,100.0,1.0,False
pncA|p.Trp68Cys,rpoB|p.His445Tyr,pncA,p.Trp68Cys,rpoB,p.His445Tyr,pyrazinamide,rifampicin;rifapentine,cross_class,9,2,0,9,2,106,0.0,1.0,True,,,1.0,False
pncA|p.Trp68Cys,rpoB|p.His445Asn,pncA,p.Trp68Cys,rpoB,p.His445Asn,pyrazinamide,rifampicin;rifapentine,cross_class,9,2,0,9,2,106,0.0,1.0,True,,,1.0,False
pncA|p.Trp68Cys,rpoB|p.Asp435Val,pncA,p.Trp68Cys,rpoB,p.Asp435Val,pyrazinamide,rifampicin;rifapentine,cross_class,9,2,0,9,2,106,0.0,1.0,True,,,1.0,False
pncA|p.Trp68Cys,rpoB|p.Asp435Tyr,pncA,p.Trp68Cys,rpoB,p.Asp435Tyr,pyrazinamide,rifampicin;rifapentine,cross_class,9,2,0,9,2,106,0.0,1.0,True,,,1.0,False
pncA|p.Trp68Cys,pncA|p.Val125Phe,pncA,p.Trp68Cys,pncA,p.Val125Phe,pyrazinamide,pyrazinamide,within_class,9,1,0,9,1,107,0.0,1.0,True,,,1.0,False
pncA|c.390_391dupGG,rrs|n.514A>C,pncA,c.390_391dupGG,rrs,n.514A>C,pyrazinamide,streptomycin,cross_class,2,1,0,2,1,114,0.0,1.0,True,,,1.0,False
pncA|c.390_391dupGG,rrs|n.1484G>T,pncA,c.390_391dupGG,rrs,n.1484G>T,pyrazinamide,amikacin;capreomycin;kanamycin,cross_class,2,1,0,2,1,114,0.0,1.0,True,,,1.0,False
pncA|c.390_391dupGG,rpsL|p.Lys88Arg,pncA,c.390_391dupGG,rpsL,p.Lys88Arg,pyrazinamide,streptomycin,cross_class,2,2,0,2,2,113,0.0,1.0,True,,,1.0,False
pncA|c.390_391dupGG,rpsL|p.Lys43Arg,pncA,c.390_391dupGG,rpsL,p.Lys43Arg,pyrazinamide,streptomycin,cross_class,2,1,0,2,1,114,0.0,1.0,True,,,1.0,False
pncA|c.390_391dupGG,rpoB|p.Ser450Leu,pncA,c.390_391dupGG,rpoB,p.Ser450Leu,pyrazinamide,rifampicin;rifapentine,cross_class,2,8,0,2,8,107,0.0,1.0,True,,,1.0,False
pncA|c.390_391dupGG,rpoB|p.Leu430Pro,pncA,c.390_391dupGG,rpoB,p.Leu430Pro,pyrazinamide,rifampicin;rifapentine,cross_class,2,6,0,2,6,109,0.0,1.0,True,,,1.0,False
pncA|c.390_391dupGG,rpoB|p.His445Tyr,pncA,c.390_391dupGG,rpoB,p.His445Tyr,pyrazinamide,rifampicin;rifapentine,cross_class,2,2,0,2,2,113,0.0,1.0,True,,,1.0,False
rpoB|p.Asp435Tyr,rpoB|p.Leu430Pro,rpoB,p.Asp435Tyr,rpoB,p.Leu430Pro,rifampicin;rifapentine,rifampicin;rifapentine,within_class,2,6,0,2,6,109,0.0,1.0,True,,,1.0,False
rpoB|p.Asp435Tyr,rpoB|p.His445Tyr,rpoB,p.Asp435Tyr,rpoB,p.His445Tyr,rifampicin;rifapentine,rifampicin;rifapentine,within_class,2,2,0,2,2,113,0.0,1.0,True,,,1.0,False
rpoB|p.Asp435Tyr,rpoB|p.His445Asn,rpoB,p.Asp435Tyr,rpoB,p.His445Asn,rifampicin;rifapentine,rifampicin;rifapentine,within_class,2,2,0,2,2,113,0.0,1.0,True,,,1.0,False
rpoB|p.Asp435Tyr,rpoB|p.Asp435Val,rpoB,p.Asp435Tyr,rpoB,p.Asp435Val,rifampicin;rifapentine,rifampicin;rifapentine,within_class,2,2,0,2,2,113,0.0,1.0,True,,,1.0,False
pncA|p.Val125Phe,rrs|n.1484G>T,pncA,p.Val125Phe,rrs,n.1484G>T,pyrazinamide,amikacin;capreomycin;kanamycin,cross_class,1,1,0,1,1,115,0.0,1.0,True,,,1.0,False
pncA|p.Val125Phe,rpsL|p.Lys88Arg,pncA,p.Val125Phe,rpsL,p.Lys88Arg,pyrazinamide,streptomycin,cross_class,1,2,0,1,2,114,0.0,1.0,True,,,1.0,False
pncA|p.Val125Phe,rpsL|p.Lys43Arg,pncA,p.Val125Phe,rpsL,p.Lys43Arg,pyrazinamide,streptomycin,cross_class,1,1,0,1,1,115,0.0,1.0,True,,,1.0,False
pncA|p.Val125Phe,rpoB|p.Leu430Pro,pncA,p.Val125Phe,rpoB,p.Leu430Pro,pyrazinamide,rifampicin;rifapentine,cross_class,1,6,0,1,6,110,0.0,1.0,True,,,1.0,False
pncA|p.Val125Phe,rpoB|p.His445Tyr,pncA,p.Val125Phe,rpoB,p.His445Tyr,pyrazinamide,rifampicin;rifapentine,cross_class,1,2,0,1,2,114,0.0,1.0,True,,,1.0,False
pncA|p.Val125Phe,rpoB|p.His445Asn,pncA,p.Val125Phe,rpoB,p.His445Asn,pyrazinamide,rifampicin;rifapentine,cross_class,1,2,0,1,2,114,0.0,1.0,True,,,1.0,False
pncA|p.Val125Phe,rpoB|p.Asp435Val,pncA,p.Val125Phe,rpoB,p.Asp435Val,pyrazinamide,rifampicin;rifapentine,cross_class,1,2,0,1,2,114,0.0,1.0,True,,,1.0,False
pncA|p.Val125Phe,rpoB|p.Asp435Tyr,pncA,p.Val125Phe,rpoB,p.Asp435Tyr,pyrazinamide,rifampicin;rifapentine,cross_class,1,2,0,1,2,114,0.0,1.0,True,,,1.0,False
pncA|p.Trp68Cys,rrs|n.514A>C,pncA,p.Trp68Cys,rrs,n.514A>C,pyrazinamide,streptomycin,cross_class,9,1,0,9,1,107,0.0,1.0,True,,,1.0,False
pncA|p.Trp68Cys,rrs|n.1484G>T,pncA,p.Trp68Cys,rrs,n.1484G>T,pyrazinamide,amikacin;capreomycin;kanamycin,cross_class,9,1,0,9,1,107,0.0,1.0,True,,,1.0,False
rpoB|p.His445Asn,rpoB|p.Ser450Leu,rpoB,p.His445Asn,rpoB,p.Ser450Leu,rifampicin;rifapentine,rifampicin;rifapentine,within_class,2,8,0,2,8,107,0.0,1.0,True,,,1.0,False
rpoB|p.His445Asn,rpoB|p.Leu430Pro,rpoB,p.His445Asn,rpoB,p.Leu430Pro,rifampicin;rifapentine,rifampicin;rifapentine,within_class,2,6,0,2,6,109,0.0,1.0,True,,,1.0,False
rpoB|p.His445Asn,rpoB|p.His445Tyr,rpoB,p.His445Asn,rpoB,p.His445Tyr,rifampicin;rifapentine,rifampicin;rifapentine,within_class,2,2,0,2,2,113,0.0,1.0,True,,,1.0,False
rpoB|p.Asp435Val,rrs|n.514A>C,rpoB,p.Asp435Val,rrs,n.514A>C,rifampicin;rifapentine,streptomycin,cross_class,2,1,0,2,1,114,0.0,1.0,True,,,1.0,False
rpoB|p.Asp435Val,rrs|n.1484G>T,rpoB,p.Asp435Val,rrs,n.1484G>T,rifampicin;rifapentine,amikacin;capreomycin;kanamycin,cross_class,2,1,0,2,1,114,0.0,1.0,True,,,1.0,False
rpoB|p.Asp435Val,rpsL|p.Lys88Arg,rpoB,p.Asp435Val,rpsL,p.Lys88Arg,rifampicin;rifapentine,streptomycin,cross_class,2,2,0,2,2,113,0.0,1.0,True,,,1.0,False
rpoB|p.Asp435Val,rpsL|p.Lys43Arg,rpoB,p.Asp435Val,rpsL,p.Lys43Arg,rifampicin;rifapentine,streptomycin,cross_class,2,1,0,2,1,114,0.0,1.0,True,,,1.0,False
rpoB|p.Asp435Val,rpoB|p.Ser450Leu,rpoB,p.Asp435Val,rpoB,p.Ser450Leu,rifampicin;rifapentine,rifampicin;rifapentine,within_class,2,8,0,2,8,107,0.0,1.0,True,,,1.0,False
rpoB|p.Asp435Val,rpoB|p.Leu430Pro,rpoB,p.Asp435Val,rpoB,p.Leu430Pro,rifampicin;rifapentine,rifampicin;rifapentine,within_class,2,6,0,2,6,109,0.0,1.0,True,,,1.0,False
rpoB|p.Asp435Val,rpoB|p.His445Tyr,rpoB,p.Asp435Val,rpoB,p.His445Tyr,rifampicin;rifapentine,rifampicin;rifapentine,within_class,2,2,0,2,2,113,0.0,1.0,True,,,1.0,False
rpoB|p.Asp435Val,rpoB|p.His445Asn,rpoB,p.Asp435Val,rpoB,p.His445Asn,rifampicin;rifapentine,rifampicin;rifapentine,within_class,2,2,0,2,2,113,0.0,1.0,True,,,1.0,False
rpoB|p.Asp435Tyr,rrs|n.514A>C,rpoB,p.Asp435Tyr,rrs,n.514A>C,rifampicin;rifapentine,streptomycin,cross_class,2,1,0,2,1,114,0.0,1.0,True,,,1.0,False
rpoB|p.Asp435Tyr,rrs|n.1484G>T,rpoB,p.Asp435Tyr,rrs,n.1484G>T,rifampicin;rifapentine,amikacin;capreomycin;kanamycin,cross_class,2,1,0,2,1,114,0.0,1.0,True,,,1.0,False
rpoB|p.Asp435Tyr,rpsL|p.Lys88Arg,rpoB,p.Asp435Tyr,rpsL,p.Lys88Arg,rifampicin;rifapentine,streptomycin,cross_class,2,2,0,2,2,113,0.0,1.0,True,,,1.0,False
rpoB|p.Asp435Tyr,rpsL|p.Lys43Arg,rpoB,p.Asp435Tyr,rpsL,p.Lys43Arg,rifampicin;rifapentine,streptomycin,cross_class,2,1,0,2,1,114,0.0,1.0,True,,,1.0,False
rpoB|p.Asp435Tyr,rpoB|p.Ser450Leu,rpoB,p.Asp435Tyr,rpoB,p.Ser450Leu,rifampicin;rifapentine,rifampicin;rifapentine,within_class,2,8,0,2,8,107,0.0,1.0,True,,,1.0,False
embB|p.Met306Ile,rpsL|p.Lys43Arg,embB,p.Met306Ile,rpsL,p.Lys43Arg,ethambutol,streptomycin,cross_class,10,1,0,10,1,106,0.0,1.0,True,,,1.0,False
embB|p.Met306Ile,rpoB|p.His445Tyr,embB,p.Met306Ile,rpoB,p.His445Tyr,ethambutol,rifampicin;rifapentine,cross_class,10,2,0,10,2,105,0.0,1.0,True,,,1.0,False
embB|p.Met306Ile,rpoB|p.His445Asn,embB,p.Met306Ile,rpoB,p.His445Asn,ethambutol,rifampicin;rifapentine,cross_class,10,2,0,10,2,105,0.0,1.0,True,,,1.0,False
embB|p.Met306Ile,rpoB|p.Asp435Val,embB,p.Met306Ile,rpoB,p.Asp435Val,ethambutol,rifampicin;rifapentine,cross_class,10,2,0,10,2,105,0.0,1.0,True,,,1.0,False
embB|p.Met306Ile,rpoB|p.Asp435Tyr,embB,p.Met306Ile,rpoB,p.Asp435Tyr,ethambutol,rifampicin;rifapentine,cross_class,10,2,0,10,2,105,0.0,1.0,True,,,1.0,False
embB|p.Met306Ile,pncA|c.390_391dupGG,embB,p.Met306Ile,pncA,c.390_391dupGG,ethambutol,pyrazinamide,cross_class,10,2,0,10,2,105,0.0,1.0,True,,,1.0,False
embB|p.Met306Ile,pncA|c.192_193insA,embB,p.Met306Ile,pncA,c.192_193insA,ethambutol,pyrazinamide,cross_class,10,1,0,10,1,106,0.0,1.0,True,,,1.0,False
embB|p.Met306Ile,mmpR5|c.240delT,embB,p.Met306Ile,mmpR5,c.240delT,ethambutol,bedaquiline;clofazimine,cross_class,10,1,0,10,1,106,0.0,1.0,True,,,1.0,False
embB|p.Met306Ile,mmpR5|c.139dupG,embB,p.Met306Ile,mmpR5,c.139dupG,ethambutol,bedaquiline;clofazimine,cross_class,10,2,0,10,2,105,0.0,1.0,True,,,1.0,False
rpoB|p.Ser450Leu,rrs|n.1484G>T,rpoB,p.Ser450Leu,rrs,n.1484G>T,rifampicin;rifapentine,amikacin;capreomycin;kanamycin,cross_class,8,1,0,8,1,108,0.0,1.0,True,,,1.0,False
embB|p.Met306Ile,embB|p.Met306Val,embB,p.Met306Ile,embB,p.Met306Val,ethambutol,ethambutol,within_class,10,1,0,10,1,106,0.0,1.0,True,,,1.0,False
rpsL|p.Lys43Arg,rpsL|p.Lys88Arg,rpsL,p.Lys43Arg,rpsL,p.Lys88Arg,streptomycin,streptomycin,within_class,1,2,0,1,2,114,0.0,1.0,True,,,1.0,False
rpsL|p.Lys43Arg,rrs|n.1484G>T,rpsL,p.Lys43Arg,rrs,n.1484G>T,streptomycin,amikacin;capreomycin;kanamycin,cross_class,1,1,0,1,1,115,0.0,1.0,True,,,1.0,False
rpsL|p.Lys43Arg,rrs|n.514A>C,rpsL,p.Lys43Arg,rrs,n.514A>C,streptomycin,streptomycin,within_class,1,1,0,1,1,115,0.0,1.0,True,,,1.0,False
rpsL|p.Lys88Arg,rrs|n.1484G>T,rpsL,p.Lys88Arg,rrs,n.1484G>T,streptomycin,amikacin;capreomycin;kanamycin,cross_class,2,1,0,2,1,114,0.0,1.0,True,,,1.0,False
rpsL|p.Lys88Arg,rrs|n.514A>C,rpsL,p.Lys88Arg,rrs,n.514A>C,streptomycin,streptomycin,within_class,2,1,0,2,1,114,0.0,1.0,True,,,1.0,False
rrs|n.1484G>T,rrs|n.514A>C,rrs,n.1484G>T,rrs,n.514A>C,amikacin;capreomycin;kanamycin,streptomycin,cross_class,1,1,0,1,1,115,0.0,1.0,True,,,1.0,False
embB|p.Met306Ile,embB|p.Met306Leu,embB,p.Met306Ile,embB,p.Met306Leu,ethambutol,ethambutol,within_class,10,1,0,10,1,106,0.0,1.0,True,,,1.0,False
